Input File Name,Date Created,Time Range[min],m/z Range,Noise Limit[cts],a
GrobMix_VF23_GC.csv,20240701_095712,[2-15],[50-200],0.0,1.0
RT(ms),RT(min),TIC[cts],TIC[cts] denoised,Difference,x,y,H,S,L,R,G,B
125518.0,2.0919666290283203,18875.0,18875.0,77.86894226074219,1.0,155.0,0.7840688159108122,0.7179470068550023,0.9814485907554626,251.65789664464822,246.8730638139282,253.66571747135774
125798.0,2.0966334342956543,242509.0,242509.0,0.29479894042015076,149.0,80.0,0.4323527522915844,0.2891608455815808,0.7616482973098755,176.64521094061834,211.79542068741816,197.52853101295096
126077.0,2.101283311843872,142774.0,142774.0,0.29980069398880005,149.0,80.0,0.4323527522915844,0.2891608455815808,0.8596735596656799,208.86964511789444,229.56387031160233,221.16442604472738
126356.0,2.105933427810669,87432.0,87432.0,0.3324527442455292,149.0,80.0,0.4323527522915844,0.2891608455815808,0.9140668511390686,226.7506790334932,239.42341504743177,234.2797607737622
126636.0,2.110599994659424,56236.0,56236.0,0.3871709704399109,149.0,80.0,0.4323527522915844,0.2891608455815808,0.9447280764579773,236.8301280789596,244.98119091460882,241.6728091142287
126915.0,2.1152501106262207,38364.0,38364.0,0.4932982325553894,149.0,80.0,0.4323527522915844,0.2891608455815808,0.9622936844825745,242.60457607296638,248.1652030131466,245.90823636492783
127194.0,2.1198999881744385,27902.0,27902.0,0.7797266840934753,148.0,79.0,0.4363532544534121,0.29201865397853277,0.9725763201713562,245.96486399566763,250.04905929172403,248.4893848591
127474.0,2.1245665550231934,23914.0,23914.0,1.00541090965271,148.0,78.0,0.43750980138824286,0.2971348508159155,0.9764959812164307,247.2255901159081,250.78736030447155,249.45190594551494
127753.0,2.1292166709899902,20392.0,20392.0,1.193840503692627,146.0,77.0,0.44411213016439366,0.2982713234479438,0.9799575805664062,248.36477290719662,251.41359318167056,250.39124075775882
128032.0,2.133866548538208,18534.0,18534.0,1.4037196636199951,150.0,82.0,0.42690930973669766,0.28150744870342137,0.9817837476730347,249.04721292366085,251.66249838958683,250.51558026994616
128311.0,2.138516664505005,16363.0,16363.0,1.641432523727417,146.0,76.0,0.4451125812910745,0.30348482217954276,0.9839175343513489,249.65437128155864,252.1435712376293,251.32381667619475
128591.0,2.1431832313537598,15112.0,15112.0,1.5973918437957764,146.0,77.0,0.44411213016439366,0.2982713234479438,0.9851470589637756,250.08279740887073,252.34220266265484,251.5845625822786
128870.0,2.1478333473205566,15099.0,15099.0,2.0924618244171143,152.0,83.0,0.419901386534047,0.2817258832260676,0.9851598143577576,250.14963223736677,252.2818730850896,251.25713587222117
129149.0,2.1524832248687744,15251.0,15251.0,2.0808119773864746,145.0,76.0,0.44786649981432397,0.30165505276285787,0.9850104451179504,250.02463638802408,252.33069062213065,251.6093545490788
129429.0,2.1571500301361084,14508.0,14508.0,2.52827787399292,147.0,77.0,0.4413513886712076,0.300224188947815,0.9857407212257385,250.27223390929254,252.4555339158341,251.68724883484725
129708.0,2.161799907684326,13673.0,13673.0,2.5032126903533936,151.0,81.0,0.4255251269434759,0.28894803168295913,0.9865614175796509,250.58298323837386,252.5633397272481,251.67841893855467
129987.0,2.166450023651123,13033.0,13033.0,2.6369240283966064,152.0,82.0,0.4213867895388712,0.2865966492642112,0.9871904253959656,250.79740728016714,252.6697096717753,251.7865834600251
130267.0,2.171116590499878,13113.0,13113.0,2.9172263145446777,152.0,82.0,0.4213867895388712,0.2865966492642112,0.9871118068695068,250.77161394532558,252.6554075581229,251.7668611756339
130546.0,2.175766706466675,12841.0,12841.0,3.0680956840515137,148.0,75.0,0.4407514957908901,0.3125714066821832,0.9873791337013245,250.77572400104393,252.78763418663155,252.07241817203672
130825.0,2.1804165840148926,13945.0,13945.0,3.246570587158203,148.0,75.0,0.4407514957908901,0.3125714066821832,0.9862940311431885,250.41253398030653,252.5974219027196,251.82071385511443
131105.0,2.1850833892822266,13483.0,13483.0,3.7340030670166016,153.0,80.0,0.42158673282952897,0.29899228419038265,0.9867481589317322,250.61041997875571,252.6311410764277,251.68043301657514
131384.0,2.1897332668304443,14311.0,14311.0,3.441185474395752,149.0,75.0,0.438138144666513,0.31463104601622294,0.985934317111969,250.2847482309537,252.54175349615048,251.70401829693535
131663.0,2.194383382797241,14031.0,14031.0,4.356853485107422,149.0,75.0,0.438138144666513,0.31463104601622294,0.986209511756897,250.37700198405327,252.5898490119642,251.7685040756696
131943.0,2.199049949645996,12905.0,12905.0,4.139923572540283,149.0,75.0,0.438138144666513,0.31463104601622294,0.9873162508010864,250.74801512842234,252.78327278013174,252.02784389363322
132222.0,2.203700065612793,11922.0,11922.0,3.9849772453308105,148.0,75.0,0.4407514957908901,0.3125714066821832,0.9882823824882507,251.07804652640806,252.94596854259981,252.28193902996807
132501.0,2.2083499431610107,12174.0,12174.0,4.02321720123291,150.0,76.0,0.4344439170335618,0.31168453772570376,0.988034725189209,250.9978601804669,252.8998496660297,252.15172778292862
132781.0,2.2130167484283447,11990.0,11990.0,4.925217628479004,156.0,76.0,0.4195553980723602,0.32643378465343936,0.9882155656814575,251.01402568764823,252.9759128098951,252.02897343843844
133060.0,2.2176666259765625,11140.0,11140.0,4.336059093475342,148.0,74.0,0.44176191155400724,0.3177438729247788,0.9890509843826294,251.3208604476913,253.0951415874497,252.47515713577786
133339.0,2.2223167419433594,10793.0,10793.0,4.030731201171875,148.0,75.0,0.4407514957908901,0.3125714066821832,0.9893920421600342,251.44945595327255,253.14048554834488,252.53933970385665
133619.0,2.2269833087921143,10614.0,10614.0,4.826433181762695,152.0,84.0,0.41836385703799905,0.27688051934280555,0.9895679354667664,251.60327250535173,253.07637458269912,252.3548243519954
133898.0,2.231633424758911,11473.0,11473.0,5.210390567779541,151.0,83.0,0.42267199667462585,0.27909338586130333,0.9887236952781677,251.32202106940366,252.92706352246188,252.18237515357717
134177.0,2.236283302307129,10244.0,10244.0,5.214466571807861,152.0,84.0,0.41836385703799905,0.27688051934280555,0.989931583404541,251.72167792210084,253.14342961421508,252.44703166785166
134457.0,2.240950107574463,9830.0,9830.0,4.471053600311279,152.0,84.0,0.41836385703799905,0.27688051934280555,0.9903385043144226,251.8541732146998,253.21846398565572,252.55021136713876
134736.0,2.2455999851226807,9930.0,9930.0,5.774145126342773,146.0,75.0,0.4460792031703234,0.3087099075140102,0.990240216255188,251.74295495108245,253.27955533906342,252.78242703509108
135015.0,2.2502501010894775,8791.0,8791.0,6.450983047485352,148.0,75.0,0.4407514957908901,0.3125714066821832,0.9913597106933594,252.10804584421365,253.48540660939963,252.99576721883813
135295.0,2.2549166679382324,9827.0,9827.0,4.586151123046875,152.0,81.0,0.422822426632752,0.2914915440650687,0.9903414845466614,251.81915778576683,253.25499933303047,252.59011073488438
135574.0,2.2595667839050293,9478.0,9478.0,5.22968053817749,152.0,83.0,0.419901386534047,0.2817258832260676,0.9906845092773438,251.95532407858389,253.29377565286143,252.6505269611157
135853.0,2.264216661453247,8905.0,8905.0,6.330670356750488,152.0,83.0,0.419901386534047,0.2817258832260676,0.9912476539611816,252.13938234348933,253.3969211767133,252.79255847518832
136133.0,2.268883228302002,9482.0,9482.0,4.548624038696289,153.0,83.0,0.4171828812838926,0.28444216165942887,0.9906805753707886,251.94758321137758,253.2995102277246,252.62773402647463
136412.0,2.273533344268799,9316.0,9316.0,4.889626979827881,152.0,82.0,0.4213867895388712,0.2865966492642112,0.9908437132835388,251.99598580867917,253.33430796592563,252.7030491574512
136691.0,2.2781832218170166,8380.0,8380.0,5.229776382446289,148.0,75.0,0.4407514957908901,0.3125714066821832,0.9917636513710022,252.24324709499842,253.5562151042127,253.08946676049052
136970.0,2.2828333377838135,8912.0,8912.0,5.36686372756958,150.0,81.0,0.4282750222939186,0.28648930969143344,0.9912407994270325,252.12650243586575,253.40630527192081,252.85554229261544
137250.0,2.2874999046325684,8618.0,8618.0,6.602518081665039,148.0,75.0,0.4407514957908901,0.3125714066821832,0.9915297627449036,252.16496323664228,253.51521576325854,253.03521310821904
137529.0,2.2921500205993652,8840.0,8840.0,6.17488431930542,147.0,75.0,0.4433987910726767,0.31059714782221376,0.9913115501403809,252.09630031072163,253.4725902608726,253.00519221079418
137808.0,2.296799898147583,8377.0,8377.0,7.006239891052246,147.0,75.0,0.4433987910726767,0.31059714782221376,0.991766631603241,252.2483895698707,253.55259254778218,253.10967575636374
138088.0,2.301466703414917,8164.0,8164.0,5.897599220275879,147.0,74.0,0.44437197473856505,0.31580195176922726,0.9919759631156921,252.3076989346727,253.6000422543303,253.16869921333614
138367.0,2.3061165809631348,9241.0,9241.0,8.453163146972656,132.0,188.0,0.011816212322553248,0.336455962020418,0.990917444229126,253.46319768849798,252.01519218613575,251.90469886835626
138646.0,2.3107666969299316,8801.0,8801.0,8.90441608428955,147.0,74.0,0.44437197473856505,0.31580195176922726,0.9913498759269714,252.0976282147241,253.49080850803134,253.02580929673238
138926.0,2.3154332637786865,7918.0,7918.0,6.911444187164307,147.0,76.0,0.4423924745902161,0.3054043525088241,0.9922177195549011,252.4094491948035,253.62158777819607,253.20261795273825
139205.0,2.3200833797454834,8505.0,8505.0,5.496368885040283,152.0,81.0,0.422822426632752,0.2914915440650687,0.9916408061981201,252.24706383186611,253.48974732917515,252.91430354846014
139484.0,2.324733257293701,8800.0,8800.0,7.368649005889893,153.0,79.0,0.4229605819305961,0.3038899414283823,0.9913508296012878,252.1242205974319,253.4647024992249,252.8450828253447
139764.0,2.329400062561035,8138.0,8138.0,7.843330383300781,151.0,84.0,0.4211687692052557,0.2742015075515818,0.9920015335083008,252.40112719423487,253.51965489499852,252.99060540302324
140043.0,2.334049940109253,7673.0,7673.0,7.403410911560059,145.0,75.0,0.44879180882521674,0.30691129102938286,0.9924585223197937,252.48670920551655,253.66713717757824,253.30445169000987
140322.0,2.33870005607605,8141.0,8141.0,6.049501895904541,146.0,75.0,0.4460792031703234,0.3087099075140102,0.991998553276062,252.32974898647393,253.5895131843177,253.18194824812628
140602.0,2.3433666229248047,7908.0,7908.0,6.067340850830078,146.0,75.0,0.4460792031703234,0.3087099075140102,0.9922275543212891,252.40617145033744,253.62988125351998,253.23398080746466
140881.0,2.3480167388916016,7651.0,7651.0,6.888228893280029,86.0,11.0,0.5544641040107141,0.6858710298508166,0.9924801588058472,251.76724198333324,253.53806570491804,254.39763900764882
141160.0,2.3526666164398193,7164.0,7164.0,8.549232482910156,152.0,85.0,0.41677171084328407,0.27206191483846975,0.9929587841033936,252.71600004306183,253.6929798496689,253.2051057026015
141440.0,2.3573334217071533,7969.0,7969.0,8.791552543640137,133.0,190.0,0.013969648838293058,0.34796049924522543,0.992167592048645,253.69770496057114,252.4242686568561,252.30776698423782
141719.0,2.361983299255371,8227.0,8227.0,6.658025741577148,147.0,75.0,0.4433987910726767,0.31059714782221376,0.9919140338897705,252.29765174902926,253.5785055347537,253.14351829836684
141998.0,2.366633415222168,7978.0,7978.0,9.18333625793457,86.0,10.0,0.5540355196117186,0.6910978956866601,0.9921587705612183,251.61862691610241,253.48631206683007,254.3823460701189
142278.0,2.371299982070923,7761.0,7761.0,9.770071029663086,146.0,74.0,0.4470136152987624,0.3139460009353009,0.9923720359802246,252.44420313113918,253.66553521877537,253.2772513877146
142557.0,2.3759500980377197,7584.0,7584.0,7.106353759765625,144.0,75.0,0.4515355877131051,0.305202865201714,0.992546021938324,252.51911685157117,253.67935433697406,253.34197296991442
142836.0,2.3805999755859375,7208.0,7208.0,8.496925354003906,152.0,81.0,0.422822426632752,0.2914915440650687,0.9929155707359314,252.6668824752867,253.7200586000383,253.2323691342184
143116.0,2.3852667808532715,7405.0,7405.0,8.674983024597168,145.0,74.0,0.44968592831243537,0.31217755375311945,0.9927219152450562,252.5647144403137,253.72346233466493,253.3736543869197
143395.0,2.3899166584014893,7140.0,7140.0,7.585855484008789,153.0,81.0,0.4201672353008666,0.29411764705882354,0.9929823875427246,252.68418788909912,253.73682975769043,253.2326178940442
143674.0,2.394566774368286,8158.0,8158.0,9.809000015258789,86.0,10.0,0.5540355196117186,0.6910978956866601,0.9919818639755249,251.54233949562862,253.45216163593744,254.36841113188908
143954.0,2.399233341217041,8121.0,8121.0,10.237468719482422,131.0,189.0,0.009047838724075021,0.34162692823172053,0.9920182228088379,253.65997827228358,252.34481032271097,252.26931536022374
144233.0,2.403883218765259,9536.0,9536.0,7.177296161651611,156.0,203.0,0.057446364968936355,0.44755734158875793,0.9906274676322937,253.67966439219842,252.27772114592432,251.54034410027137
144512.0,2.4085333347320557,8172.0,8172.0,9.05349349975586,133.0,189.0,0.014195604336197862,0.34243625875633293,0.9919680953025818,253.65322022795254,252.3699824310212,252.25050837636417
144792.0,2.4131999015808105,8345.0,8345.0,8.470163345336914,86.0,10.0,0.5540355196117186,0.6910978956866601,0.9917980432510376,251.46307049133577,253.41667648469996,254.3539315666934
145071.0,2.4178500175476074,8231.0,8231.0,8.490013122558594,133.0,189.0,0.014195604336197862,0.34243625875633293,0.9919100999832153,253.64349564506236,252.35099207759967,252.23065534637746
145350.0,2.422499895095825,8414.0,8414.0,10.472617149353027,85.0,11.0,0.5556731020691489,0.6877519111369937,0.9917302131652832,251.44087612357782,253.37260132934128,254.3415325907166
145629.0,2.427150011062622,7782.0,7782.0,7.8780131340026855,148.0,86.0,0.42697704965305494,0.2567055348871081,0.9923514127731323,252.54893441497177,253.55028609932572,253.11155617336726
145909.0,2.431816577911377,8269.0,8269.0,9.829533576965332,129.0,189.0,0.00388105840915658,0.3411764705882353,0.9918727278709412,253.63461828231814,252.25340321608678,252.22047293186185
146188.0,2.436466693878174,9739.0,9739.0,8.846471786499023,155.0,175.0,0.08352384117184013,0.3043955822796083,0.9904279708862305,253.30212183678802,252.56083111932608,251.81614331518952
146467.0,2.4411165714263916,9903.0,9903.0,6.349321365356445,154.0,176.0,0.07958841236846877,0.3065101651712805,0.990266740322113,253.27877125517745,252.48383128751456,251.7572663091002
146747.0,2.4457833766937256,10625.0,10625.0,8.260747909545898,154.0,176.0,0.07958841236846877,0.3065101651712805,0.989557147026062,253.1532868420706,252.30039259285306,251.52085814122103
147026.0,2.4504332542419434,9752.0,9752.0,6.996415138244629,154.0,176.0,0.07958841236846877,0.3065101651712805,0.9904151558876038,253.305017050107,252.52219855754458,251.8067124525709
147305.0,2.4550833702087402,10958.0,10958.0,7.893651962280273,84.0,38.0,0.5720036262858406,0.5518832878414537,0.9892298579216003,250.73792910771766,252.45968092840963,253.7692984322985
147585.0,2.459749937057495,11074.0,11074.0,9.099748611450195,88.0,43.0,0.5695944503844418,0.5173052941901474,0.989115834236145,250.78877640423326,252.46124681181982,253.6602990562007
147864.0,2.464400053024292,10566.0,10566.0,7.857683181762695,85.0,45.0,0.575709245485953,0.5146825391532034,0.9896151423454285,250.98891054695235,252.47655637318366,253.71481204921616
148143.0,2.4690499305725098,10289.0,10289.0,10.159385681152344,105.0,27.0,0.5350536730373077,0.571164051479452,0.9898873567581177,250.94840151059404,253.2745945179492,253.89415043604598
148423.0,2.4737167358398438,9334.0,9334.0,8.911710739135742,84.0,38.0,0.5720036262858406,0.5518832878414537,0.9908260107040405,251.36957502883484,252.8361603958938,253.95169043022582
148702.0,2.4783666133880615,9216.0,9216.0,11.249679565429688,96.0,26.0,0.5478929427748332,0.5893975446081852,0.9909420013427734,251.32882598966066,253.26918626034606,254.0515946951538
148981.0,2.4830167293548584,8157.0,8157.0,8.860193252563477,84.0,37.0,0.5713107523580278,0.5568765532670805,0.9919828176498413,251.81715037782166,253.1198664030522,254.0940866235974
149261.0,2.4876832962036133,8841.0,8841.0,8.9105863571167,128.0,189.0,0.0012939141187927813,0.34108630767160053,0.9913105368614197,253.53997040854662,252.04013841821217,252.0284033907774
149540.0,2.49233341217041,8548.0,8548.0,9.410938262939453,79.0,5.0,0.5599986734577987,0.73068621531532,0.9915985465049744,251.29222866312435,253.2959664723898,254.42303005441258
149819.0,2.496983289718628,8656.0,8656.0,10.484947204589844,132.0,190.0,0.011439415844413223,0.34751825135522074,0.9914923906326294,253.58447974161376,252.18013235163403,252.07663948102723
150099.0,2.501650094985962,7392.0,7392.0,8.514182090759277,129.0,189.0,0.00388105840915658,0.3411764705882353,0.9927347302436829,253.77943468093875,252.54471534481848,252.5152777433395
150378.0,2.5062999725341797,6774.0,6774.0,8.720792770385742,151.0,81.0,0.4255251269434759,0.28894803168295913,0.9933421015739441,252.81167030679052,253.79280149592097,253.35438377134724
150657.0,2.5109500885009766,5951.0,5951.0,9.11483097076416,159.0,200.0,0.0652336535847357,0.43839208494918974,0.9941509962081909,254.16236405971625,253.36648814810027,252.85464400646111
150937.0,2.5156166553497314,6642.0,6642.0,10.24755859375,129.0,189.0,0.00388105840915658,0.3411764705882353,0.9934718608856201,253.90327262878424,252.7938273000131,252.76737642288202
151216.0,2.5202667713165283,6555.0,6555.0,7.3628950119018555,129.0,189.0,0.00388105840915658,0.3411764705882353,0.9935573935508728,253.91764211654663,252.82273290813995,252.7966285943985
151495.0,2.524916648864746,6672.0,6672.0,7.993877410888672,129.0,189.0,0.00388105840915658,0.3411764705882353,0.9934423565864563,253.8983159065247,252.78385637595545,252.75728595256803
151775.0,2.529583215713501,6858.0,6858.0,8.973367691040039,148.0,73.0,0.4427399197272261,0.32292873531043415,0.9932595491409302,252.72613028674508,253.83623977512931,253.45485002463062
152054.0,2.534233331680298,7300.0,7300.0,9.783489227294922,84.0,11.0,0.5568754364278046,0.6896722611201311,0.9928251504898071,251.90859823025352,253.57103307503178,254.43222851954812
152333.0,2.5388834476470947,6563.0,6563.0,8.889800071716309,131.0,189.0,0.009047838724075021,0.34162692823172053,0.9935495257377625,253.91706126863014,252.85420812125952,252.79319685762871
152613.0,2.5435500144958496,6382.0,6382.0,8.783194541931152,129.0,189.0,0.00388105840915658,0.3411764705882353,0.9937273859977722,253.9462008476258,252.8801815453369,252.85476601123804
152892.0,2.5481998920440674,6225.0,6225.0,8.726183891296387,87.0,10.0,0.5528280328806108,0.6892707701190884,0.9938817024230957,252.36445737881348,253.83349040419398,254.51521085696533
153171.0,2.5528500080108643,6154.0,6154.0,9.0663423538208,129.0,189.0,0.00388105840915658,0.3411764705882353,0.9939514994621277,253.98385190963748,252.95592028161346,252.93141281604764
153451.0,2.557516574859619,6294.0,6294.0,10.132189750671387,162.0,198.0,0.07243154328874654,0.4352941176470588,0.9938138723373413,254.10919761657715,253.33270754588557,252.73587727546692
153730.0,2.562166690826416,6302.0,6302.0,10.784794807434082,158.0,201.0,0.06260218752942462,0.44132894968500014,0.9938060641288757,254.11760497203028,253.24713646644943,252.72348773369635
154009.0,2.566816568374634,6065.0,6065.0,10.277230262756348,86.0,10.0,0.5540355196117186,0.6910978956866601,0.994038999080658,252.4294377917242,253.8492754571629,254.53045173941135
154288.0,2.5714666843414307,6621.0,6621.0,12.498478889465332,75.0,1.0,0.5626094888847314,0.759580612345581,0.9934924840927124,252.0801227996266,253.65404252748348,254.60104408765673
154568.0,2.5761332511901855,6350.0,6350.0,10.193897247314453,117.0,3.0,0.5133910168835908,0.6929202034177516,0.9937588572502136,252.3057320533505,254.33407755219042,254.51128514425844
154847.0,2.5807833671569824,6179.0,6179.0,7.2228240966796875,79.0,0.0,0.5578511729624649,0.7565375711102164,0.9939269423484802,252.27977374621474,253.80962803379674,254.62296685151017
155126.0,2.5854332447052,6945.0,6945.0,8.940999031066895,133.0,189.0,0.014195604336197862,0.34243625875633293,0.9931740760803223,253.8554375821327,252.7648763886559,252.66334121883165
155406.0,2.590100049972534,7010.0,7010.0,9.57215404510498,110.0,2.0,0.5220507347876263,0.7027490371038062,0.993110179901123,252.00843319250885,254.15105592475493,254.4777585570639
155685.0,2.594749927520752,6368.0,6368.0,10.90850830078125,87.0,10.0,0.5528280328806108,0.6892707701190884,0.9937411546707153,252.30391446028847,253.80669368504786,254.50407442177635
155964.0,2.599400043487549,6867.0,6867.0,11.154295921325684,111.0,0.0,0.5204826843370283,0.7130032976236121,0.9932507276535034,252.05181092454237,254.20444250219512,254.50606017874438
156244.0,2.6040666103363037,7065.0,7065.0,8.792427062988281,85.0,11.0,0.5556731020691489,0.6877519111369937,0.9930561184883118,252.0115149305245,253.63352420477233,254.4471054985145
156523.0,2.6087167263031006,6592.0,6592.0,9.074101448059082,113.0,2.0,0.5183072465781913,0.7006450589666381,0.9935210347175598,252.19030282482646,254.251123819069,254.50542488112904
156802.0,2.6133666038513184,6713.0,6713.0,10.279438018798828,115.0,3.0,0.5159260409954773,0.6939403783831004,0.9934020638465881,252.1499898316142,254.2619319298891,254.48506273014576
157082.0,2.6180334091186523,5663.0,5663.0,8.530282974243164,78.0,0.0,0.5589388043799406,0.7585270738736409,0.9944340586662292,252.5040960756078,253.89583950439027,254.6572738441691
157361.0,2.62268328666687,6256.0,6256.0,8.22950267791748,145.0,77.0,0.4469084062953519,0.296409372246226,0.9938512444496155,252.96731739759178,253.8968172717121,253.6007254937202
157640.0,2.627333402633667,6193.0,6193.0,9.26950454711914,85.0,11.0,0.5556731020691489,0.6877519111369937,0.9939131736755371,252.38037154572282,253.80218278089382,254.5153470288011
157920.0,2.631999969482422,5796.0,5796.0,8.29725456237793,79.0,3.0,0.5591216959684246,0.7410104596735705,0.9943033456802368,252.47092663725766,253.86009772853095,254.62377965966311
158199.0,2.6366500854492188,6042.0,6042.0,9.618362426757812,152.0,82.0,0.4213867895388712,0.2865966492642112,0.9940615892410278,253.05171345696573,253.91969705595847,253.51028719189193
158478.0,2.6412999629974365,5924.0,5924.0,9.671165466308594,157.0,201.0,0.060746053292701496,0.43923319292841295,0.9941775798797607,254.16741991523475,253.33852284437276,252.86314582344323
158758.0,2.6459667682647705,6026.0,6026.0,9.10328197479248,86.0,10.0,0.5540355196117186,0.6910978956866601,0.9940773248672485,252.44596501927296,253.85667395010898,254.5334706630238
159037.0,2.6506166458129883,5541.0,5541.0,12.253255844116211,76.0,1.0,0.5615332142455102,0.757472070077391,0.9945539832115173,252.55933828827267,253.88645143805965,254.66319314960117
159316.0,2.655266761779785,5672.0,5672.0,9.828630447387695,84.0,9.0,0.5559933635959577,0.7000741433793807,0.9944252371788025,252.58323491741342,253.90494051995455,254.57363604377585
159596.0,2.65993332862854,5187.0,5187.0,9.345731735229492,31.0,0.0,0.6031131162362082,0.8868035901250455,0.9949018955230713,252.54712393337508,253.42634364865287,254.85284278339128
159875.0,2.664583444595337,5723.0,5723.0,8.395844459533691,132.0,190.0,0.011439415844413223,0.34751825135522074,0.9943751096725464,254.06411473941802,253.13561653161617,253.06719119358064
160154.0,2.6692333221435547,5055.0,5055.0,9.802938461303711,78.0,1.0,0.5593628396370643,0.7533597692639324,0.9950316548347473,252.77861938419437,254.00761638285715,254.68752458152676
160434.0,2.6738998889923096,5884.0,5884.0,12.897265434265137,85.0,10.0,0.5552365697607096,0.6929645900812663,0.9942168593406677,252.50338364929425,253.86984934433198,254.5472146144463
160713.0,2.6785500049591064,5803.0,5803.0,9.730596542358398,84.0,11.0,0.5568754364278046,0.6896722611201311,0.9942964911460876,252.54254952111526,253.8640701805765,254.54866096338944
160992.0,2.683199882507324,5531.0,5531.0,10.074431419372559,84.0,11.0,0.5568754364278046,0.6896722611201311,0.9945638179779053,252.65773167787097,253.91731188275872,254.56981549086072
161272.0,2.687866687774658,5226.0,5226.0,11.397988319396973,76.0,1.0,0.5615332142455102,0.757472070077391,0.9948635697364807,252.698081154351,253.94975268061148,254.68233941125416
161551.0,2.692516565322876,5245.0,5245.0,7.889744758605957,78.0,3.0,0.5602285878145693,0.7430415376300296,0.994844913482666,252.70868986790362,253.9562672841024,254.66221600825605
161830.0,2.697166681289673,5615.0,5615.0,8.69172477722168,77.0,3.0,0.5613293919502536,0.7451083590616604,0.9944812655448914,252.5441486445918,253.86959586224228,254.6412967833028
162110.0,2.7018332481384277,5672.0,5672.0,8.606035232543945,76.0,1.0,0.5615332142455102,0.757472070077391,0.9944252371788025,252.5016400613321,253.86012670107237,254.65523089985717
162389.0,2.7064833641052246,5558.0,5558.0,8.711569786071777,78.0,3.0,0.5602285878145693,0.7430415376300296,0.9945372939109802,252.57196047663834,253.89398460272756,254.64205941796158
162668.0,2.7111332416534424,6753.0,6753.0,8.152490615844727,125.0,16.0,0.503567898671669,0.6185272284497407,0.9933627843856812,252.26065888081894,254.30954045048213,254.35436115587845
162947.0,2.7157833576202393,6962.0,6962.0,6.755725383758545,121.0,16.0,0.5092676019505924,0.619421664756492,0.9931573271751404,252.17430098255835,254.21573684619125,254.33593587676324
163227.0,2.720449924468994,8702.0,8702.0,5.751032829284668,129.0,16.0,0.4978590312627998,0.6184277667842214,0.9914471507072449,251.47024696096847,254.16779989972642,254.13314764067349
163506.0,2.725100040435791,10314.0,10314.0,3.8629260063171387,120.0,19.0,0.5109840214320032,0.6031698912611209,0.9898627996444702,250.855828130125,253.76868612837038,253.97419968855482
163785.0,2.729749917984009,13914.0,13914.0,2.880004405975342,126.0,19.0,0.5022001585893393,0.60179150714344,0.9863245487213135,249.4141684627887,253.55594457673612,253.61135138508118
164065.0,2.7344167232513428,17165.0,17165.0,1.9773707389831543,121.0,17.0,0.5093512796206384,0.6138852138207836,0.9831292629241943,248.0570045562103,253.04256355172697,253.3389195351288
164344.0,2.7390666007995605,22077.0,22077.0,1.9259517192840576,121.0,18.0,0.5094364803314995,0.6083489356675771,0.978301465511322,246.10080221314507,252.45177878845757,252.83294519762916
164623.0,2.7437167167663574,28978.0,28978.0,1.544325351715088,123.0,17.0,0.5064778435600639,0.6133338348124924,0.9715187549591064,243.28281214807492,251.84548853494405,252.19175288106936
164903.0,2.7483832836151123,35796.0,35796.0,1.2673085927963257,122.0,18.0,0.5079873713444034,0.6080455071093598,0.9648176431655884,240.57341813654105,250.96071879837416,251.48357987790902
165182.0,2.753033399581909,44147.0,44147.0,1.2231420278549194,123.0,18.0,0.5065369357391899,0.6077925342630348,0.9566097855567932,237.2105719753257,250.1328939578142,250.66041865863883
165461.0,2.757683277130127,51703.0,51703.0,1.2455991506576538,123.0,18.0,0.5065369357391899,0.6077925342630348,0.9491833448410034,234.16582711088228,249.29986570608554,249.91767875802947
165741.0,2.762350082397461,60614.0,60614.0,1.2349566221237183,124.0,18.0,0.5050854129111816,0.6075900801509891,0.9404250979423523,230.57813449867052,248.47538891718733,249.03866545192915
166020.0,2.7669999599456787,66324.0,66324.0,1.2753164768218994,123.0,18.0,0.5065369357391899,0.6077925342630348,0.9348130226135254,228.27418042884747,247.68793815423945,248.48046110405048
166299.0,2.7716500759124756,72734.0,72734.0,1.1968622207641602,124.0,19.0,0.5051322507388736,0.6020470015538398,0.9285128712654114,225.79593623907002,247.06972017246827,247.7456281062898
166579.0,2.7763166427612305,73743.0,73743.0,1.1987636089324951,123.0,18.0,0.5065369357391899,0.6077925342630348,0.9275211691856384,225.28461461576174,246.8700066382739,247.75118166891386
166858.0,2.7809667587280273,74099.0,74099.0,1.1012266874313354,123.0,18.0,0.5065369357391899,0.6077925342630348,0.9271712899208069,225.1411686319399,246.8307604740005,247.7161892276716
167137.0,2.785616636276245,72345.0,72345.0,1.1257141828536987,122.0,18.0,0.5079873713444034,0.6080455071093598,0.9288952350616455,225.84337706273703,246.83647241959076,247.89319281870218
167417.0,2.790283441543579,66196.0,66196.0,1.2312049865722656,122.0,18.0,0.5079873713444034,0.6080455071093598,0.9349387884140015,228.32154581062113,247.53033188904269,248.49723628051962
167696.0,2.794933319091797,61768.0,61768.0,1.223452091217041,124.0,19.0,0.5051322507388736,0.6020470015538398,0.9392908811569214,230.19899023856988,248.2653568687037,248.83935915146003
167975.0,2.7995834350585938,57017.0,57017.0,1.3979626893997192,123.0,18.0,0.5065369357391899,0.6077925342630348,0.943960428237915,232.02449869889367,248.71400805861995,249.395319702443
168255.0,2.8042500019073486,48275.0,48275.0,1.2979943752288818,122.0,19.0,0.5080608624135656,0.602506618468181,0.9525525569915771,235.61111543015068,249.4855450336101,250.19068863555367
168534.0,2.8089001178741455,42314.0,42314.0,1.3778860569000244,123.0,18.0,0.5065369357391899,0.6077925342630348,0.9584113955497742,237.94920882489967,250.33498161732498,250.84060290548516
168813.0,2.8135499954223633,35717.0,35717.0,1.4253040552139282,122.0,18.0,0.5079873713444034,0.6080455071093598,0.9648953080177307,240.60526473376075,250.96963548859938,251.49134235528192
169093.0,2.818216562271118,30182.0,30182.0,1.5496490001678467,121.0,19.0,0.5095232459968193,0.6028128350574146,0.9703354239463806,242.87557537245414,251.47438364938273,251.99549084019998
169372.0,2.822866678237915,25739.0,25739.0,1.5809274911880493,121.0,18.0,0.5094364803314995,0.6083489356675771,0.9747022390365601,244.62465513531802,252.02909470106366,252.4734867733276
169651.0,2.827516555786133,21641.0,21641.0,2.18013858795166,125.0,20.0,0.5037006107051936,0.596349267676296,0.9787299633026123,246.3416260861427,252.66701904788408,252.81065519818958
169931.0,2.832183361053467,17915.0,17915.0,1.807163953781128,121.0,18.0,0.5094364803314995,0.6083489356675771,0.9823921322822571,247.77850319768214,252.93217638583852,253.24148426626897
170210.0,2.8368332386016846,15583.0,15583.0,2.482652187347412,123.0,18.0,0.5065369357391899,0.6077925342630348,0.9846841096878052,248.72068260461774,253.2820075162913,253.4682133361629
170489.0,2.8414833545684814,12428.0,12428.0,2.624286651611328,121.0,18.0,0.5094364803314995,0.6083489356675771,0.9877850413322449,249.99029147801062,253.56550603491084,253.78007960143427
170769.0,2.8461499214172363,11245.0,11245.0,3.0427515506744385,119.0,20.0,0.512558216387726,0.5980488588100717,0.9889477491378784,250.49618059623847,253.61316966752312,253.86717146407952
171048.0,2.850800037384033,10118.0,10118.0,3.7105679512023926,119.0,20.0,0.512558216387726,0.5980488588100717,0.9900554418563843,250.9475681028422,253.75216233790783,253.98070724391377
171327.0,2.855449914932251,8707.0,8707.0,3.9097275733947754,129.0,17.0,0.49783965834926813,0.6128823375720699,0.9914422631263733,251.48033122346928,254.1552229709811,254.120550890661
171606.0,2.860100030899048,7047.0,7047.0,5.855809688568115,122.0,17.0,0.5079152071129923,0.6135845230575767,0.9930738210678101,252.15012634212817,254.21459007017472,254.31752240245495
171886.0,2.8647665977478027,7527.0,7527.0,5.75232458114624,123.0,17.0,0.5064778435600639,0.6133338348124924,0.9926020503044128,251.95648254920644,254.18062159504862,254.2705631060441
172165.0,2.8694167137145996,6458.0,6458.0,4.465178966522217,122.0,15.0,0.5077747180932678,0.6246629233287522,0.9936527013778687,252.3703837126585,254.298165965893,254.3924939900545
172444.0,2.8740665912628174,7016.0,7016.0,4.791769027709961,121.0,16.0,0.5092676019505924,0.619421664756492,0.9931042790412903,252.15239462176424,254.20965681024305,254.3307876892938
172724.0,2.8787333965301514,6832.0,6832.0,6.9733710289001465,117.0,22.0,0.5157880731538457,0.5879868756496002,0.9932851195335388,252.28089877666443,254.10376573063243,254.29451218544037
173003.0,2.883383274078369,5976.0,5976.0,5.853034496307373,127.0,15.0,0.5007073506452012,0.6239239102259456,0.9941264390945435,252.56775492190246,254.42879689612542,254.4367290163147
173282.0,2.888033390045166,6368.0,6368.0,6.86003303527832,121.0,16.0,0.5092676019505924,0.619421664756492,0.9937411546707153,252.41539402073604,254.28265139912682,254.39259486132877
173562.0,2.892699956893921,5691.0,5691.0,5.0544514656066895,123.0,15.0,0.506362805673996,0.6244166828101458,0.9944065809249878,252.68305896885343,254.39629526261905,254.46429730289034
173841.0,2.8973500728607178,5087.0,5087.0,9.65353012084961,116.0,22.0,0.5172804164476655,0.5885620007766131,0.9950001835823059,252.97465781513802,254.31983139916719,254.475435811838
174120.0,2.9019999504089355,5690.0,5690.0,7.720832824707031,124.0,14.0,0.5049063069055807,0.6297628975968198,0.9944075345993042,252.67582988288223,254.41913701595945,254.47201276276292
174400.0,2.9066667556762695,6295.0,6295.0,8.202997207641602,123.0,17.0,0.5064778435600639,0.6133338348124924,0.9938129186630249,252.4546339467819,254.31473434589327,254.3899545713608
174679.0,2.9113166332244873,5728.0,5728.0,6.9743499755859375,122.0,15.0,0.5077747180932678,0.6246629233287522,0.9943702220916748,252.66764468427104,254.37750372627028,254.4611685824831
174958.0,2.915966749191284,5617.0,5617.0,9.716638565063477,124.0,15.0,0.5049498905286853,0.6242196204571188,0.9944792985916138,252.71345795572256,254.41878694719557,254.47098432600046
175238.0,2.920633316040039,5217.0,5217.0,6.863706588745117,119.0,16.0,0.5121094662342911,0.6201660429269668,0.9948724508285522,252.88159233199045,254.3855253207388,254.5033575905712
175517.0,2.925283432006836,4870.0,4870.0,6.456809043884277,81.0,0.0,0.5556589171366472,0.7526653906693322,0.995213508605957,252.86077495868568,254.0845284779201,254.6981144303524
175796.0,2.9299333095550537,5209.0,5209.0,6.972024440765381,77.0,0.0,0.5600206951179266,0.7605518140792705,0.9948803186416626,252.70156660275316,253.97225077403832,254.68739590449476
176076.0,2.9346001148223877,5091.0,5091.0,7.332236289978027,79.0,4.0,0.5595571086197296,0.7358455448650427,0.9949962496757507,252.7851368844689,253.99192757116575,254.66295045016398
176355.0,2.9392499923706055,4945.0,4945.0,7.250405311584473,123.0,15.0,0.506362805673996,0.6244166828101458,0.9951397776603699,252.98676830608125,254.47543010602098,254.5345183007074
176634.0,2.9439001083374023,4992.0,4992.0,8.126657485961914,124.0,14.0,0.5049063069055807,0.6297628975968198,0.995093584060669,252.96094486218465,254.4903937352729,254.53678300875652
176914.0,2.9485666751861572,4785.0,4785.0,6.470926284790039,125.0,15.0,0.5035361945001582,0.6240717828564529,0.9952970147132874,253.05231364666858,254.51740493621767,254.54916385710797
177193.0,2.953216552734375,5007.0,5007.0,6.462599754333496,85.0,11.0,0.5556731020691489,0.6877519111369937,0.9950788617134094,252.88205656021847,254.03157674244943,254.60816291362033
177472.0,2.957866668701172,4778.0,4778.0,5.599093437194824,78.0,3.0,0.5602285878145693,0.7430415376300296,0.9953039288520813,252.91271099600547,254.04920255425696,254.692292718556
177752.0,2.9625332355499268,5260.0,5260.0,6.524062156677246,121.0,14.0,0.5091046554227507,0.6304950667685917,0.9948301911354065,252.85051629828664,254.4220696241193,254.51288118077068
178031.0,2.9671833515167236,4797.0,4797.0,5.0417866706848145,87.0,10.0,0.5528280328806108,0.6892707701190884,0.9952852129936218,252.96903927131095,254.10108257795716,254.62641935543618
178310.0,2.9718332290649414,4768.0,4768.0,8.353710174560547,127.0,18.0,0.5007267298491545,0.6072862724332653,0.9953137636184692,253.07930853162,254.5243822491937,254.5307109137993
178590.0,2.9765000343322754,4571.0,4571.0,10.046799659729004,104.0,18.0,0.5336461747944028,0.6211076412649242,0.9955073595046997,253.1428212717212,254.2786386665057,254.56593207567565
178869.0,2.981149911880493,4762.0,4762.0,9.184627532958984,120.0,16.0,0.5106893873914583,0.6197691524944579,0.995319664478302,253.06682890915056,254.45131855228587,254.54619997478346
179148.0,2.98580002784729,4820.0,4820.0,8.839794158935547,120.0,14.0,0.5105015792619475,0.6308364549021604,0.995262622833252,253.0298987170408,254.45800365253262,254.5540389279177
179428.0,2.990466594696045,4612.0,4612.0,9.705039978027344,125.0,15.0,0.5035361945001582,0.6240717828564529,0.9954670667648315,253.12273871499366,254.53485476343553,254.56546533507043
179707.0,2.995116710662842,4644.0,4644.0,9.232948303222656,122.0,15.0,0.5077747180932678,0.6246629233287522,0.9954355955123901,253.10901722178573,254.49530428524886,254.56313648953324
179986.0,2.9997665882110596,4569.0,4569.0,7.542917728424072,85.0,11.0,0.5556731020691489,0.6877519111369937,0.9955093264579773,253.0673185725255,254.11628723947632,254.64243792104293
180265.0,3.0044167041778564,4090.0,4090.0,7.896214962005615,85.0,11.0,0.5556731020691489,0.6877519111369937,0.9959801435470581,253.26994729520797,254.2089386125053,254.67992591379166
180545.0,3.0090832710266113,4248.0,4248.0,8.523824691772461,85.0,11.0,0.5556731020691489,0.6877519111369937,0.9958248138427734,253.20309700386593,254.1783715181752,254.66755805594852
180824.0,3.013733386993408,4450.0,4450.0,5.888820648193359,84.0,11.0,0.5568754364278046,0.6896722611201311,0.9956262707710266,253.1155069162591,254.12891351963677,254.65389117696446
181103.0,3.018383264541626,4296.0,4296.0,6.131073951721191,84.0,12.0,0.5573265194019106,0.6844794450724168,0.9957776665687561,253.186329361831,254.15330162676722,254.6602805882346
181383.0,3.02305006980896,4398.0,4398.0,6.463530540466309,85.0,11.0,0.5556731020691489,0.6877519111369937,0.9956774115562439,253.1396584887129,254.14936444822956,254.65582140497148
181662.0,3.0276999473571777,4042.0,4042.0,7.7874369621276855,78.0,0.0,0.5589388043799406,0.7585270738736409,0.9960272908210754,253.21854025481989,254.21190176596005,254.7553780639286
181941.0,3.0323500633239746,4361.0,4361.0,9.738090515136719,76.0,0.0,0.5610967913167303,0.762611511060009,0.9957137703895569,253.0734857991446,254.12942818704605,254.7405370995294
182221.0,3.0370166301727295,4253.0,4253.0,8.548527717590332,86.0,10.0,0.5540355196117186,0.6910978956866601,0.9958199262619019,253.19742695491027,254.19306950185316,254.67073543865968
182500.0,3.0416667461395264,4028.0,4028.0,7.464931488037109,86.0,10.0,0.5540355196117186,0.6910978956866601,0.9960410594940186,253.2927862305025,254.23575754046894,254.68815411144698
182779.0,3.046316623687744,4108.0,4108.0,8.051891326904297,86.0,11.0,0.5544641040107141,0.6858710298508166,0.9959624409675598,253.26426502995363,254.2150570915604,254.67657986350187
183059.0,3.050983428955078,4414.0,4414.0,7.973888397216797,77.0,0.0,0.5600206951179266,0.7605518140792705,0.9956616759300232,253.0523497005773,254.1291041584788,254.73510502373452
183338.0,3.055633306503296,4135.0,4135.0,11.64046573638916,74.0,0.0,0.5632313981042658,0.7668346438516908,0.99593585729599,253.16892962761446,254.1553470785872,254.75835759334043
183617.0,3.0602834224700928,4120.0,4120.0,7.416517734527588,85.0,11.0,0.5556731020691489,0.6877519111369937,0.9959506392478943,253.25724933119633,254.20313250671353,254.67757668522975
183897.0,3.0649499893188477,4257.0,4257.0,5.101997375488281,86.0,11.0,0.5544641040107141,0.6858710298508166,0.9958159923553467,253.20130719441718,254.18658597852306,254.66484890680962
184176.0,3.0696001052856445,4112.0,4112.0,9.283329010009766,77.0,0.0,0.5600206951179266,0.7605518140792705,0.9959585070610046,253.18560928003907,254.1886914538113,254.7532293210733
184455.0,3.0742499828338623,4372.0,4372.0,7.665555477142334,86.0,11.0,0.5544641040107141,0.6858710298508166,0.9957029223442078,253.15269872310554,254.16460400805835,254.65579167244042
184735.0,3.078916549682617,4201.0,4201.0,10.570048332214355,75.0,0.0,0.5621670418109989,0.7647058823529411,0.9958710074424744,253.14195334911346,254.15161227461974,254.75226044654846
185014.0,3.083566665649414,3932.0,3932.0,7.620260715484619,85.0,11.0,0.5556731020691489,0.6877519111369937,0.996135413646698,253.3367719340974,254.23949397732875,254.69228902571857
185293.0,3.088216781616211,4325.0,4325.0,9.10367488861084,86.0,10.0,0.5540355196117186,0.6910978956866601,0.9957491159439087,253.16689142407373,254.17940012452823,254.6651577073197
185573.0,3.092883348464966,4083.0,4083.0,7.7144551277160645,85.0,11.0,0.5556731020691489,0.6877519111369937,0.9959869980812073,253.27289732725106,254.21028750577008,254.68047169416465
185852.0,3.0975332260131836,4496.0,4496.0,7.512687683105469,87.0,10.0,0.5528280328806108,0.6892707701190884,0.9955810904502869,253.0964926417767,254.15749433107052,254.6498634878696
186131.0,3.1021833419799805,3823.0,3823.0,8.6917085647583,87.0,10.0,0.5528280328806108,0.6892707701190884,0.9962425231933594,253.38141408659106,254.2836025551437,254.70227274202222
186411.0,3.1068499088287354,4232.0,4232.0,5.357633590698242,87.0,10.0,0.5528280328806108,0.6892707701190884,0.9958405494689941,253.20825825854493,254.20696257468506,254.67042197064208
186690.0,3.1115000247955322,3896.0,3896.0,7.066568374633789,86.0,10.0,0.5540355196117186,0.6910978956866601,0.9961707592010498,253.34871663041858,254.26079505314496,254.69837056211682
186969.0,3.11614990234375,3863.0,3863.0,6.122265338897705,122.0,4.0,0.507083191702667,0.6856019112988414,0.9962032437324524,253.36804599656492,254.63918803693414,254.6956083069858
187249.0,3.120816707611084,4159.0,4159.0,9.590564727783203,85.0,11.0,0.5556731020691489,0.6877519111369937,0.9959123134613037,253.2407548042075,254.19559043393753,254.67452506105738
187528.0,3.1254665851593018,4102.0,4102.0,5.6914167404174805,86.0,11.0,0.5544641040107141,0.6858710298508166,0.9959683418273926,253.26680179255766,254.2162042792652,254.67705253941256
187807.0,3.1301167011260986,4117.0,4117.0,6.748601913452148,84.0,11.0,0.5568754364278046,0.6896722611201311,0.9959535598754883,253.2565248031589,254.1940975077488,254.67979073334013
188087.0,3.1347832679748535,3990.0,3990.0,6.427306175231934,87.0,10.0,0.5528280328806108,0.6892707701190884,0.996078372001648,253.3107036550313,254.25230562362188,254.68926606580916
188366.0,3.1394333839416504,3682.0,3682.0,7.431982040405273,120.0,14.0,0.5105015792619475,0.6308364549021604,0.9963811039924622,253.49503397842392,254.58596743537387,254.65932905773178
188645.0,3.144083261489868,3702.0,3702.0,7.1221699714660645,155.0,176.0,0.08209356564529845,0.3092076664756307,0.9963614344596863,254.35905923903,254.06789761244247,253.78527233541
188924.0,3.148733377456665,3644.0,3644.0,8.539289474487305,76.0,1.0,0.5615332142455102,0.757472070077391,0.9964184761047363,253.39492080536866,254.2676848166241,254.77850200804687
189204.0,3.15339994430542,3550.0,3550.0,7.166136264801025,86.0,10.0,0.5540355196117186,0.6910978956866601,0.9965108633041382,253.49537971034562,254.32644948666018,254.72516057476486
189483.0,3.158050060272217,3354.0,3354.0,7.191582202911377,86.0,10.0,0.5540355196117186,0.6910978956866601,0.9967035055160522,253.5784528043386,254.3636375569584,254.74033500884804
189762.0,3.1626999378204346,3803.0,3803.0,6.599682807922363,86.0,11.0,0.5544641040107141,0.6858710298508166,0.9962621927261353,253.39312744546558,254.27333190941337,254.7005908448634
190042.0,3.1673667430877686,3602.0,3602.0,7.894569396972656,87.0,10.0,0.5528280328806108,0.6892707701190884,0.9964597225189209,253.47497574694106,254.3250136003381,254.7194827377086
190321.0,3.1720166206359863,3174.0,3174.0,7.158926486968994,75.0,0.0,0.5621670418109989,0.7647058823529411,0.9968804121017456,253.59618544578552,254.3590155360537,254.81282472610474
190600.0,3.176666736602783,3534.0,3534.0,7.1625518798828125,85.0,12.0,0.5561162987404508,0.6825444851734402,0.9965265989303589,253.5097412872974,254.311728630647,254.71882416718563
190880.0,3.181333303451538,3921.0,3921.0,8.679977416992188,86.0,10.0,0.5540355196117186,0.6910978956866601,0.9961462020874023,253.33812686719918,254.25605449467872,254.69643619737602
191159.0,3.185983419418335,3799.0,3799.0,8.41076374053955,86.0,11.0,0.5544641040107141,0.6858710298508166,0.9962661266326904,253.39481862053492,254.27409670121656,254.7009059621372
191438.0,3.1906332969665527,3986.0,3986.0,7.96942138671875,75.0,0.0,0.5621670418109989,0.7647058823529411,0.9960823059082031,253.2370376586914,254.19502795585876,254.7649383544922
191718.0,3.1953001022338867,3743.0,3743.0,8.871089935302734,83.0,11.0,0.5580710259358764,0.6916317510399017,0.9963211417198181,253.4130652640454,254.25858120282464,254.71071701306184
191997.0,3.1999499797821045,3717.0,3717.0,6.79395866394043,86.0,10.0,0.5540355196117186,0.6910978956866601,0.9963467121124268,253.4245927979518,254.29476138467967,254.71223037938586
192276.0,3.2046000957489014,3910.0,3910.0,7.861997604370117,77.0,0.0,0.5600206951179266,0.7605518140792705,0.9961570501327515,253.27474334814895,254.2285479358901,254.7653522195543
192556.0,3.2092666625976562,3607.0,3607.0,10.179719924926758,74.0,0.0,0.5632313981042658,0.7668346438516908,0.9964548349380493,253.40275128534506,254.26320647562085,254.7892145330601
192835.0,3.213916778564453,3868.0,3868.0,8.417464256286621,76.0,0.0,0.5610967913167303,0.762611511060009,0.996198296546936,253.29126380165815,254.22783981068503,254.76986743727923
193114.0,3.218566656112671,3746.0,3746.0,10.426424980163574,74.0,0.0,0.5632313981042658,0.7668346438516908,0.9963182210922241,253.34120089605847,254.23481394799927,254.78109186097583
193394.0,3.223233222961426,3551.0,3551.0,7.978874206542969,79.0,0.0,0.5578511729624649,0.7565375711102164,0.996509850025177,253.43670221230562,254.3159003378085,254.78332130053465
193673.0,3.2278833389282227,3554.0,3554.0,5.619789123535156,78.0,0.0,0.5589388043799406,0.7585270738736409,0.996506929397583,253.43362189754788,254.30705152349287,254.78491209521945
193952.0,3.2325332164764404,3658.0,3658.0,7.598860740661621,85.0,11.0,0.5556731020691489,0.6877519111369937,0.9964047074317932,253.4526697147126,254.2924878883738,254.71373107550193
194232.0,3.2372000217437744,3347.0,3347.0,7.6057024002075195,78.0,0.0,0.5589388043799406,0.7585270738736409,0.9967103600502014,253.52484516667062,254.34740769628516,254.7974384589321
194511.0,3.241849899291992,3886.0,3886.0,8.15870475769043,78.0,0.0,0.5589388043799406,0.7585270738736409,0.9961805939674377,253.28728512683386,254.24231374264386,254.76481779655938
194790.0,3.246500015258789,3913.0,3913.0,9.332355499267578,121.0,7.0,0.5085768091249584,0.6692567908186671,0.9961540699005127,253.3629395414263,254.6080836205007,254.67563610783517
195070.0,3.251166582107544,3811.0,3811.0,6.757533073425293,86.0,11.0,0.5544641040107141,0.6858710298508166,0.9962543249130249,253.38974509532687,254.27180232580696,254.69996061031583
195349.0,3.255816698074341,4105.0,4105.0,10.130708694458008,23.0,250.0,0.8875938642944017,0.8929903454217923,0.9959653615951538,254.88990495817708,253.05242945535136,254.29169057970938
195628.0,3.2604665756225586,4790.0,4790.0,8.829022407531738,84.0,11.0,0.5568754364278046,0.6896722611201311,0.9952921271324158,252.9715356407245,254.06236435967392,254.62744919680753
195908.0,3.2651333808898926,4579.0,4579.0,8.770162582397461,85.0,11.0,0.5556731020691489,0.6877519111369937,0.9954994916915894,253.06308591785495,254.11435187087906,254.64165484485562
196187.0,3.2697832584381104,4169.0,4169.0,9.358567237854004,24.0,254.0,0.8908627587152768,0.9064593697481587,0.9959024786949158,254.9022623950363,253.00800173937074,254.24840803277192
196466.0,3.2744333744049072,3828.0,3828.0,9.038033485412598,26.0,255.0,0.8929929437831721,0.9038088484011921,0.9962376356124878,254.90771392839187,253.1734802339769,254.28693168856518
196746.0,3.279099941253662,3894.0,3894.0,7.298933982849121,23.0,250.0,0.8875938642944017,0.8929903454217923,0.9961727261543274,254.89556341068854,253.15252692801843,254.3280949004834
197025.0,3.283750057220459,4245.0,4245.0,7.695039749145508,25.0,248.0,0.8878187960496902,0.8773540312307673,0.9958277940750122,254.8695154194184,253.00265955883782,254.25921638708755
197304.0,3.2883999347686768,3720.0,3720.0,7.442861080169678,23.0,250.0,0.8875938642944017,0.8929903454217923,0.9963437914848328,254.9002313493801,253.2351023078846,254.35812663391866
197583.0,3.2930500507354736,4036.0,4036.0,9.170792579650879,23.0,250.0,0.8875938642944017,0.8929903454217923,0.9960331916809082,254.89175586905895,253.08517188820423,254.30359863289732
197863.0,3.2977166175842285,3683.0,3683.0,8.876039505004883,87.0,10.0,0.5528280328806108,0.6892707701190884,0.9963801503181458,253.44069890375573,254.30984242982916,254.7131777584986
198142.0,3.3023667335510254,3974.0,3974.0,8.759173393249512,155.0,175.0,0.08352384117184013,0.3043955822796083,0.9960941076278687,254.3071762227553,254.00469054030984,253.70081866745772
198421.0,3.307016611099243,3757.0,3757.0,8.221196174621582,87.0,10.0,0.5528280328806108,0.6892707701190884,0.9963074326515198,253.4093747474366,254.2959781391768,254.70741590483848
198701.0,3.311683416366577,3151.0,3151.0,6.985957622528076,87.0,10.0,0.5528280328806108,0.6892707701190884,0.9969030022621155,253.66592472279797,254.40952895245417,254.75460643088093
198980.0,3.316333293914795,3088.0,3088.0,7.6868085861206055,79.0,0.0,0.5578511729624649,0.7565375711102164,0.9969649314880371,253.64054097260015,254.40510025106667,254.81157408629878
199259.0,3.320983409881592,3418.0,3418.0,8.49042797088623,79.0,2.0,0.5586923142021615,0.7461808437607738,0.9966406226158142,253.50414948901675,254.33236798361358,254.7825680450485
199539.0,3.3256499767303467,3572.0,3572.0,6.026811122894287,86.0,10.0,0.5540355196117186,0.6910978956866601,0.9964892268180847,253.48604940925665,254.3222727324776,254.72345626796655
199818.0,3.3303000926971436,3268.0,3268.0,5.558750629425049,86.0,10.0,0.5540355196117186,0.6910978956866601,0.9967880249023438,253.6149000961957,254.37995336255332,254.74699260399962
200097.0,3.3349499702453613,3437.0,3437.0,7.271022796630859,85.0,11.0,0.5556731020691489,0.6877519111369937,0.9966219067573547,253.54614725180025,254.3352302106067,254.73102519445067
200377.0,3.3396167755126953,3545.0,3545.0,7.899502754211426,75.0,0.0,0.5621670418109989,0.7647058823529411,0.9965157508850098,253.4320878982544,254.28408827573762,254.7909450531006
200656.0,3.344266653060913,3644.0,3644.0,7.5416717529296875,85.0,11.0,0.5556731020691489,0.6877519111369937,0.9964184761047363,253.45859543125138,254.29519740441,254.71482738216415
200935.0,3.34891676902771,3115.0,3115.0,8.984149932861328,93.0,24.0,0.5512081911747834,0.6050536880293549,0.9969384074211121,253.74692478270322,254.40139298998102,254.69166300206393
201215.0,3.353583335876465,3129.0,3129.0,5.967610836029053,87.0,10.0,0.5528280328806108,0.6892707701190884,0.996924638748169,253.67524494307983,254.41365414713187,254.75632081848633
201494.0,3.3582334518432617,3404.0,3404.0,7.523743629455566,76.0,1.0,0.5615332142455102,0.757472070077391,0.9966543316841125,253.50062075166667,254.31591027229942,254.79308840723073
201773.0,3.3628833293914795,3084.0,3084.0,6.70159387588501,78.0,0.0,0.5589388043799406,0.7585270738736409,0.9969688653945923,253.64076527161797,254.39868947811937,254.8133560796241
202053.0,3.3675498962402344,3583.0,3583.0,6.846392631530762,86.0,11.0,0.5544641040107141,0.6858710298508166,0.9964784383773804,253.48609082655074,254.31537228308022,254.71791274591325
202332.0,3.3722000122070312,3761.0,3761.0,6.737110614776611,84.0,11.0,0.5568754364278046,0.6896722611201311,0.9963034987449646,253.40730171337358,254.2637924984984,254.70748264655836
202611.0,3.376849889755249,3303.0,3303.0,8.17032241821289,77.0,1.0,0.5604509807351349,0.7553983598376205,0.9967536330223083,253.5468398466419,254.3438864844473,254.79751299473537
202891.0,3.381516695022583,3813.0,3813.0,6.1302571296691895,76.0,0.0,0.5610967913167303,0.762611511060009,0.9962523579597473,253.31556256513213,254.23882017021765,254.773139994339
203170.0,3.386166572570801,3473.0,3473.0,5.774486541748047,85.0,11.0,0.5556731020691489,0.6877519111369937,0.9965865612030029,253.53093534743883,254.32827461316322,254.72821086609267
203449.0,3.3908166885375977,2953.0,2953.0,8.575927734375,75.0,0.0,0.5621670418109989,0.7647058823529411,0.9970976114273071,253.6939251422882,254.40364367214258,254.82585668563843
203729.0,3.3954832553863525,3463.0,3463.0,7.522768974304199,155.0,175.0,0.08352384117184013,0.3043955822796083,0.9965963363647461,254.3962611174152,254.13266974841835,253.8678704286053
204008.0,3.4001333713531494,3465.0,3465.0,8.371691703796387,155.0,175.0,0.08352384117184013,0.3043955822796083,0.9965944290161133,254.39592279358075,254.13218371297333,253.86723600463702
204287.0,3.404783248901367,3640.0,3640.0,7.700508117675781,79.0,1.0,0.5582688450050841,0.7513565842178022,0.9964224100112915,253.4022628754992,254.2938804996866,254.77316623025948
204567.0,3.409450054168701,3653.0,3653.0,8.160850524902344,76.0,0.0,0.5610967913167303,0.762611511060009,0.9964095950126648,253.38623526418868,254.27075643090893,254.78265819227036
204846.0,3.414099931716919,3025.0,3025.0,6.589118003845215,155.0,176.0,0.08209356564529845,0.3092076664756307,0.9970268607139587,254.47627543454914,254.23836187740588,254.00742352956982
205125.0,3.418750047683716,3393.0,3393.0,7.477356433868408,95.0,7.0,0.5419279522917682,0.692165194639626,0.9966651797294617,253.5610179679932,254.44207674091848,254.73822369403226
205405.0,3.4234166145324707,3437.0,3437.0,8.930377960205078,95.0,7.0,0.5419279522917682,0.692165194639626,0.9966219067573547,253.54234558858985,254.4348370711104,254.73482685766106
205684.0,3.4280667304992676,3209.0,3209.0,7.602947235107422,75.0,1.0,0.5626094888847314,0.759580612345581,0.9968460202217102,253.58483117424976,254.3476585057593,254.80663913882245
205963.0,3.4327166080474854,2925.0,2925.0,6.166846752166748,87.0,10.0,0.5528280328806108,0.6892707701190884,0.9971251487731934,253.7616174527992,254.45188322397985,254.77220842152943
206242.0,3.4373667240142822,3400.0,3400.0,7.909934997558594,85.0,11.0,0.5556731020691489,0.6877519111369937,0.9966582655906677,253.56179524785495,254.34238520966326,254.7339202033856
206522.0,3.442033290863037,3268.0,3268.0,7.449359893798828,123.0,5.0,0.5058438804079195,0.6798353375051365,0.9967880249023438,253.6241247355815,254.69871997752853,254.73776796461382
206801.0,3.446683406829834,2881.0,2881.0,8.83288860321045,87.0,10.0,0.5528280328806108,0.6892707701190884,0.9971683621406555,253.7802322178249,254.4601222491626,254.7756324739094
207080.0,3.4513332843780518,3074.0,3074.0,8.4697265625,86.0,11.0,0.5544641040107141,0.6858710298508166,0.9969787001609802,253.70115192287042,254.41262830738725,254.7579851592295
207360.0,3.4560000896453857,3250.0,3250.0,5.491633415222168,85.0,11.0,0.5556731020691489,0.6877519111369937,0.996805727481842,253.62525941546053,254.37140400911557,254.7456616002789
207639.0,3.4606499671936035,3293.0,3293.0,6.434933185577393,155.0,176.0,0.08209356564529845,0.3092076664756307,0.9967634677886963,254.4298782321128,254.17088771161644,253.9194903401223
207918.0,3.4653000831604004,2736.0,2736.0,6.803898811340332,86.0,11.0,0.5544641040107141,0.6858710298508166,0.9973108768463135,253.84395372077222,254.47720686373933,254.78459347084765
208198.0,3.4699666500091553,2950.0,2950.0,6.865792274475098,155.0,174.0,0.08499994081446928,0.299608869724142,0.9971005916595459,254.48216642940105,254.26508102698233,254.03913531696736
208477.0,3.474616765975952,3199.0,3199.0,5.99336576461792,85.0,11.0,0.5556731020691489,0.6877519111369937,0.9968558549880981,253.64683312805403,254.38126852420828,254.74965291587603
208756.0,3.47926664352417,3382.0,3382.0,10.219240188598633,75.0,0.0,0.5621670418109989,0.7647058823529411,0.996675968170166,253.5041856765747,254.31700826196345,254.80055809020996
209036.0,3.483933448791504,3398.0,3398.0,7.749856472015381,87.0,10.0,0.5528280328806108,0.6892707701190884,0.9966602325439453,253.56134825666038,254.36324267718607,254.73537034075173
209315.0,3.4885833263397217,3080.0,3080.0,7.888428211212158,86.0,11.0,0.5544641040107141,0.6858710298508166,0.9969727993011475,253.6986151602664,254.41148111968246,254.7575124833188
209594.0,3.4932334423065186,3428.0,3428.0,7.736913681030273,87.0,10.0,0.5528280328806108,0.6892707701190884,0.9966307878494263,253.54866454090492,254.35762877588914,254.73303726230247
209874.0,3.4979000091552734,3148.0,3148.0,8.211894035339355,86.0,11.0,0.5544641040107141,0.6858710298508166,0.9969059824943542,253.66989080795204,254.39849124678264,254.75216026416862
210153.0,3.502549886703491,3398.0,3398.0,7.620335102081299,87.0,10.0,0.5528280328806108,0.6892707701190884,0.9966602325439453,253.56134825666038,254.36324267718607,254.73537034075173
210432.0,3.507200002670288,3104.0,3104.0,8.812590599060059,80.0,18.0,0.5651408764689061,0.661955673244835,0.9969491958618164,253.7070731824197,254.33446816363718,254.73701670710668
210712.0,3.511866569519043,3102.0,3102.0,9.618036270141602,80.0,17.0,0.5646142790734255,0.6670471809107195,0.996951162815094,253.70394836429088,254.33903852155547,254.74114467140706
210991.0,3.51651668548584,3679.0,3679.0,7.025838375091553,85.0,11.0,0.5556731020691489,0.6877519111369937,0.9963840842247009,253.44379396613076,254.2884294790729,254.71208898846672
211270.0,3.5211665630340576,3145.0,3145.0,7.312776565551758,87.0,10.0,0.5528280328806108,0.6892707701190884,0.9969089031219482,253.66846660105668,254.41065400554808,254.75507399113692
211550.0,3.5258333683013916,3251.0,3251.0,6.243502140045166,88.0,9.0,0.5512081911747834,0.6927426283234642,0.9968047142028809,253.62075689799266,254.4027967183757,254.74964734547657
211829.0,3.5304832458496094,3107.0,3107.0,6.060906410217285,155.0,175.0,0.08352384117184013,0.3043955822796083,0.9969462752342224,254.45833296841786,254.22184206396602,253.98426740103557
212108.0,3.5351333618164062,2852.0,2852.0,7.751911163330078,87.0,10.0,0.5528280328806108,0.6892707701190884,0.9971969127655029,253.79253080051086,254.46556568786957,254.77789470989563
212388.0,3.539799928665161,3120.0,3120.0,7.788467884063721,87.0,10.0,0.5528280328806108,0.6892707701190884,0.9969334602355957,253.67904492269886,254.41533604468643,254.75701979745494
212667.0,3.544450044631958,3047.0,3047.0,5.855202674865723,86.0,11.0,0.5544641040107141,0.6858710298508166,0.9970052242279053,253.71255454265622,254.41778485818156,254.76010981357547
212946.0,3.549099922180176,3110.0,3110.0,8.233403205871582,87.0,10.0,0.5528280328806108,0.6892707701190884,0.9969432950019836,253.68328138646334,254.4172111331763,254.75779906454832
213226.0,3.5537667274475098,3336.0,3336.0,9.224924087524414,163.0,166.0,0.11855130391713135,0.2904344542946749,0.9967212080955505,254.4067379694316,254.26653178180723,253.92107815929919
213505.0,3.5584166049957275,3199.0,3199.0,6.3304362297058105,86.0,11.0,0.5544641040107141,0.6858710298508166,0.9968558549880981,253.6483411377501,254.38874594516912,254.74814490617996
213784.0,3.5630667209625244,3055.0,3055.0,8.688457489013672,86.0,10.0,0.5540355196117186,0.6910978956866601,0.9969973564147949,253.7051701166485,254.42036317161492,254.7634816548969
214064.0,3.5677332878112793,2931.0,2931.0,6.987008571624756,78.0,0.0,0.5589388043799406,0.7585270738736409,0.9971192479133606,253.7082004629443,254.42852206644486,254.8226159728696
214343.0,3.572383403778076,3162.0,3162.0,8.063888549804688,86.0,10.0,0.5540355196117186,0.6910978956866601,0.9968922138214111,253.65982947995184,254.40006621740517,254.75519956896784
214622.0,3.577033281326294,3129.0,3129.0,7.829304218292236,86.0,11.0,0.5544641040107141,0.6858710298508166,0.996924638748169,253.67791107759913,254.40211821397054,254.75365468396703
214901.0,3.581683397293091,3041.0,3041.0,9.105400085449219,87.0,10.0,0.5528280328806108,0.6892707701190884,0.997011125087738,253.71250014866925,254.43014356167004,254.76317364607715
215181.0,3.5863499641418457,3420.0,3420.0,8.784895896911621,76.0,0.0,0.5610967913167303,0.762611511060009,0.9966386556625366,253.4891902234284,254.31728071060442,254.79652416446527
215460.0,3.5910000801086426,3180.0,3180.0,9.018577575683594,85.0,11.0,0.5556731020691489,0.6877519111369937,0.9968745112419128,253.65486234570176,254.38493985978974,254.7511383876738
215739.0,3.5956499576568604,3083.0,3083.0,6.861448287963867,87.0,10.0,0.5528280328806108,0.6892707701190884,0.9969698786735535,253.6947326763964,254.42227955418528,254.75990544711587
216019.0,3.6003167629241943,2668.0,2668.0,8.184492111206055,87.0,10.0,0.5528280328806108,0.6892707701190884,0.9973777532577515,253.87043038270127,254.5000445877378,254.79222377875197
216298.0,3.604966640472412,2778.0,2778.0,8.804886817932129,88.0,9.0,0.5512081911747834,0.6927426283234642,0.9972696304321289,253.82143769555378,254.48969019689886,254.78607382483196
216577.0,3.609616756439209,3384.0,3384.0,7.729648590087891,85.0,11.0,0.5556731020691489,0.6877519111369937,0.9966740012168884,253.5685674953278,254.3454817994189,254.73517312528529
216857.0,3.614283323287964,3343.0,3343.0,7.5857110023498535,31.0,0.0,0.6031131162362082,0.8868035901250455,0.9967142939567566,253.41913210058576,253.98578536257762,254.9051578173601
217136.0,3.6189334392547607,3151.0,3151.0,6.948638916015625,79.0,0.0,0.5578511729624649,0.7565375711102164,0.9969030022621155,253.61280181451949,254.39296158572608,254.8077293391594
217415.0,3.6235833168029785,3318.0,3318.0,9.549915313720703,85.0,11.0,0.5556731020691489,0.6877519111369937,0.996738851070404,253.59647736370084,254.35824350265418,254.74033668220522
217695.0,3.6282498836517334,3236.0,3236.0,6.420973777770996,86.0,11.0,0.5544641040107141,0.6858710298508166,0.9968194961547852,253.6327105802909,254.38167741486683,254.74523245864953
217974.0,3.6328999996185303,3516.0,3516.0,7.208595275878906,86.0,11.0,0.5544641040107141,0.6858710298508166,0.9965443015098572,253.5144051970301,254.32817675190654,254.72318857299706
218253.0,3.637550115585327,3309.0,3309.0,7.08928108215332,85.0,11.0,0.5556731020691489,0.6877519111369937,0.9967477321624756,253.60029957913062,254.359991199145,254.74104382373193
218533.0,3.642216682434082,2687.0,2687.0,8.700138092041016,120.0,12.0,0.5103202475150798,0.6419046054448818,0.997359037399292,253.8942667924879,254.70530648292015,254.758842281151
218812.0,3.6468665599823,3746.0,3746.0,7.032017707824707,123.0,5.0,0.5058438804079195,0.6798353375051365,0.9963182210922241,253.42288050988844,254.6546528542892,254.69941224714586
219091.0,3.6515166759490967,3493.0,3493.0,6.35015869140625,85.0,11.0,0.5556731020691489,0.6877519111369937,0.996566891670227,253.52247003809774,254.3244038759687,254.72664471371806
219371.0,3.6561832427978516,3316.0,3316.0,8.440760612487793,155.0,176.0,0.08209356564529845,0.3092076664756307,0.9967408180236816,254.4258884296856,254.16508545250804,253.91192876239202
219650.0,3.6608333587646484,3379.0,3379.0,7.177541732788086,87.0,10.0,0.5528280328806108,0.6892707701190884,0.9966789484024048,253.5694103755819,254.36681102740317,254.73685330964454
219929.0,3.665483236312866,2935.0,2935.0,6.536322116851807,86.0,11.0,0.5544641040107141,0.6858710298508166,0.9971153140068054,253.75988182073348,254.43918744091658,254.76892832273728
220209.0,3.6701500415802,3004.0,3004.0,7.078572750091553,87.0,10.0,0.5528280328806108,0.6892707701190884,0.997047483921051,253.72816222682883,254.4370757069962,254.7660545729072
220488.0,3.674799919128418,3652.0,3652.0,7.653371810913086,87.0,10.0,0.5528280328806108,0.6892707701190884,0.996410608291626,253.45381910365663,254.31564952206142,254.71559112507262
220767.0,3.679450035095215,3517.0,3517.0,12.110401153564453,165.0,61.0,0.41828034402292114,0.4234023048192571,0.996543288230896,253.74532566769417,254.49175133006278,254.1257654400154
221047.0,3.6841166019439697,3524.0,3524.0,7.529470920562744,86.0,11.0,0.5544641040107141,0.6858710298508166,0.9965364336967468,253.5110228468914,254.32664716830013,254.7225583384495
221326.0,3.6887667179107666,3349.0,3349.0,7.885130882263184,87.0,10.0,0.5528280328806108,0.6892707701190884,0.9967083930969238,253.58209409133732,254.3724249287001,254.73918638809383
221605.0,3.6934165954589844,3231.0,3231.0,9.083389282226562,85.0,12.0,0.5561162987404508,0.6825444851734402,0.9968243837356567,253.6375055136876,254.37073614276713,254.74293019149735
221885.0,3.6980834007263184,3120.0,3120.0,9.974285125732422,85.0,11.0,0.5556731020691489,0.6877519111369937,0.9969334602355957,253.6802326212725,254.39654034186668,254.7558320988813
222164.0,3.702733278274536,3195.0,3195.0,9.11766242980957,87.0,10.0,0.5528280328806108,0.6892707701190884,0.9968597888946533,253.64730995777228,254.40128992727142,254.7511823785009
222443.0,3.707383394241333,3284.0,3284.0,7.6391730308532715,87.0,10.0,0.5528280328806108,0.6892707701190884,0.996772289276123,253.60961826803742,254.38460732179792,254.74424926278533
222723.0,3.712049961090088,2882.0,2882.0,7.179691791534424,87.0,10.0,0.5528280328806108,0.6892707701190884,0.9971674084663391,253.77982140921745,254.45994042239994,254.7755569086155
223002.0,3.7167000770568848,2851.0,2851.0,6.403932094573975,85.0,12.0,0.5561162987404508,0.6825444851734402,0.9971978664398193,253.79774783605765,254.44474356289214,254.7731640482502
223281.0,3.7213499546051025,3376.0,3376.0,10.623937606811523,84.0,11.0,0.5568754364278046,0.6896722611201311,0.9966818690299988,253.57032876601244,254.339149984664,254.73742443928694
223560.0,3.7260000705718994,3339.0,3339.0,8.018736839294434,156.0,173.0,0.08906095467448209,0.2977552827094622,0.9967182278633118,254.41232517768316,254.18027440816527,253.91397103260584
223840.0,3.7306666374206543,3302.0,3302.0,8.629874229431152,155.0,174.0,0.08499994081446928,0.299608869724142,0.9967545866966248,254.4203700336004,254.1773784400576,253.92446918167823
224119.0,3.735316753387451,3408.0,3408.0,8.766256332397461,155.0,175.0,0.08352384117184013,0.3043955822796083,0.9966503977775574,254.40585048359802,254.14644581556223,253.88585238295624
224398.0,3.739966630935669,3583.0,3583.0,9.940170288085938,85.0,11.0,0.5556731020691489,0.6877519111369937,0.9964784383773804,253.48440179851542,254.30699728809998,254.71960177394857
224678.0,3.744633436203003,3274.0,3274.0,9.505663871765137,145.0,76.0,0.44786649981432397,0.30165505276285787,0.996782124042511,253.93191605269644,254.42696720898417,254.27211471169468
224957.0,3.7492833137512207,3341.0,3341.0,10.621883392333984,86.0,11.0,0.5544641040107141,0.6858710298508166,0.9967162609100342,253.58833004665266,254.36160742391007,254.73696301746477
225236.0,3.7539334297180176,3231.0,3231.0,6.913017272949219,87.0,10.0,0.5528280328806108,0.6892707701190884,0.9968243837356567,253.63205868822016,254.39453960870787,254.74837701696478
225516.0,3.7585999965667725,3606.0,3606.0,8.060325622558594,86.0,11.0,0.5544641040107141,0.6858710298508166,0.9964557886123657,253.4763537579696,254.31096893633452,254.7160984343369
225795.0,3.7632501125335693,3404.0,3404.0,7.055573463439941,79.0,1.0,0.5582688450050841,0.7513565842178022,0.9966543316841125,253.50583815042222,254.33965556509128,254.78787100847518
226074.0,3.767899990081787,3543.0,3543.0,7.902152061462402,80.0,0.0,0.5567578574427741,0.7545835845056413,0.9965177178382874,253.4419614450227,254.32570292617947,254.78207465250384
226354.0,3.772566556930542,3215.0,3215.0,9.545167922973633,86.0,11.0,0.5544641040107141,0.6858710298508166,0.9968401193618774,253.64157643747268,254.38568677795632,254.74688443708482
226633.0,3.777216672897339,3399.0,3399.0,9.200790405273438,85.0,11.0,0.5556731020691489,0.6877519111369937,0.9966592788696289,253.56223133954828,254.34258461127632,254.73400088396247
226912.0,3.7818665504455566,3877.0,3877.0,7.9430975914001465,156.0,175.0,0.08601043481131534,0.3072117917126884,0.9961894750595093,254.32682887973004,254.03790592693,253.7298034006197
227192.0,3.7865333557128906,3186.0,3186.0,8.500236511230469,78.0,2.0,0.5597927288940685,0.7481978861862031,0.9968686103820801,253.60405637872736,254.37026462544267,254.79893491613348
227471.0,3.7911832332611084,4034.0,4034.0,8.176445007324219,79.0,3.0,0.5591216959684246,0.7410104596735705,0.9960351586341858,253.2397782763486,254.20663403021902,254.73815262708615
227750.0,3.7958333492279053,3741.0,3741.0,7.08565092086792,155.0,175.0,0.08352384117184013,0.3043955822796083,0.9963231086730957,254.34779622812954,254.06304517092377,253.77698919514927
228030.0,3.80049991607666,3155.0,3155.0,9.278826713562012,87.0,10.0,0.5528280328806108,0.6892707701190884,0.9968990683555603,253.66423013729218,254.4087789170582,254.75429472404358
228309.0,3.805150032043457,3388.0,3388.0,6.96450662612915,74.0,0.0,0.5632313981042658,0.7668346438516908,0.9966700673103333,253.49972268836163,254.30793833305611,254.80201163990833
228588.0,3.809799909591675,3342.0,3342.0,8.392380714416504,88.0,9.0,0.5512081911747834,0.6927426283234642,0.9967153072357178,253.58216443692322,254.38608643404433,254.74264225329284
228868.0,3.814466714859009,3327.0,3327.0,9.721622467041016,88.0,9.0,0.5512081911747834,0.6927426283234642,0.9967300295829773,253.58851932884596,254.38883806086423,254.74379575847246
229147.0,3.8191165924072266,3382.0,3382.0,9.658116340637207,94.0,5.0,0.542485243347974,0.7043228961366363,0.996675968170166,253.55536799345637,254.44500950680492,254.7493757733283
229426.0,3.8237667083740234,3309.0,3309.0,9.800023078918457,155.0,176.0,0.08209356564529845,0.3092076664756307,0.9967477321624756,254.42710636937394,254.16685666844637,253.9142370334886
229706.0,3.8284332752227783,3865.0,3865.0,8.372528076171875,155.0,176.0,0.08209356564529845,0.3092076664756307,0.9962012767791748,254.3308471360776,254.02686953290493,253.73180402130154
229985.0,3.833083391189575,3452.0,3452.0,10.488299369812012,162.0,164.0,0.12051794740866337,0.27854181736595707,0.9966071844100952,254.37581748477618,254.24236344059878,253.89384656437238
230264.0,3.837733268737793,3787.0,3787.0,12.274809837341309,32.0,0.0,0.6023164734216407,0.8834677053898142,0.996277928352356,253.21234755490144,253.8598578672848,254.8893959048001
230544.0,3.842400074005127,3584.0,3584.0,8.48272705078125,155.0,175.0,0.08352384117184013,0.3043955822796083,0.9964774250984192,254.3751687408609,254.10236847614485,253.8283180593329
230823.0,3.8470499515533447,3831.0,3831.0,9.018451690673828,129.0,189.0,0.00388105840915658,0.3411764705882353,0.996234655380249,254.36742210388184,253.7275086574306,253.71225214004517
231102.0,3.8517000675201416,3756.0,3756.0,7.118430137634277,155.0,176.0,0.08209356564529845,0.3092076664756307,0.9963083863258362,254.34971470176626,254.05430811084648,253.7675623244102
231382.0,3.8563666343688965,3594.0,3594.0,7.414882659912109,88.0,9.0,0.5512081911747834,0.6927426283234642,0.9964675903320312,253.47523759145344,254.33978780625688,254.7232334778825
231661.0,3.8610167503356934,3547.0,3547.0,10.329119682312012,94.0,6.0,0.5428183486090283,0.6989749181325413,0.9965137839317322,253.48963661690968,254.41311648362077,254.73239318827373
231940.0,3.865666627883911,3624.0,3624.0,9.691082000732422,86.0,10.0,0.5540355196117186,0.6910978956866601,0.9964381456375122,253.46402167362794,254.31241191061943,254.71943260150329
232219.0,3.870316743850708,3418.0,3418.0,9.8693208694458,87.0,10.0,0.5528280328806108,0.6892707701190884,0.9966406226158142,253.55290100466942,254.359503864379,254.73381652939582
232499.0,3.874983310699463,4074.0,4074.0,9.473434448242188,81.0,18.0,0.5639135280078413,0.6597682302498801,0.995995819568634,253.30526707561677,254.13592375398065,254.6526009043866
232778.0,3.8796334266662598,3470.0,3470.0,10.297798156738281,88.0,9.0,0.5512081911747834,0.6927426283234642,0.9965894818305969,253.5278519800448,254.3625694938953,254.73278375355963
233057.0,3.8842833042144775,3580.0,3580.0,9.398880958557129,254.0,53.0,0.3347089631188986,0.8141860260678845,0.9964813590049744,253.3722153223991,254.83327777013784,253.38427460852915
233337.0,3.8889501094818115,3752.0,3752.0,10.625130653381348,86.0,8.0,0.5531975243566456,0.701566325799883,0.9963123202323914,253.3999179132114,254.2982173647194,254.7193654053082
233616.0,3.8935999870300293,4034.0,4034.0,8.85938835144043,248.0,19.0,0.3666676241486222,0.8992713526974999,0.9960351586341858,253.0797710458594,254.89815985757537,253.44345925464944
233895.0,3.898250102996826,3823.0,3823.0,7.9051923751831055,255.0,56.0,0.3313417350035147,0.8107031042621488,0.9962425231933594,253.28362731331254,254.81862393269748,253.2650628959158
234175.0,3.902916669845581,3530.0,3530.0,6.314940929412842,255.0,55.0,0.3322881909754828,0.8134301377526094,0.9965305328369141,253.4046584192297,254.83493900727436,253.39563273955181
234454.0,3.907566785812378,4258.0,4258.0,8.813727378845215,220.0,32.0,0.37753949100124723,0.7373487633201156,0.9958149790763855,253.14593556384187,254.71970376511473,253.5633570352712
234733.0,3.9122166633605957,3883.0,3883.0,7.899113178253174,252.0,57.0,0.3320037828738379,0.7934855872431645,0.9961835741996765,253.26692063339812,254.79902253208914,253.25460030974588
235013.0,3.9168832302093506,4517.0,4517.0,10.060056686401367,236.0,25.0,0.37047548627631743,0.8277854541908395,0.9955604076385498,252.93077130309715,254.80503659256325,253.3484567913196
235292.0,3.9215333461761475,3502.0,3502.0,6.379725456237793,255.0,56.0,0.3313417350035147,0.8107031042621488,0.9965580105781555,253.4277383639254,254.83385273225701,253.4107326626023
235571.0,3.9261832237243652,4278.0,4278.0,7.427857398986816,252.0,57.0,0.3320037828738379,0.7934855872431645,0.9957953095436096,253.090605541892,254.77857605899146,253.07703180824944
235851.0,3.930850028991699,4172.0,4172.0,6.31611967086792,253.0,55.0,0.3333737894157728,0.8038067828143922,0.995899498462677,253.11388931607917,254.7948548998861,253.1142973477726
236130.0,3.935499906539917,3798.0,3798.0,7.152356147766113,250.0,39.0,0.34957275151709905,0.8381246343651517,0.9962670803070068,253.25029923032167,254.8459117262518,253.40577014180556
236409.0,3.940150022506714,4392.0,4392.0,7.529661178588867,255.0,55.0,0.3322881909754828,0.8134301377526094,0.9956833124160767,253.01508679283697,254.7946322289861,253.003857103213
236689.0,3.9448165893554688,3862.0,3862.0,6.111640930175781,255.0,57.0,0.330388924146776,0.8080049333502481,0.9962041974067688,253.27761198164615,254.81416228017142,253.24997839728067
236968.0,3.9494667053222656,4372.0,4372.0,5.386556148529053,242.0,33.0,0.3598160971146229,0.8233519883573648,0.9957029223442078,253.0020533026072,254.80643709293875,253.28876372074805
237247.0,3.9541165828704834,4416.0,4416.0,5.912669658660889,255.0,56.0,0.3313417350035147,0.8107031042621488,0.9956597089767456,253.01740440515218,254.7904910775883,252.99596050055194
237527.0,3.9587833881378174,3985.0,3985.0,5.061791896820068,255.0,56.0,0.3313417350035147,0.8107031042621488,0.9960833191871643,253.2109047332659,254.81093904253623,253.19155374291756
237806.0,3.963433265686035,3949.0,3949.0,5.601336479187012,255.0,56.0,0.3313417350035147,0.8107031042621488,0.9961187243461609,253.22707740737582,254.81264807464248,253.20790134189957
238085.0,3.968083381652832,4146.0,4146.0,4.588027000427246,255.0,57.0,0.330388924146776,0.8080049333502481,0.9959250688552856,253.1509542693846,254.80049649743574,253.12128861875993
238365.0,3.972749948501587,4515.0,4515.0,6.265646934509277,254.0,56.0,0.3318774694534604,0.8058704259410331,0.9955623745918274,252.97241854696463,254.78032404576797,252.956486996064
238644.0,3.977400064468384,4310.0,4310.0,5.217215538024902,253.0,57.0,0.3314589720138623,0.7983161826072008,0.995763897895813,253.0768441788172,254.78213992297424,253.05744800389039
238923.0,3.9820499420166016,4707.0,4707.0,6.200908660888672,255.0,57.0,0.330388924146776,0.8080049333502481,0.9953736662864685,252.90074916664463,254.77350052133326,252.86706928476568
239203.0,3.9867167472839355,4506.0,4506.0,5.4318647384643555,255.0,56.0,0.3313417350035147,0.8107031042621488,0.9955712556838989,252.97699994660135,254.7862213744811,252.95511902430735
239482.0,3.9913666248321533,4389.0,4389.0,6.811341285705566,243.0,34.0,0.3583083167847374,0.8241360977253757,0.9956862330436707,252.99343100433515,254.80654784793688,253.26512638332164
239761.0,3.99601674079895,4167.0,4167.0,5.360146999359131,254.0,56.0,0.3318774694534604,0.8058704259410331,0.9959044456481934,253.12871315629116,254.79725760342788,253.11400967715073
240041.0,4.000683307647705,4152.0,4152.0,4.732426166534424,219.0,32.0,0.378403864728817,0.7335010817890963,0.9959191679954529,253.19609769290707,254.7226779847739,253.60892040274092
240320.0,4.005333423614502,4296.0,4296.0,5.146626949310303,253.0,57.0,0.3314589720138623,0.7983161826072008,0.9957776665687561,253.08309504408655,254.78284803719674,253.06376191286887
240599.0,4.009983539581299,4658.0,4658.0,4.05741024017334,219.0,32.0,0.378403864728817,0.7335010817890963,0.995421826839447,252.9762516277587,254.68888006035928,253.43938606900065
240878.0,4.0146331787109375,4462.0,4462.0,5.994909286499023,253.0,55.0,0.3333737894157728,0.8038067828143922,0.9956144690513611,252.98278412979369,254.78059508640047,252.9832205241233
241158.0,4.0192999839782715,4084.0,4084.0,4.8314409255981445,253.0,55.0,0.3333737894157728,0.8038067828143922,0.9959859848022461,253.15367050079274,254.79918174835277,253.15406992642485
241437.0,4.023950099945068,4682.0,4682.0,3.8427987098693848,255.0,56.0,0.3313417350035147,0.8107031042621488,0.9953982830047607,252.8979879932897,254.777871860723,252.87525247170498
241716.0,4.028600215911865,4283.0,4283.0,7.093719005584717,255.0,56.0,0.3313417350035147,0.8107031042621488,0.995790421962738,253.07711261108344,254.79680068602096,253.05631451497544
241996.0,4.033266544342041,4125.0,4125.0,5.420082092285156,253.0,55.0,0.3333737894157728,0.8038067828143922,0.9959456920623779,253.13513701983726,254.79716593197548,253.13554045490937
242275.0,4.037916660308838,3635.0,3635.0,4.627413749694824,253.0,54.0,0.3343213537856786,0.8065952669365024,0.9964272975921631,253.35412104865642,254.82380072334675,253.36283349011836
242554.0,4.042566776275635,4413.0,4413.0,4.365703105926514,255.0,56.0,0.3313417350035147,0.8107031042621488,0.9956626296043396,253.01873851463262,254.79063205835126,252.99730903986193
242834.0,4.0472331047058105,4238.0,4238.0,3.8129448890686035,254.0,53.0,0.3347089631188986,0.8141860260678845,0.9958346486091614,253.0730358168349,254.8026349738374,253.08731154553968
243113.0,4.051883220672607,4818.0,4818.0,5.236670017242432,255.0,56.0,0.3313417350035147,0.8107031042621488,0.9952645897865295,252.83691845115388,254.77141839436894,252.81352239676113
243392.0,4.056533336639404,4793.0,4793.0,4.920716762542725,255.0,56.0,0.3313417350035147,0.8107031042621488,0.995289146900177,252.8481358614793,254.77260378364127,252.824861135449
243672.0,4.061200141906738,4324.0,4324.0,5.336442947387695,255.0,56.0,0.3313417350035147,0.8107031042621488,0.9957501292228699,253.05870734559798,254.7948557269236,253.03771017674003
243951.0,4.065849781036377,4110.0,4110.0,4.221571922302246,253.0,55.0,0.3333737894157728,0.8038067828143922,0.9959604740142822,253.14193628503986,254.79790546224407,253.14233824919316
244230.0,4.070499897003174,4465.0,4465.0,5.131846904754639,255.0,56.0,0.3313417350035147,0.8107031042621488,0.9956115484237671,252.99540521208675,254.78816633357843,252.97372336254278
244510.0,4.075166702270508,4254.0,4254.0,5.457196235656738,253.0,55.0,0.3333737894157728,0.8038067828143922,0.9958189129829407,253.07682235416826,254.7908232671315,253.07723840474168
244789.0,4.079816818237305,4583.0,4583.0,4.953052997589111,253.0,55.0,0.3333737894157728,0.8038067828143922,0.9954955577850342,252.92808842786155,254.77464604250588,252.92853665478407
245068.0,4.084466457366943,4351.0,4351.0,6.062260627746582,242.0,34.0,0.35898573733896566,0.8198329740527021,0.9957236051559448,253.0155072914435,254.80353133808836,253.29070998274142
245348.0,4.089133262634277,4557.0,4557.0,3.834214925765991,254.0,57.0,0.3309207209963892,0.8031560200013673,0.9955211281776428,252.96715021311363,254.77518206636876,252.94059330422908
245627.0,4.093783378601074,4250.0,4250.0,3.473571300506592,254.0,57.0,0.3309207209963892,0.8031560200013673,0.9958228468894958,253.1040929173072,254.79032690194947,253.0793250116934
245906.0,4.098433494567871,4722.0,4722.0,4.042633533477783,255.0,57.0,0.330388924146776,0.8080049333502481,0.995358943939209,252.8940687363801,254.77277973373222,252.86028167526436
246186.0,4.103099822998047,4254.0,4254.0,3.602717876434326,254.0,57.0,0.3309207209963892,0.8031560200013673,0.9958189129829407,253.10230741385467,254.79012943866454,253.0775161826352
246465.0,4.107749938964844,4419.0,4419.0,4.382911205291748,255.0,57.0,0.330388924146776,0.8080049333502481,0.9956567287445068,253.02919193314685,254.787358903185,252.99757275651348
246744.0,4.112400054931641,4735.0,4735.0,6.628518104553223,255.0,56.0,0.3313417350035147,0.8107031042621488,0.995346188545227,252.87419183643428,254.7753572242569,252.8511989338089
247024.0,4.117066860198975,4418.0,4418.0,5.563276767730713,255.0,56.0,0.3313417350035147,0.8107031042621488,0.995657742023468,253.01650592325714,254.79039613136018,252.9950523006085
247303.0,4.121716499328613,3991.0,3991.0,4.3461761474609375,255.0,56.0,0.3313417350035147,0.8107031042621488,0.9960774183273315,253.20820928758087,254.81065420385187,253.18882914308722
247582.0,4.12636661529541,3995.0,3995.0,4.773284912109375,255.0,56.0,0.3313417350035147,0.8107031042621488,0.9960734844207764,253.2064123237909,254.8104643113956,253.18701274320034
247862.0,4.131033420562744,4679.0,4679.0,4.562937259674072,255.0,56.0,0.3313417350035147,0.8107031042621488,0.9954012036323547,252.89932210277016,254.77801284148595,252.87660101101497
248141.0,4.135683536529541,4823.0,4823.0,4.562043190002441,255.0,56.0,0.3313417350035147,0.8107031042621488,0.995259702205658,252.83468585977846,254.77118246737783,252.81126565750773
248420.0,4.14033317565918,4132.0,4132.0,4.903571128845215,253.0,55.0,0.3333737894157728,0.8038067828143922,0.9959388375282288,253.13198413476348,254.79682300463318,253.1323882519149
248700.0,4.144999980926514,4370.0,4370.0,6.207577228546143,255.0,56.0,0.3313417350035147,0.8107031042621488,0.9957048892974854,253.03804226201302,254.79267196367672,253.0168215780408
248979.0,4.1496500968933105,4368.0,4368.0,5.025872707366943,255.0,56.0,0.3313417350035147,0.8107031042621488,0.9957068562507629,253.03894074390803,254.79276690990486,253.01772977798424
249258.0,4.154300212860107,4354.0,4354.0,4.285022735595703,255.0,56.0,0.3313417350035147,0.8107031042621488,0.995720624923706,253.04523011717302,254.79343153350172,253.02408717758837
249537.0,4.158949851989746,4301.0,4301.0,5.067656993865967,242.0,35.0,0.35814824146220803,0.8163364678600178,0.9957727193832397,253.04206819425463,254.80201869119765,253.3041062536127
249817.0,4.16361665725708,3955.0,3955.0,6.173274040222168,255.0,56.0,0.3313417350035147,0.8107031042621488,0.9961128234863281,253.22438196169085,254.81236323595812,253.20517674206923
250096.0,4.168266773223877,4122.0,4122.0,4.604131698608398,255.0,57.0,0.330388924146776,0.8080049333502481,0.9959486722946167,253.1616645948289,254.80165209213217,253.13217077812234
250375.0,4.172916889190674,3985.0,3985.0,6.163276672363281,255.0,57.0,0.330388924146776,0.8080049333502481,0.9960833191871643,253.22276213315877,254.80824423460493,253.19424855084887
250655.0,4.17758321762085,3814.0,3814.0,6.186367988586426,242.0,34.0,0.35898573733896566,0.8198329740527021,0.9962514042854309,253.26043638761982,254.82777979794994,253.50167314588396
250934.0,4.1822333335876465,4001.0,4001.0,6.431652545928955,255.0,56.0,0.3313417350035147,0.8107031042621488,0.9960675835609436,253.2037168781059,254.81017947271124,253.18428814337
251213.0,4.186883449554443,4344.0,4344.0,4.941295146942139,255.0,56.0,0.3313417350035147,0.8107031042621488,0.995730459690094,253.04972252664803,254.79390626464235,253.0286281773056
251493.0,4.191549777984619,3834.0,3834.0,5.028874397277832,255.0,56.0,0.3313417350035147,0.8107031042621488,0.996231734752655,253.27869927625207,254.81810316702203,253.26008155683203
251772.0,4.196199893951416,3409.0,3409.0,5.992973804473877,254.0,57.0,0.3309207209963892,0.8031560200013673,0.996649444103241,253.47926506700236,254.83181812672885,253.45939836592405
252051.0,4.200850009918213,3780.0,3780.0,6.731531143188477,253.0,55.0,0.3333737894157728,0.8038067828143922,0.9962847828865051,253.29110887361773,254.81413039849988,253.29147856652392
252331.0,4.205516815185547,4112.0,4112.0,5.551642417907715,155.0,176.0,0.08209356564529845,0.3092076664756307,0.9959585070610046,254.28808275374604,253.9646784767247,253.65075584736633
252610.0,4.2101664543151855,4185.0,4185.0,7.055751323699951,255.0,56.0,0.3313417350035147,0.8107031042621488,0.9958867430686951,253.1211109972142,254.80145017404064,253.10078879099385
252889.0,4.214816570281982,4055.0,4055.0,6.018423080444336,255.0,56.0,0.3313417350035147,0.8107031042621488,0.9960145354270935,253.17948509366505,254.8076188017103,253.15979426610738
253169.0,4.219483375549316,4198.0,4198.0,8.751691818237305,254.0,54.0,0.3337715915058025,0.8113857218957397,0.9958739876747131,253.09418104733044,254.80155266677326,253.09867066472444
253448.0,4.224133491516113,4464.0,4464.0,6.707488536834717,254.0,57.0,0.3309207209963892,0.8031560200013673,0.9956125020980835,253.00862258876137,254.7797685999415,252.9826074700811
253727.0,4.228783130645752,3641.0,3641.0,6.700218200683594,255.0,55.0,0.3322881909754828,0.8134301377526094,0.9964213967323303,253.35447510363065,254.82974682273476,253.3451655107537
254007.0,4.233449935913086,3136.0,3136.0,6.533490180969238,255.0,55.0,0.3322881909754828,0.8134301377526094,0.9969177842140198,253.5827255964264,254.85336261347518,253.5747073356749
254286.0,4.238100051879883,3834.0,3834.0,8.402507781982422,77.0,0.0,0.5600206951179266,0.7605518140792705,0.996231734752655,253.308272314628,254.24354048228602,254.76991240922607
254565.0,4.24275016784668,3913.0,3913.0,6.193161487579346,254.0,54.0,0.3337715915058025,0.8113857218957397,0.9961540699005127,253.22355196824682,254.81502368101465,253.22773682115306
254845.0,4.2474164962768555,3503.0,3503.0,6.439846038818359,253.0,56.0,0.3324196618685956,0.8010469888555096,0.9965570569038391,253.42648071246703,254.82532910647402,253.41876991448393
255124.0,4.252066612243652,3112.0,3112.0,5.943389892578125,253.0,57.0,0.3314589720138623,0.7983161826072008,0.996941328048706,253.61138786942706,254.84269441800123,253.59738288683886
255403.0,4.256716728210449,3563.0,3563.0,7.010319709777832,86.0,10.0,0.5540355196117186,0.6910978956866601,0.9964981079101562,253.4898792022656,254.32398715774815,254.7241558319141
255683.0,4.261383533477783,3240.0,3240.0,8.03939437866211,243.0,34.0,0.3583083167847374,0.8241360977253757,0.99681556224823,253.5187437972394,254.85719294935788,253.71931026978766
255962.0,4.266033172607422,3041.0,3041.0,9.00107479095459,255.0,56.0,0.3313417350035147,0.8107031042621488,0.997011125087738,253.6347159204641,254.85572489062685,253.61994890411955
256241.0,4.270683288574219,3125.0,3125.0,9.233081817626953,234.0,20.0,0.37574370927417283,0.8392248487680141,0.9969285726547241,253.55949339887266,254.87407865503664,253.89400572839386
256521.0,4.275350093841553,3618.0,3618.0,6.454030990600586,255.0,56.0,0.3313417350035147,0.8107031042621488,0.996444046497345,253.37568086746373,254.82835160534262,253.35811210830332
256800.0,4.28000020980835,3390.0,3390.0,9.184732437133789,87.0,10.0,0.5528280328806108,0.6892707701190884,0.9966681003570557,253.56473742767196,254.36474274797797,254.73599375442643
257079.0,4.284649848937988,3470.0,3470.0,8.52099609375,76.0,0.0,0.5610967913167303,0.762611511060009,0.9965894818305969,253.46708826106234,254.3072930627385,254.7935474725421
257359.0,4.289316654205322,3654.0,3654.0,7.85888671875,155.0,176.0,0.08209356564529845,0.3092076664756307,0.9964086413383484,254.36737482724666,254.0799907419526,253.80103225531101
257638.0,4.293966770172119,3446.0,3446.0,8.414743423461914,255.0,56.0,0.3313417350035147,0.8107031042621488,0.996613085269928,253.45289585698538,254.83651122664452,253.43616226101875
257917.0,4.298616886138916,3459.0,3459.0,12.841655731201172,255.0,56.0,0.3313417350035147,0.8107031042621488,0.9966002702713013,253.44704211130585,254.8358926375825,253.43024520078114
258196.0,4.303266525268555,3608.0,3608.0,9.779802322387695,234.0,20.0,0.37574370927417283,0.8392248487680141,0.9964538812637329,253.3368620274118,254.854617417092,253.72307348738724
258476.0,4.307933330535889,3959.0,3959.0,11.019369125366211,155.0,175.0,0.08352384117184013,0.3043955822796083,0.996108889579773,254.3097982324723,254.0084573150085,253.7057354532119
258755.0,4.3125834465026855,4137.0,4137.0,10.03018569946289,237.0,26.0,0.36896857835856994,0.8280455070730891,0.9959339499473572,253.10460424478163,254.82171022837053,253.47174119953857
259034.0,4.317233562469482,3851.0,3851.0,8.424690246582031,86.0,11.0,0.5544641040107141,0.6858710298508166,0.9962150454521179,253.37285896849798,254.26416599552957,254.69681421208216
259314.0,4.321899890899658,3839.0,3839.0,7.388638973236084,242.0,35.0,0.35814824146220803,0.8163364678600178,0.9962267875671387,253.25237704758885,254.82328461165187,253.48626860887592
259593.0,4.326550006866455,3898.0,3898.0,10.748432159423828,78.0,1.0,0.5593628396370643,0.7533597692639324,0.996168851852417,253.28706783682418,254.23476156948624,254.7590466079085
259872.0,4.331200122833252,3442.0,3442.0,10.422048568725586,161.0,165.0,0.11604299275966694,0.27887288937350624,0.9966170191764832,254.37791240742527,254.23176843134974,253.89676737258114
260152.0,4.335866451263428,3527.0,3527.0,8.898724555969238,87.0,10.0,0.5528280328806108,0.6892707701190884,0.9965334534645081,253.50673638740562,254.33907108192577,254.72532487949348
260431.0,4.340516567230225,3409.0,3409.0,6.794933319091797,155.0,176.0,0.08209356564529845,0.3092076664756307,0.996649444103241,254.40979272673587,254.14167791773653,253.88142376591702
260710.0,4.3451666831970215,3578.0,3578.0,9.957348823547363,254.0,53.0,0.3347089631188986,0.8141860260678845,0.996483325958252,253.37312526928233,254.83337096942617,253.3851778141585
260990.0,4.3498334884643555,3417.0,3417.0,10.859203338623047,155.0,174.0,0.08499994081446928,0.299608869724142,0.9966415762901306,254.40018640458433,254.1487334607623,253.88701750338228
261269.0,4.354483127593994,3496.0,3496.0,8.881744384765625,255.0,56.0,0.3313417350035147,0.8107031042621488,0.9965639114379883,253.4304338096104,254.83413757094138,253.41345726243264
261548.0,4.359133243560791,3778.0,3778.0,9.506914138793945,255.0,56.0,0.3313417350035147,0.8107031042621488,0.9962867498397827,253.30382954258795,254.8207587842511,253.2854836340381
261828.0,4.363800048828125,3568.0,3568.0,9.323232650756836,83.0,12.0,0.5585298478681917,0.6864537581036393,0.9964931607246399,253.4918988198759,254.28846555199257,254.71961314969045
262107.0,4.368450164794922,3239.0,3239.0,9.780597686767578,236.0,21.0,0.37351953160373824,0.8431737338209802,0.9968165159225464,253.50373287043206,254.8726902500666,253.83381202652242
262386.0,4.3730998039245605,3548.0,3548.0,10.514612197875977,75.0,0.0,0.5621670418109989,0.7647058823529411,0.9965128302574158,253.4307736158371,254.28348817182203,254.79076981544495
262666.0,4.3777666091918945,3578.0,3578.0,10.200353622436523,150.0,81.0,0.4282750222939186,0.28648930969143344,0.996483325958252,253.84633829210358,254.36015794660491,254.13903572702057
262945.0,4.382416725158691,3094.0,3094.0,9.40469741821289,86.0,11.0,0.5544641040107141,0.6858710298508166,0.9969590306282043,253.69269604752364,254.40880434837126,254.75640957286058
263224.0,4.387066841125488,3428.0,3428.0,12.256423950195312,87.0,10.0,0.5528280328806108,0.6892707701190884,0.9966307878494263,253.54866454090492,254.35762877588914,254.73303726230247
263504.0,4.391733169555664,3761.0,3761.0,9.417013168334961,255.0,56.0,0.3313417350035147,0.8107031042621488,0.9963034987449646,253.31148025205746,254.82156726576937,253.29321709416257
263783.0,4.396383285522461,3174.0,3174.0,9.325758934020996,255.0,38.0,0.3474093051886068,0.8639296680616833,0.9968804121017456,253.51725342890094,254.89175674298932,253.63333824868548
264062.0,4.401033401489258,2993.0,2993.0,10.442015647888184,155.0,175.0,0.08352384117184013,0.3043955822796083,0.9970583319664001,254.47820949369208,254.2503966463591,254.021539809172
264342.0,4.405700206756592,2945.0,2945.0,9.365883827209473,87.0,10.0,0.5528280328806108,0.6892707701190884,0.9971054792404175,253.75314452527022,254.4481330470001,254.7706498873427
264621.0,4.4103498458862305,3355.0,3355.0,8.55429458618164,255.0,56.0,0.3313417350035147,0.8107031042621488,0.9967024922370911,253.49373594312164,254.84082696428655,253.4774440766299
264900.0,4.414999961853027,3055.0,3055.0,9.780586242675781,255.0,56.0,0.3313417350035147,0.8107031042621488,0.9969973564147949,253.62842654719913,254.85506026702996,253.61359150451545
265180.0,4.419666767120361,2841.0,2841.0,8.090860366821289,85.0,11.0,0.5556731020691489,0.6877519111369937,0.9972077012062073,253.79825955544922,254.45050780196368,254.7776680597165
265459.0,4.424316883087158,2960.0,2960.0,9.040125846862793,242.0,31.0,0.36145559385427173,0.8304563949503184,0.997090756893158,253.642063124407,254.87422289110356,253.84996983218176
265738.0,4.428966522216797,3170.0,3170.0,8.121770858764648,176.0,25.0,0.4296607153366795,0.6288831693991789,0.9968843460083008,253.70586573106874,254.70515073316466,254.28341677983138
266018.0,4.433633327484131,3081.0,3081.0,7.796757698059082,87.0,10.0,0.5528280328806108,0.6892707701190884,0.996971845626831,253.6955799691493,254.42265457188324,254.76006130053455
266297.0,4.438283443450928,3080.0,3080.0,9.510608673095703,90.0,1.0,0.5458668659844603,0.7317378050243182,0.9969727993011475,253.66320893713225,254.48202122690833,254.79291870645295
266576.0,4.442933559417725,3083.0,3083.0,8.337364196777344,255.0,56.0,0.3313417350035147,0.8107031042621488,0.9969698786735535,253.61587502739323,254.85373389699467,253.6009042265176
266855.0,4.447583198547363,3340.0,3340.0,9.817657470703125,95.0,6.0,0.541598428926839,0.6975212883578666,0.9967172741889954,253.57901327825437,254.4553288595133,254.74679655813327
267135.0,4.452250003814697,3316.0,3316.0,9.585454940795898,78.0,1.0,0.5593628396370643,0.7533597692639324,0.9967408180236816,253.54279776771338,254.3490068240013,254.79501942436426
267414.0,4.456900119781494,3045.0,3045.0,7.384869575500488,87.0,10.0,0.5528280328806108,0.6892707701190884,0.9970071911811829,253.71080556316346,254.42939352627408,254.7628619392398
267693.0,4.461550235748291,3394.0,3394.0,9.720376968383789,87.0,10.0,0.5528280328806108,0.6892707701190884,0.9966641664505005,253.56304284216617,254.36399271258202,254.73568204758908
267973.0,4.466216564178467,3350.0,3350.0,9.831135749816895,128.0,189.0,0.0012939141187927813,0.34108630767160053,0.9967074394226074,254.44677412194747,253.87846655157966,253.87401998358231
268252.0,4.470866680145264,2988.0,2988.0,7.525573253631592,88.0,9.0,0.5512081911747834,0.6927426283234642,0.9970632195472717,253.73234056709813,254.4511117204725,254.76990140201045
268531.0,4.4755167961120605,2629.0,2629.0,8.60599136352539,88.0,9.0,0.5512081911747834,0.6927426283234642,0.997416079044342,253.88465214678553,254.51706164263368,254.7975481658289
268811.0,4.480183124542236,2929.0,2929.0,7.823831558227539,87.0,10.0,0.5528280328806108,0.6892707701190884,0.9971212148666382,253.7599228672934,254.4511331885839,254.77189671469208
269090.0,4.484833240509033,2061.0,2061.0,7.552290439605713,255.0,55.0,0.3322881909754828,0.8134301377526094,0.9979743361473083,254.06855271401736,254.90362840438115,254.0632830307461
269369.0,4.48948335647583,2638.0,2638.0,9.09442138671875,145.0,77.0,0.4469084062953519,0.296409372246226,0.9974071979522705,254.1428601168608,254.53481083879717,254.4099551079094
269649.0,4.494150161743164,3333.0,3333.0,9.491287231445312,88.0,9.0,0.5512081911747834,0.6927426283234642,0.9967241287231445,253.5859722264154,254.38773518209837,254.7433334223883
269928.0,4.498799800872803,2988.0,2988.0,6.367712497711182,87.0,10.0,0.5528280328806108,0.6892707701190884,0.9970632195472717,253.73494056885195,254.44007584858002,254.76730140025663
270207.0,4.5034499168396,2914.0,2914.0,6.5707173347473145,87.0,10.0,0.5528280328806108,0.6892707701190884,0.9971359372138977,253.7662647251711,254.45394013923237,254.77306325391672
270487.0,4.508116722106934,3128.0,3128.0,9.66260051727295,155.0,175.0,0.08352384117184013,0.3043955822796083,0.9969256520271301,254.45467484195783,254.2165868057171,253.97740769187854
270766.0,4.5127668380737305,2709.0,2709.0,7.568676948547363,121.0,4.0,0.5083688541782873,0.6858710298508166,0.9973374605178833,253.8553819644227,254.73995736083228,254.7867228996978
271045.0,4.517416477203369,3214.0,3214.0,8.674001693725586,86.0,11.0,0.5544641040107141,0.6858710298508166,0.9968410730361938,253.64198641930767,254.38587218202983,254.7469608291512
271325.0,4.522083282470703,3596.0,3596.0,8.822601318359375,94.0,6.0,0.5428183486090283,0.6989749181325413,0.9964656233787537,253.46877160616344,254.4050089440623,254.72869631700092
271604.0,4.5267333984375,3185.0,3185.0,9.082317352294922,88.0,9.0,0.5512081911747834,0.6927426283234642,0.9968696236610413,253.64877502472908,254.4149283848003,254.75473304240197
271883.0,4.531383514404297,3487.0,3487.0,9.316608428955078,88.0,9.0,0.5512081911747834,0.6927426283234642,0.9965727925300598,253.5206480539785,254.35945024082014,254.731476136352
272163.0,4.536049842834473,3485.0,3485.0,6.555543899536133,155.0,176.0,0.08209356564529845,0.3092076664756307,0.9965747594833374,254.39663687820618,254.12254573178177,253.8564904582959
272442.0,4.5406999588012695,3096.0,3096.0,9.776437759399414,85.0,11.0,0.5556731020691489,0.6877519111369937,0.9969570636749268,253.69039099248178,254.4011852265001,254.75771148173087
272721.0,4.545350074768066,3172.0,3172.0,7.156759262084961,87.0,10.0,0.5528280328806108,0.6892707701190884,0.9968823790550232,253.65704098666157,254.40559694871177,254.75297233140026
273001.0,4.5500168800354,2828.0,2828.0,7.4167938232421875,94.0,0.0,0.5408928914304947,0.7311070327057582,0.9972204566001892,253.77301978258353,254.55512637110775,254.80941308351296
273280.0,4.554666519165039,2862.0,2862.0,8.153544425964355,94.0,6.0,0.5428183486090283,0.6989749181325413,0.997187077999115,253.78133359882744,254.52646149210136,254.7840761807212
273559.0,4.559316635131836,3206.0,3206.0,10.980199813842773,88.0,10.0,0.5516141978019485,0.6874835288649409,0.9968489408493042,253.64407309410402,254.40674231901667,254.74888673904113
273839.0,4.56398344039917,3219.0,3219.0,6.868119716644287,155.0,175.0,0.08352384117184013,0.3043955822796083,0.9968361854553223,254.4388053395979,254.19378870562562,253.94764924261645
274118.0,4.568633556365967,3504.0,3504.0,10.189414978027344,87.0,10.0,0.5528280328806108,0.6892707701190884,0.9965560436248779,253.51646741629492,254.34337810336615,254.72711483239283
274397.0,4.5732831954956055,3337.0,3337.0,11.43556022644043,155.0,176.0,0.08209356564529845,0.3092076664756307,0.9967201948165894,254.42225560958084,254.15980234289881,253.90504374687973
274677.0,4.5779500007629395,3109.0,3109.0,11.61557674407959,75.0,0.0,0.5621670418109989,0.7647058823529411,0.9969443082809448,253.62493872642517,254.37214434008422,254.8166584968567
274956.0,4.582600116729736,2877.0,2877.0,8.371362686157227,76.0,1.0,0.5615332142455102,0.757472070077391,0.9971722960472107,253.732749266534,254.4218185891603,254.82512171754345
275235.0,4.587250232696533,2940.0,2940.0,6.542324542999268,177.0,25.0,0.4283968245225053,0.631275111224511,0.9971104264259338,253.79800918937633,254.72830828784993,254.32863407028256
275514.0,4.591899871826172,2616.0,2616.0,7.204778671264648,88.0,9.0,0.5512081911747834,0.6927426283234642,0.997428834438324,253.89015800456477,254.5194456431983,254.79854755898046
275794.0,4.596566677093506,2825.0,2825.0,7.497692584991455,87.0,10.0,0.5528280328806108,0.6892707701190884,0.997223436832428,253.80395641490594,254.47062274470588,254.77999636963233
276073.0,4.601216793060303,2965.0,2965.0,9.675430297851562,75.0,0.0,0.5621670418109989,0.7647058823529411,0.9970858097076416,253.68861436843872,254.4012187624429,254.8251485824585
276352.0,4.605866432189941,2906.0,2906.0,6.7986578941345215,87.0,10.0,0.5528280328806108,0.6892707701190884,0.9971438050270081,253.7696538961827,254.45544021002425,254.77368666759142
276632.0,4.610533237457275,2872.0,2872.0,8.356164932250977,88.0,9.0,0.5512081911747834,0.6927426283234642,0.997177243232727,253.78155881911536,254.4724229030898,254.77883522957544
276911.0,4.615183353424072,2891.0,2891.0,10.22877025604248,87.0,10.0,0.5528280328806108,0.6892707701190884,0.9971585869789124,253.7760214295984,254.4582585248454,254.7748579296469
277190.0,4.619833469390869,2605.0,2605.0,8.321313858032227,74.0,0.0,0.5632313981042658,0.7668346438516908,0.9974396824836731,253.84646728978777,254.46788786039033,254.8477707768855
277470.0,4.624499797821045,2658.0,2658.0,7.777464866638184,87.0,10.0,0.5528280328806108,0.6892707701190884,0.9973875880241394,253.87466684646571,254.50191967622766,254.79300304584538
277749.0,4.629149913787842,2660.0,2660.0,8.843616485595703,176.0,24.0,0.430256269592654,0.6339006746797775,0.9973856210708618,253.9107329484722,254.75593379766732,254.40224903666936
278028.0,4.633800029754639,2878.0,2878.0,8.012784957885742,88.0,9.0,0.5512081911747834,0.6927426283234642,0.9971713423728943,253.77901171668475,254.47132002432392,254.77837289349134
278308.0,4.638466835021973,2881.0,2881.0,7.062244892120361,94.0,0.0,0.5408928914304947,0.7311070327057582,0.9971683621406555,253.75002360584125,254.5467885084,254.80584108589306
278587.0,4.643116474151611,2957.0,2957.0,7.333894729614258,76.0,0.0,0.5610967913167303,0.762611511060009,0.997093677520752,253.69370704852233,254.40969974552382,254.82406848706117
278866.0,4.647766590118408,2893.0,2893.0,5.804598331451416,87.0,10.0,0.5528280328806108,0.6892707701190884,0.9971566200256348,253.7751741368455,254.45788350714744,254.77470207622824
279146.0,4.652433395385742,3156.0,3156.0,8.279716491699219,166.0,56.0,0.4213867895388712,0.45036616312947464,0.9968981146812439,253.85278827540085,254.56525021203353,254.22919669101324
279425.0,4.657083511352539,2605.0,2605.0,9.279097557067871,88.0,9.0,0.5512081911747834,0.6927426283234642,0.9974396824836731,253.8948405565079,254.52147315769716,254.7993975101654
279704.0,4.661733150482178,2802.0,2802.0,8.643250465393066,87.0,10.0,0.5528280328806108,0.6892707701190884,0.9972460269927979,253.8136874437953,254.47492976614623,254.78178632253162
279984.0,4.666399955749512,3034.0,3034.0,7.338921546936035,123.0,6.0,0.5058919344351707,0.6742931708662164,0.997018039226532,253.72686747750387,254.71608069096797,254.75233252802744
280263.0,4.671050071716309,2558.0,2558.0,8.232991218566895,121.0,4.0,0.5083688541782873,0.6858710298508166,0.997485876083374,253.91918538749383,254.75445268591682,254.79861141502693
280542.0,4.6757001876831055,2761.0,2761.0,8.304880142211914,94.0,5.0,0.542485243347974,0.7043228961366363,0.997286319732666,253.82062820983506,254.54691566536027,254.7953948538246
280822.0,4.680366516113281,2727.0,2727.0,6.139500141143799,85.0,11.0,0.5556731020691489,0.6877519111369937,0.997319757938385,253.84648616624085,254.47255927446585,254.7865903823355
281101.0,4.685016632080078,3273.0,3273.0,8.75710678100586,80.0,18.0,0.5651408764689061,0.661955673244835,0.9967831373214722,253.63669778944964,254.298242552194,254.72270224450116
281380.0,4.689666748046875,3153.0,3153.0,9.3648681640625,86.0,11.0,0.5544641040107141,0.6858710298508166,0.9969010353088379,253.66776402718298,254.39752946315133,254.75176398032434
281660.0,4.694333553314209,2681.0,2681.0,7.707366466522217,32.0,2.0,0.6035265129657315,0.8746153106142941,0.9973649382591248,253.740369593616,254.1856513810107,254.91574891853762
281939.0,4.698983192443848,3124.0,3124.0,8.514291763305664,87.0,10.0,0.5528280328806108,0.6892707701190884,0.9969295263290405,253.67735033719308,254.41458600929047,254.7567080906176
282218.0,4.7036333084106445,3406.0,3406.0,7.65672492980957,121.0,4.0,0.5083688541782873,0.6858710298508166,0.996652364730835,253.56086126370798,254.6730460088154,254.73184474901785
282498.0,4.7083001136779785,3049.0,3049.0,8.93574333190918,25.0,29.0,0.6281668445382955,0.7883913610008232,0.9970032572746277,253.6333660556945,253.91170339155133,254.83829515436562
282777.0,4.712950229644775,2969.0,2969.0,8.582377433776855,66.0,41.0,0.5983671304866149,0.588614257014022,0.9970818758010864,253.8178777049364,254.17686057880485,254.69387895361768
283056.0,4.717599868774414,3061.0,3061.0,10.800990104675293,88.0,9.0,0.5512081911747834,0.6927426283234642,0.9969914555549622,253.70136368501304,254.4376989322492,254.76427864801767
283336.0,4.722266674041748,4059.0,4059.0,8.919098854064941,62.0,41.0,0.6031498100752865,0.6017403952436414,0.9960106015205383,253.3705549221943,253.83713587777663,254.59485185328026
283615.0,4.726916790008545,3804.0,3804.0,7.403450965881348,88.0,9.0,0.5512081911747834,0.6927426283234642,0.9962612390518188,253.38616619130516,254.30122047002004,254.70706572512245
283894.0,4.731566429138184,3943.0,3943.0,8.858234405517578,61.0,40.0,0.603430094393263,0.6095106791302809,0.9961245656013489,253.40942397202107,253.86650316984677,254.61410448466685
284173.0,4.7362165451049805,3556.0,3556.0,10.110260009765625,24.0,28.0,0.6281356522129462,0.7962329609508608,0.9965049624443054,253.39913507738856,253.72724840276894,254.8183957692072
284453.0,4.7408833503723145,3716.0,3716.0,10.311300277709961,62.0,41.0,0.6031498100752865,0.6017403952436414,0.9963477253913879,253.5082510773402,253.9354036382358,254.62908887226766
284732.0,4.745533466339111,3559.0,3559.0,7.536565780639648,62.0,46.0,0.6077449388083079,0.5798752335013945,0.9965020418167114,253.5907839370917,253.95650171650433,254.62525738943114
285011.0,4.75018310546875,3767.0,3767.0,8.895456314086914,80.0,3.0,0.5580087737348088,0.7390154198997969,0.9962975978851318,253.35817373605153,254.26791897434205,254.7536011853657
285291.0,4.754849910736084,3134.0,3134.0,6.541746139526367,86.0,10.0,0.5540355196117186,0.6910978956866601,0.9969197511672974,253.67170440861045,254.40538208636488,254.7573686867112
285570.0,4.759500026702881,4260.0,4260.0,8.210399627685547,124.0,24.0,0.5053800010728362,0.5743324359814416,0.9958130121231079,253.31911373996863,254.50593396199406,254.5455224428164
285849.0,4.764150142669678,5123.0,5123.0,4.9423651695251465,119.0,20.0,0.512558216387726,0.5980488588100717,0.9949648380279541,252.94815911494527,254.36819065737106,254.48390827931132
286129.0,4.7688164710998535,6685.0,6685.0,2.846700668334961,119.0,21.0,0.5126756382062162,0.5925203403344997,0.9934296011924744,252.33180909500103,254.16628427659182,254.3172875131609
286408.0,4.77346658706665,9237.0,9237.0,2.917738437652588,119.0,22.0,0.5127952718073383,0.5869921504570508,0.9909213781356812,251.32603608291134,253.83521447236544,254.04386676628604
286687.0,4.778116703033447,13922.0,13922.0,1.8193597793579102,124.0,23.0,0.5053285564587411,0.5798752335013945,0.9863166809082031,249.4874260789672,253.40470420303217,253.5340811842164
286967.0,4.782783508300781,19617.0,19617.0,1.2712817192077637,124.0,24.0,0.5053800010728362,0.5743324359814416,0.980719268321991,247.25965827611313,252.72486689952373,252.90716856810226
287246.0,4.78743314743042,27607.0,27607.0,1.3992066383361816,124.0,25.0,0.5054324483264524,0.5687896996381492,0.9728662967681885,244.14539609350842,251.75986182893328,252.0164152582677
287525.0,4.792083263397217,40111.0,40111.0,1.2073297500610352,124.0,24.0,0.5053800010728362,0.5743324359814416,0.9605766534805298,239.17330944406277,250.34803128346553,250.72078383100742
287805.0,4.796750068664551,49427.0,49427.0,1.2720263004302979,124.0,24.0,0.5053800010728362,0.5743324359814416,0.9514203071594238,235.49745052692168,249.26757920610314,249.72690612438447
288084.0,4.801400184631348,59885.0,59885.0,1.2051304578781128,124.0,24.0,0.5053800010728362,0.5743324359814416,0.9411416053771973,231.3710166549591,248.05468879067655,248.6112020874115
288363.0,4.806049823760986,75548.0,75548.0,1.2275968790054321,124.0,24.0,0.5053800010728362,0.5743324359814416,0.9257470965385437,225.1908176317818,246.2381313482874,246.94020160287548
288643.0,4.81071662902832,83818.0,83818.0,1.225856065750122,124.0,24.0,0.5053800010728362,0.5743324359814416,0.9176188707351685,221.9277026018269,245.2789978526174,246.05792147310902
288922.0,4.815366744995117,92241.0,92241.0,1.156483769416809,124.0,24.0,0.5053800010728362,0.5743324359814416,0.9093402624130249,218.60421579221108,244.30211916698798,245.15931803843162
289201.0,4.820016860961914,98486.0,98486.0,1.1466314792633057,124.0,24.0,0.5053800010728362,0.5743324359814416,0.9032023549079895,216.14012353928214,243.57784392860086,244.4930774637925
289481.0,4.82468318939209,95736.0,95736.0,1.1641771793365479,124.0,24.0,0.5053800010728362,0.5743324359814416,0.9059051871299744,217.22518843048422,243.89677907877905,244.7864570058027
289760.0,4.829333305358887,94077.0,94077.0,1.2914667129516602,124.0,24.0,0.5053800010728362,0.5743324359814416,0.9075357913970947,217.87980229341844,244.08919095421297,244.96345131909987
290039.0,4.833983421325684,86747.0,86747.0,1.1582231521606445,124.0,24.0,0.5053800010728362,0.5743324359814416,0.9147400856018066,220.77200057485035,244.93930019718348,245.74544308207103
290319.0,4.838650226593018,77296.0,77296.0,1.1539018154144287,124.0,24.0,0.5053800010728362,0.5743324359814416,0.9240291118621826,224.50112448665064,246.03540855391557,246.7537225630625
290598.0,4.843299865722656,68341.0,68341.0,1.2221009731292725,124.0,24.0,0.5053800010728362,0.5743324359814416,0.9328305721282959,228.03451270379136,247.0739839523171,247.70907908163954
290877.0,4.847949981689453,57419.0,57419.0,1.0946861505508423,124.0,24.0,0.5053800010728362,0.5743324359814416,0.943565309047699,232.34402405739704,248.34068667387896,248.87428355692944
291157.0,4.852616786956787,48085.0,48085.0,1.4902832508087158,125.0,24.0,0.5038435749093568,0.5741717535845691,0.9527392983436584,236.02890229148989,249.5489869859911,249.86813986377592
291436.0,4.857266902923584,39957.0,39957.0,1.351503849029541,125.0,24.0,0.5038435749093568,0.5741717535845691,0.9607279896736145,239.2356732126192,250.47039650549297,250.7356015209242
291715.0,4.861916542053223,31962.0,31962.0,1.4293218851089478,124.0,25.0,0.5054324483264524,0.5687896996381492,0.9685859084129333,242.4330636571537,251.24872445935404,251.5457496334423
291995.0,4.866583347320557,25456.0,25456.0,1.5747387409210205,124.0,24.0,0.5053800010728362,0.5743324359814416,0.9749804139137268,244.95576779283527,252.0476800665184,252.2842433031654
292274.0,4.8712334632873535,20907.0,20907.0,1.5036613941192627,120.0,24.0,0.5115128437252895,0.5755094027592944,0.9794514179229736,246.7445065096898,252.35909835341872,252.77571663102674
292553.0,4.875883102416992,16887.0,16887.0,1.305627703666687,124.0,24.0,0.5053800010728362,0.5743324359814416,0.9834024906158447,248.33685066810455,253.04148807130454,253.19841954597626
292832.0,4.880533218383789,13194.0,13194.0,2.2149572372436523,123.0,25.0,0.5069828062116046,0.5690059592152378,0.9870321750640869,249.8116183763606,253.4171258792183,253.57479090632373
293112.0,4.885200023651123,10984.0,10984.0,1.8235065937042236,121.0,21.0,0.5097016476690444,0.5917411863983468,0.9892042875289917,250.61808505496236,253.6864528139876,253.8761015848234
293391.0,4.88985013961792,9194.0,9194.0,2.319744825363159,121.0,24.0,0.5099821282996254,0.5751351745897352,0.9909636378288269,251.37045956393257,253.86224777640797,254.02099572876915
293670.0,4.894499778747559,9176.0,9176.0,2.6482338905334473,125.0,23.0,0.5038068083827772,0.5797160874275434,0.9909812808036804,251.36701097038355,253.9725386820494,254.03344223949347
293950.0,4.899166584014893,7311.0,7311.0,2.4641294479370117,121.0,21.0,0.5097016476690444,0.5917411863983468,0.992814302444458,252.0833684581997,254.12569431346324,254.2519257884739
294229.0,4.9038166999816895,6714.0,6714.0,2.487170457839966,120.0,21.0,0.5111896212957919,0.5921049191605467,0.9934011101722717,252.3209381362902,254.17984337849694,254.31362805156837
294508.0,4.908466815948486,6748.0,6748.0,2.3624167442321777,122.0,19.0,0.5080608624135656,0.602506618468181,0.9933676719665527,252.2897708597899,254.22917502095365,254.32774184315198
294788.0,4.913133144378662,4989.0,4989.0,4.6409993171691895,119.0,23.0,0.5129171801385731,0.581464298550026,0.9950965046882629,253.022550792727,254.3639681434705,254.4766665982871
295067.0,4.917783260345459,4975.0,4975.0,4.298985481262207,121.0,24.0,0.5099821282996254,0.5751351745897352,0.995110273361206,253.03599499216236,254.38434325111575,254.47024442205273
295346.0,4.922433376312256,5244.0,5244.0,3.7323057651519775,120.0,22.0,0.5112953299300167,0.5865728141349539,0.9948459267616272,252.91478531707398,254.35214296812845,254.4566373313559
295626.0,4.92710018157959,4652.0,4652.0,4.115445613861084,124.0,24.0,0.5053800010728362,0.5743324359814416,0.9954277276992798,253.16443946976332,254.4604702648487,254.50370165686937
295905.0,4.9317498207092285,4764.0,4764.0,4.9922590255737305,120.0,20.0,0.5110858697178605,0.5976372805540459,0.9953176975250244,253.09244164682283,254.42465739971377,254.51958409093962
296184.0,4.936399936676025,4415.0,4415.0,6.072500228881836,118.0,23.0,0.5144289691881522,0.5819401719302997,0.995660662651062,253.24953412168014,254.42590803629196,254.53740383036148
296464.0,4.941066741943359,4602.0,4602.0,4.914022922515869,127.0,23.0,0.5007615010937048,0.5795568976522507,0.9954769015312195,253.17815469679374,254.50895673179537,254.5150650841282
296743.0,4.945716857910156,4346.0,4346.0,4.30183219909668,122.0,18.0,0.5079873713444034,0.6080455071093598,0.9957284927368164,253.24846159389742,254.50958888081342,254.57306970187895
297022.0,4.950366497039795,4032.0,4032.0,3.966672897338867,123.0,18.0,0.5065369357391899,0.6077925342630348,0.9960371255874634,253.3752726268519,254.5554820310251,254.6036614227544
297302.0,4.955033302307129,4497.0,4497.0,6.1176557540893555,128.0,17.0,0.49927984680138215,0.6128321506789648,0.9955800771713257,253.18220862139046,254.56363073598564,254.55766172265882
297581.0,4.959683418273926,4146.0,4146.0,5.399345397949219,119.0,20.0,0.512558216387726,0.5980488588100717,0.9959250688552856,253.33945553828718,254.488679891115,254.5823295779085
297860.0,4.964333534240723,4165.0,4165.0,4.674623966217041,119.0,18.0,0.5123297676880687,0.6091068457650615,0.995906412601471,253.32031002578879,254.49788547872345,254.5919604009614
298140.0,4.968999862670898,3745.0,3745.0,4.703564167022705,127.0,18.0,0.5007267298491545,0.6072862724332653,0.9963191747665405,253.49138433341383,254.62642391972614,254.63139479752184
298419.0,4.973649978637695,3948.0,3948.0,4.757249355316162,123.0,16.0,0.5064198095910036,0.6188752183984364,0.9961196780204773,253.39815194152575,254.57570857504479,254.62288384891767
298698.0,4.978300094604492,3544.0,3544.0,4.376430034637451,123.0,17.0,0.5064778435600639,0.6133338348124924,0.996516764163971,253.56699633163126,254.61420551087318,254.65655339199392
298978.0,4.982966899871826,3260.0,3260.0,7.413766860961914,118.0,21.0,0.5141594437166084,0.5929873412882475,0.9967958927154541,253.6984539021752,254.5851285909837,254.6674513827064
299257.0,4.987616539001465,3789.0,3789.0,9.087739944458008,126.0,19.0,0.5022001585893393,0.60179150714344,0.9962759613990784,253.47889098217618,254.6067611935786,254.6218493313538
299536.0,4.992266654968262,3960.0,3960.0,5.595880508422852,124.0,17.0,0.5050394219695276,0.6131332104182587,0.9961078763008118,253.39897893045477,254.57923833819478,254.61603798295923
299816.0,4.996933460235596,3724.0,3724.0,5.256924152374268,122.0,16.0,0.5078443341367843,0.6191236628959585,0.9963398575782776,253.48881308283205,254.59012004387395,254.64451428208952
300095.0,5.001583099365234,3233.0,3233.0,7.746513366699219,126.0,18.0,0.5021800683416436,0.6073369176066026,0.9968224167823792,253.69760106231547,254.66895735903265,254.6818314966979
300374.0,5.006233215332031,3252.0,3252.0,5.93347692489624,127.0,18.0,0.5007267298491545,0.6072862724332653,0.9968037605285645,253.68999568440884,254.67560573033964,254.67992218515903
300654.0,5.010900020599365,3250.0,3250.0,6.75289249420166,124.0,17.0,0.5050394219695276,0.6131332104182587,0.996805727481842,253.68603929404742,254.6546801908482,254.68488172169202
300933.0,5.015550136566162,2896.0,2896.0,6.418400287628174,126.0,18.0,0.5021800683416436,0.6073369176066026,0.997153639793396,253.83335974057533,254.70346438302124,254.71499655405663
301212.0,5.020199775695801,3480.0,3480.0,6.768735885620117,123.0,15.0,0.506362805673996,0.6244166828101458,0.996579647064209,253.58320001565062,254.6308370170087,254.67241998709596
301491.0,5.024849891662598,3054.0,3054.0,5.626739501953125,119.0,17.0,0.5122186259860988,0.6146362971528592,0.9969983696937561,253.76413198301066,254.6360571940569,254.70503656080496
301771.0,5.029516696929932,3020.0,3020.0,6.505040168762207,125.0,21.0,0.5037353455241736,0.5908048453120005,0.9970317482948303,253.79591315535419,254.6702338940468,254.69027847500928
302050.0,5.0341668128967285,2709.0,2709.0,7.829598426818848,127.0,18.0,0.5007267298491545,0.6072862724332653,0.9973374605178833,253.90873689434846,254.7297722656697,254.73336796977202
302329.0,5.038816452026367,3142.0,3142.0,9.672813415527344,125.0,23.0,0.5038068083827772,0.5797160874275434,0.996911883354187,253.75602137596292,254.64818503272758,254.66903913467246
302609.0,5.043483257293701,3400.0,3400.0,7.175815582275391,127.0,20.0,0.5007402502112739,0.5961945191395648,0.9966582655906677,253.63981517210797,254.6513873358417,254.65590027913257
302888.0,5.048133373260498,3081.0,3081.0,6.462096691131592,123.0,14.0,0.5063068046407364,0.6299582259146549,0.996971845626831,253.74137989187906,254.67744673698283,254.71426137780477
303167.0,5.052783489227295,2843.0,2843.0,8.553451538085938,121.0,16.0,0.5092676019505924,0.619421664756492,0.9972057342529297,253.84610090558735,254.67973923005417,254.7288235634068
303447.0,5.057449817657471,3069.0,3069.0,6.514496326446533,122.0,16.0,0.5078443341367843,0.6191236628959585,0.9969835877418518,253.7545941616246,254.66220797401485,254.70703558671983
303726.0,5.062099933624268,2707.0,2707.0,6.641511917114258,169.0,36.0,0.43223122520393703,0.5572078466700007,0.9973394274711609,253.94351857327152,254.69958943702053,254.3921614604489
304005.0,5.0667500495910645,2894.0,2894.0,8.702535629272461,126.0,17.0,0.5021603416507319,0.6128823375720699,0.9971556067466736,253.8301437319532,254.70769151351718,254.71921570885033
304285.0,5.071416854858398,3132.0,3132.0,5.509369850158691,122.0,15.0,0.5077747180932678,0.6246629233287522,0.996921718120575,253.72470153855056,254.65962795857396,254.70537470294266
304564.0,5.076066493988037,2791.0,2791.0,7.440171241760254,121.0,15.0,0.5091854068895626,0.6249582838827067,0.997256875038147,253.86334677422548,254.68947398668263,254.73765949522948
304843.0,5.080716609954834,3265.0,3265.0,7.157511234283447,85.0,11.0,0.5556731020691489,0.6877519111369937,0.9967909455299377,253.61889760722843,254.36849509146634,254.74448461303982
305123.0,5.085383415222168,2956.0,2956.0,6.591338634490967,79.0,0.0,0.5578511729624649,0.7565375711102164,0.9970946907997131,253.69866238467102,254.43053420144818,254.81962992318267
305402.0,5.090033531188965,3150.0,3150.0,7.3185553550720215,126.0,21.0,0.5022414707086184,0.5907007157945032,0.9969040155410767,253.74417990280102,254.66432446453587,254.67686802314807
305681.0,5.0946831703186035,3155.0,3155.0,5.018223285675049,89.0,6.0,0.5488388137292766,0.7068511869822774,0.9968990683555603,253.65032864119397,254.4406242613684,254.7681962201418
305961.0,5.0993499755859375,3207.0,3207.0,6.425896644592285,123.0,17.0,0.5064778435600639,0.6133338348124924,0.9968479871749878,253.70326152071945,254.65089094313717,254.68921193852432
306240.0,5.104000091552734,2850.0,2850.0,5.72536039352417,125.0,16.0,0.503567898671669,0.6185272284497407,0.9971988797187805,253.84390919144428,254.70860367360316,254.72751946513378
306519.0,5.108650207519531,3318.0,3318.0,7.493803977966309,127.0,18.0,0.5007267298491545,0.6072862724332653,0.996738851070404,253.6633920237405,254.66901790847518,254.67342202216557
306799.0,5.113316535949707,2983.0,2983.0,10.14595890045166,88.0,9.0,0.5512081911747834,0.6927426283234642,0.9970681667327881,253.7344760166106,254.45203635620553,254.7702890171113
307078.0,5.117966651916504,2826.0,2826.0,5.729328155517578,88.0,9.0,0.5512081911747834,0.6927426283234642,0.9972224235534668,253.80106087610912,254.4808671667719,254.78237513615895
307357.0,5.122616767883301,2773.0,2773.0,6.486961364746094,111.0,14.0,0.5229761074665956,0.6360803655588203,0.9972745180130005,253.8629275707684,254.62519079500254,254.74707661586186
307637.0,5.127283096313477,2765.0,2765.0,4.917106628417969,87.0,10.0,0.5528280328806108,0.6892707701190884,0.9972823858261108,253.82934952195484,254.4818619114724,254.7846672493617
307916.0,5.131933212280273,3028.0,3028.0,11.685585021972656,123.0,17.0,0.5064778435600639,0.6133338348124924,0.99702388048172,253.77562404960182,254.67037244585651,254.70655499607537
308195.0,5.13658332824707,2555.0,2555.0,8.039124488830566,113.0,14.0,0.5202230252333158,0.6345796030345336,0.997488796710968,253.95328577279216,254.66738724114384,254.76600054980153
308475.0,5.141250133514404,2556.0,2556.0,5.374363899230957,86.0,10.0,0.5540355196117186,0.6910978956866601,0.9974878430366516,253.91668264464002,254.5150477726309,254.8021173040523
308754.0,5.145899772644043,2801.0,2801.0,7.28645133972168,124.0,15.0,0.5049498905286853,0.6242196204571188,0.997247040271759,253.85979014274102,254.71017158698928,254.7362003958561
309033.0,5.15054988861084,2785.0,2785.0,7.928778648376465,121.0,15.0,0.5091854068895626,0.6249582838827067,0.997262716293335,253.86576718220698,254.69013522585752,254.73821812739385
309313.0,5.155216693878174,2708.0,2708.0,9.178009033203125,126.0,21.0,0.5022414707086184,0.5907007157945032,0.9973384141921997,253.9203844553478,254.71142321511275,254.72220678267405
309592.0,5.159866809844971,2884.0,2884.0,5.8197784423828125,83.0,20.0,0.5624646664160844,0.6452499970021662,0.9971654415130615,253.81079287775478,254.39398401560834,254.7435822939066
309871.0,5.164516448974609,2656.0,2656.0,6.115682601928711,125.0,16.0,0.503567898671669,0.6185272284497407,0.997389554977417,253.92260553140747,254.72843933374025,254.7460675070752
310150.0,5.169166564941406,2600.0,2600.0,6.2894511222839355,121.0,15.0,0.5091854068895626,0.6249582838827067,0.9974445700645447,253.94112090416255,254.7107213556787,254.75560982875524
310430.0,5.17383337020874,2229.0,2229.0,6.583791732788086,122.0,15.0,0.5077747180932678,0.6246629233287522,0.9978092312812805,254.09238851872254,254.75776213800728,254.79031943473052
310709.0,5.178483486175537,2599.0,2599.0,4.8919548988342285,88.0,9.0,0.5512081911747834,0.6927426283234642,0.9974455833435059,253.89738765893847,254.52257603646302,254.79985984624952
310988.0,5.183133125305176,2609.0,2609.0,9.125548362731934,118.0,18.0,0.5137734747763484,0.6095611394895966,0.9974357485771179,253.94753354225125,254.67881986559127,254.7446982320789
311268.0,5.18779993057251,2530.0,2530.0,5.2551984786987305,88.0,8.0,0.5508083052245833,0.6980061679773395,0.9975133538246155,253.92330316143804,254.53865296008516,254.80850728911585
311547.0,5.192450046539307,2725.0,2725.0,7.289034843444824,87.0,10.0,0.5528280328806108,0.6892707701190884,0.9973217248916626,253.84629537701272,254.48936226543188,254.7877843177352
311826.0,5.1971001625061035,2883.0,2883.0,8.218759536743164,88.0,9.0,0.5512081911747834,0.6927426283234642,0.9971663951873779,253.77687626717227,254.47039538859093,254.77798527839047
312106.0,5.201766490936279,2846.0,2846.0,5.5067033767700195,85.0,14.0,0.5570232762952642,0.6721458804328512,0.9972028136253357,253.80728756333457,254.43808341415038,254.76614738558663
312385.0,5.206416606903076,2441.0,2441.0,7.121731758117676,123.0,15.0,0.506362805673996,0.6244166828101458,0.9976008534431458,254.00621050867755,254.74105710253065,254.77022474732678
312664.0,5.211066722869873,2333.0,2333.0,6.374863147735596,86.0,10.0,0.5540355196117186,0.6910978956866601,0.9977070093154907,254.01119371104232,254.55735610632098,254.81938103985794
312944.0,5.215733528137207,2733.0,2733.0,5.582026958465576,88.0,9.0,0.5512081911747834,0.6927426283234642,0.9973138570785522,253.84052809962947,254.49795621754814,254.78953901043218
313223.0,5.220383167266846,2649.0,2649.0,6.384856224060059,87.0,10.0,0.5528280328806108,0.6892707701190884,0.9973964095115662,253.87846682608478,254.50360157378222,254.79370202481397
313502.0,5.225033283233643,2707.0,2707.0,5.3190765380859375,122.0,5.0,0.5071409364185847,0.6800615120198459,0.9973394274711609,253.86016899606184,254.74340236205794,254.7829390142302
313782.0,5.229700088500977,2187.0,2187.0,5.43688440322876,88.0,9.0,0.5512081911747834,0.6927426283234642,0.9978504776954651,254.07216005096828,254.59825134410505,254.83158357371892
314061.0,5.234350204467773,2566.0,2566.0,4.2486677169799805,86.0,11.0,0.5544641040107141,0.6858710298508166,0.9974780082702637,253.91580303735512,254.50969892762078,254.79798118047935
314340.0,5.238999843597412,2703.0,2703.0,6.125054359436035,85.0,14.0,0.5570232762952642,0.6721458804328512,0.9973433613777161,253.86721673134707,254.46631754037156,254.77789757128812
314620.0,5.243666648864746,2479.0,2479.0,5.431774139404297,87.0,10.0,0.5528280328806108,0.6892707701190884,0.9975634813308716,253.9504353590049,254.53545534976467,254.8069401197396
314899.0,5.248316764831543,2609.0,2609.0,8.549887657165527,87.0,10.0,0.5528280328806108,0.6892707701190884,0.9974357485771179,253.89541268114266,254.5111019277417,254.79681909318748
315178.0,5.25296688079834,2863.0,2863.0,7.302773952484131,39.0,5.0,0.599572751517099,0.8381246343651517,0.9971860647201538,253.68104724186443,254.1652500143508,254.883845765414
315458.0,5.257633209228516,2217.0,2217.0,6.506161689758301,77.0,0.0,0.5600206951179266,0.7605518140792705,0.997821033000946,254.02177300273414,254.56258378404215,254.86695382774835
315737.0,5.2622833251953125,2613.0,2613.0,5.362109661102295,176.0,29.0,0.4271806125349873,0.6089048286471913,0.9974318146705627,253.94634872676494,254.74387675522206,254.3954237401115
316016.0,5.266933441162109,2294.0,2294.0,4.603078365325928,82.0,20.0,0.5637244263065914,0.6473914771768786,0.9977453351020813,254.0528494871361,254.51264425325488,254.79727141492538
316296.0,5.271599769592285,2638.0,2638.0,7.67335319519043,79.0,1.0,0.5582688450050841,0.7513565842178022,0.9974071979522705,253.8420651608446,254.4882510035715,254.83560579481335
316575.0,5.276249885559082,2667.0,2667.0,7.071496963500977,87.0,10.0,0.5528280328806108,0.6892707701190884,0.9973787069320679,253.87084119130873,254.50022641450045,254.7922993440459
316854.0,5.280900001525879,2656.0,2656.0,8.120902061462402,33.0,0.0,0.6015138120078404,0.8801541230243806,0.997389554977417,253.74845006210484,254.2065161643655,254.92022297637783
317134.0,5.285566806793213,2486.0,2486.0,6.4903459548950195,122.0,6.0,0.507199629736764,0.6745212037340359,0.9975566267967224,253.95667253943142,254.76089790003283,254.797207126897
317413.0,5.290216445922852,2948.0,2948.0,6.010453224182129,86.0,10.0,0.5540355196117186,0.6910978956866601,0.9971025586128235,253.75053645665398,254.44067163203457,254.771768435886
317692.0,5.294866561889648,2553.0,2553.0,8.824800491333008,76.0,1.0,0.5615332142455102,0.757472070077391,0.9974907636642456,253.87547224178553,254.48693575106913,254.84481722697973
317972.0,5.299533367156982,2356.0,2356.0,12.072482109069824,79.0,0.0,0.5578511729624649,0.7565375711102164,0.9976843595504761,253.96278509005336,254.54611439029733,254.85623828068944
318251.0,5.304183483123779,2626.0,2626.0,7.683368682861328,86.0,10.0,0.5540355196117186,0.6910978956866601,0.997418999671936,253.88699532299336,254.50175810023165,254.79669450969402
318530.0,5.308833122253418,2629.0,2629.0,5.696294784545898,122.0,14.0,0.5077063258647243,0.6302023011760077,0.997416079044342,253.9258599585675,254.71794063873597,254.75634035404696
318809.0,5.313483238220215,2863.0,2863.0,6.491306781768799,85.0,11.0,0.5556731020691489,0.6877519111369937,0.9971860647201538,253.78894771517406,254.44624999104974,254.77594529210438
319089.0,5.318150043487549,2345.0,2345.0,6.846416473388672,123.0,15.0,0.506362805673996,0.6244166828101458,0.9976952075958252,254.04529447590232,254.75124086459107,254.77926139796853
319368.0,5.322800159454346,2878.0,2878.0,7.779643535614014,129.0,17.0,0.49783965834926813,0.6128823375720699,0.9971713423728943,253.8366155589217,254.7207690512544,254.70930860956364
319647.0,5.327449798583984,2595.0,2595.0,6.094578742980957,85.0,11.0,0.5556731020691489,0.6877519111369937,0.9974494576454163,253.9023059029869,254.49808268093642,254.79691749617538
319927.0,5.332116603851318,2337.0,2337.0,6.764959335327148,87.0,10.0,0.5528280328806108,0.6892707701190884,0.9977030754089355,254.01056746892246,254.5620702421481,254.81800098963467
320206.0,5.336766719818115,2686.0,2686.0,7.063950538635254,176.0,25.0,0.4296607153366795,0.6288831693991789,0.9973600506782532,253.90345690034368,254.75016894556543,254.39282622810515
320485.0,5.341416835784912,2446.0,2446.0,5.361980438232422,87.0,7.0,0.5516040981768017,0.7050212612781878,0.9975959062576294,253.9547471090638,254.55152002257873,254.8191650823272
320765.0,5.346083164215088,2351.0,2351.0,6.230226039886475,86.0,11.0,0.5544641040107141,0.6858710298508166,0.9976893067359924,254.00663963767124,254.55077751765631,254.8149067976849
321044.0,5.350733280181885,2443.0,2443.0,9.722569465637207,112.0,15.0,0.5217908224986934,0.629811735355528,0.9975988864898682,254.0020924409329,254.67250300021644,254.77333966889987
321323.0,5.355383396148682,2594.0,2594.0,8.405220985412598,77.0,0.0,0.5600206951179266,0.7605518140792705,0.9974504709243774,253.85541260002051,254.48819538743933,254.84432757141198
321603.0,5.360050201416016,2519.0,2519.0,8.81789779663086,95.0,6.0,0.541598428926839,0.6975212883578666,0.9975242018699646,253.92830639199005,254.5892146134835,254.8090365616919
321882.0,5.364699840545654,2324.0,2324.0,7.218125343322754,87.0,10.0,0.5528280328806108,0.6892707701190884,0.9977158308029175,254.01606203404734,254.5645021750986,254.81901167544058
322161.0,5.369349956512451,2242.0,2242.0,7.498441696166992,87.0,10.0,0.5528280328806108,0.6892707701190884,0.9977964162826538,254.05077536137802,254.57986653654288,254.82539694277543
322441.0,5.374016761779785,2313.0,2313.0,6.919744968414307,86.0,11.0,0.5544641040107141,0.6858710298508166,0.9977266788482666,254.02270580083012,254.55804303978672,254.81790041178584
322720.0,5.378666877746582,2608.0,2608.0,5.644876480102539,87.0,10.0,0.5528280328806108,0.6892707701190884,0.9974367022514343,253.89582348975014,254.51128375450435,254.79689465848136
322999.0,5.383316516876221,2647.0,2647.0,6.282792568206787,87.0,10.0,0.5528280328806108,0.6892707701190884,0.9973983764648438,253.87931411883767,254.50397659148018,254.79385787823264
323279.0,5.387983322143555,2627.0,2627.0,6.7155609130859375,87.0,10.0,0.5528280328806108,0.6892707701190884,0.9974180459976196,253.88778704636664,254.50772676845992,254.79541641241937
323558.0,5.392633438110352,3087.0,3087.0,8.313343048095703,86.0,11.0,0.5544641040107141,0.6858710298508166,0.9969659447669983,253.69566841582736,254.41014852790417,254.75696341534177
323837.0,5.397283554077148,2842.0,2842.0,8.422011375427246,87.0,10.0,0.5528280328806108,0.6892707701190884,0.9972067475318909,253.79676726427533,254.46744077635944,254.778673976989
324117.0,5.401949882507324,3194.0,3194.0,10.620391845703125,87.0,10.0,0.5528280328806108,0.6892707701190884,0.9968607425689697,253.64772076637973,254.40147175403405,254.75125794379483
324396.0,5.406599998474121,2700.0,2700.0,6.4705986976623535,86.0,10.0,0.5540355196117186,0.6910978956866601,0.9973462820053101,253.85563728627568,254.4877205241909,254.79096653643245
324675.0,5.411250114440918,2705.0,2705.0,7.6825408935546875,121.0,5.0,0.5084370439526456,0.6803328221853729,0.9973413944244385,253.8608277364854,254.73658662510226,254.78328341997823
324955.0,5.415916442871094,2326.0,2326.0,7.714118003845215,86.0,10.0,0.5540355196117186,0.6910978956866601,0.9977138638496399,254.0141495915526,254.55867932045598,254.81992097176374
325234.0,5.420566558837891,2702.0,2702.0,5.992807388305664,84.0,12.0,0.5573265194019106,0.6844794450724168,0.9973443150520325,253.8592710896029,254.46745936533003,254.78632958693365
325513.0,5.4252166748046875,2799.0,2799.0,7.8022541999816895,120.0,14.0,0.5105015792619475,0.6308364549021604,0.9972490072250366,253.85596307733144,254.68526296651973,254.74103060743724
325793.0,5.4298834800720215,2320.0,2320.0,8.592205047607422,121.0,10.0,0.5087953514416763,0.6526437525504827,0.9977197647094727,254.03905376515505,254.7579736589465,254.798026236676
326072.0,5.43453311920166,2738.0,2738.0,7.454089641571045,123.0,5.0,0.5058438804079195,0.6798353375051365,0.9973089098930359,253.84724999418737,254.74757846395178,254.78029405126094
326351.0,5.439183235168457,2251.0,2251.0,6.317567825317383,88.0,9.0,0.5512081911747834,0.6927426283234642,0.997787594795227,254.04501668668277,254.5864984441253,254.82665665888302
326631.0,5.443850040435791,2348.0,2348.0,6.229898452758789,25.0,48.0,0.6450069316152127,0.7194021183733273,0.9976922273635864,253.9881627642578,254.09819990533128,254.83487319117128
326910.0,5.448500156402588,2727.0,2727.0,7.604775428771973,86.0,11.0,0.5544641040107141,0.6858710298508166,0.997319757938385,253.8477716766106,254.47893343917383,254.78530487196576
327189.0,5.453149795532227,2477.0,2477.0,7.228477478027344,87.0,10.0,0.5528280328806108,0.6892707701190884,0.9975654482841492,253.9512826517578,254.53583036746264,254.80709597315828
327468.0,5.457799911499023,2358.0,2358.0,7.932535171508789,76.0,0.0,0.5610967913167303,0.762611511060009,0.9976824522018433,253.95834121125196,254.5292851826386,254.8597094116881
327748.0,5.462466716766357,2030.0,2030.0,6.668937683105469,85.0,12.0,0.5561162987404508,0.6825444851734402,0.9980047941207886,254.14395922454256,254.60464022003427,254.83848577705962
328027.0,5.467116832733154,2301.0,2301.0,4.606367111206055,155.0,176.0,0.08209356564529845,0.3092076664756307,0.9977384209632874,254.60161822764377,254.42064442802692,254.24497646363278
328306.0,5.471766471862793,2066.0,2066.0,5.892783164978027,85.0,12.0,0.5561162987404508,0.6825444851734402,0.997969388961792,254.12876868201337,254.5976245150304,254.83561968850054
328586.0,5.476433277130127,1790.0,1790.0,6.051883697509766,88.0,9.0,0.5512081911747834,0.6927426283234642,0.9982407093048096,254.24060327938273,254.67118616511675,254.86215846607016
328865.0,5.481083393096924,2109.0,2109.0,7.619471549987793,77.0,2.0,0.5608871744018228,0.7502505028278649,0.9979271292686462,254.07484902483844,254.57823535660003,254.86798690217114
329144.0,5.485733509063721,2004.0,2004.0,5.784574031829834,126.0,16.0,0.5021409687372003,0.6184277667842214,0.9980303645133972,254.18713324569978,254.80037258811274,254.8083526561328
329424.0,5.4903998374938965,2227.0,2227.0,9.82116413116455,162.0,166.0,0.11628789342129836,0.2867039486499488,0.9978111982345581,254.60187776759815,254.5051370913095,254.28183333202648
329703.0,5.495049953460693,2219.0,2219.0,8.345708847045898,87.0,10.0,0.5528280328806108,0.6892707701190884,0.9978190660476685,254.0605320658053,254.58418492215588,254.82719161850562
329982.0,5.49970006942749,2028.0,2028.0,10.292851448059082,87.0,10.0,0.5528280328806108,0.6892707701190884,0.9980067610740662,254.14138433486184,254.61997070188073,254.8420638129119
330262.0,5.504366874694824,2212.0,2212.0,7.076426982879639,86.0,11.0,0.5544641040107141,0.6858710298508166,0.9978259205818176,254.06536953553433,254.57733665118568,254.82584996119266
330541.0,5.509016513824463,2063.0,2063.0,6.476027488708496,77.0,0.0,0.5600206951179266,0.7605518140792705,0.9979723691940308,254.08971398109827,254.59296373240548,254.87619430785742
330820.0,5.51366662979126,2619.0,2619.0,5.598119258880615,86.0,10.0,0.5540355196117186,0.6910978956866601,0.99742591381073,253.88997690681242,254.5030928205765,254.79723913665987
331100.0,5.518333435058594,2672.0,2672.0,7.344679832458496,87.0,10.0,0.5528280328806108,0.6892707701190884,0.9973738193511963,253.86873579719548,254.49929455234184,254.79191207191462
331379.0,5.522983551025391,2323.0,2323.0,10.708526611328125,87.0,10.0,0.5528280328806108,0.6892707701190884,0.9977168440818787,254.01649851819275,254.56469536603393,254.81909196356537
331658.0,5.527633190155029,2636.0,2636.0,6.094049453735352,155.0,175.0,0.08352384117184013,0.3043955822796083,0.9974091649055481,254.5404399339921,254.33979679102163,254.13823416783742
331938.0,5.532299995422363,2350.0,2350.0,6.551889419555664,155.0,175.0,0.08352384117184013,0.3043955822796083,0.9976902604103088,254.59030040909494,254.41142626472677,254.23173240016257
332217.0,5.53695011138916,2179.0,2179.0,6.983611583709717,85.0,11.0,0.5556731020691489,0.6877519111369937,0.9978583455085754,254.07828172747128,254.57854709655598,254.8294744819022
332496.0,5.541600227355957,2379.0,2379.0,7.245995044708252,155.0,176.0,0.08209356564529845,0.3092076664756307,0.9976617693901062,254.58811589627172,254.4010083616759,254.21938649268245
332776.0,5.546266555786133,2034.0,2034.0,4.734507083892822,155.0,175.0,0.08352384117184013,0.3043955822796083,0.9980008602142334,254.64539433101191,254.49057409922162,254.33504437824712
333055.0,5.55091667175293,2104.0,2104.0,6.964105606079102,76.0,0.0,0.5610967913167303,0.762611511060009,0.9979320764541626,254.07053880929928,254.57998611507801,254.87482018232365
333334.0,5.555566787719727,2049.0,2049.0,6.15079402923584,88.0,9.0,0.5512081911747834,0.6927426283234642,0.9979861378669739,254.13071767856434,254.62360641553053,254.84221263359234
333614.0,5.560233116149902,2129.0,2129.0,6.622564315795898,80.0,16.0,0.5640956652955792,0.6721458804328512,0.9979075193405151,254.10777210676608,254.54921142831415,254.82506275689664
333893.0,5.564883232116699,2056.0,2056.0,5.853139400482178,87.0,10.0,0.5528280328806108,0.6892707701190884,0.9979792237281799,254.12952223632135,254.61472045410906,254.83988186505042
334172.0,5.569533348083496,2633.0,2633.0,10.255853652954102,87.0,10.0,0.5528280328806108,0.6892707701190884,0.9974121451377869,253.88524516810796,254.506601715366,254.79494885216334
334452.0,5.57420015335083,2363.0,2363.0,6.632946491241455,94.0,6.0,0.5428183486090283,0.6989749181325413,0.9976775050163269,253.99380551518894,254.60902193206044,254.82172204313778
334731.0,5.578849792480469,1935.0,1935.0,7.723874568939209,86.0,10.0,0.5540355196117186,0.6910978956866601,0.9980981945991516,254.17988452659807,254.6328713616944,254.85019471896925
335010.0,5.583499908447266,2080.0,2080.0,5.518301010131836,87.0,10.0,0.5528280328806108,0.6892707701190884,0.9979556798934937,254.11938039882455,254.61023160590605,254.83801634685722
335289.0,5.5881500244140625,1973.0,1973.0,6.145522117614746,88.0,9.0,0.5512081911747834,0.6927426283234642,0.9980608224868774,254.162955247711,254.637565073042,254.84806422059648
335569.0,5.5928168296813965,1893.0,1893.0,6.512332439422607,29.0,0.0,0.6046884587075049,0.8935412658901208,0.9981394410133362,254.10162346918796,254.4169194965206,254.9494914476135
335848.0,5.597466468811035,2105.0,2105.0,6.864036560058594,77.0,0.0,0.5600206951179266,0.7605518140792705,0.9979310631752014,254.07117002757076,254.58467176540438,254.87367219178196
336127.0,5.602116584777832,2339.0,2339.0,6.798298358917236,85.0,11.0,0.5556731020691489,0.6877519111369937,0.997701108455658,254.01061055764768,254.54760465801306,254.81695475473788
336407.0,5.606783390045166,2168.0,2168.0,7.610152721405029,75.0,0.0,0.5621670418109989,0.7647058823529411,0.9978691935539246,254.04113709926605,254.56218132902256,254.87215161323547
336686.0,5.611433506011963,2256.0,2256.0,4.8263258934021,87.0,10.0,0.5528280328806108,0.6892707701190884,0.9977826476097107,254.04484431210778,254.57724141265703,254.82430596884467
336965.0,5.616083145141602,2206.0,2206.0,6.894983291625977,88.0,9.0,0.5512081911747834,0.6927426283234642,0.9978318214416504,254.06410709075845,254.59476446477458,254.83012184448324
337245.0,5.6207499504089355,2086.0,2086.0,6.545650005340576,122.0,4.0,0.507083191702667,0.6856019112988414,0.9979497790336609,254.11875662324124,254.80516414553483,254.8356306839258
337524.0,5.625400066375732,2029.0,2029.0,8.168586730957031,75.0,0.0,0.5621670418109989,0.7647058823529411,0.9980058073997498,254.1026133298874,254.59025149584906,254.88034844398499
337803.0,5.630050182342529,1866.0,1866.0,7.001304626464844,30.0,0.0,0.6039037684205792,0.8901615264953856,0.9981659650802612,254.1160113278975,254.429557018867,254.94863086303573
338083.0,5.634716510772705,2098.0,2098.0,5.41605281829834,88.0,9.0,0.5512081911747834,0.6927426283234642,0.9979379773139954,254.1099292062016,254.6146051423707,254.83843922393604
338362.0,5.639366626739502,2337.0,2337.0,6.037353038787842,122.0,4.0,0.507083191702667,0.6856019112988414,0.9977030754089355,254.01271637739407,254.78171949624473,254.81585208116306
338641.0,5.644016742706299,1990.0,1990.0,6.061148166656494,155.0,176.0,0.08209356564529845,0.3092076664756307,0.9980441331863403,254.65547006093092,254.4989596568873,254.34703786410265
338921.0,5.648683547973633,1809.0,1809.0,7.631471157073975,88.0,9.0,0.5512081911747834,0.6927426283234642,0.9982219934463501,254.23252459086555,254.66768814559668,254.860692066773
339200.0,5.6533331871032715,2201.0,2201.0,8.630688667297363,122.0,16.0,0.5078443341367843,0.6191236628959585,0.997836709022522,254.10682791910216,254.75774450587656,254.78989368238405
339479.0,5.657983303070068,2326.0,2326.0,6.224479675292969,155.0,175.0,0.08352384117184013,0.3043955822796083,0.9977138638496399,254.59448716654632,254.41744095335852,254.23958339677003
339759.0,5.662650108337402,2352.0,2352.0,8.654369354248047,88.0,9.0,0.5512081911747834,0.6927426283234642,0.9976882934570312,254.0021533265883,254.56793888832792,254.81887633649762
340038.0,5.667300224304199,2281.0,2281.0,7.446123123168945,155.0,176.0,0.08209356564529845,0.3092076664756307,0.9977580904960632,254.6050830560674,254.4256832319895,254.25154309692485
340317.0,5.671949863433838,2143.0,2143.0,9.527196884155273,36.0,8.0,0.60400259171933,0.8347047538763577,0.997893750667572,254.0145918559211,254.35171046541578,254.91122098454062
340597.0,5.676616668701172,2627.0,2627.0,6.759264945983887,85.0,11.0,0.5556731020691489,0.6877519111369937,0.9974180459976196,253.88878706049374,254.49190123093183,254.79441639829227
340876.0,5.681266784667969,2408.0,2408.0,4.568608283996582,85.0,11.0,0.5556731020691489,0.6877519111369937,0.9976332783699036,253.98141806664722,254.53425647944528,254.8115539020036
341155.0,5.685916900634766,2181.0,2181.0,5.709259033203125,87.0,10.0,0.5528280328806108,0.6892707701190884,0.9978563785552979,254.07660495257235,254.59129889424472,254.83014811062955
341435.0,5.690583229064941,1883.0,1883.0,7.603923797607422,25.0,46.0,0.6430861651205574,0.7262529112106243,0.9981492757797241,254.18532139135965,254.28230627731398,254.87080925629965
341714.0,5.695233345031738,1898.0,1898.0,7.495594024658203,75.0,1.0,0.5626094888847314,0.759580612345581,0.9981345534324646,254.16298707853153,254.61416740536234,254.88563517202542
341993.0,5.699883460998535,1921.0,1921.0,5.120258331298828,88.0,9.0,0.5512081911747834,0.6927426283234642,0.99811190366745,254.18500440713535,254.64711221548998,254.85206646326412
342273.0,5.704549789428711,1985.0,1985.0,7.139810562133789,85.0,11.0,0.5556731020691489,0.6877519111369937,0.9980490207672119,254.16034392317468,254.61606978832958,254.8446566681034
342552.0,5.709199905395508,2486.0,2486.0,7.179333686828613,78.0,1.0,0.5593628396370643,0.7533597692639324,0.9975566267967224,253.90755136963924,254.51195751163652,254.8463282966892
342831.0,5.713850021362305,2223.0,2223.0,7.537325382232666,87.0,10.0,0.5528280328806108,0.6892707701190884,0.9978151321411133,254.0588374802995,254.58343488675993,254.82687991166827
343111.0,5.718516826629639,2127.0,2127.0,6.007784366607666,88.0,9.0,0.5512081911747834,0.6927426283234642,0.9979094862937927,254.09763107527414,254.60928013176377,254.83620693456015
343390.0,5.723166465759277,2238.0,2238.0,5.956798553466797,156.0,175.0,0.08601043481131534,0.3072117917126884,0.997800350189209,254.61140767992427,254.4446250637795,254.2667709165723
343669.0,5.727816581726074,2340.0,2340.0,9.47602367401123,87.0,10.0,0.5528280328806108,0.6892707701190884,0.9977000951766968,254.00928369202416,254.5615020335148,254.8177648480912
343949.0,5.732483386993408,2289.0,2289.0,6.779062747955322,87.0,10.0,0.5528280328806108,0.6892707701190884,0.9977502226829529,254.03087681945397,254.57105930272684,254.821736748852
344228.0,5.737133502960205,2203.0,2203.0,6.233687877655029,88.0,9.0,0.5512081911747834,0.6927426283234642,0.9978347420692444,254.06536777782006,254.59531033406273,254.83035067749458
344507.0,5.741783142089844,2209.0,2209.0,5.918589115142822,85.0,11.0,0.5556731020691489,0.6877519111369937,0.9978288412094116,254.0655837634596,254.5727409907642,254.8271252533403
344786.0,5.746433258056641,2254.0,2254.0,9.649213790893555,76.0,0.0,0.5610967913167303,0.762611511060009,0.9977846145629883,254.00425971245852,254.55003527772007,254.8658937146655
345066.0,5.751100063323975,2322.0,2322.0,6.947535991668701,86.0,10.0,0.5540355196117186,0.6910978956866601,0.9977177977561951,254.0158460099324,254.5594387303074,254.82023084572708
345345.0,5.7557501792907715,2062.0,2062.0,8.814507484436035,77.0,3.0,0.5613293919502536,0.7451083590616604,0.9979733228683472,254.09812334309052,254.584875077039,254.86827131976654
345624.0,5.76039981842041,1842.0,1842.0,5.595757484436035,88.0,9.0,0.5512081911747834,0.6927426283234642,0.9981895685195923,254.218528391651,254.6616278824792,254.85815155334106
345904.0,5.765066623687744,1828.0,1828.0,8.058116912841797,88.0,9.0,0.5512081911747834,0.6927426283234642,0.9982033371925354,254.2244716306557,254.66420126626625,254.85923033753735
346183.0,5.769716739654541,2371.0,2371.0,7.626091003417969,75.0,0.0,0.5621670418109989,0.7647058823529411,0.9976696372032166,253.95133674144745,254.5211783104645,254.860178232193
346462.0,5.774366855621338,1756.0,1756.0,5.957015037536621,120.0,5.0,0.5097320323466236,0.6806492140278345,0.9982740879058838,254.26033353486338,254.82446749648602,254.85945129713735
346742.0,5.779033184051514,2386.0,2386.0,6.688863754272461,88.0,9.0,0.5512081911747834,0.6927426283234642,0.997654914855957,253.98774547445572,254.56170038217758,254.81626110208236
347021.0,5.7836833000183105,2219.0,2219.0,6.660394191741943,88.0,9.0,0.5512081911747834,0.6927426283234642,0.9978190660476685,254.0586012329792,254.59238046420998,254.8291224513317
347300.0,5.788333415985107,2154.0,2154.0,6.083930492401123,88.0,9.0,0.5512081911747834,0.6927426283234642,0.9978829026222229,254.08615625018282,254.60431160722257,254.83412408715085
347580.0,5.793000221252441,2165.0,2165.0,5.748104572296143,88.0,9.0,0.5512081911747834,0.6927426283234642,0.9978721141815186,254.0814994265471,254.60229523291324,254.83327880602735
347859.0,5.79764986038208,2051.0,2051.0,6.294567584991455,87.0,10.0,0.5528280328806108,0.6892707701190884,0.9979841709136963,254.13165330597255,254.61566368044032,254.84027386001256
348138.0,5.802299976348877,1975.0,1975.0,5.270878314971924,177.0,24.0,0.4290000967449339,0.6362737544936451,0.9980588555335999,254.190057845267,254.81995847686892,254.55162117344466
348418.0,5.806966781616211,2038.0,2038.0,7.6477370262146,77.0,2.0,0.5608871744018228,0.7502505028278649,0.9979969263076782,254.10600041201715,254.59243688052163,254.87243200489874
348697.0,5.811616897583008,1826.0,1826.0,5.199101448059082,78.0,0.0,0.5589388043799406,0.7585270738736409,0.998205304145813,254.19521458151607,254.64397176596086,254.88949053284855
348976.0,5.8162665367126465,2113.0,2113.0,8.243620872497559,77.0,1.0,0.5604509807351349,0.7553983598376205,0.9979231953620911,254.0703670389524,254.58026322918565,254.87046259571403
349256.0,5.8209333419799805,2187.0,2187.0,5.706116676330566,78.0,1.0,0.5593628396370643,0.7533597692639324,0.9978504776954651,254.0389340873637,254.5706516659466,254.86480953732348
349535.0,5.825583457946777,1948.0,1948.0,4.8753981590271,88.0,9.0,0.5512081911747834,0.6927426283234642,0.9980853796005249,254.17355531035142,254.64215483113836,254.84998828591628
349814.0,5.830233097076416,2146.0,2146.0,6.901988983154297,85.0,11.0,0.5556731020691489,0.6877519111369937,0.9978907704353333,254.09223666165778,254.5849279481736,254.83205626036218
350094.0,5.83489990234375,1822.0,1822.0,8.218939781188965,76.0,1.0,0.5615332142455102,0.757472070077391,0.9982092380523682,254.19746040268433,254.63384240831206,254.88925100402344
350373.0,5.839550018310547,2230.0,2230.0,7.54787015914917,86.0,10.0,0.5540355196117186,0.6910978956866601,0.9978082180023193,254.0548379293592,254.57689365067938,254.82735325182367
350652.0,5.844200134277344,2173.0,2173.0,7.423488616943359,87.0,10.0,0.5528280328806108,0.6892707701190884,0.9978642463684082,254.07999412358393,254.5927989650366,254.83077152430425
350932.0,5.8488664627075195,1807.0,1807.0,6.092278957366943,177.0,24.0,0.4290000967449339,0.6362737544936451,0.9982239603996277,254.25894781881723,254.8352719849929,254.5897582247407
351211.0,5.853516578674316,1897.0,1897.0,6.178281784057617,88.0,9.0,0.5512081911747834,0.6927426283234642,0.998135507106781,254.19519281685768,254.6515237305535,254.85391580760063
351490.0,5.858166694641113,2180.0,2180.0,5.645589351654053,86.0,10.0,0.5540355196117186,0.6910978956866601,0.997857391834259,254.0760431591068,254.5863862738217,254.8312266763653
351770.0,5.862833499908447,2196.0,2196.0,7.905612945556641,87.0,10.0,0.5528280328806108,0.6892707701190884,0.9978416562080383,254.07026309469464,254.58849194359624,254.8289815714049
352049.0,5.867483139038086,2154.0,2154.0,5.847800254821777,88.0,8.0,0.5508083052245833,0.6980061679773395,0.9978829026222229,254.0833146765531,254.60721528534395,254.83696566078058
352328.0,5.872133255004883,1905.0,1905.0,6.020071983337402,156.0,174.0,0.08751185199778944,0.3024696501689986,0.9981276392936707,254.66696275328357,254.5297892957931,254.37813328648846
352608.0,5.876800060272217,2001.0,2001.0,7.379639148712158,161.0,166.0,0.1139652890534704,0.28303295020809616,0.9980332851409912,254.6404322136874,254.55066416362257,254.3565432082181
352887.0,5.881450176239014,1947.0,1947.0,7.149991035461426,80.0,18.0,0.5651408764689061,0.661955673244835,0.9980863928794861,254.18901579637358,254.58254728808947,254.83504457216432
353166.0,5.886099815368652,1892.0,1892.0,6.725907802581787,87.0,10.0,0.5528280328806108,0.6892707701190884,0.9981404542922974,254.19897456652075,254.64546054117025,254.8526571225509
353445.0,5.890749931335449,1888.0,1888.0,10.842168807983398,40.0,6.0,0.5993336060528358,0.830382318158257,0.9981443881988525,254.13389784730253,254.45137684528657,254.91974013411226
353725.0,5.895416736602783,1875.0,1875.0,7.406142234802246,155.0,175.0,0.08352384117184013,0.3043955822796083,0.9981571435928345,254.6731157401976,254.53039862849533,254.38702749214798
354004.0,5.90006685256958,2025.0,2025.0,8.778346061706543,81.0,16.0,0.5628836283379074,0.669991708074726,0.9980097413063049,254.1524525435744,254.5759265569091,254.8325155226411
354283.0,5.904716491699219,1785.0,1785.0,6.428925514221191,88.0,9.0,0.5512081911747834,0.6927426283234642,0.9982455968856812,254.24271300058788,254.6720996606602,254.8625414111095
354563.0,5.909383296966553,2074.0,2074.0,6.864397048950195,88.0,9.0,0.5512081911747834,0.6927426283234642,0.9979615807533264,254.12011761592393,254.61901665743417,254.84028856827254
354842.0,5.91403341293335,1911.0,1911.0,7.555035591125488,74.0,0.0,0.5632313981042658,0.7668346438516908,0.9981217384338379,254.15376271064582,254.6096399081974,254.8883238906115
355121.0,5.9186835289001465,2080.0,2080.0,6.200258255004883,87.0,10.0,0.5528280328806108,0.6892707701190884,0.9979556798934937,254.11938039882455,254.61023160590605,254.83801634685722
355401.0,5.923349857330322,2042.0,2042.0,7.528008460998535,86.0,11.0,0.5544641040107141,0.6858710298508166,0.997992992401123,254.13719322825256,254.60981712731248,254.8392328963202
355680.0,5.927999973297119,2192.0,2192.0,7.46544885635376,161.0,166.0,0.1139652890534704,0.28303295020809616,0.9978455901145935,254.6061165706065,254.50778143393558,254.29513438783619
355959.0,5.932650089263916,1690.0,1690.0,4.9576826095581055,88.0,9.0,0.5512081911747834,0.6927426283234642,0.9983389973640442,254.28302925825176,254.6895563376917,254.86985939741078
356239.0,5.93731689453125,1830.0,1830.0,6.1397480964660645,88.0,9.0,0.5512081911747834,0.6927426283234642,0.9982013702392578,254.2236225965122,254.66383364001092,254.85907622550928
356518.0,5.941966533660889,2190.0,2190.0,8.326367378234863,87.0,10.0,0.5528280328806108,0.6892707701190884,0.9978475570678711,254.07280497295332,254.58961699669015,254.82944913166094
356797.0,5.9466166496276855,1903.0,1903.0,4.686590194702148,177.0,25.0,0.4283968245225053,0.631275111224511,0.9981296062469482,254.2219626717265,254.82413651421712,254.56543115834623
357077.0,5.9512834548950195,1895.0,1895.0,10.1561861038208,88.0,9.0,0.5512081911747834,0.6927426283234642,0.9981374740600586,254.19604185100124,254.65189135680876,254.85406991962864
357356.0,5.955933570861816,2057.0,2057.0,5.503082275390625,87.0,10.0,0.5528280328806108,0.6892707701190884,0.9979782700538635,254.12911142771387,254.6145386273464,254.83980629975653
357635.0,5.960583209991455,2111.0,2111.0,6.865974426269531,87.0,10.0,0.5528280328806108,0.6892707701190884,0.9979251623153687,254.1062345233857,254.60441314950114,254.83559825745232
357915.0,5.965250015258789,1882.0,1882.0,8.182181358337402,155.0,175.0,0.08352384117184013,0.3043955822796083,0.9981502890586853,254.67189988891752,254.5286519386149,254.38474753101198
358194.0,5.969900131225586,1956.0,1956.0,7.514369964599609,87.0,10.0,0.5528280328806108,0.6892707701190884,0.9980775117874146,254.1718611984281,254.6334599748351,254.84766981315332
358473.0,5.974549770355225,2171.0,2171.0,8.561830520629883,161.0,164.0,0.11818324534853591,0.27476178910750365,0.9978662133216858,254.60538657358327,254.51840604941748,254.30638222047648
358753.0,5.979216575622559,2103.0,2103.0,5.893942356109619,84.0,13.0,0.557784495251332,0.6792922114206316,0.997933030128479,254.114883166346,254.58269260634464,254.8309621991783
359032.0,5.9838666915893555,1969.0,1969.0,7.440842628479004,87.0,10.0,0.5528280328806108,0.6892707701190884,0.9980647563934326,254.16636663330328,254.63102804188458,254.84665912734735
359311.0,5.988516807556152,1880.0,1880.0,5.918026447296143,25.0,46.0,0.6430861651205574,0.7262529112106243,0.9981522560119629,254.18663327317714,254.28346198379177,254.87101729292394
359591.0,5.993183135986328,1695.0,1695.0,6.810163497924805,166.0,58.0,0.4194873322396269,0.44063147165184763,0.9983340501785278,254.38799496553358,254.76237062551562,254.5815187267374
359870.0,5.997833251953125,1735.0,1735.0,5.716830253601074,88.0,9.0,0.5512081911747834,0.6927426283234642,0.9982947707176208,254.26393885417608,254.68129031704245,254.86639421181056
360149.0,6.002483367919922,1991.0,1991.0,5.801060199737549,87.0,10.0,0.5528280328806108,0.6892707701190884,0.9980431199073792,254.15704641302142,254.6269028472069,254.84494473974195
360429.0,6.007150173187256,2173.0,2173.0,9.399230003356934,122.0,5.0,0.5071409364185847,0.6800615120198459,0.9978642463684082,254.08500964372354,254.7940182681914,254.82575600416465
360708.0,6.0117998123168945,2085.0,2085.0,9.165722846984863,75.0,0.0,0.5621670418109989,0.7647058823529411,0.9979507327079773,254.07782971858978,254.57893525058392,254.87704396247864
360987.0,6.016449928283691,2232.0,2232.0,5.085092067718506,94.0,4.0,0.5421571599659418,0.7096739129122646,0.9978062510490417,254.04359818500237,254.63675524820908,254.83758985000892
361267.0,6.021116733551025,2168.0,2168.0,3.8927884101867676,94.0,6.0,0.5428183486090283,0.6989749181325413,0.9978691935539246,254.0768523896443,254.64129154495646,254.83643632285722
361546.0,6.025766849517822,2145.0,2145.0,6.195240497589111,87.0,10.0,0.5528280328806108,0.6892707701190884,0.9978917837142944,254.09185622212445,254.59804921280823,254.8329534721657
361825.0,6.030416488647461,1926.0,1926.0,6.611583232879639,87.0,10.0,0.5528280328806108,0.6892707701190884,0.9981070160865784,254.18457058972155,254.6390852403047,254.85000761443342
362104.0,6.035066604614258,2012.0,2012.0,7.219973564147949,86.0,10.0,0.5540355196117186,0.6910978956866601,0.9980224967002869,254.14724132444118,254.61825847516016,254.84423199270512
362384.0,6.039733409881592,1705.0,1705.0,7.089849948883057,87.0,10.0,0.5528280328806108,0.6892707701190884,0.9983242154121399,254.2781322500715,254.68049628549915,254.86721761011984
362663.0,6.044383525848389,2064.0,2064.0,5.161506175994873,156.0,175.0,0.08601043481131534,0.3072117917126884,0.9979713559150696,254.64161772128284,254.4878011610052,254.32377379540264
362942.0,6.049033164978027,1794.0,1794.0,5.419247627258301,88.0,9.0,0.5512081911747834,0.6927426283234642,0.9982367753982544,254.2389052110957,254.67045091260616,254.86185024201404
363222.0,6.053699970245361,1908.0,1908.0,8.025971412658691,229.0,125.0,0.25391928005661873,0.5630831805377752,0.9981247186660767,254.50913938208635,254.79106780121626,254.25253871848284
363501.0,6.058350086212158,2192.0,2192.0,6.594429969787598,155.0,176.0,0.08209356564529845,0.3092076664756307,0.9978455901145935,254.62049629281248,254.44809827507137,254.2807546656302
363780.0,6.063000202178955,2191.0,2191.0,5.819938659667969,25.0,45.0,0.6421393752639711,0.729717414350133,0.9978465437889099,254.05015796911243,254.16809814553193,254.85157936323162
364060.0,6.067666530609131,1586.0,1586.0,6.498881816864014,88.0,9.0,0.5512081911747834,0.6927426283234642,0.9984411597251892,254.32712757710044,254.70865062258767,254.87786388274606
364339.0,6.072316646575928,1869.0,1869.0,5.626362323760986,86.0,11.0,0.5544641040107141,0.6858710298508166,0.9981630444526672,254.21029811420513,254.64287699116903,254.85285455665516
364618.0,6.076966762542725,2433.0,2433.0,6.213960647583008,87.0,10.0,0.5528280328806108,0.6892707701190884,0.9976087212562561,253.9699230923215,254.54408075681803,254.81052474836912
364898.0,6.081633567810059,2188.0,2188.0,6.677679061889648,87.0,7.0,0.5516040981768017,0.7050212612781878,0.9978495240211487,254.06501514721856,254.59883202495703,254.83824210356727
365177.0,6.086283206939697,1959.0,1959.0,5.924969673156738,120.0,4.0,0.509653424379806,0.6861848680950451,0.9980745911598206,254.17211821094222,254.80689612284817,254.84592328056627
365456.0,6.090933322906494,1959.0,1959.0,6.45737361907959,88.0,9.0,0.5512081911747834,0.6927426283234642,0.9980745911598206,254.1688984867157,254.64013845682905,254.84914300479278
365736.0,6.095600128173828,1863.0,1863.0,9.334477424621582,85.0,11.0,0.5556731020691489,0.6877519111369937,0.9981689453125,254.21195665770273,254.63966955570956,254.85420545167227
366015.0,6.100249767303467,1659.0,1659.0,5.831601619720459,178.0,24.0,0.42775333625000744,0.6386861754863659,0.9983694553375244,254.3186524957875,254.84976972634996,254.61954103854032
366294.0,6.104899883270264,2097.0,2097.0,8.272176742553711,88.0,9.0,0.5512081911747834,0.6927426283234642,0.9979389309883118,254.11034085911967,254.61478338540357,254.83851394491933
366574.0,6.109566688537598,2330.0,2330.0,8.0405912399292,87.0,10.0,0.5528280328806108,0.6892707701190884,0.9977099299430847,254.01352015578863,254.56337712200468,254.81854411518458
366853.0,6.1142168045043945,1714.0,1714.0,5.427999973297119,88.0,9.0,0.5512081911747834,0.6927426283234642,0.9983153939247131,254.27284084852943,254.68514482262822,254.86801005307427
367132.0,6.118866443634033,2018.0,2018.0,5.323940277099609,88.0,9.0,0.5512081911747834,0.6927426283234642,0.9980165958404541,254.14386484363533,254.62929905239275,254.84459903499626
367412.0,6.123533248901367,2222.0,2222.0,6.331788539886475,162.0,165.0,0.1183723776933644,0.2825979329285721,0.9978160858154297,254.6004801396691,254.5092744875629,254.28572362620005
367691.0,6.128183364868164,2274.0,2274.0,8.798742294311523,86.0,9.0,0.5536133724399871,0.6963296978145045,0.9977650046348572,254.0332213018458,254.57161032007104,254.82693106193136
367970.0,6.132833480834961,2019.0,2019.0,7.665604114532471,87.0,10.0,0.5528280328806108,0.6892707701190884,0.9980155825614929,254.14518431448087,254.62165259943527,254.84276279188052
368250.0,6.137499809265137,2137.0,2137.0,6.448267936706543,94.0,7.0,0.5431565889545564,0.6936300491879558,0.9978996515274048,254.09291061182694,254.64351932032534,254.8359116671495
368529.0,6.142149925231934,1928.0,1928.0,7.265951633453369,74.0,0.0,0.5632313981042658,0.7668346438516908,0.9981050491333008,254.14624346588133,254.60617136206562,254.88733159210207
368808.0,6.1468000411987305,1780.0,1780.0,5.640547275543213,88.0,9.0,0.5512081911747834,0.6927426283234642,0.9982505440711975,254.2448484501004,254.6730242963932,254.86292902621034
369088.0,6.1514668464660645,1658.0,1658.0,4.5486040115356445,88.0,9.0,0.5512081911747834,0.6927426283234642,0.9983704090118408,254.29658807624082,254.6954272175868,254.872320519798
369367.0,6.156116485595703,1762.0,1762.0,6.381656646728516,88.0,9.0,0.5512081911747834,0.6927426283234642,0.998268187046051,254.25246402908476,254.67632179250123,254.86431136440126
369646.0,6.1607666015625,1857.0,1857.0,4.59484338760376,177.0,27.0,0.42716120339568214,0.6213056906593362,0.9981748461723328,254.24542126678298,254.82375028110673,254.57100154443853
369925.0,6.165416717529297,1875.0,1875.0,5.36524772644043,90.0,9.0,0.5487785334772242,0.6893153917783648,0.9981571435928345,254.20614274816717,254.66439118259137,254.8540004841784
370205.0,6.170083522796631,2037.0,2037.0,5.070779323577881,86.0,11.0,0.5544641040107141,0.6858710298508166,0.9979979395866394,254.13932000902156,254.61077891094382,254.83962918016454
370484.0,6.1747331619262695,2114.0,2114.0,6.508821487426758,88.0,9.0,0.5512081911747834,0.6927426283234642,0.9979222416877747,254.10313693305338,254.61166413232837,254.8372063277117
370763.0,6.179383277893066,2309.0,2309.0,5.351833343505859,155.0,176.0,0.08209356564529845,0.3092076664756307,0.9977306127548218,254.60024279575438,254.4186441755448,254.24236970920472
371043.0,6.1840500831604,1987.0,1987.0,5.93057918548584,155.0,175.0,0.08352384117184013,0.3043955822796083,0.9980470538139343,254.65358811137764,254.5023452701549,254.35040933372886
371322.0,6.188700199127197,1814.0,1814.0,8.007628440856934,87.0,10.0,0.5528280328806108,0.6892707701190884,0.9982171058654785,254.23199330834566,254.66007486721858,254.85873068304838
371601.0,6.193349838256836,1577.0,1577.0,5.661710739135742,88.0,9.0,0.5512081911747834,0.6927426283234642,0.9984500408172607,254.33096109490003,254.71031051083128,254.87855972190295
371881.0,6.19801664352417,2238.0,2238.0,6.400146961212158,155.0,175.0,0.08352384117184013,0.3043955822796083,0.997800350189209,254.60982803791487,254.43947962306723,254.26835055858172
372160.0,6.202666759490967,2345.0,2345.0,8.743600845336914,87.0,10.0,0.5528280328806108,0.6892707701190884,0.9976952075958252,254.00717829791088,254.5605701713562,254.81737757595997
372439.0,6.207316875457764,2136.0,2136.0,10.281156539916992,160.0,166.0,0.11158216678252796,0.2794238043501735,0.9979006052017212,254.61424265118777,254.5153626745002,254.31506600169004
372719.0,6.2119832038879395,2123.0,2123.0,6.632938385009766,87.0,10.0,0.5528280328806108,0.6892707701190884,0.9979134202003479,254.10117644240628,254.60217440748596,254.83466785977114
372998.0,6.216633319854736,1995.0,1995.0,7.581140518188477,88.0,8.0,0.5508083052245833,0.6980061679773395,0.998039186000824,254.15098406246142,254.63621051386468,254.8490007979588
373277.0,6.221283435821533,1878.0,1878.0,7.735363006591797,120.0,5.0,0.5097320323466236,0.6806492140278345,0.9981542229652405,254.20896355070153,254.81227672895716,254.84969016157112
373557.0,6.225949764251709,1933.0,1933.0,6.688155651092529,88.0,9.0,0.5512081911747834,0.6927426283234642,0.9981001615524292,254.17993593058156,254.64491759814783,254.85114646115733
373836.0,6.230599880218506,1672.0,1672.0,4.937685966491699,179.0,26.0,0.42527015718531513,0.6312263866866779,0.9983566403388977,254.31642363128833,254.8454629415495,254.60825279455784
374115.0,6.235249996185303,1582.0,1582.0,6.613309860229492,85.0,12.0,0.5561162987404508,0.6825444851734402,0.9984450936317444,254.3328692206083,254.69188771643766,254.87412853158133
374395.0,6.239916801452637,1764.0,1764.0,7.870065689086914,88.0,9.0,0.5512081911747834,0.6927426283234642,0.9982662200927734,254.25161499494124,254.67595416624596,254.86415725237322
374674.0,6.244566440582275,1922.0,1922.0,5.719390392303467,87.0,10.0,0.5528280328806108,0.6892707701190884,0.9981109499931335,254.18626517522733,254.63983527570062,254.85031932127077
374953.0,6.249216556549072,1946.0,1946.0,7.4881510734558105,88.0,9.0,0.5512081911747834,0.6927426283234642,0.9980873465538025,254.17440434449497,254.64252245739365,254.8501423979443
375233.0,6.253883361816406,1673.0,1673.0,6.607807159423828,86.0,11.0,0.5544641040107141,0.6858710298508166,0.9983556866645813,254.29311444487416,254.6803286140167,254.8682857540623
375512.0,6.258533477783203,1231.0,1231.0,4.789463520050049,156.0,175.0,0.08601043481131534,0.3072117917126884,0.9987900853157043,254.78625527029,254.69451669655487,254.5966882407192
375791.0,6.263183116912842,1707.0,1707.0,5.042327880859375,177.0,24.0,0.4290000967449339,0.6362737544936451,0.9983222484588623,254.2999584926022,254.84438822141757,254.6124614729671
376071.0,6.267849922180176,1828.0,1828.0,6.939191818237305,94.0,6.0,0.5428183486090283,0.6989749181325413,0.9982033371925354,254.2216163132129,254.69754261768503,254.86208565498015
376350.0,6.272500038146973,1857.0,1857.0,5.640253067016602,92.0,8.0,0.5459587903394727,0.6913648748920682,0.9981748461723328,254.21281472577525,254.6788983244328,254.85635682211446
376629.0,6.2771501541137695,1539.0,1539.0,5.337953567504883,121.0,4.0,0.5083688541782873,0.6858710298508166,0.9984873533248901,254.3497175619682,254.85226411245134,254.87883263372578
376909.0,6.281816482543945,1638.0,1638.0,5.996263027191162,88.0,9.0,0.5512081911747834,0.6927426283234642,0.9983900785446167,254.30507841767613,254.69910348013968,254.8738616400784
377188.0,6.286466598510742,1795.0,1795.0,6.660710334777832,88.0,9.0,0.5512081911747834,0.6927426283234642,0.9982357621192932,254.23846782987025,254.67026152938374,254.8617708509693
377467.0,6.291116714477539,2181.0,2181.0,6.346988677978516,170.0,35.0,0.43145315786017485,0.5645560803485478,0.9978563785552979,254.14477692885504,254.76197613434687,254.5081337953008
377747.0,6.295783519744873,1911.0,1911.0,6.606207370758057,88.0,9.0,0.5512081911747834,0.6927426283234642,0.9981217384338379,254.189249577853,254.64895034676644,254.85283702340433
378026.0,6.300433158874512,1534.0,1534.0,6.5532546043396,156.0,175.0,0.08601043481131534,0.3072117917126884,0.9984923005104065,254.73364831085206,254.61933099361323,254.49742494945525
378305.0,6.305083274841309,1864.0,1864.0,6.702319622039795,88.0,9.0,0.5512081911747834,0.6927426283234642,0.9981679320335388,254.20918901607223,254.65758399367098,254.85645632103257
378585.0,6.309750080108643,1971.0,1971.0,4.370194911956787,88.0,9.0,0.5512081911747834,0.6927426283234642,0.998062789440155,254.16380428185454,254.6379326992973,254.84821833262453
378864.0,6.3144001960754395,1604.0,1604.0,6.025487899780273,160.0,164.0,0.1157839411990699,0.27104252855886235,0.9984235167503357,254.70695674292165,254.6404265790676,254.48903679974956
379143.0,6.319049835205078,1711.0,1711.0,6.580089569091797,88.0,9.0,0.5512081911747834,0.6927426283234642,0.9983183145523071,254.27410153559103,254.6856906919164,254.8682388860856
379422.0,6.323699951171875,1682.0,1682.0,5.988141059875488,90.0,8.0,0.5483951391930794,0.694604902646439,0.9983468055725098,254.28561459762759,254.70120299028932,254.8712562443524
379702.0,6.328366756439209,1721.0,1721.0,9.127324104309082,88.0,9.0,0.5512081911747834,0.6927426283234642,0.9983084797859192,254.2698563648734,254.68385256063993,254.8674683259454
379981.0,6.333016872406006,2325.0,2325.0,7.847617149353027,176.0,25.0,0.4296607153366795,0.6288831693991789,0.9977148771286011,254.0508394627662,254.78374787282036,254.4744343530987
380260.0,6.3376665115356445,2009.0,2009.0,7.381226539611816,252.0,55.0,0.33392638206015557,0.7990093828288375,0.9980254173278809,254.09416534765006,254.89879748956918,254.097028464054
380540.0,6.3423333168029785,2031.0,2031.0,4.097624778747559,155.0,176.0,0.08209356564529845,0.3092076664756307,0.9980038404464722,254.64837241240255,254.48863774331556,254.33358621529825
380819.0,6.346983432769775,2475.0,2475.0,7.536888122558594,94.0,6.0,0.5428183486090283,0.6989749181325413,0.9975674152374268,253.94611037304995,254.59048897962919,254.8132713980377
381098.0,6.351633548736572,2441.0,2441.0,6.7907867431640625,88.0,8.0,0.5508083052245833,0.6980061679773395,0.9976008534431458,253.96118975888785,254.55488674935611,254.81524549711648
381378.0,6.356299877166748,2170.0,2170.0,7.462174415588379,88.0,9.0,0.5512081911747834,0.6927426283234642,0.997867226600647,254.07938970534198,254.6013817373698,254.83289586098797
381657.0,6.360949993133545,2478.0,2478.0,7.5431904792785645,87.0,10.0,0.5528280328806108,0.6892707701190884,0.9975644946098328,253.95087184315034,254.53564854069995,254.80702040786437
381936.0,6.365600109100342,2677.0,2677.0,7.1838908195495605,218.0,32.0,0.3792773285795101,0.7296752633903966,0.9973688721656799,253.83949583389048,254.81862897060628,254.10940756296233
382216.0,6.370266437530518,2618.0,2618.0,6.807315826416016,219.0,31.0,0.3792318466434773,0.7375155984639924,0.9974268674850464,253.8599312401801,254.82777117719357,254.1264657255667
382495.0,6.3749165534973145,2691.0,2691.0,6.559615135192871,251.0,40.0,0.34810458055097737,0.8394080776354802,0.9973551034927368,253.7594137800077,254.89168900128809,253.85976448327938
382774.0,6.379566669464111,2525.0,2525.0,5.764122486114502,255.0,55.0,0.3322881909754828,0.8134301377526094,0.9975183010101318,253.85885716642127,254.8819323891368,253.85240112603043
383054.0,6.384233474731445,2365.0,2365.0,4.676900386810303,249.0,38.0,0.3510453001252057,0.8369127279852688,0.9976755380630493,253.911192401986,254.90333201016915,254.01662886474423
383333.0,6.388883113861084,2178.0,2178.0,4.755073070526123,250.0,39.0,0.34957275151709905,0.8381246343651517,0.9978593587875366,253.99663483677864,254.91163814486504,254.08578956493588
383612.0,6.393533229827881,2607.0,2607.0,5.949900150299072,245.0,10.0,0.375,0.9215686274509803,0.9974377155303955,253.74448060989383,254.94875431060788,254.04554903507233
383892.0,6.398200035095215,2767.0,2767.0,3.1908962726593018,250.0,39.0,0.34957275151709905,0.8381246343651517,0.9972804188728333,253.7252730884251,254.88774053671986,253.83853985853233
384171.0,6.402850151062012,2630.0,2630.0,4.600899696350098,245.0,9.0,0.375674381316019,0.9254985044492471,0.9974150657653809,253.73079181427102,254.95089172607322,254.04075366772676
384450.0,6.40749979019165,3014.0,3014.0,4.1763997077941895,255.0,57.0,0.330388924146776,0.8080049333502481,0.9970376491546631,253.65580006419003,254.85496702926244,253.63423403961573
384730.0,6.412166595458984,3375.0,3375.0,3.504218101501465,255.0,56.0,0.3313417350035147,0.8107031042621488,0.99668288230896,253.48477835089577,254.83988037916373,253.46838959840585
385009.0,6.416816711425781,2934.0,2934.0,3.0510175228118896,253.0,55.0,0.3333737894157728,0.8038067828143922,0.9971163272857666,253.6735949576555,254.85573195808547,253.67388190544716
385288.0,6.421466827392578,3263.0,3263.0,3.2728238105773926,245.0,10.0,0.375,0.9215686274509803,0.9967929124832153,253.42852711677554,254.93585824966428,253.80535989999774
385568.0,6.426133155822754,3199.0,3199.0,3.5223207473754883,245.0,10.0,0.375,0.9215686274509803,0.9968558549880981,253.45936894416812,254.93711709976193,253.8288059830666
385847.0,6.430783271789551,3606.0,3606.0,3.77934193611145,246.0,11.0,0.37364552254743083,0.9216020018988039,0.9964557886123657,253.26330625710423,254.92914593520229,253.6662281229273
386126.0,6.435433387756348,3839.0,3839.0,2.732633352279663,245.0,12.0,0.37363389670015024,0.9137591511093408,0.9962267875671387,253.1586399452707,254.91702171397003,253.58382260062584
386406.0,6.440100193023682,3356.0,3356.0,4.305131912231445,255.0,54.0,0.333228289156716,0.8161857445154094,0.9967015385627747,253.47325760055043,254.84539242050127,253.4723922465138
386685.0,6.44474983215332,3472.0,3472.0,2.5528273582458496,255.0,54.0,0.333228289156716,0.8161857445154094,0.9965875148773193,253.42048002578133,254.84004782989464,253.41958475753822
386964.0,6.449399948120117,3415.0,3415.0,2.771115779876709,255.0,54.0,0.333228289156716,0.8161857445154094,0.9966435432434082,253.44641359623765,254.8426740270563,253.4455330270819
387244.0,6.454066753387451,3896.0,3896.0,2.6966514587402344,245.0,10.0,0.375,0.9215686274509803,0.9961707592010498,253.12367200851443,254.92341518402097,253.57360780239108
387523.0,6.458716869354248,4150.0,4150.0,2.379700183868408,245.0,10.0,0.375,0.9215686274509803,0.9959211349487305,253.00135612487796,254.91842269897458,253.48062276840213
387802.0,6.463366508483887,4264.0,4264.0,2.677445411682129,245.0,11.0,0.37431985481098795,0.9176554382054158,0.9958090782165527,252.9506302929741,254.9119995974678,253.43296852371955
388081.0,6.468016624450684,4330.0,4330.0,3.078805446624756,245.0,10.0,0.375,0.9215686274509803,0.9957442283630371,252.9146718978882,254.9148845672607,253.41472506523135
388361.0,6.472683429718018,4466.0,4466.0,3.163078546524048,244.0,9.0,0.3763544774525693,0.9216020018988039,0.9956105351448059,252.84912486448366,254.91224805936736,253.38167238630064
388640.0,6.4773335456848145,4220.0,4220.0,2.1257877349853516,243.0,10.0,0.37636610329984976,0.9137591511093408,0.9958523511886597,252.97591177858598,254.90878732763045,253.47497371184159
388919.0,6.481983184814453,4334.0,4334.0,2.319880962371826,245.0,10.0,0.375,0.9215686274509803,0.9957402944564819,252.91274428367618,254.9148058891296,253.41325968503955
389199.0,6.486649990081787,4362.0,4362.0,2.5144195556640625,245.0,10.0,0.375,0.9215686274509803,0.9957127571105957,252.89925098419192,254.91425514221189,253.4030020236969
389478.0,6.491300106048584,4475.0,4475.0,2.2717397212982178,245.0,11.0,0.37431985481098795,0.9176554382054158,0.9956017136573792,252.84922858045357,254.9076453848098,253.35543264782385
389757.0,6.495950222015381,4418.0,4418.0,2.0395565032958984,253.0,57.0,0.3314589720138623,0.7983161826072008,0.995657742023468,253.02865027819064,254.77668039297308,253.0087680389956
390037.0,6.500616550445557,5012.0,5012.0,2.7560243606567383,246.0,12.0,0.37295966379373663,0.9177224705061833,0.9950739145278931,252.59104947561917,254.8966469336063,253.13922367629235
390316.0,6.5052666664123535,4811.0,4811.0,2.120647430419922,245.0,11.0,0.37431985481098795,0.9176554382054158,0.9952715039253235,252.6877553159052,254.90071168600977,253.23196361865962
390595.0,6.50991678237915,4617.0,4617.0,1.660630702972412,255.0,54.0,0.333228289156716,0.8161857445154094,0.99546217918396,252.89960150427555,254.78730038052015,252.89841100329943
390875.0,6.514583110809326,3823.0,3823.0,2.079967737197876,254.0,54.0,0.3337715915058025,0.8113857218957397,0.9962425231933594,253.2644088413347,254.81927798727858,253.26849744599667
391154.0,6.519233226776123,4952.0,4952.0,2.1763410568237305,245.0,11.0,0.37431985481098795,0.9176554382054158,0.9951328635215759,252.61995986223386,254.89780053376987,253.18012445587337
391433.0,6.52388334274292,4413.0,4413.0,1.752032995223999,255.0,53.0,0.33416202845470033,0.8189696361270764,0.9956626296043396,252.9881660121626,254.7997750860506,252.9971736417707
391713.0,6.528550148010254,4526.0,4526.0,2.091956615447998,246.0,12.0,0.37295966379373663,0.9177224705061833,0.995551586151123,252.82464008499394,254.9066688520788,253.31965904470937
391992.0,6.533199787139893,3964.0,3964.0,2.355236053466797,255.0,56.0,0.3313417350035147,0.8107031042621488,0.9961039423942566,253.22032517980128,254.81193453935236,253.2010760817185
392271.0,6.5378499031066895,5262.0,5262.0,2.658048391342163,245.0,10.0,0.375,0.9215686274509803,0.9948282241821289,252.4658298492432,254.89656448364255,253.07351350784305
392551.0,6.542516708374023,4817.0,4817.0,2.3005127906799316,245.0,10.0,0.375,0.9215686274509803,0.9952656030654907,252.68014550209048,254.9053120613098,253.23643714189532
392830.0,6.54716682434082,4431.0,4431.0,2.6828818321228027,245.0,10.0,0.375,0.9215686274509803,0.9956449866294861,252.8660434484482,254.9128997325897,253.3777575194836
393109.0,6.551816463470459,4884.0,4884.0,2.332341432571411,245.0,10.0,0.375,0.9215686274509803,0.9951997399330139,252.64787256717685,254.90399479866025,253.21190312504768
393389.0,6.556483268737793,4861.0,4861.0,2.2521040439605713,245.0,11.0,0.37431985481098795,0.9176554382054158,0.9952223300933838,252.6637092070149,254.89967914061083,253.2135769852552
393668.0,6.56113338470459,4040.0,4040.0,2.415302276611328,245.0,37.0,0.3544553428896871,0.8225297387256237,0.996029257774353,253.15461707328095,254.8203043916391,253.36571305401853
393947.0,6.565783500671387,3864.0,3864.0,2.3764171600341797,245.0,9.0,0.375674381316019,0.9254985044492471,0.9962022304534912,253.1352871065784,254.92785042470211,253.5906811633665
394227.0,6.5704498291015625,4130.0,4130.0,2.468313455581665,244.0,9.0,0.3763544774525693,0.9216020018988039,0.9959408044815063,253.01095965021884,254.9188506353494,253.5034375684294
394506.0,6.575099945068359,3970.0,3970.0,2.446272611618042,245.0,11.0,0.37431985481098795,0.9176554382054158,0.9960980415344238,253.0919339728532,254.91806720970294,253.54101506765244
394785.0,6.579750061035156,4135.0,4135.0,2.103400468826294,245.0,10.0,0.375,0.9215686274509803,0.99593585729599,253.00857007503512,254.91871714591977,253.4861068427563
395065.0,6.58441686630249,4099.0,4099.0,3.1491217613220215,245.0,10.0,0.375,0.9215686274509803,0.9959712624549866,253.02591860294345,254.9194252490997,253.49929526448253
395344.0,6.589066505432129,4001.0,4001.0,2.745774507522583,245.0,10.0,0.375,0.9215686274509803,0.9960675835609436,253.0731159448624,254.92135167121884,253.53517487645152
395623.0,6.593716621398926,3614.0,3614.0,2.7553374767303467,255.0,55.0,0.3322881909754828,0.8134301377526094,0.9964479804039001,253.36669889323042,254.8310115492802,253.35745845670888
395903.0,6.59838342666626,3795.0,3795.0,2.3187615871429443,255.0,53.0,0.33416202845470033,0.8189696361270764,0.9962700605392456,253.26991511095537,254.8278157640599,253.27766125898017
396182.0,6.603033542633057,3785.0,3785.0,2.6464054584503174,255.0,55.0,0.3322881909754828,0.8134301377526094,0.9962798953056335,253.28940946123186,254.82301484780467,253.27973175806844
396461.0,6.607683181762695,3549.0,3549.0,2.508671522140503,254.0,54.0,0.3337715915058025,0.8113857218957397,0.9965118169784546,253.38879654525044,254.8322301137614,253.39259212459731
396740.0,6.612333297729492,3620.0,3620.0,2.6477134227752686,253.0,54.0,0.3343213537856786,0.8065952669365024,0.9964420795440674,253.36093082476478,254.8245297427096,253.36960721875454
397020.0,6.617000102996826,3365.0,3365.0,2.6204471588134766,255.0,56.0,0.3313417350035147,0.8107031042621488,0.9966926574707031,253.48924353364666,254.84035223314592,253.47290307691267
397299.0,6.621650218963623,3494.0,3494.0,3.503683090209961,245.0,11.0,0.37431985481098795,0.9176554382054158,0.9965658783912659,253.32070719549583,254.92789078404977,253.71594438352062
397578.0,6.626299858093262,3609.0,3609.0,4.806950569152832,245.0,10.0,0.375,0.9215686274509803,0.9964528679847717,253.26190531253818,254.9290573596954,253.6786933243275
397858.0,6.630966663360596,3346.0,3346.0,3.521383285522461,245.0,10.0,0.375,0.9215686274509803,0.9967113733291626,253.3885729312897,254.93422746658322,253.7749865651131
398137.0,6.635616779327393,2855.0,2855.0,3.4333150386810303,245.0,10.0,0.375,0.9215686274509803,0.9971939325332642,253.62502694129947,254.94387865066525,253.95473986864093
398416.0,6.6402668952941895,3168.0,3168.0,2.7497754096984863,245.0,10.0,0.375,0.9215686274509803,0.9968863129615784,253.47429335117343,254.93772625923154,253.84015157818797
398696.0,6.644933223724365,3225.0,3225.0,3.7540013790130615,254.0,54.0,0.3337715915058025,0.8113857218957397,0.9968302845954895,253.53589780731818,254.84754733638147,253.53934685407134
398975.0,6.649583339691162,3588.0,3588.0,4.024423599243164,255.0,56.0,0.3313417350035147,0.8107031042621488,0.996473491191864,253.38913086916457,254.8297729216061,253.37170758624455
399254.0,6.654233455657959,3128.0,3128.0,5.187589168548584,245.0,10.0,0.375,0.9215686274509803,0.9969256520271301,253.4935694932938,254.93851304054257,253.85480538010597
399534.0,6.658899784088135,2811.0,2811.0,3.2315077781677246,255.0,52.0,0.33508940954257316,0.8217815251318676,0.9972372055053711,253.716531968147,254.87444283959226,253.7287322465496
399813.0,6.663549900054932,2913.0,2913.0,4.202142238616943,246.0,12.0,0.37295966379373663,0.9177224705061833,0.9971369504928589,253.5999137346259,254.93993101673215,253.91851354048623
400092.0,6.6682000160217285,3108.0,3108.0,4.611248016357422,245.0,11.0,0.37431985481098795,0.9176554382054158,0.9969452619552612,253.5062265689345,254.93585702824873,253.85780004608927
400372.0,6.6728668212890625,2801.0,2801.0,3.799677848815918,254.0,54.0,0.3337715915058025,0.8113857218957397,0.997247040271759,253.72839865410413,254.86759188449298,253.73139421856354
400651.0,6.677516460418701,2599.0,2599.0,5.145738124847412,246.0,12.0,0.37295966379373663,0.9177224705061833,0.9974455833435059,253.75084113359551,254.94640637159247,254.03509631284254
400930.0,6.682166576385498,2852.0,2852.0,3.0693771839141846,254.0,53.0,0.3347089631188986,0.8141860260678845,0.9971969127655029,253.70324296887813,254.86718254152836,253.71284986854653
401210.0,6.686833381652832,2328.0,2328.0,5.499467849731445,255.0,55.0,0.3322881909754828,0.8134301377526094,0.9977118968963623,253.9478770512196,254.89114277438236,253.94192464276242
401489.0,6.691483497619629,2683.0,2683.0,4.071893215179443,255.0,55.0,0.3322881909754828,0.8134301377526094,0.9973629713058472,253.78743296082257,254.87454252954632,253.78057283643574
401768.0,6.696133136749268,2664.0,2664.0,4.882990837097168,255.0,55.0,0.3322881909754828,0.8134301377526094,0.9973816871643066,253.79603894722243,254.87543294240564,253.78922751139075
402048.0,6.700799942016602,2493.0,2493.0,4.137474536895752,244.0,12.0,0.3743139915627049,0.9098123731858965,0.9975497126579285,253.806704783644,254.94364867189952,254.08626103710745
402327.0,6.705450057983398,2272.0,2272.0,3.7937920093536377,255.0,55.0,0.3322881909754828,0.8134301377526094,0.9977669715881348,253.97320167361912,254.89376297018498,253.96739253976375
402606.0,6.710100173950195,2343.0,2343.0,5.230162620544434,255.0,56.0,0.3313417350035147,0.8107031042621488,0.9976971745491028,253.94809551474984,254.88884098413337,253.93671803590905
402886.0,6.714766502380371,2314.0,2314.0,7.01976203918457,255.0,56.0,0.3313417350035147,0.8107031042621488,0.9977256655693054,253.96110988886525,254.890216265862,253.94987317448377
403165.0,6.719416618347168,2153.0,2153.0,5.014289855957031,246.0,11.0,0.37364552254743083,0.9216020018988039,0.9978839159011841,253.96310078267996,254.95769632692392,254.2036667253063
403444.0,6.724066734313965,2471.0,2471.0,4.46146297454834,245.0,11.0,0.37431985481098795,0.9176554382054158,0.9975713491439819,253.81238454200596,254.94900352142483,254.09190089127713
403724.0,6.728733539581299,1818.0,1818.0,5.690333366394043,245.0,11.0,0.37431985481098795,0.9176554382054158,0.9982131719589233,254.1262372699223,254.9624804291286,254.33188545915442
404003.0,6.7333831787109375,2279.0,2279.0,5.43416690826416,255.0,56.0,0.3313417350035147,0.8107031042621488,0.9977600574493408,253.9768197086657,254.89187638627496,253.96575291288886
404282.0,6.738033294677734,2297.0,2297.0,6.612118721008301,246.0,12.0,0.37295966379373663,0.9177224705061833,0.9977423548698425,253.89596811688438,254.9526328667353,254.1471985962651
404561.0,6.742683410644531,1955.0,1955.0,4.617984771728516,254.0,54.0,0.3337715915058025,0.8113857218957397,0.9980785250663757,254.11246427376437,254.90758351008725,254.1145550787848
404841.0,6.747350215911865,2239.0,2239.0,6.6731648445129395,121.0,4.0,0.5083688541782873,0.6858710298508166,0.9977993965148926,254.05396691574853,254.78507333248103,254.82372530684668
405120.0,6.751999855041504,2224.0,2224.0,6.093517303466797,255.0,55.0,0.3322881909754828,0.8134301377526094,0.9978141188621521,253.9948810852187,254.89600601659174,253.98919460310583
405399.0,6.756649971008301,1992.0,1992.0,7.336872100830078,255.0,55.0,0.3322881909754828,0.8134301377526094,0.9980421662330627,254.09974256281677,254.9068554420688,254.0946493367932
405679.0,6.761316776275635,2460.0,2460.0,7.370514869689941,255.0,39.0,0.34656999232382446,0.8607552811218986,0.997582197189331,253.85277046609076,254.91415010046808,253.937065187769
405958.0,6.765966892242432,2477.0,2477.0,5.623197555541992,244.0,9.0,0.3763544774525693,0.9216020018988039,0.9975654482841492,253.8070489400192,254.95132968489688,254.1024185410487
406237.0,6.77061653137207,2610.0,2610.0,5.351619720458984,255.0,55.0,0.3322881909754828,0.8134301377526094,0.9974347352981567,253.82043171122197,254.877956724077,253.81375827798294
406517.0,6.775283336639404,2030.0,2030.0,8.512222290039062,77.0,1.0,0.5604509807351349,0.7553983598376205,0.9980047941207886,254.1068928123839,254.59675491013292,254.87555218921827
406796.0,6.779933452606201,2035.0,2035.0,7.048431396484375,245.0,12.0,0.37363389670015024,0.9137591511093408,0.997999906539917,254.0239372236115,254.95601511174615,254.249316807573
407075.0,6.784583568572998,2225.0,2225.0,5.216630935668945,245.0,11.0,0.37431985481098795,0.9176554382054158,0.9978131651878357,253.93063310414905,254.95408114164715,254.1823185539701
407355.0,6.789249897003174,2401.0,2401.0,7.325424671173096,246.0,11.0,0.37364552254743083,0.9216020018988039,0.9976401329040527,253.84364503937425,254.95282274169264,254.11192532782178
407634.0,6.793900012969971,2285.0,2285.0,7.647449493408203,121.0,3.0,0.5083017568200819,0.6914093614035931,0.9977541565895081,254.0313466549681,254.7838269158207,254.823273205681
407913.0,6.798550128936768,2589.0,2589.0,6.135346412658691,245.0,11.0,0.37431985481098795,0.9176554382054158,0.997455358505249,253.75566487182346,254.94656796585355,254.04853072327106
408193.0,6.803216457366943,2357.0,2357.0,5.78182315826416,255.0,56.0,0.3313417350035147,0.8107031042621488,0.9976834058761597,253.94180614148485,254.8881763605365,253.93036063630493
408472.0,6.80786657333374,2346.0,2346.0,8.747486114501953,87.0,10.0,0.5528280328806108,0.6892707701190884,0.997694194316864,254.00674181376547,254.56037698042087,254.81729728783517
408751.0,6.812516689300537,2115.0,2115.0,7.289025783538818,79.0,2.0,0.5586923142021615,0.7461808437607738,0.9979212284088135,254.07437266157356,254.5868715210253,254.8654538269213
409031.0,6.817183494567871,1815.0,1815.0,7.751096725463867,87.0,10.0,0.5528280328806108,0.6892707701190884,0.9982160925865173,254.23155682420023,254.65988167628325,254.85865039492361
409310.0,6.82183313369751,1896.0,1896.0,8.284294128417969,88.0,9.0,0.5512081911747834,0.6927426283234642,0.9981365203857422,254.19563019808314,254.6517131137759,254.85399519864538
409589.0,6.826483249664307,1701.0,1701.0,8.235340118408203,88.0,9.0,0.5512081911747834,0.6927426283234642,0.9983281493186951,254.27834670630867,254.68752882319285,254.86900944622582
409869.0,6.831150054931641,1761.0,1761.0,6.927696704864502,86.0,6.0,0.5523841915189815,0.7120536333578827,0.9982692003250122,254.24437842259476,254.6753618555074,254.87291374316146
410148.0,6.8358001708984375,2011.0,2011.0,5.74014139175415,177.0,24.0,0.4290000967449339,0.6362737544936451,0.9980234503746033,254.17528504949485,254.81667464155282,254.54344304764328
410427.0,6.840449810028076,2246.0,2246.0,6.716907501220703,255.0,42.0,0.34401483405853256,0.8513778777120293,0.9977924823760986,253.95782793014462,254.91633808166569,254.01925789141612
410707.0,6.84511661529541,1971.0,1971.0,5.874492645263672,255.0,39.0,0.34656999232382446,0.8607552811218986,0.998062789440155,254.08080793113143,254.93121468334763,254.14834719622522
410986.0,6.849766731262207,2258.0,2258.0,6.334667205810547,88.0,9.0,0.5512081911747834,0.6927426283234642,0.9977806806564331,254.04203220302674,254.58520618213703,254.82611493175415
411265.0,6.854416847229004,2097.0,2097.0,7.077809810638428,252.0,43.0,0.34490366987950527,0.8344836351491833,0.9979389309883118,254.0358456699219,254.9130091341171,254.09674012884238
411545.0,6.85908317565918,2225.0,2225.0,10.641268730163574,75.0,0.0,0.5621670418109989,0.7647058823529411,0.9978131651878357,254.01592433452606,254.55066913145848,254.86878991127014
411824.0,6.863733291625977,2077.0,2077.0,7.624349594116211,177.0,24.0,0.4290000967449339,0.6362737544936451,0.9979586005210876,254.1482264606058,254.8106598051489,254.52846358489597
412103.0,6.868383407592773,1672.0,1672.0,7.507721424102783,88.0,8.0,0.5508083052245833,0.6980061679773395,0.9983566403388977,254.28843911560702,254.6951077629499,254.8734474572308
412383.0,6.873050212860107,2179.0,2179.0,7.438376426696777,88.0,9.0,0.5512081911747834,0.6927426283234642,0.9978583455085754,254.0755561875424,254.59972184912624,254.83220002183108
412662.0,6.877699851989746,1945.0,1945.0,7.096826553344727,86.0,13.0,0.5553411565326383,0.6754325653437191,0.9980883598327637,254.1832798317012,254.62312949473306,254.84178368300826
412941.0,6.882349967956543,1646.0,1646.0,5.893598556518555,88.0,9.0,0.5512081911747834,0.6927426283234642,0.9983822107315063,254.301682281102,254.69763297511852,254.87324519196625
413221.0,6.887016773223877,2112.0,2112.0,6.885644435882568,255.0,56.0,0.3313417350035147,0.8107031042621488,0.9979242086410522,254.0518021068119,254.89980008058572,254.04154632635093
413500.0,6.891666889190674,1663.0,1663.0,10.37545108795166,75.0,0.0,0.5621670418109989,0.7647058823529411,0.9983655214309692,254.26448464393616,254.66416225361428,254.90193128585815
413779.0,6.8963165283203125,1510.0,1510.0,6.11224365234375,121.0,4.0,0.5083688541782873,0.6858710298508166,0.9985159039497375,254.36199139315337,254.85505257057002,254.88111962121278
414058.0,6.900966644287109,1907.0,1907.0,7.346937656402588,88.0,9.0,0.5512081911747834,0.6927426283234642,0.9981256723403931,254.19094764614005,254.64968559927703,254.85314524746042
414338.0,6.905633449554443,2232.0,2232.0,6.633251190185547,177.0,25.0,0.4283968245225053,0.631275111224511,0.9978062510490417,254.08745494368688,254.7937330913244,254.49030254247714
414617.0,6.91028356552124,1914.0,1914.0,7.695233345031738,77.0,3.0,0.5613293919502536,0.7451083590616604,0.9981188178062439,254.16286897333333,254.6146768515507,254.87772810785106
414896.0,6.914933204650879,1799.0,1799.0,6.856424331665039,177.0,24.0,0.4290000967449339,0.6362737544936451,0.998231828212738,254.26223066232214,254.83600172617426,254.5915755860299
415176.0,6.919600009918213,2190.0,2190.0,7.043644905090332,86.0,10.0,0.5540355196117186,0.6910978956866601,0.9978475570678711,254.07180211315728,254.58448774919322,254.83045199145698
415455.0,6.92425012588501,1984.0,1984.0,4.140992164611816,155.0,176.0,0.08209356564529845,0.3092076664756307,0.9980500340461731,254.656509509458,254.5004712980761,254.34900785409027
415734.0,6.928899765014648,1778.0,1778.0,7.886870861053467,88.0,9.0,0.5512081911747834,0.6927426283234642,0.9982524514198303,254.2456717559365,254.67338078245893,254.86307846817695
416014.0,6.933566570281982,1630.0,1630.0,6.637672424316406,88.0,9.0,0.5512081911747834,0.6927426283234642,0.998397946357727,254.3084745542502,254.70057398516087,254.87447808819059
416293.0,6.938216686248779,1606.0,1606.0,6.688701629638672,88.0,9.0,0.5512081911747834,0.6927426283234642,0.9984215497970581,254.31866296397254,254.70498550022432,254.8763274325271
416572.0,6.942866802215576,1586.0,1586.0,6.956337928771973,77.0,1.0,0.5604509807351349,0.7553983598376205,0.9984411597251892,254.3022216562788,254.68494745667402,254.9027698035677
416852.0,6.947533130645752,1473.0,1473.0,7.338514804840088,227.0,124.0,0.2555961077440849,0.5521618760913225,0.9985522627830505,254.617138264136,254.83467026061638,254.4269837587394
417131.0,6.952183246612549,1931.0,1931.0,7.346417427062988,155.0,176.0,0.08209356564529845,0.3092076664756307,0.9981021285057068,254.6656860550406,254.5138164940254,254.36639948286987
417410.0,6.956833362579346,1939.0,1939.0,4.6354756355285645,179.0,27.0,0.4246324511474002,0.62628568261425,0.9980942606925964,254.20968447964145,254.81838847358273,254.54312930558189
417690.0,6.96150016784668,2000.0,2000.0,6.169675827026367,179.0,26.0,0.42527015718531513,0.6312263866866779,0.9980342984199524,254.18234140714003,254.8151507870357,254.53141231408813
417969.0,6.966149806976318,1920.0,1920.0,10.819828033447266,75.0,0.0,0.5621670418109989,0.7647058823529411,0.9981129169464111,254.150812625885,254.6122593884264,254.88677501678467
418248.0,6.970799922943115,1809.0,1809.0,5.156957149505615,88.0,9.0,0.5512081911747834,0.6927426283234642,0.9982219934463501,254.23252459086555,254.66768814559668,254.860692066773
418528.0,6.975466728210449,1432.0,1432.0,5.020431041717529,88.0,9.0,0.5512081911747834,0.6927426283234642,0.9985925555229187,254.39247747784472,254.7369467040555,254.88972583884382
418807.0,6.980116844177246,1520.0,1520.0,5.781304359436035,177.0,25.0,0.4283968245225053,0.631275111224511,0.9985060691833496,254.37856189943128,254.85953338407703,254.65289887038847
419086.0,6.984766483306885,2016.0,2016.0,5.108023166656494,156.0,175.0,0.08601043481131534,0.3072117917126884,0.9980185627937317,254.64995733534906,254.49972011151155,254.3395096894541
419366.0,6.989433288574219,1745.0,1745.0,6.9896559715271,121.0,15.0,0.5091854068895626,0.6249582838827067,0.9982849359512329,254.28933857897448,254.80585208145683,254.8359787561543
419645.0,6.994083404541016,1849.0,1849.0,5.949459075927734,122.0,4.0,0.507083191702667,0.6856019112988414,0.9981827139854431,254.218878701224,254.82730033529702,254.85430543135197
419924.0,6.9987335205078125,1654.0,1654.0,7.080082893371582,155.0,175.0,0.08352384117184013,0.3043955822796083,0.998374342918396,254.71164236684612,254.58574591479336,254.45927252153584
420204.0,7.003399848937988,1805.0,1805.0,4.934160232543945,155.0,175.0,0.08352384117184013,0.3043955822796083,0.9982259273529053,254.68531654347763,254.54792628173024,254.40990640650406
420483.0,7.008049964904785,1912.0,1912.0,4.549712181091309,90.0,8.0,0.5483951391930794,0.694604902646439,0.9981207847595215,254.18794552329112,254.66035217327092,254.85365470406484
420762.0,7.012700080871582,1346.0,1346.0,6.933877944946289,88.0,9.0,0.5512081911747834,0.6927426283234642,0.9986770749092102,254.42896021770903,254.7527434928434,254.89634798598817
421042.0,7.017366886138916,1722.0,1722.0,5.92120361328125,88.0,9.0,0.5512081911747834,0.6927426283234642,0.9983075261116028,254.26944471195532,254.68367431760706,254.8673936049621
421321.0,7.022016525268555,1645.0,1645.0,6.948566913604736,88.0,9.0,0.5512081911747834,0.6927426283234642,0.9983832240104675,254.30211966232744,254.69782235834094,254.873324583011
421600.0,7.026666641235352,1640.0,1640.0,5.794234275817871,88.0,9.0,0.5512081911747834,0.6927426283234642,0.9983881115913391,254.30422938353257,254.69873585388441,254.87370752805037
421880.0,7.0313334465026855,1346.0,1346.0,3.471102714538574,89.0,8.0,0.5496046691821043,0.696285525669204,0.9986770749092102,254.42776503582192,254.7577240348983,254.89754316787528
422159.0,7.035983562469482,1733.0,1733.0,5.036379337310791,177.0,24.0,0.4290000967449339,0.6362737544936451,0.9982967376708984,254.28931412123774,254.84202209092047,254.6065688166658
422438.0,7.040633201599121,1834.0,1834.0,6.715383529663086,30.0,0.0,0.6039037684205792,0.8901615264953856,0.9981974363327026,254.13118019428916,254.43934557570932,254.9495123353892
422717.0,7.045283317565918,1710.0,1710.0,4.877835273742676,80.0,17.0,0.5646142790734255,0.6670471809107195,0.9983193278312683,254.2855512507656,254.63564483963754,254.85730594318125
422997.0,7.049950122833252,2140.0,2140.0,7.570040225982666,30.0,0.0,0.6039037684205792,0.8901615264953856,0.997896671295166,253.98621409616013,254.34579811770487,254.94108826437454
423276.0,7.054599761962891,2150.0,2150.0,6.056643009185791,86.0,10.0,0.5540355196117186,0.6910978956866601,0.9978868365287781,254.08874059364658,254.59207034149722,254.83354603603024
423555.0,7.0592498779296875,2301.0,2301.0,7.461465835571289,41.0,8.0,0.5997190992076801,0.8181429821578456,0.9977384209632874,253.9514721161804,254.3305227327162,254.89512257509614
423835.0,7.0639166831970215,2742.0,2742.0,10.420308113098145,27.0,2.0,0.6074656534593109,0.8916805451172305,0.9973050355911255,253.70000700577694,254.13533128671938,254.92556114569706
424114.0,7.068566799163818,3008.0,3008.0,7.1430888175964355,28.0,0.0,0.6054672165574752,0.896942561843535,0.9970435500144958,253.56990496858657,254.0665019959354,254.9223055388063
424393.0,7.073216438293457,3433.0,3433.0,8.289448738098145,78.0,10.0,0.5634570920212915,0.707112218357348,0.9966258406639099,253.53118249952237,254.28470347041156,254.74799623907168
424673.0,7.077883243560791,3583.0,3583.0,6.421969413757324,25.0,3.0,0.6096233150795641,0.8943670102907986,0.9964784383773804,253.29886180853782,253.84862736199304,254.90514176392617
424952.0,7.082533359527588,4258.0,4258.0,8.434739112854004,19.0,4.0,0.6147241125214246,0.9117035610954418,0.9958149790763855,252.95986755225215,253.56631896549257,254.90577177670446
425231.0,7.087183475494385,4400.0,4400.0,7.893957138061523,19.0,5.0,0.6153660298363413,0.9075445237938492,0.9956754446029663,252.896433098809,253.51253647418443,254.8980436487038
425511.0,7.0918498039245605,4061.0,4061.0,7.2952117919921875,27.0,4.0,0.6087152671702931,0.8830498337255676,0.9960086345672607,253.08343529631333,253.70845262701147,254.88096833298965
425790.0,7.096499919891357,4239.0,4239.0,8.793699264526367,74.0,8.0,0.5669944514854288,0.7261258476572152,0.995833694934845,253.16615045014174,254.0888461572713,254.7090339666292
426069.0,7.101150035858154,4325.0,4325.0,7.485982894897461,27.0,4.0,0.6087152671702931,0.8830498337255676,0.9957491159439087,252.95882023867262,253.62447620293298,254.87322889272082
426349.0,7.105816841125488,3347.0,3347.0,10.510993957519531,27.0,5.0,0.609349259289535,0.878755192415298,0.9967103600502014,253.4239908251005,253.93100982662656,254.89829280050222
426628.0,7.110466480255127,3014.0,3014.0,6.528866291046143,79.0,12.0,0.5632727465961428,0.694737731224141,0.9970376491546631,253.71979602356737,254.370935171364,254.7694050453108
426907.0,7.115116596221924,2769.0,2769.0,7.327742576599121,80.0,12.0,0.5620977234603767,0.6926094171251959,0.9972784519195557,253.82533793291964,254.428492400298,254.78667254605375
427187.0,7.119783401489258,2393.0,2393.0,5.493703365325928,81.0,12.0,0.5609155215282648,0.6905190866272559,0.9976480007171631,253.9860945817608,254.5116510406251,254.81438578399238
427466.0,7.124433517456055,2148.0,2148.0,8.678711891174316,27.0,0.0,0.606240072123525,0.9003651700539992,0.9978888034820557,253.97692869589062,254.32840568154472,254.94636107995777
427745.0,7.129083156585693,2119.0,2119.0,7.229083061218262,82.0,13.0,0.5601996636998324,0.6833101242295943,0.9979173541069031,254.10603657615601,254.56966467071328,254.83181401836455
428025.0,7.133749961853027,2252.0,2252.0,5.397228717803955,171.0,22.0,0.43775709787868705,0.6328809165376164,0.9977865815162659,254.0783665553877,254.7927900179079,254.525983280003
428304.0,7.138400077819824,2112.0,2112.0,6.486993312835693,75.0,0.0,0.5621670418109989,0.7647058823529411,0.9979242086410522,254.0658938884735,254.57348532726903,254.87545251846313
428583.0,7.143050193786621,1812.0,1812.0,5.925668239593506,80.0,18.0,0.5651408764689061,0.661955673244835,0.9982190728187561,254.24524538171144,254.6114913695943,254.84648175585417
428863.0,7.147716522216797,1653.0,1653.0,6.685399055480957,88.0,8.0,0.5508083052245833,0.6980061679773395,0.9983753561973572,254.2965429245983,254.69858011297111,254.87488873605386
429142.0,7.152366638183594,1828.0,1828.0,8.058810234069824,85.0,11.0,0.5556731020691489,0.6877519111369937,0.9982033371925354,254.22675812282336,254.64643748104663,254.8569438453697
429421.0,7.157016754150391,1885.0,1885.0,11.021496772766113,86.0,11.0,0.5544641040107141,0.6858710298508166,0.9981473088264465,254.2035334139277,254.63981782395624,254.85159408756004
429701.0,7.161683559417725,1961.0,1961.0,8.412759780883789,87.0,10.0,0.5528280328806108,0.6892707701190884,0.998072624206543,254.16975580431486,254.63252811267648,254.84728254102205
429980.0,7.166333198547363,2037.0,2037.0,6.157657146453857,87.0,10.0,0.5528280328806108,0.6892707701190884,0.9979979395866394,254.1375843552428,254.61828880432614,254.8413648339433
430259.0,7.17098331451416,1971.0,1971.0,5.127498626708984,155.0,175.0,0.08352384117184013,0.3043955822796083,0.998062789440155,254.6563792830119,254.50635506257606,254.35564333146718
430539.0,7.175650119781494,1684.0,1684.0,5.930438995361328,88.0,9.0,0.5512081911747834,0.6927426283234642,0.998344898223877,254.28557636068234,254.6906592164576,254.8703217334949
430818.0,7.180300235748291,1664.0,1664.0,8.529504776000977,79.0,18.0,0.5663600681140246,0.6641822218615805,0.9983645081520081,254.3059521033559,254.63936819814384,254.8599470541682
431097.0,7.18494987487793,1641.0,1641.0,5.2399773597717285,80.0,17.0,0.5646142790734255,0.6670471809107195,0.9983871579170227,254.31438561884121,254.65034981436864,254.86306491884037
431376.0,7.189599990844727,1962.0,1962.0,6.95906925201416,177.0,25.0,0.4283968245225053,0.631275111224511,0.9980716109275818,254.19783805985875,254.81868351320796,254.55195647756454
431656.0,7.1942667961120605,1901.0,1901.0,7.331791877746582,176.0,25.0,0.4296607153366795,0.6288831693991789,0.9981315732002258,254.22392051331138,254.8231818188038,254.57027214947533
431935.0,7.198916435241699,1559.0,1559.0,7.787964820861816,88.0,9.0,0.5512081911747834,0.6927426283234642,0.998467743396759,254.33860240219178,254.71361914712887,254.87994673015532
432214.0,7.203566551208496,1582.0,1582.0,6.102746963500977,88.0,9.0,0.5512081911747834,0.6927426283234642,0.9984450936317444,254.32882564538752,254.70938587509826,254.8781721068021
432494.0,7.20823335647583,1942.0,1942.0,4.502386093139648,88.0,9.0,0.5512081911747834,0.6927426283234642,0.9980912804603577,254.17610241278203,254.64325770990422,254.85045062200038
432773.0,7.212883472442627,1562.0,1562.0,5.928499221801758,88.0,9.0,0.5512081911747834,0.6927426283234642,0.9984647631645203,254.33731598682277,254.71306213765118,254.87971322708256
433052.0,7.217533111572266,2016.0,2016.0,5.438429355621338,87.0,10.0,0.5528280328806108,0.6892707701190884,0.9980185627937317,254.14646809137923,254.62222080806853,254.84299893342393
433332.0,7.2221999168396,1436.0,1436.0,4.765600204467773,25.0,45.0,0.6421393752639711,0.729717414350133,0.9985886216163635,254.37747212905458,254.4547702949999,254.90272489529082
433611.0,7.2268500328063965,1560.0,1560.0,5.908107757568359,88.0,9.0,0.5512081911747834,0.6927426283234642,0.9984667301177979,254.33816502096633,254.71342976390645,254.87986733911058
433890.0,7.231500148773193,1958.0,1958.0,6.028792858123779,88.0,9.0,0.5512081911747834,0.6927426283234642,0.998075544834137,254.16931013963378,254.6403166998619,254.84921772577607
434170.0,7.236166477203369,1538.0,1538.0,6.2063188552856445,88.0,9.0,0.5512081911747834,0.6927426283234642,0.9984883666038513,254.3475043965451,254.71747365271466,254.88156257141907
434449.0,7.240816593170166,1909.0,1909.0,3.8303921222686768,180.0,26.0,0.4240281228331393,0.6337550954063245,0.9981237053871155,254.2183214995077,254.82476824792118,254.54833086064892
434728.0,7.245466709136963,1622.0,1622.0,5.876735687255859,88.0,9.0,0.5512081911747834,0.6927426283234642,0.9984058141708374,254.31187069082432,254.702044490182,254.87509453630275
435008.0,7.250133514404297,1856.0,1856.0,5.423043251037598,121.0,3.0,0.5083017568200819,0.6914093614035931,0.9981757998466492,254.2132053498049,254.82441207990374,254.85645257198618
435287.0,7.2547831535339355,1527.0,1527.0,5.755482196807861,88.0,9.0,0.5512081911747834,0.6927426283234642,0.9984991550445557,254.35216122018085,254.71949002702397,254.88240785254254
435566.0,7.259433269500732,1974.0,1974.0,5.300670623779297,166.0,54.0,0.4232056239896148,0.46016228352816263,0.998059868812561,254.27760887182623,254.7329242225799,254.52313027308543
435846.0,7.264100074768066,1893.0,1893.0,5.565825939178467,25.0,45.0,0.6421393752639711,0.729717414350133,0.9981394410133362,254.17934847368718,254.28124729753878,254.87176644311427
436125.0,7.268750190734863,1605.0,1605.0,4.390218734741211,88.0,9.0,0.5512081911747834,0.6927426283234642,0.9984225034713745,254.31907461689065,254.7051637432572,254.87640215351036
436404.0,7.273399829864502,1556.0,1556.0,5.963658332824707,87.0,10.0,0.5528280328806108,0.6892707701190884,0.998470664024353,254.3412170468552,254.70841805773918,254.87882160556484
436684.0,7.278066635131836,1722.0,1722.0,5.2320876121521,88.0,9.0,0.5512081911747834,0.6927426283234642,0.9983075261116028,254.26944471195532,254.68367431760706,254.8673936049621
436963.0,7.282716751098633,1615.0,1615.0,5.615773677825928,84.0,12.0,0.5573265194019106,0.6844794450724168,0.9984126687049866,254.31817413056257,254.68169476732362,254.87228690898058
437242.0,7.28736686706543,1811.0,1811.0,8.440658569335938,162.0,166.0,0.11628789342129836,0.2867039486499488,0.9982200264930725,254.67623974113022,254.5975684591737,254.41597377033676
437522.0,7.2920331954956055,1626.0,1626.0,6.871118545532227,155.0,175.0,0.08352384117184013,0.3043955822796083,0.9984018802642822,254.7165269172061,254.59276305153043,254.46843201757784
437801.0,7.296683311462402,1781.0,1781.0,4.046131610870361,181.0,26.0,0.42279603496678175,0.6363220925438929,0.9982495307922363,254.26959548356973,254.8376652204708,254.57452180384595
438080.0,7.301333427429199,1661.0,1661.0,6.028163909912109,24.0,49.0,0.6467259780677082,0.720427486405129,0.9983674883842468,254.28380244681756,254.35556669378016,254.88361662914832
438360.0,7.306000232696533,1819.0,1819.0,6.044122219085693,87.0,10.0,0.5528280328806108,0.6892707701190884,0.9982121586799622,254.22986223869447,254.6591316408873,254.85833868808623
438639.0,7.310649871826172,1840.0,1840.0,8.13852310180664,155.0,175.0,0.08352384117184013,0.3043955822796083,0.9981915354728699,254.67921614183763,254.53916245511277,254.398466949326
438918.0,7.315299987792969,1726.0,1726.0,4.831232070922852,25.0,44.0,0.6412015659588648,0.7332074968054951,0.9983035922050476,254.25024218949807,254.3471645495685,254.8845898350762
439197.0,7.319950103759766,2170.0,2170.0,7.470803737640381,161.0,164.0,0.11818324534853591,0.27476178910750365,0.997867226600647,254.6055739650816,254.51863474567043,254.30671160124837
439477.0,7.324616432189941,1759.0,1759.0,6.053374290466309,88.0,9.0,0.5512081911747834,0.6927426283234642,0.9982711672782898,254.25375044445374,254.67687880197897,254.86454486747405
439756.0,7.329266548156738,1820.0,1820.0,6.401951789855957,88.0,9.0,0.5512081911747834,0.6927426283234642,0.9982112050056458,254.22786776722984,254.66567177128738,254.8598467856495
440035.0,7.333916664123535,2129.0,2129.0,5.271389961242676,89.0,11.0,0.5507979989307275,0.6804684367027702,0.9979075193405151,254.1033313358178,254.60817496244022,254.8295035278449
440315.0,7.338583469390869,1750.0,1750.0,6.38739013671875,122.0,4.0,0.507083191702667,0.6856019112988414,0.9982799887657166,254.26069017288927,254.8365445168968,254.86210409762617
440594.0,7.343233108520508,1570.0,1570.0,8.030765533447266,161.0,165.0,0.11604299275966694,0.27887288937350624,0.9984568953514099,254.7162424778588,254.64958071989736,254.49677415136026
440873.0,7.347883224487305,1703.0,1703.0,6.117178440093994,156.0,175.0,0.08601043481131534,0.3072117917126884,0.9983261823654175,254.70430171438417,254.57738892914202,254.44205129197874
441153.0,7.352550029754639,1692.0,1692.0,5.280193328857422,177.0,24.0,0.4290000967449339,0.6362737544936451,0.9983370304107666,254.30612625918718,254.8457592503038,254.61587590932865
441432.0,7.3572001457214355,1588.0,1588.0,5.261537551879883,121.0,3.0,0.5083017568200819,0.6914093614035931,0.9984392523765564,254.3268348990244,254.84977063591825,254.87718381301937
441711.0,7.361849784851074,1460.0,1460.0,7.446364879608154,88.0,9.0,0.5512081911747834,0.6927426283234642,0.9985650181770325,254.38059099983533,254.73179993648142,254.88756827045123
441991.0,7.366516590118408,1815.0,1815.0,6.020198345184326,87.0,10.0,0.5528280328806108,0.6892707701190884,0.9982160925865173,254.23155682420023,254.65988167628325,254.85865039492361
442270.0,7.371166706085205,1689.0,1689.0,5.230690956115723,88.0,8.0,0.5508083052245833,0.6980061679773395,0.9983399510383606,254.28121278911794,254.6920113998737,254.87216224044596
442549.0,7.375816822052002,1890.0,1890.0,5.11217737197876,176.0,29.0,0.4271806125349873,0.6089048286471913,0.998142421245575,254.23788980596538,254.81474502927784,254.5627075651722
442829.0,7.380483150482178,1828.0,1828.0,8.005919456481934,82.0,20.0,0.5637244263065914,0.6473914771768786,0.9982033371925354,254.24524921592362,254.61164342204935,254.83845275226943
443108.0,7.385133266448975,1696.0,1696.0,6.272872447967529,155.0,176.0,0.08209356564529845,0.3092076664756307,0.9983330965042114,254.706371540318,254.57298426782808,254.44350767682982
443387.0,7.3897833824157715,1687.0,1687.0,7.543251037597656,87.0,6.0,0.5512081911747833,0.7102804163822861,0.9983419179916382,254.2768747771475,254.69296076695736,254.87750339858798
443667.0,7.3944501876831055,1519.0,1519.0,6.758848190307617,161.0,166.0,0.1139652890534704,0.28303295020809616,0.998507022857666,254.72704406862778,254.65889913839308,254.5115375887819
443946.0,7.399099826812744,1385.0,1385.0,5.6288228034973145,155.0,174.0,0.08499994081446928,0.299608869724142,0.9986387491226196,254.7568809496477,254.65496095087212,254.54888110288832
444225.0,7.403749942779541,1709.0,1709.0,5.079689979553223,155.0,175.0,0.08352384117184013,0.3043955822796083,0.9983202815055847,254.7020530006633,254.57196984764948,254.4412905671849
444505.0,7.408416748046875,1366.0,1366.0,5.390284061431885,25.0,46.0,0.6430861651205574,0.7262529112106243,0.9986574053764343,254.40899724123597,254.47935423177128,254.90627950074554
444784.0,7.413066864013672,1818.0,1818.0,6.9796295166015625,36.0,1.0,0.5996638166818555,0.8658500278137828,0.9982131719589233,254.14984194671396,254.46704702898057,254.93887575233694
445063.0,7.4177165031433105,1805.0,1805.0,6.786142826080322,156.0,175.0,0.08601043481131534,0.3072117917126884,0.9982259273529053,254.68659056430917,254.55207620849592,254.40863238567252
445343.0,7.4223833084106445,1389.0,1389.0,3.9685113430023193,88.0,9.0,0.5512081911747834,0.6927426283234642,0.9986348152160645,254.41071884777688,254.74484509844945,254.893036912416
445622.0,7.427033424377441,1426.0,1426.0,4.147564888000488,89.0,8.0,0.5496046691821043,0.696285525669204,0.9985984563827515,254.39375837135916,254.7433261075287,254.8914543838441
445901.0,7.431683540344238,1365.0,1365.0,5.645551681518555,88.0,9.0,0.5512081911747834,0.6927426283234642,0.9986584186553955,254.4209072574992,254.74925661351293,254.8948862567525
446181.0,7.436349868774414,1684.0,1684.0,5.180661201477051,155.0,176.0,0.08209356564529845,0.3092076664756307,0.998344898223877,254.70845043737216,254.57600755020562,254.44744765680508
446460.0,7.440999984741211,1774.0,1774.0,8.020407676696777,89.0,9.0,0.5499963749250598,0.6910088796958628,0.9982563853263855,254.2481406865582,254.678286652007,254.8626158298984
446739.0,7.445650100708008,1782.0,1782.0,7.5490522384643555,40.0,5.0,0.5987157716443733,0.8348889747468143,0.9982485771179199,254.18051503320578,254.48455897427397,254.92625929693338
447019.0,7.450316429138184,1784.0,1784.0,10.1071138381958,88.0,9.0,0.5512081911747834,0.6927426283234642,0.9982466101646423,254.24315038181334,254.6722890438826,254.86262080215425
447298.0,7.4549665451049805,1892.0,1892.0,8.35628604888916,88.0,9.0,0.5512081911747834,0.6927426283234642,0.9981404542922974,254.1973282663702,254.6524483662865,254.85430342270146
447577.0,7.459616661071777,1877.0,1877.0,7.905539512634277,167.0,57.0,0.41871889288180403,0.4481754201515175,0.9981551766395569,254.31873489949564,254.74040518667837,254.53476221999202
447857.0,7.464283466339111,1900.0,1900.0,4.392872333526611,155.0,176.0,0.08209356564529845,0.3092076664756307,0.998132586479187,254.6710512893572,254.5216190056159,254.37656781502818
448136.0,7.46893310546875,1610.0,1610.0,6.408560276031494,155.0,176.0,0.08209356564529845,0.3092076664756307,0.9984176158905029,254.7212598030595,254.59463585576415,254.471724301097
448415.0,7.473583221435547,1463.0,1463.0,5.400502681732178,82.0,20.0,0.5637244263065914,0.6473914771768786,0.9985620975494385,254.39595899827296,254.68919105309755,254.87071075194066
448694.0,7.478233337402344,1447.0,1447.0,5.846651077270508,88.0,9.0,0.5512081911747834,0.6927426283234642,0.9985778331756592,254.38612258592195,254.73419507723557,254.88857233366423
448974.0,7.482900142669678,1665.0,1665.0,5.820501327514648,155.0,174.0,0.08499994081446928,0.299608869724142,0.9983635544776917,254.70773125810388,254.58520680034124,254.45768152551886
449253.0,7.487549781799316,1730.0,1730.0,8.107161521911621,155.0,175.0,0.08352384117184013,0.3043955822796083,0.9982996582984924,254.69839487420325,254.56671458940056,254.4344308580279
449532.0,7.492199897766113,1627.0,1627.0,7.90413236618042,88.0,9.0,0.5512081911747834,0.6927426283234642,0.998400866985321,254.3097352413118,254.70111985444902,254.87470692120192
449812.0,7.496866703033447,1771.0,1771.0,5.54777717590332,177.0,24.0,0.4290000967449339,0.6362737544936451,0.9982593655586243,254.27372061458937,254.838555820309,254.5979363505421
450091.0,7.501516819000244,1786.0,1786.0,7.31682825088501,88.0,9.0,0.5512081911747834,0.6927426283234642,0.9982446432113647,254.2423013476698,254.67192141762732,254.8624666901262
450370.0,7.506166458129883,1916.0,1916.0,5.1958417892456055,155.0,175.0,0.08352384117184013,0.3043955822796083,0.9981168508529663,254.66596864919472,254.52013112971997,254.3736252858181
450650.0,7.510833263397217,1603.0,1603.0,7.168569087982178,161.0,167.0,0.11194810967416825,0.2872398443487057,0.9984244704246521,254.71364145013365,254.6378662128296,254.48283846643892
450929.0,7.515483379364014,1823.0,1823.0,4.712705612182617,177.0,25.0,0.4283968245225053,0.631275111224511,0.998208224773407,254.25466602532728,254.83152860911028,254.5836974522322
451208.0,7.5201334953308105,1624.0,1624.0,6.1837687492370605,30.0,38.0,0.6318046183892417,0.7340040971341818,0.9984038472175598,254.29422745657715,254.4192093989571,254.89173462437836
451488.0,7.524799823760986,1651.0,1651.0,7.547116756439209,76.0,0.0,0.5610967913167303,0.762611511060009,0.9983773231506348,254.27066203217743,254.6704197266641,254.9017727746463
451767.0,7.529449939727783,1622.0,1622.0,5.603396415710449,25.0,46.0,0.6430861651205574,0.7262529112106243,0.9984058141708374,254.29824817820628,254.38178949091918,254.8887170489208
452046.0,7.53410005569458,1547.0,1547.0,7.26907205581665,155.0,175.0,0.08352384117184013,0.3043955822796083,0.9984795451164246,254.73030304084028,254.612553807306,254.49426496853624
452326.0,7.538766860961914,1460.0,1460.0,4.79453706741333,155.0,176.0,0.08209356564529845,0.3092076664756307,0.9985650181770325,254.74722501727652,254.63239634727745,254.52093425301004
452605.0,7.543416500091553,1523.0,1523.0,4.597581386566162,30.0,38.0,0.6318046183892417,0.7340040971341818,0.9985030889511108,254.3381092775861,254.45532039454082,254.89846608748041
452884.0,7.54806661605835,1759.0,1759.0,6.145052433013916,94.0,6.0,0.5428183486090283,0.6989749181325413,0.9982711672782898,254.25100292488273,254.70896140483543,254.86729238704507
453164.0,7.552733421325684,1672.0,1672.0,5.333907127380371,89.0,9.0,0.5499963749250598,0.6910088796958628,0.9983566403388977,254.29137137623817,254.69678464712973,254.87051519659965
453443.0,7.5573835372924805,1633.0,1633.0,4.754241943359375,177.0,24.0,0.4290000967449339,0.6362737544936451,0.9983949661254883,254.33029992499615,254.85113279900287,254.62925829700364
453722.0,7.562033176422119,1189.0,1189.0,4.398530960083008,88.0,9.0,0.5512081911747834,0.6927426283234642,0.9988313913345337,254.49557080551492,254.78158544359937,254.90843877509727
454002.0,7.566699981689453,1496.0,1496.0,5.347459316253662,88.0,9.0,0.5512081911747834,0.6927426283234642,0.9985296726226807,254.3653341135592,254.72519380407576,254.88479892400795
454281.0,7.57135009765625,1561.0,1561.0,6.409907817840576,122.0,6.0,0.507199629736764,0.6745212037340359,0.9984657764434814,254.34488208145208,254.84986490246737,254.87266390472345
454560.0,7.576000213623047,1575.0,1575.0,5.806621074676514,89.0,8.0,0.5496046691821043,0.696285525669204,0.9984520077705383,254.33041161276552,254.71650601082877,254.88011235020903
454840.0,7.580666542053223,2097.0,2097.0,6.861753940582275,87.0,10.0,0.5528280328806108,0.6892707701190884,0.9979389309883118,254.11216557265598,254.60703827338693,254.83668923138302
455119.0,7.5853166580200195,1882.0,1882.0,3.8213396072387695,155.0,176.0,0.08209356564529845,0.3092076664756307,0.9981502890586853,254.67416963493844,254.5261539291822,254.38247778499107
455398.0,7.589966773986816,1659.0,1659.0,5.667836666107178,180.0,25.0,0.4246630460995593,0.6386861754863659,0.9983694553375244,254.3186524957875,254.84976972634996,254.6096932004623
455678.0,7.594633102416992,1411.0,1411.0,6.2662811279296875,88.0,9.0,0.5512081911747834,0.6927426283234642,0.998613178730011,254.40137947219807,254.74080120964126,254.89134168010753
455957.0,7.599283218383789,1711.0,1711.0,6.1198954582214355,88.0,9.0,0.5512081911747834,0.6927426283234642,0.9983183145523071,254.27410153559103,254.6856906919164,254.8682388860856
456236.0,7.603933334350586,1848.0,1848.0,6.4128522872924805,161.0,165.0,0.11604299275966694,0.27887288937350624,0.9981836676597595,254.66599934442394,254.58753421443208,254.40767116205342
456516.0,7.60860013961792,1467.0,1467.0,6.920810222625732,155.0,176.0,0.08209356564529845,0.3092076664756307,0.9985581636428833,254.7460175770683,254.63064040044202,254.51864588080218
456795.0,7.613249778747559,1577.0,1577.0,8.98270034790039,159.0,163.0,0.1155094772450796,0.26321292854195816,0.9984500408172607,254.70879257878187,254.6449286574288,254.5007282380211
457074.0,7.6178998947143555,1764.0,1764.0,6.620665073394775,158.0,162.0,0.11521818506410492,0.2553841592967049,0.9982662200927734,254.67079500428048,254.60108711867036,254.44497724303397
457353.0,7.622550010681152,1588.0,1588.0,6.139533042907715,87.0,10.0,0.5528280328806108,0.6892707701190884,0.9984392523765564,254.32768603834688,254.70242913874424,254.87633267369688
457633.0,7.627216815948486,1650.0,1650.0,5.066830158233643,86.0,13.0,0.5553411565326383,0.6754325653437191,0.9983782768249512,254.30714260604037,254.68028521117168,254.86577857468473
457912.0,7.631866455078125,1451.0,1451.0,4.519026279449463,166.0,54.0,0.4232056239896148,0.46016228352816263,0.998573899269104,254.4690036825596,254.80368494468345,254.64947511256042
458191.0,7.636516571044922,1759.0,1759.0,3.5297112464904785,27.0,45.0,0.6406043905281301,0.7211102550927978,0.9982711672782898,254.24124450969774,254.3406678646973,254.87705080223006
458471.0,7.641183376312256,1448.0,1448.0,4.665290832519531,30.0,38.0,0.6318046183892417,0.7340040971341818,0.998576819896698,254.37071096682823,254.48214880387238,254.90346718048775
458750.0,7.645833492279053,1341.0,1341.0,4.84604024887085,89.0,8.0,0.5496046691821043,0.696285525669204,0.9986819624900818,254.42987917265734,254.7586191297007,254.89792169728437
459029.0,7.650483131408691,1593.0,1593.0,5.668224811553955,86.0,10.0,0.5540355196117186,0.6910978956866601,0.99843430519104,254.3248254848365,254.69775487914842,254.8766701625939
459309.0,7.655149936676025,2009.0,2009.0,8.339339256286621,32.0,0.0,0.6023164734216407,0.8834677053898142,0.9980254173278809,254.05163901288756,254.3951473501491,254.94132382433168
459588.0,7.659800052642822,1321.0,1321.0,5.306253910064697,88.0,9.0,0.5512081911747834,0.6927426283234642,0.9987016320228577,254.43956028034944,254.75733325093978,254.89827205130797
459867.0,7.664450168609619,1661.0,1661.0,4.981128692626953,88.0,9.0,0.5512081911747834,0.6927426283234642,0.9983674883842468,254.29532738917922,254.69488134829862,254.87209168678666
460147.0,7.669116497039795,1890.0,1890.0,4.894447326660156,178.0,24.0,0.42775333625000744,0.6386861754863659,0.998142421245575,254.22378290068787,254.82885193455536,254.56656662034322
460426.0,7.673766613006592,1891.0,1891.0,5.8704681396484375,88.0,9.0,0.5512081911747834,0.6927426283234642,0.9981414079666138,254.1977399192883,254.65262660931936,254.85437814368473
460705.0,7.678416728973389,1648.0,1648.0,5.188978672027588,88.0,9.0,0.5512081911747834,0.6927426283234642,0.9983802437782288,254.30083324695846,254.69726534886325,254.8730910799382
460985.0,7.683083534240723,1465.0,1465.0,6.243659019470215,155.0,175.0,0.08352384117184013,0.3043955822796083,0.9985601305961609,254.744597222846,254.63308880485678,254.52106938119604
461264.0,7.687733173370361,1394.0,1394.0,4.852504730224609,156.0,174.0,0.08751185199778944,0.3024696501689986,0.9986298680305481,254.75629429884856,254.65591527528082,254.54493839673097
461543.0,7.692383289337158,1474.0,1474.0,5.744678497314453,87.0,10.0,0.5528280328806108,0.6892707701190884,0.9985512495040894,254.37593037418594,254.7237824191834,254.88520687289963
461823.0,7.697050094604492,1885.0,1885.0,5.570854187011719,91.0,8.0,0.5471798125888572,0.6929645900812663,0.9981473088264465,254.20018215893853,254.6695957167922,254.8549453425492
462102.0,7.701700210571289,1755.0,1755.0,5.9373250007629395,25.0,44.0,0.6412015659588648,0.7332074968054951,0.998275101184845,254.2376500727973,254.33620023540854,254.88265153147364
462381.0,7.706349849700928,1473.0,1473.0,6.7568159103393555,88.0,9.0,0.5512081911747834,0.6927426283234642,0.9985522627830505,254.37508514205607,254.7294159359168,254.8865688772997
462661.0,7.711016654968262,1535.0,1535.0,7.446066856384277,88.0,9.0,0.5512081911747834,0.6927426283234642,0.9984912872314453,254.3487650836067,254.7180195220028,254.8817914044304
462940.0,7.715666770935059,1616.0,1616.0,6.495668411254883,121.0,3.0,0.5083017568200819,0.6914093614035931,0.9984117150306702,254.31495778324626,254.84712003571946,254.87501688239553
463219.0,7.7203168869018555,1632.0,1632.0,4.160763740539551,156.0,175.0,0.08601043481131534,0.3072117917126884,0.9983959794044495,254.7166321286159,254.59501151884268,254.4653173676533
463499.0,7.724983215332031,1615.0,1615.0,5.646463871002197,88.0,9.0,0.5512081911747834,0.6927426283234642,0.9984126687049866,254.314829446173,254.70332561198074,254.87563159337014
463778.0,7.729633331298828,1684.0,1684.0,6.082000255584717,155.0,175.0,0.08352384117184013,0.3043955822796083,0.998344898223877,254.70641949265175,254.5782427426114,254.4494786015255
464057.0,7.734283447265625,1633.0,1633.0,8.168768882751465,160.0,166.0,0.11158216678252796,0.2794238043501735,0.9983949661254883,254.70507995318792,254.6294840184811,254.4763527708111
464337.0,7.738949775695801,1441.0,1441.0,8.841390609741211,157.0,174.0,0.08997609224064933,0.3054043525088241,0.9985836744308472,254.7491377381802,254.64762939600334,254.52853622155186
464616.0,7.743599891662598,1658.0,1658.0,7.799873352050781,160.0,165.0,0.1136510645000698,0.2752091930905529,0.9983704090118408,254.69881629535374,254.62606065350988,254.47009230068508
464895.0,7.7482500076293945,1619.0,1619.0,7.143644332885742,88.0,9.0,0.5512081911747834,0.6927426283234642,0.9984087347984314,254.31313137788592,254.70259035947018,254.8753233693141
465175.0,7.7529168128967285,1768.0,1768.0,4.700536251068115,88.0,9.0,0.5512081911747834,0.6927426283234642,0.9982622861862183,254.24991692665415,254.6752189137354,254.86384902831716
465454.0,7.757566452026367,1455.0,1455.0,6.629080772399902,162.0,165.0,0.1183723776933644,0.2825979329285721,0.9985699653625488,254.73839299975276,254.67867122013124,254.53228933514714
465733.0,7.762216567993164,1580.0,1580.0,7.223812103271484,25.0,46.0,0.6430861651205574,0.7262529112106243,0.998447060585022,254.3164046225599,254.3977844685713,254.8915962758013
466012.0,7.766866683959961,1803.0,1803.0,6.348248481750488,25.0,48.0,0.6450069316152127,0.7194021183733273,0.9982278943061829,254.2230246175977,254.30752056886732,254.87320147855556
466292.0,7.771533489227295,1706.0,1706.0,6.254151344299316,87.0,10.0,0.5528280328806108,0.6892707701190884,0.9983232617378235,254.27772144146402,254.6803144587365,254.86714204482595
466571.0,7.776183128356934,1506.0,1506.0,6.400971412658691,88.0,9.0,0.5512081911747834,0.6927426283234642,0.9985198378562927,254.36108894284158,254.7233556727993,254.8840283638677
466850.0,7.7808332443237305,1546.0,1546.0,4.452518939971924,88.0,8.0,0.5508083052245833,0.6980061679773395,0.998480498790741,254.34206878147944,254.71808720035116,254.88298560179845
467130.0,7.7855000495910645,1445.0,1445.0,7.367710590362549,80.0,18.0,0.5651408764689061,0.661955673244835,0.9985798001289368,254.39812114562196,254.69018390385634,254.8775769201358
467409.0,7.790150165557861,1689.0,1689.0,7.690018653869629,88.0,9.0,0.5512081911747834,0.6927426283234642,0.9983399510383606,254.28344091116983,254.68973458072458,254.86993411839407
467688.0,7.7947998046875,1460.0,1460.0,6.6306352615356445,87.0,10.0,0.5528280328806108,0.6892707701190884,0.9985650181770325,254.3818614234562,254.72640754306923,254.88629784683036
467968.0,7.799466609954834,1817.0,1817.0,5.303966045379639,155.0,175.0,0.08352384117184013,0.3043955822796083,0.9982141256332397,254.68322316475192,254.54491893741437,254.40598090820035
468247.0,7.804116725921631,1594.0,1594.0,5.88698148727417,88.0,9.0,0.5512081911747834,0.6927426283234642,0.9984333515167236,254.3237571688337,254.70719125775605,254.87725210469534
468526.0,7.808766841888428,1434.0,1434.0,5.731476783752441,88.0,9.0,0.5512081911747834,0.6927426283234642,0.9985905885696411,254.3916284437012,254.7365790778002,254.88957172681577
468806.0,7.8134331703186035,1970.0,1970.0,5.992844104766846,94.0,7.0,0.5431565889545564,0.6936300491879558,0.9980637431144714,254.16377777470908,254.67136968956154,254.84873121367136
469085.0,7.8180832862854,1647.0,1647.0,7.297804355621338,155.0,175.0,0.08352384117184013,0.3043955822796083,0.9983812570571899,254.71286879074603,254.58750779328147,254.46157230842084
469364.0,7.822733402252197,2067.0,2067.0,10.81318187713623,87.0,10.0,0.5528280328806108,0.6892707701190884,0.9979684352874756,254.1248749639494,254.61266353885657,254.83902703266315
469644.0,7.827400207519531,1674.0,1674.0,6.733903884887695,88.0,9.0,0.5512081911747834,0.6927426283234642,0.9983546733856201,254.2897958030926,254.69248620754448,254.87108762357366
469923.0,7.83204984664917,1587.0,1587.0,6.436838626861572,85.0,11.0,0.5556731020691489,0.6877519111369937,0.9984402060508728,254.32870096925205,254.69305054047405,254.87580411669308
470202.0,7.836699962615967,1605.0,1605.0,6.1778411865234375,161.0,165.0,0.11604299275966694,0.27887288937350624,0.9984225034713745,254.7099182440037,254.64177076491185,254.4855585263973
470482.0,7.841366767883301,1526.0,1526.0,4.337993144989014,155.0,175.0,0.08352384117184013,0.3043955822796083,0.9985001683235168,254.73396116730035,254.61780906555495,254.50112467769324
470761.0,7.846016883850098,1644.0,1644.0,4.598446369171143,155.0,175.0,0.08352384117184013,0.3043955822796083,0.9983841776847839,254.71338684911754,254.5882520350566,254.46254377012227
471040.0,7.850666522979736,1453.0,1453.0,7.6182861328125,88.0,9.0,0.5512081911747834,0.6927426283234642,0.9985719323158264,254.38357548349137,254.7330921984697,254.8881099975801
471320.0,7.85533332824707,1592.0,1592.0,5.452245235443115,86.0,11.0,0.5544641040107141,0.6858710298508166,0.9984353184700012,254.32734792809626,254.6958098541542,254.87466449160436
471599.0,7.859983444213867,1638.0,1638.0,4.552667140960693,179.0,25.0,0.42589794801395564,0.6361770673746744,0.9983900785446167,254.328300275779,254.85063978197553,254.61840120652028
471878.0,7.864633560180664,1270.0,1270.0,5.888524055480957,88.0,9.0,0.5512081911747834,0.6927426283234642,0.9987517595291138,254.4611977868557,254.76670215035492,254.90219957299232
472158.0,7.86929988861084,1201.0,1201.0,4.790924072265625,89.0,9.0,0.5499963749250598,0.6910088796958628,0.9988195896148682,254.49099846704945,254.7822031537397,254.9069922365333
472437.0,7.873950004577637,1799.0,1799.0,5.146692752838135,90.0,8.0,0.5483951391930794,0.694604902646439,0.998231828212738,254.23593009224913,254.68042207625228,254.86230229624726
472716.0,7.878600120544434,1658.0,1658.0,5.711416244506836,176.0,25.0,0.4296607153366795,0.6288831693991789,0.9983704090118408,254.3231245999277,254.84578399611112,254.6252030678105
472996.0,7.883266448974609,1655.0,1655.0,6.064821243286133,88.0,9.0,0.5512081911747834,0.6927426283234642,0.9983733892440796,254.2978744916098,254.69598422706449,254.8725540228708
473275.0,7.887916564941406,1345.0,1345.0,6.002967834472656,155.0,175.0,0.08352384117184013,0.3043955822796083,0.9986780285835266,254.76550986486325,254.66313187080013,254.56028471273532
473554.0,7.892566680908203,1717.0,1717.0,7.363539695739746,87.0,10.0,0.5528280328806108,0.6892707701190884,0.9983124136924744,254.2730484935541,254.6782461793113,254.8662824896078
473833.0,7.897216796875,1723.0,1723.0,8.053727149963379,88.0,9.0,0.5512081911747834,0.6927426283234642,0.9983065128326416,254.26900733072986,254.68348493438464,254.86731421391735
474113.0,7.901883125305176,1885.0,1885.0,5.918801784515381,178.0,24.0,0.42775333625000744,0.6386861754863659,0.9981473088264465,254.22582524954535,254.82930225194238,254.5677070515042
474392.0,7.906533241271973,1726.0,1726.0,6.0834431648254395,155.0,176.0,0.08209356564529845,0.3092076664756307,0.9983035922050476,254.70117429768257,254.56542606188427,254.4336577268917
474671.0,7.9111833572387695,1738.0,1738.0,6.934867858886719,88.0,9.0,0.5512081911747834,0.6927426283234642,0.9982917904853821,254.2626524388071,254.68073330756474,254.86616070873777
474951.0,7.9158501625061035,1538.0,1538.0,7.089084625244141,156.0,174.0,0.08751185199778944,0.3024696501689986,0.9984883666038513,254.73112540623387,254.62037966226114,254.4979415617303
475230.0,7.920499801635742,1664.0,1664.0,5.4779558181762695,155.0,175.0,0.08352384117184013,0.3043955822796083,0.9983645081520081,254.70989788457473,254.58323979453016,254.45600127294938
475509.0,7.925149917602539,1484.0,1484.0,5.353855133056641,155.0,175.0,0.08352384117184013,0.3043955822796083,0.9985414147377014,254.74127742022043,254.62831958205285,254.5148440960073
475789.0,7.929816722869873,1494.0,1494.0,7.086574554443359,88.0,9.0,0.5512081911747834,0.6927426283234642,0.9985316395759583,254.36618314770274,254.72556143033103,254.88495303603597
476068.0,7.93446683883667,1770.0,1770.0,4.53467321395874,155.0,176.0,0.08209356564529845,0.3092076664756307,0.9982603192329407,254.6935516751506,254.55434069316664,254.41921113364916
476347.0,7.939116477966309,1648.0,1648.0,8.591388702392578,88.0,9.0,0.5512081911747834,0.6927426283234642,0.9983802437782288,254.30083324695846,254.69726534886325,254.8730910799382
476627.0,7.943783283233643,1761.0,1761.0,5.5283026695251465,155.0,175.0,0.08352384117184013,0.3043955822796083,0.9982692003250122,254.69299226547182,254.5589532108884,254.4242999002844
476906.0,7.9484333992004395,1847.0,1847.0,4.870253086090088,25.0,46.0,0.6430861651205574,0.7262529112106243,0.9981846809387207,254.20090654735102,254.29603607026974,254.87328073139653
477185.0,7.953083515167236,1829.0,1829.0,6.445549011230469,155.0,175.0,0.08352384117184013,0.3043955822796083,0.998202383518219,254.68114035864608,254.54192678170617,254.4020752356456
477465.0,7.957749843597412,1452.0,1452.0,4.624576568603516,123.0,6.0,0.5058919344351707,0.6742931708662164,0.9985728859901428,254.3907011536084,254.8641212093755,254.88147070136444
477744.0,7.962399959564209,1282.0,1282.0,5.6948323249816895,38.0,7.0,0.6016741594814173,0.8324539766388517,0.9987399578094482,254.4112128226836,254.6198203794746,254.946165660135
478023.0,7.967050075531006,1526.0,1526.0,6.670815467834473,77.0,0.0,0.5600206951179266,0.7605518140792705,0.9985001683235168,254.32666449839425,254.69891664408604,254.90842134659934
478303.0,7.97171688079834,1695.0,1695.0,5.436065673828125,121.0,4.0,0.5083688541782873,0.6858710298508166,0.9983340501785278,254.28381298199272,254.83729143127962,254.86655260905647
478582.0,7.9763665199279785,1873.0,1873.0,5.724044322967529,88.0,9.0,0.5512081911747834,0.6927426283234642,0.9981591105461121,254.20538122658004,254.65593524561694,254.8557651519371
478861.0,7.981016635894775,1444.0,1444.0,4.50908088684082,155.0,175.0,0.08352384117184013,0.3043955822796083,0.9985807538032532,254.74825534930605,254.6383440631057,254.52792909035307
479141.0,7.985683441162109,1570.0,1570.0,5.987658500671387,25.0,45.0,0.6421393752639711,0.729717414350133,0.9984568953514099,254.3193705793781,254.4038831102349,254.89364604984095
479420.0,7.990333557128906,1261.0,1261.0,4.706308841705322,171.0,124.0,0.26277804351739803,0.2420278293993643,0.9987606406211853,254.6722346995885,254.7604530207788,254.6074736960257
479699.0,7.994983196258545,1656.0,1656.0,4.036670684814453,155.0,176.0,0.08209356564529845,0.3092076664756307,0.9983723759651184,254.71329069768515,254.58304660665027,254.45662104452524
479979.0,7.999650001525879,1396.0,1396.0,6.674292087554932,155.0,176.0,0.08209356564529845,0.3092076664756307,0.9986279606819153,254.75831246823213,254.6485205199576,254.54194747954466
480258.0,8.004300117492676,1239.0,1239.0,6.884426116943359,93.0,6.0,0.5440331337619082,0.7004694421931386,0.998782217502594,254.47194550936047,254.7920483943032,254.90698541696247
480537.0,8.008950233459473,1031.0,1031.0,4.671431541442871,88.0,9.0,0.5512081911747834,0.6927426283234642,0.9989866614341736,254.56259304623885,254.8106056373882,254.92060428518968
480817.0,8.013616561889648,1429.0,1429.0,6.104312419891357,88.0,9.0,0.5512081911747834,0.6927426283234642,0.9985954761505127,254.39373816490632,254.73749257334364,254.88995467185515
481096.0,8.018266677856445,1481.0,1481.0,6.060433387756348,87.0,10.0,0.5528280328806108,0.6892707701190884,0.9985443949699402,254.37297768731977,254.72247553932684,254.88466374734972
481375.0,8.022916793823242,1583.0,1583.0,5.0609869956970215,87.0,10.0,0.5528280328806108,0.6892707701190884,0.998444139957428,254.32979143246013,254.70336100090287,254.87671994582814
481655.0,8.027583122253418,1577.0,1577.0,6.713644981384277,122.0,6.0,0.507199629736764,0.6745212037340359,0.9984500408172607,254.33816292331315,254.84832505531315,254.87135789348983
481934.0,8.032233238220215,1327.0,1327.0,6.060506820678711,121.0,6.0,0.5085063530150002,0.6747947414575843,0.9986957311630249,254.44298243964872,254.8689315851777,254.89184045349398
482213.0,8.036883354187012,1489.0,1489.0,5.176265239715576,163.0,166.0,0.11855130391713135,0.2904344542946749,0.9985365271568298,254.7352003738198,254.67262002288194,254.51842847616342
482492.0,8.041533470153809,1649.0,1649.0,6.705547332763672,88.0,9.0,0.5512081911747834,0.6927426283234642,0.9983792901039124,254.3004215940404,254.69708710583038,254.8730163589549
482772.0,8.046199798583984,1796.0,1796.0,7.8454742431640625,160.0,167.0,0.10957508046378667,0.28368422535540117,0.9982348084449768,254.67756918818617,254.59008681339748,254.422183118752
483051.0,8.050849914550781,1695.0,1695.0,5.755668640136719,88.0,9.0,0.5512081911747834,0.6927426283234642,0.9983340501785278,254.28089380873925,254.6886317019587,254.86947178230994
483330.0,8.055500030517578,1399.0,1399.0,5.757664203643799,88.0,9.0,0.5512081911747834,0.6927426283234642,0.9986249804496765,254.40647367705924,254.743006967173,254.89226635227578
483610.0,8.060166358947754,1550.0,1550.0,5.017858505249023,121.0,4.0,0.5083688541782873,0.6858710298508166,0.9984765648841858,254.3450796424598,254.85121043621027,254.87796844847495
483889.0,8.06481647491455,1563.0,1563.0,5.301777362823486,86.0,10.0,0.5540355196117186,0.6910978956866601,0.9984638094902039,254.33754862268506,254.7034504530338,254.8789942173189
484168.0,8.069466590881348,1187.0,1187.0,3.300215244293213,88.0,9.0,0.5512081911747834,0.6927426283234642,0.9988333582878113,254.49641983965842,254.78195306985467,254.90859288712534
484448.0,8.074132919311523,1620.0,1620.0,4.537790298461914,91.0,9.0,0.5475547654498534,0.6876624620179503,0.998407781124115,254.3147823528224,254.71385748782654,254.87318602047625
484727.0,8.07878303527832,1971.0,1971.0,5.828646659851074,155.0,174.0,0.08499994081446928,0.299608869724142,0.998062789440155,254.65401470113403,254.50897127000152,254.35800791334503
485006.0,8.083433151245117,1619.0,1619.0,5.822407245635986,155.0,175.0,0.08352384117184013,0.3043955822796083,0.9984087347984314,254.71774276848618,254.59450974141083,254.47071197871384
485286.0,8.08810043334961,1239.0,1239.0,5.535459041595459,87.0,10.0,0.5528280328806108,0.6892707701190884,0.998782217502594,254.47542308380616,254.76781858826365,254.90350784251677
485565.0,8.09274959564209,1677.0,1677.0,5.893242835998535,161.0,163.0,0.12038810453060331,0.2707018800850559,0.9983517527580261,254.6934737782447,254.6302886438887,254.4659201283486
485844.0,8.097399711608887,1831.0,1831.0,6.742733001708984,88.0,9.0,0.5512081911747834,0.6927426283234642,0.9982004165649414,254.2232109435941,254.66365539697807,254.85900150452602
486124.0,8.102066993713379,1792.0,1792.0,6.6886820793151855,168.0,57.0,0.4170111314119738,0.4509121858055718,0.998238742351532,254.34836530295112,254.7533932963302,254.55171640682815
486403.0,8.106717109680176,1330.0,1330.0,5.467890739440918,88.0,9.0,0.5512081911747834,0.6927426283234642,0.9986928105354309,254.43575249085725,254.75568450288574,254.8975808822125
486682.0,8.111366271972656,1483.0,1483.0,4.833796977996826,155.0,175.0,0.08352384117184013,0.3043955822796083,0.9985424280166626,254.74145715475748,254.62857778838298,254.51518113374044
486962.0,8.116033554077148,1238.0,1238.0,5.4561767578125,88.0,9.0,0.5512081911747834,0.6927426283234642,0.9987832307815552,254.47478233315215,254.77258417043953,254.904665365441
487241.0,8.120683670043945,1232.0,1232.0,5.13054084777832,178.0,24.0,0.42775333625000744,0.6386861754863659,0.9987891316413879,254.49402052390423,254.88843661320362,254.71746513371642
487520.0,8.125333786010742,1736.0,1736.0,5.9800920486450195,163.0,165.0,0.12064068109791948,0.28638192988642774,0.9982937574386597,254.68951059143888,254.62069118764566,254.44030570227756
487800.0,8.130000114440918,1321.0,1321.0,5.3976263999938965,155.0,174.0,0.08499994081446928,0.299608869724142,0.9987016320228577,254.76811181916875,254.67090000844414,254.56972051248866
488079.0,8.134650230407715,1540.0,1540.0,8.759724617004395,85.0,11.0,0.5556731020691489,0.6877519111369937,0.9984863996505737,254.3485816199773,254.7021409081279,254.8794822018153
488358.0,8.139300346374512,1392.0,1392.0,6.606749534606934,160.0,166.0,0.11158216678252796,0.2794238043501735,0.9986318349838257,254.74860387869413,254.68416429590818,254.55363196305697
488638.0,8.143966674804688,1383.0,1383.0,5.052797794342041,155.0,175.0,0.08352384117184013,0.3043955822796083,0.9986407160758972,254.75889140485174,254.65362380240754,254.54787379385584
488917.0,8.148616790771484,1375.0,1375.0,5.126834869384766,121.0,4.0,0.5083688541782873,0.6858710298508166,0.9986485838890076,254.4190301159471,254.86801104191065,254.89174766744677
489196.0,8.153266906738281,1466.0,1466.0,6.837383270263672,82.0,20.0,0.5637244263065914,0.6473914771768786,0.9985591173171997,254.39470704792944,254.68854686277484,254.8704427838424
489476.0,8.157933235168457,1276.0,1276.0,5.807723522186279,44.0,0.0,0.5922801883591838,0.8452504298251313,0.998745858669281,254.40987776845947,254.65117220327284,254.95051015287385
489755.0,8.162583351135254,1341.0,1341.0,5.195204734802246,86.0,10.0,0.5540355196117186,0.6910978956866601,0.9986819624900818,254.43162273283804,254.74556318115611,254.89617813710367
490034.0,8.16723346710205,1619.0,1619.0,5.8338422775268555,155.0,175.0,0.08352384117184013,0.3043955822796083,0.9984087347984314,254.71774276848618,254.59450974141083,254.47071197871384
490314.0,8.171899795532227,1948.0,1948.0,9.229743003845215,87.0,10.0,0.5528280328806108,0.6892707701190884,0.9980853796005249,254.17525036943968,254.634960045627,254.84829322682802
490593.0,8.176549911499023,1678.0,1678.0,4.84561014175415,155.0,175.0,0.08352384117184013,0.3043955822796083,0.9983507394790649,254.70745560939477,254.57973122616164,254.45142152492835
490872.0,8.18120002746582,1445.0,1445.0,6.735856056213379,156.0,173.0,0.08906095467448209,0.2977552827094622,0.9985798001289368,254.74568139647755,254.64526050824304,254.5300166692802
491152.0,8.185866355895996,1344.0,1344.0,4.429988861083984,156.0,174.0,0.08751185199778944,0.3024696501689986,0.9986790418624878,254.76504086009837,254.66826442470847,254.5612704897704
491431.0,8.190516471862793,1642.0,1642.0,4.624619960784912,25.0,45.0,0.6421393752639711,0.729717414350133,0.9983861446380615,254.28816400043425,254.37655139606474,254.88876976497713
491710.0,8.19516658782959,1595.0,1595.0,5.138636112213135,25.0,45.0,0.6421393752639711,0.729717414350133,0.9984323382377625,254.30853897826196,254.39439644954567,254.8919535229969
491989.0,8.199816703796387,1372.0,1372.0,5.765734672546387,171.0,124.0,0.26277804351739803,0.2420278293993643,0.9986515045166016,254.64337218503775,254.73935887760786,254.57290842585894
492269.0,8.204483032226562,1303.0,1303.0,5.620981216430664,88.0,9.0,0.5512081911747834,0.6927426283234642,0.998719334602356,254.4472015876412,254.76064188723737,254.89965905956035
492548.0,8.20913314819336,1727.0,1727.0,7.306341171264648,87.0,10.0,0.5528280328806108,0.6892707701190884,0.9983025789260864,254.26881202978964,254.67637109082142,254.86550322251443
492827.0,8.213783264160156,1504.0,1504.0,3.5550012588500977,179.0,24.0,0.42651603400768834,0.6411374935685494,0.9985218048095703,254.38139000479413,254.86473044808673,254.651623811901
493107.0,8.218449592590332,1417.0,1417.0,6.242704391479492,88.0,9.0,0.5512081911747834,0.6927426283234642,0.9986072778701782,254.3988323697675,254.73969833087537,254.8908793440234
493386.0,8.223099708557129,1469.0,1469.0,4.986099720001221,155.0,175.0,0.08352384117184013,0.3043955822796083,0.9985561966896057,254.74389942993747,254.6320863567515,254.51976088176144
493665.0,8.227749824523926,1430.0,1430.0,7.603281497955322,41.0,5.0,0.5978521486467239,0.831677709440294,0.9985945224761963,254.34353262787496,254.58967164690964,254.93967383498514
493945.0,8.232417106628418,1414.0,1414.0,6.576501846313477,175.0,55.0,0.4076896914778351,0.48069218322083385,0.998610258102417,254.47526610906633,254.81596552316634,254.62726511499298
494224.0,8.237066268920898,1558.0,1558.0,4.305549144744873,25.0,44.0,0.6412015659588648,0.7332074968054951,0.9984686970710754,254.32321324234547,254.4107025207464,254.895822263903
494503.0,8.241716384887695,1462.0,1462.0,7.006380558013916,88.0,8.0,0.5508083052245833,0.6980061679773395,0.9985630512237549,254.37781328929142,254.73340313913883,254.88934283482357
494783.0,8.246383666992188,1743.0,1743.0,4.795751094818115,155.0,173.0,0.08652383607276393,0.29484876449701003,0.9982869029045105,254.69196190397764,254.56809154536646,254.4343585773227
495062.0,8.251033782958984,1548.0,1548.0,4.4482927322387695,155.0,175.0,0.08352384117184013,0.3043955822796083,0.9984785318374634,254.73012330630326,254.61229560097587,254.49392793080307
495341.0,8.255682945251465,1616.0,1616.0,5.574707508087158,155.0,175.0,0.08352384117184013,0.3043955822796083,0.9984117150306702,254.7182713994775,254.59526917179363,254.4717032661643
495621.0,8.260350227355957,1625.0,1625.0,6.937590599060059,74.0,0.0,0.5632313981042658,0.7668346438516908,0.9984028339385986,254.2804082760366,254.66806013518843,254.9050370326487
495900.0,8.265000343322754,1371.0,1371.0,6.229807376861572,155.0,176.0,0.08209356564529845,0.3092076664756307,0.9986525177955627,254.76263825402162,254.65481139035936,254.55014582171538
496179.0,8.26965045928955,1337.0,1337.0,7.601346969604492,88.0,9.0,0.5512081911747834,0.6927426283234642,0.998685896396637,254.43276800720122,254.75439224089743,254.89703915508363
496459.0,8.274316787719727,1626.0,1626.0,5.833675861358643,88.0,9.0,0.5512081911747834,0.6927426283234642,0.9984018802642822,254.31017262253727,254.70130923767144,254.87478631224667
496738.0,8.278966903686523,1551.0,1551.0,5.045592308044434,88.0,9.0,0.5512081911747834,0.6927426283234642,0.9984756112098694,254.34199853876586,254.71508965215006,254.88056317826752
497017.0,8.28361701965332,1477.0,1477.0,5.238893032073975,88.0,9.0,0.5512081911747834,0.6927426283234642,0.9985483288764954,254.373387073769,254.72868068340625,254.88626065324362
497297.0,8.288283348083496,1637.0,1637.0,5.849278450012207,88.0,9.0,0.5512081911747834,0.6927426283234642,0.9983910918235779,254.30551579890158,254.6992928633621,254.87394103112314
497576.0,8.292933464050293,1388.0,1388.0,5.990786075592041,88.0,9.0,0.5512081911747834,0.6927426283234642,0.9986357688903809,254.41113050069495,254.7450233414823,254.8931116333993
497855.0,8.29758358001709,1139.0,1139.0,4.866631984710693,88.0,9.0,0.5512081911747834,0.6927426283234642,0.9988805055618286,254.51677093079573,254.79076495979206,254.91228690573686
498135.0,8.302249908447266,1443.0,1443.0,5.881293773651123,156.0,175.0,0.08601043481131534,0.3072117917126884,0.9985817670822144,254.74945356427807,254.64191981269158,254.52724764765125
498414.0,8.306900024414062,1508.0,1508.0,5.195712089538574,88.0,9.0,0.5512081911747834,0.6927426283234642,0.9985178709030151,254.36023990869805,254.722988046544,254.88387425183967
498693.0,8.31155014038086,1409.0,1409.0,4.232067584991455,171.0,124.0,0.26277804351739803,0.2420278293993643,0.9986151456832886,254.63375660127156,254.73233133673713,254.56139296174004
498973.0,8.316216468811035,1507.0,1507.0,5.737418174743652,87.0,10.0,0.5528280328806108,0.6892707701190884,0.9985188245773315,254.36196288153215,254.71760030925319,254.88263765290694
499252.0,8.320866584777832,1498.0,1498.0,5.220315456390381,25.0,46.0,0.6430861651205574,0.7262529112106243,0.9985277056694031,254.35190414454024,254.42905788585935,254.89722574685533
499531.0,8.325516700744629,1710.0,1710.0,6.50397253036499,88.0,9.0,0.5512081911747834,0.6927426283234642,0.9983193278312683,254.27453891681648,254.6858800751388,254.86831827713036
499811.0,8.330183029174805,1446.0,1446.0,5.204131126403809,88.0,9.0,0.5512081911747834,0.6927426283234642,0.9985787868499756,254.38653423884003,254.73437332026845,254.88864705464752
500090.0,8.334833145141602,1318.0,1318.0,6.252964496612549,80.0,17.0,0.5646142790734255,0.6670471809107195,0.9987046122550964,254.4493345154764,254.71917116359336,254.89001773462277
500369.0,8.339483261108398,1203.0,1203.0,4.734577178955078,155.0,175.0,0.08352384117184013,0.3043955822796083,0.9988176226615906,254.79027094049744,254.6987035899302,254.60671661691376
500648.0,8.344133377075195,1431.0,1431.0,4.823046684265137,155.0,176.0,0.08209356564529845,0.3092076664756307,0.9985935091972351,254.75224376875076,254.6396949784717,254.53044592183915
500928.0,8.348799705505371,1448.0,1448.0,8.060111045837402,229.0,124.0,0.2554859278080055,0.5632470262775777,0.998576819896698,254.62363263036156,254.84149757372379,254.4326805735922
501207.0,8.353449821472168,1461.0,1461.0,6.884912490844727,155.0,175.0,0.08352384117184013,0.3043955822796083,0.9985640645027161,254.7452950157546,254.63409125296207,254.5223778806306
501486.0,8.358099937438965,1503.0,1503.0,4.366744518280029,155.0,175.0,0.08352384117184013,0.3043955822796083,0.9985227584838867,254.73796819021467,254.62356554785654,254.50863863656755
501766.0,8.36276626586914,1548.0,1548.0,6.762856483459473,75.0,0.0,0.5621670418109989,0.7647058823529411,0.9984785318374634,254.31533932685852,254.68738260104143,254.9087119102478
502045.0,8.367416381835938,1357.0,1357.0,4.461359024047852,74.0,143.0,0.7948814996238553,0.3089091073460075,0.9986662864685059,254.71648553954802,254.55484400406937,254.76496209486862
502324.0,8.372066497802734,1452.0,1452.0,5.05242395401001,155.0,175.0,0.08352384117184013,0.3043955822796083,0.9985728859901428,254.74685976348894,254.63633916689514,254.5253120914839
502604.0,8.376733779907227,1279.0,1279.0,4.547842979431152,155.0,175.0,0.08352384117184013,0.3043955822796083,0.998742938041687,254.77702344785456,254.67967226453737,254.58187495340582
502883.0,8.381382942199707,1478.0,1478.0,4.707441329956055,29.0,39.0,0.6335028605539379,0.7343811325379749,0.9985473155975342,254.35752535311195,254.46578798434177,254.90160560163048
503162.0,8.386033058166504,1499.0,1499.0,9.691715240478516,88.0,9.0,0.5512081911747834,0.6927426283234642,0.9985266923904419,254.36404769819023,254.724636794598,254.88456542093513
503442.0,8.390700340270996,1414.0,1414.0,4.547348976135254,171.0,124.0,0.26277804351739803,0.2420278293993643,0.998610258102417,254.63246401460134,254.73138665091517,254.5598449813175
503721.0,8.395350456237793,1058.0,1058.0,3.1974596977233887,171.0,124.0,0.26277804351739803,0.2420278293993643,0.9989601373672485,254.7249943042861,254.79901233109734,254.6706577261994
504000.0,8.399999618530273,1389.0,1389.0,6.551863193511963,155.0,176.0,0.08209356564529845,0.3092076664756307,0.9986348152160645,254.75951990844038,254.65027646679303,254.5442358517525
504280.0,8.404666900634766,1577.0,1577.0,4.552247524261475,88.0,9.0,0.5512081911747834,0.6927426283234642,0.9984500408172607,254.33096109490003,254.71031051083128,254.87855972190295
504559.0,8.409317016601562,1328.0,1328.0,4.362809181213379,25.0,44.0,0.6412015659588648,0.7332074968054951,0.9986947774887085,254.42313353239973,254.4977059592583,254.9112029868416
504838.0,8.41396713256836,1367.0,1367.0,6.800259113311768,78.0,2.0,0.5597927288940685,0.7481978861862031,0.9986564517021179,254.40105898494164,254.72980689283736,254.9137313831385
505118.0,8.418633460998535,1480.0,1480.0,5.392912864685059,88.0,9.0,0.5512081911747834,0.6927426283234642,0.9985453486442566,254.37210065840006,254.7281236739285,254.8860271501708
505397.0,8.423283576965332,1811.0,1811.0,5.906923294067383,88.0,9.0,0.5512081911747834,0.6927426283234642,0.9982200264930725,254.23167555672202,254.66732051934142,254.86053795474496
505676.0,8.427933692932129,1441.0,1441.0,4.545223236083984,24.0,48.0,0.6457543310460899,0.7237923960128011,0.9985836744308472,254.37742993217202,254.44302951515155,254.90024402756003
505956.0,8.432600021362305,1297.0,1297.0,6.892366409301758,88.0,9.0,0.5512081911747834,0.6927426283234642,0.9987252354621887,254.4497486900718,254.76174476600323,254.90012139564445
506235.0,8.437250137329102,1475.0,1475.0,5.212629795074463,178.0,25.0,0.42714255388286704,0.6337065615499655,0.998550295829773,254.3960602401224,254.8645906330618,254.65977506591489
506514.0,8.441900253295898,1494.0,1494.0,6.890921115875244,90.0,8.0,0.5483951391930794,0.694604902646439,0.9985316395759583,254.36548585277458,254.73460973701248,254.88565033096413
506794.0,8.446566581726074,1564.0,1564.0,5.722654342651367,83.0,20.0,0.5624646664160844,0.6452499970021662,0.9984627962112427,254.35508344514457,254.67135267395363,254.8609426225892
507073.0,8.451216697692871,1301.0,1301.0,5.265970706939697,156.0,175.0,0.08601043481131534,0.3072117917126884,0.9987213015556335,254.7741038629258,254.67714994291302,254.5737599304473
507352.0,8.455866813659668,1213.0,1213.0,6.852336406707764,122.0,3.0,0.507026372791216,0.6911423993827387,0.9988077878952026,254.48586888793258,254.88838661202257,254.90610293862076
507632.0,8.460533142089844,1680.0,1680.0,5.737685203552246,155.0,176.0,0.08209356564529845,0.3092076664756307,0.9983487725257874,254.70913290357683,254.57700004189522,254.44874108457472
507911.0,8.46518325805664,1480.0,1480.0,4.24611759185791,178.0,28.0,0.42525135935747826,0.6188255175295482,0.9985453486442566,254.39951918288443,254.85860862568643,254.65271075498973
508190.0,8.469833374023438,1642.0,1642.0,4.577101707458496,89.0,8.0,0.5496046691821043,0.696285525669204,0.9983861446380615,254.30192232980014,254.70444406257747,254.87501143561124
508469.0,8.474483489990234,1607.0,1607.0,3.7113072872161865,26.0,44.0,0.6404367561376411,0.7289161293097158,0.9984205365180969,254.30365622817297,254.39606333757118,254.89081739605646
508749.0,8.47914981842041,1320.0,1320.0,5.4222941398620605,90.0,7.0,0.5480175421307125,0.699898383353167,0.9987026453018188,254.43763035571115,254.76730054983224,254.90071874821646
509028.0,8.483799934387207,1312.0,1312.0,5.576099872589111,155.0,176.0,0.08209356564529845,0.3092076664756307,0.9987105131149292,254.7728542481313,254.66966822749743,254.5695074404826
509307.0,8.488450050354004,1332.0,1332.0,5.974181652069092,171.0,124.0,0.26277804351739803,0.2420278293993643,0.9986908435821533,254.65377593140778,254.7469624464188,254.5853677804794
509587.0,8.49311637878418,1291.0,1291.0,7.4112324714660645,160.0,166.0,0.11158216678252796,0.2794238043501735,0.9987311363220215,254.76685019472163,254.7070876331486,254.58602932950933
509866.0,8.497766494750977,1710.0,1710.0,6.212662220001221,161.0,164.0,0.11818324534853591,0.27476178910750365,0.9983193278312683,254.6891836424293,254.62067363265524,254.45367355151754
510145.0,8.502416610717773,1719.0,1719.0,6.825868129730225,88.0,9.0,0.5512081911747834,0.6927426283234642,0.9983104467391968,254.27070539901692,254.6842201868952,254.86762243797344
510425.0,8.50708293914795,1438.0,1438.0,6.222500324249268,162.0,166.0,0.11628789342129836,0.2867039486499488,0.9985866546630859,254.7429259197562,254.68045887231443,254.53626795841762
510704.0,8.511733055114746,1361.0,1361.0,5.734161376953125,156.0,175.0,0.08601043481131534,0.3072117917126884,0.9986623525619507,254.7636898751588,254.66226630396,254.55410993143605
510983.0,8.516383171081543,1349.0,1349.0,5.53923225402832,88.0,9.0,0.5512081911747834,0.6927426283234642,0.9986741542816162,254.42769953064743,254.75219762355525,254.89611915297684
511263.0,8.521050453186035,1507.0,1507.0,4.559508323669434,155.0,175.0,0.08352384117184013,0.3043955822796083,0.9985188245773315,254.73727039730608,254.62256309975123,254.507330137133
511542.0,8.525699615478516,1344.0,1344.0,6.713292121887207,160.0,167.0,0.10957508046378667,0.28368422535540117,0.9986790418624878,254.75871309635596,254.693246799207,254.5675982535128
511821.0,8.530349731445312,1649.0,1649.0,8.317998886108398,160.0,164.0,0.1157839411990699,0.27104252855886235,0.9983792901039124,254.69873571011314,254.63033910966112,254.47470224288216
512101.0,8.535017013549805,1725.0,1725.0,6.944154262542725,87.0,10.0,0.5528280328806108,0.6892707701190884,0.998304545879364,254.26965932254254,254.67674610851938,254.8656590759331
512380.0,8.539667129516602,1410.0,1410.0,3.7609200477600098,25.0,44.0,0.6412015659588648,0.7332074968054951,0.9986141920089722,254.3875173362085,254.4666939242285,254.9057205883673
512659.0,8.544316291809082,1376.0,1376.0,4.470559120178223,155.0,175.0,0.08352384117184013,0.3043955822796083,0.9986475706100464,254.76010725613182,254.65537049228794,254.55015375499184
512939.0,8.548983573913574,1399.0,1399.0,6.822393894195557,155.0,175.0,0.08352384117184013,0.3043955822796083,0.9986249804496765,254.7561002332175,254.64961400998638,254.54263979611753
513218.0,8.553633689880371,1418.0,1418.0,8.074995994567871,94.0,9.0,0.5438489444992544,0.6829499304185261,0.9986063241958618,254.40190091761193,254.75961257238927,254.8873244222776
513497.0,8.558283805847168,1750.0,1750.0,8.106184005737305,87.0,10.0,0.5528280328806108,0.6892707701190884,0.9982799887657166,254.25908100090035,254.67206406938107,254.8637132696151
513777.0,8.562950134277344,1850.0,1850.0,5.221585273742676,155.0,175.0,0.08352384117184013,0.3043955822796083,0.9981817007064819,254.6774716595662,254.53665633484957,254.39519570073958
514056.0,8.56760025024414,1374.0,1374.0,5.950245380401611,88.0,9.0,0.5512081911747834,0.6927426283234642,0.998649537563324,254.41707373969965,254.74759672526935,254.89419041759558
514335.0,8.572250366210938,1059.0,1059.0,4.461514949798584,90.0,8.0,0.5483951391930794,0.694604902646439,0.9989591836929321,254.5502380337386,254.81188371129335,254.9189456496568
514615.0,8.576916694641113,1371.0,1371.0,5.525301456451416,88.0,9.0,0.5512081911747834,0.6927426283234642,0.9986525177955627,254.41836015506863,254.74815373474706,254.89442392066837
514894.0,8.58156681060791,1642.0,1642.0,5.564556121826172,155.0,174.0,0.08499994081446928,0.299608869724142,0.9983861446380615,254.71176585483232,254.59093277457802,254.46516791057905
515173.0,8.586216926574707,1646.0,1646.0,4.125207901000977,24.0,43.0,0.641030378393262,0.7410104596735705,0.9983822107315063,254.28177005031125,254.37581226787168,254.89315742275699
515453.0,8.590883255004883,1230.0,1230.0,5.399473667144775,156.0,175.0,0.08601043481131534,0.3072117917126884,0.9987910985946655,254.7864342771576,254.6947725326137,254.5970260061218
515732.0,8.59553337097168,1550.0,1550.0,7.270167350769043,162.0,165.0,0.1183723776933644,0.2825979329285721,0.9984765648841858,254.72130654721076,254.65768413284985,254.501741543724
516011.0,8.600183486938477,1644.0,1644.0,5.702678680419922,155.0,175.0,0.08352384117184013,0.3043955822796083,0.9983841776847839,254.71338684911754,254.5882520350566,254.46254377012227
516291.0,8.604849815368652,1704.0,1704.0,7.634464263916016,88.0,9.0,0.5512081911747834,0.6927426283234642,0.9983252286911011,254.27708601924706,254.68698295390467,254.86878061321448
516570.0,8.60949993133545,1393.0,1393.0,7.501204490661621,160.0,164.0,0.1157839411990699,0.27104252855886235,0.9986308813095093,254.74550252882568,254.68772348751116,254.55624693902405
516849.0,8.614150047302246,1503.0,1503.0,4.873996257781982,155.0,175.0,0.08352384117184013,0.3043955822796083,0.9985227584838867,254.73796819021467,254.62356554785654,254.50863863656755
517128.0,8.618800163269043,1410.0,1410.0,6.5761847496032715,88.0,9.0,0.5512081911747834,0.6927426283234642,0.9986141920089722,254.40181685342353,254.74099059286368,254.89142107115228
517408.0,8.623466491699219,1298.0,1298.0,5.42667818069458,156.0,175.0,0.08601043481131534,0.3072117917126884,0.9987242221832275,254.77461982389713,254.6778873527297,254.57473348954892
517687.0,8.628116607666016,1523.0,1523.0,6.155421257019043,156.0,174.0,0.08751185199778944,0.3024696501689986,0.9985030889511108,254.7337440736626,254.62407692275644,254.50283129140394
517966.0,8.632766723632812,1644.0,1644.0,4.616333961486816,156.0,175.0,0.08601043481131534,0.3072117917126884,0.9983841776847839,254.71454722509935,254.5920317812161,254.46138339414046
518246.0,8.637433052062988,1467.0,1467.0,5.68942928314209,155.0,175.0,0.08352384117184013,0.3043955822796083,0.9985581636428833,254.74424832639173,254.63258758080414,254.52041513147876
518525.0,8.642083168029785,1414.0,1414.0,6.072202682495117,88.0,9.0,0.5512081911747834,0.6927426283234642,0.998610258102417,254.40011878513647,254.7402553403531,254.8911128470962
518804.0,8.646733283996582,1614.0,1614.0,5.407393455505371,121.0,5.0,0.5084370439526456,0.6803328221853729,0.9984136819839478,254.32028673165684,254.8428283660764,254.87069108015652
519084.0,8.651399612426758,1493.0,1493.0,7.081125736236572,155.0,173.0,0.08652383607276393,0.29484876449701003,0.9985325932502747,254.7361403609487,254.6300353416853,254.51548219669138
519363.0,8.656049728393555,1429.0,1429.0,6.7124714851379395,95.0,10.0,0.542947827056783,0.6761152803751634,0.9985954761505127,254.3996933091269,254.75920012934463,254.8839995276346
519642.0,8.660699844360352,1475.0,1475.0,6.110410213470459,155.0,174.0,0.08499994081446928,0.299608869724142,0.998550295829773,254.74108321470055,254.63254051349116,254.51956765848365
519922.0,8.665367126464844,1294.0,1294.0,6.217640399932861,88.0,9.0,0.5512081911747834,0.6927426283234642,0.9987281560897827,254.45100937713337,254.7622906352914,254.9003502286558
520201.0,8.670016288757324,1397.0,1397.0,6.8078742027282715,88.0,9.0,0.5512081911747834,0.6927426283234642,0.9986269474029541,254.40732271120277,254.74337459342829,254.89242046430383
520480.0,8.674666404724121,1719.0,1719.0,6.054874897003174,120.0,2.0,0.5094999530412807,0.6972566664438733,0.9983104467391968,254.2687605885214,254.83532143813065,254.86956724846897
520760.0,8.679333686828613,1746.0,1746.0,5.151066303253174,88.0,8.0,0.5508083052245833,0.6980061679773395,0.9982839226722717,254.2569529787618,254.68161646668932,254.86784758409678
521039.0,8.68398380279541,1412.0,1412.0,5.307621955871582,89.0,9.0,0.5499963749250598,0.6910088796958628,0.9986122250556946,254.4015813627708,254.7439424373117,254.89065341563344
521318.0,8.68863296508789,1432.0,1432.0,5.021551609039307,156.0,175.0,0.08601043481131534,0.3072117917126884,0.9985925555229187,254.75135946092706,254.64464371425933,254.53084385576147
521598.0,8.693300247192383,1615.0,1615.0,10.361268997192383,160.0,166.0,0.11158216678252796,0.2794238043501735,0.9984126687049866,254.70833274782183,254.6335705918067,254.48212829172132
521877.0,8.69795036315918,1653.0,1653.0,4.790698528289795,156.0,175.0,0.08601043481131534,0.3072117917126884,0.9983753561973572,254.7129888123698,254.5898045025861,254.45844284828237
522156.0,8.70259952545166,1419.0,1419.0,9.5613431930542,160.0,164.0,0.1157839411990699,0.27104252855886235,0.9986053109169006,254.74074939799704,254.68189124441767,254.5479591696223
522436.0,8.707266807556152,1607.0,1607.0,4.719921588897705,155.0,175.0,0.08352384117184013,0.3043955822796083,0.9984205365180969,254.71983614721185,254.59751708572668,254.47463747701758
522715.0,8.71191692352295,1616.0,1616.0,6.456650257110596,156.0,175.0,0.08601043481131534,0.3072117917126884,0.9984117150306702,254.7194119999713,254.5989845023448,254.47056266567049
522994.0,8.716567039489746,1436.0,1436.0,6.26738977432251,25.0,45.0,0.6421393752639711,0.729717414350133,0.9985886216163635,254.37747212905458,254.4547702949999,254.90272489529082
523274.0,8.721233367919922,1719.0,1719.0,5.35200309753418,25.0,46.0,0.6430861651205574,0.7262529112106243,0.9983104467391968,254.2562679600477,254.344806883631,254.88205987694266
523553.0,8.725883483886719,1562.0,1562.0,5.084754943847656,89.0,8.0,0.5496046691821043,0.696285525669204,0.9984647631645203,254.33592899426287,254.71884198994712,254.88110021964246
523832.0,8.730533599853516,1050.0,1050.0,7.039721965789795,88.0,8.0,0.5508083052245833,0.6980061679773395,0.9989680051803589,254.55315493988684,254.808534177495,254.9205277020962
524112.0,8.735199928283691,1207.0,1207.0,7.2041730880737305,85.0,13.0,0.5565663065280819,0.6773424333457672,0.9988136887550354,254.49258820146474,254.76330617891276,254.9023930636033
524391.0,8.739850044250488,1457.0,1457.0,5.500675678253174,156.0,174.0,0.08751185199778944,0.3024696501689986,0.9985679984092712,254.74528953451238,254.64037780000095,254.52438965421595
524670.0,8.744500160217285,1624.0,1624.0,5.533486843109131,156.0,174.0,0.08751185199778944,0.3024696501689986,0.9984038472175598,254.71609192277654,254.59915409391155,254.46987015817896
524950.0,8.749166488647461,1840.0,1840.0,6.703517913818359,155.0,174.0,0.08499994081446928,0.299608869724142,0.9981915354728699,254.6770087088738,254.5416047907177,254.40067438228982
525229.0,8.753816604614258,1817.0,1817.0,6.239370346069336,82.0,21.0,0.5642600815006151,0.6422878178101646,0.9982141256332397,254.25210547224924,254.6115483640326,254.83709860070303
525508.0,8.758466720581055,1629.0,1629.0,7.544095516204834,7.0,246.0,0.8736681905588983,0.9372877178601662,0.9983989000320435,254.97439579860423,254.20904321773793,254.78917347614546
525788.0,8.76313304901123,1639.0,1639.0,6.8934431076049805,88.0,8.0,0.5508083052245833,0.6980061679773395,0.9983891248703003,254.3025046439518,254.70113461250895,254.87594903990134
526067.0,8.767783164978027,1803.0,1803.0,6.944607734680176,160.0,169.0,0.10573791971869566,0.29233446371824134,0.9982278943061829,254.68021517782844,254.5836293710092,254.41601091832482
526346.0,8.772433280944824,1544.0,1544.0,6.2772417068481445,155.0,174.0,0.08499994081446928,0.299608869724142,0.9984824657440186,254.72896877914133,254.6153474826694,254.49708875030814
526625.0,8.777083396911621,1414.0,1414.0,5.470352649688721,82.0,21.0,0.5642600815006151,0.6422878178101646,0.998610258102417,254.41799917198327,254.69771249101476,254.8732324602494
526905.0,8.781749725341797,1454.0,1454.0,5.24629020690918,177.0,25.0,0.4283968245225053,0.631275111224511,0.9985709190368652,254.40553782719294,254.86563088160833,254.66796613934065
527184.0,8.786399841308594,1346.0,1346.0,5.635528564453125,121.0,4.0,0.5083688541782873,0.6858710298508166,0.9986770749092102,254.43127832326755,254.87079367861367,254.89402988042966
527463.0,8.79104995727539,1484.0,1484.0,4.4873809814453125,177.0,24.0,0.4290000967449339,0.6362737544936451,0.9985414147377014,254.39140558023547,254.86471593599225,254.66308599918213
527743.0,8.795716285705566,1446.0,1446.0,8.837041854858398,254.0,203.0,0.16436012317588758,0.8170143788172617,0.9985787868499756,254.93368429937198,254.92548886472642,254.34149699411557
528022.0,8.800366401672363,1703.0,1703.0,7.9817938804626465,156.0,175.0,0.08601043481131534,0.3072117917126884,0.9983261823654175,254.70430171438417,254.57738892914202,254.44205129197874
528301.0,8.80501651763916,1862.0,1862.0,11.384868621826172,239.0,2.0,0.38439064517588106,0.9310319294587402,0.9981698989868164,254.098834209899,254.96781427337737,254.36504092641485
528581.0,8.809683799743652,1896.0,1896.0,6.040152549743652,234.0,19.0,0.3764804683962618,0.8431737338209802,0.9981365203857422,254.12414724697973,254.92547814974878,254.33159804313098
528860.0,8.814332962036133,2079.0,2079.0,5.621275901794434,253.0,204.0,0.16287531308060366,0.8151299007484603,0.9979566335678101,254.9036718744428,254.88434824082404,254.05421124514032
529139.0,8.81898307800293,1901.0,1901.0,4.852151393890381,255.0,51.0,0.3360104348113153,0.8246211251235321,0.9981315732002258,254.13066139254823,254.91644093956694,254.14328306206838
529419.0,8.823650360107422,1996.0,1996.0,5.135674476623535,249.0,37.0,0.35189112041805626,0.8402138099577247,0.9980382323265076,254.07943164900416,254.9200668375147,254.17303362207
529698.0,8.828300476074219,2547.0,2547.0,5.534942150115967,242.0,2.0,0.3822895000771724,0.9421645140576056,0.9974966645240784,253.7602182213303,254.96308068594968,254.11354343365716
529977.0,8.8329496383667,2297.0,2297.0,6.577554225921631,242.0,1.0,0.3829181879333821,0.9462689029030317,0.9977423548698425,253.87953394979291,254.96906703382678,254.20367998711546
530257.0,8.837616920471191,2495.0,2495.0,4.259103775024414,252.0,41.0,0.3466410164553868,0.840762730188288,0.9975477457046509,253.8489253304852,254.90042497888675,253.93288347522846
530536.0,8.842267036437988,2921.0,2921.0,5.773695468902588,242.0,1.0,0.3829181879333821,0.9462689029030317,0.9971290826797485,253.57516783868112,254.96066432799063,253.98736569050888
530815.0,8.846916198730469,2956.0,2956.0,5.900003433227539,245.0,11.0,0.37431985481098795,0.9176554382054158,0.9970946907997131,253.57929759316244,254.93899471469126,253.9136731248103
531095.0,8.851583480834961,3277.0,3277.0,3.817345380783081,254.0,203.0,0.16436012317588758,0.8170143788172617,0.996779203414917,254.8497133367247,254.8311405927846,253.50768040488296
531374.0,8.856233596801758,2805.0,2805.0,5.013840675354004,242.0,1.0,0.3829181879333821,0.9462689029030317,0.9972431063652039,253.63175763074614,254.96222661550783,254.02758429770182
531653.0,8.860883712768555,3035.0,3035.0,4.164153099060059,242.0,1.0,0.3829181879333821,0.9462689029030317,0.9970170259475708,253.51955424271551,254.9591289905456,253.94784087005786
531933.0,8.86555004119873,3125.0,3125.0,4.8190226554870605,242.0,2.0,0.3822895000771724,0.9421645140576056,0.9969285726547241,253.47886961463726,254.95470243927204,253.91237632173036
532212.0,8.870200157165527,3703.0,3703.0,4.713638782501221,244.0,9.0,0.3763544774525693,0.9216020018988039,0.9963604807853699,253.2166046107605,254.92724058977814,253.65816571269372
532491.0,8.874850273132324,3042.0,3042.0,3.460568428039551,245.0,10.0,0.375,0.9215686274509803,0.9970101714134216,253.53498399257663,254.9402034282684,253.8862888514996
532771.0,8.8795166015625,3048.0,3048.0,3.200439214706421,243.0,3.0,0.380965515078607,0.9418380028059027,0.9970042705535889,253.51660857228268,254.95556941004764,253.9278536371752
533050.0,8.884166717529297,3219.0,3219.0,3.456873655319214,254.0,203.0,0.16436012317588758,0.8170143788172617,0.9968361854553223,254.85237219470997,254.83412803806735,253.53408238750438
533329.0,8.888816833496094,2893.0,2893.0,3.8839550018310547,242.0,1.0,0.3829181879333821,0.9462689029030317,0.9971566200256348,253.58883458407269,254.96104162900104,253.9970787048963
533609.0,8.89348316192627,3278.0,3278.0,3.6239686012268066,242.0,1.0,0.3829181879333821,0.9462689029030317,0.9967781901359558,253.40102037088883,254.95585659844863,253.8635983405115
533888.0,8.898133277893066,3099.0,3099.0,3.2870171070098877,242.0,1.0,0.3829181879333821,0.9462689029030317,0.9969541430473328,253.48834554923482,254.9582674049049,253.92566071815583
534167.0,8.902783393859863,3049.0,3049.0,3.112687110900879,245.0,9.0,0.375674381316019,0.9254985044492471,0.9970032572746277,253.52859297283953,254.9430682372206,253.88793516307643
534447.0,8.907449722290039,3275.0,3275.0,4.69230842590332,246.0,12.0,0.37295966379373663,0.9177224705061833,0.9967811703681946,253.42593041202068,254.93246647575856,253.78412138749383
534726.0,8.912099838256836,2692.0,2692.0,3.713024139404297,254.0,53.0,0.3347089631188986,0.8141860260678845,0.9973541498184204,253.7759835712448,254.8746328361496,253.78505157916098
535005.0,8.916749954223633,3062.0,3062.0,3.493476390838623,245.0,10.0,0.375,0.9215686274509803,0.9969905018806458,253.52534592151645,254.9398100376129,253.87896195054057
535284.0,8.92140007019043,2882.0,2882.0,3.543879747390747,253.0,204.0,0.16287531308060366,0.8151299007484603,0.9971674084663391,254.8664663231184,254.83967917416373,253.68891199471454
535564.0,8.926066398620605,2825.0,2825.0,4.536549091339111,254.0,203.0,0.16436012317588758,0.8170143788172617,0.997223436832428,254.87044186032733,254.85443079120745,253.71351092421094
535843.0,8.930716514587402,2666.0,2666.0,5.061914443969727,254.0,203.0,0.16436012317588758,0.8170143788172617,0.997379720211029,254.87773425116134,254.86262439113563,253.78592305646347
536122.0,8.9353666305542,2630.0,2630.0,5.244948387145996,245.0,10.0,0.375,0.9215686274509803,0.9974150657653809,253.73338222503665,254.9483013153076,254.03711199760437
536402.0,8.940032958984375,2380.0,2380.0,5.310002326965332,253.0,203.0,0.16380320117188102,0.8122571207088632,0.9976608157157898,254.88801287585886,254.87136452018854,253.91900313919393
536681.0,8.944683074951172,2140.0,2140.0,4.002357482910156,253.0,203.0,0.16380320117188102,0.8122571207088632,0.997896671295166,254.89930432827896,254.88433459519464,254.0279980322557
536960.0,8.949333190917969,2357.0,2357.0,7.398324966430664,245.0,10.0,0.375,0.9215686274509803,0.9976834058761597,253.86486887931827,254.95366811752316,254.1370686888695
537240.0,8.954000473022461,2262.0,2262.0,7.370543003082275,253.0,203.0,0.16380320117188102,0.8122571207088632,0.9977768063545227,254.89356586206293,254.87774303066666,253.97260537874365
537519.0,8.958649635314941,2170.0,2170.0,8.961862564086914,242.0,1.0,0.3829181879333821,0.9462689029030317,0.997867226600647,253.94150761125456,254.9707779550754,254.24772493330954
537798.0,8.963299751281738,1770.0,1770.0,5.901676177978516,234.0,19.0,0.3764804683962618,0.8431737338209802,0.9982603192329407,254.1823338567553,254.93042895204445,254.37600281745344
538078.0,8.96796703338623,1668.0,1668.0,4.698000907897949,255.0,53.0,0.33416202845470033,0.8189696361270764,0.9983605742454529,254.23957325460748,254.9243196105735,254.2429779303949
538357.0,8.972616195678711,1568.0,1568.0,5.5871076583862305,255.0,53.0,0.33416202845470033,0.8189696361270764,0.9984588623046875,254.2851629184196,254.92885685697104,254.28836347457877
538636.0,8.977266311645508,1727.0,1727.0,7.394453048706055,254.0,203.0,0.16436012317588758,0.8170143788172617,0.9983025789260864,254.9207960693472,254.91100787995634,254.21351918295687
538916.0,8.98193359375,2017.0,2017.0,5.691451072692871,156.0,175.0,0.08601043481131534,0.3072117917126884,0.9980175495147705,254.64977832848146,254.4994642754527,254.3391719240515
539195.0,8.986583709716797,2076.0,2076.0,7.49501895904541,162.0,167.0,0.11426260786152292,0.2908577512280574,0.9979596138000488,254.63103436515988,254.53586890073598,254.32836867286503
539474.0,8.991232872009277,1902.0,1902.0,6.333094596862793,155.0,176.0,0.08209356564529845,0.3092076664756307,0.9981306195259094,254.6707048065148,254.52111512521964,254.375911151699
539754.0,8.99590015411377,1681.0,1681.0,5.80004358291626,177.0,24.0,0.4290000967449339,0.6362737544936451,0.998347818851471,254.3106277339932,254.846759880257,254.61836789715701
540033.0,9.000550270080566,1827.0,1827.0,5.56870698928833,155.0,176.0,0.08209356564529845,0.3092076664756307,0.9982042908668518,254.6836821638833,254.53998773642482,254.40050617821112
540312.0,9.005200386047363,1774.0,1774.0,6.925741195678711,88.0,9.0,0.5512081911747834,0.6927426283234642,0.9982563853263855,254.2473698242236,254.6741160349695,254.863386692233
540592.0,9.009866714477539,1541.0,1541.0,4.142566680908203,179.0,26.0,0.42527015718531513,0.6312263866866779,0.9984854459762573,254.37000197566417,254.85757547222707,254.63895772767455
540871.0,9.014516830444336,1730.0,1730.0,6.562853813171387,90.0,10.0,0.5491678549685199,0.6840299428436238,0.9982996582984924,254.26982628370686,254.6880091356905,254.86299944852428
541150.0,9.019166946411133,1957.0,1957.0,7.706320762634277,155.0,176.0,0.08209356564529845,0.3092076664756307,0.9980765581130981,254.66118177808988,254.50726604887407,254.35786285959017
541430.0,9.023833274841309,1922.0,1922.0,6.226894378662109,155.0,175.0,0.08352384117184013,0.3043955822796083,0.9981109499931335,254.66492195983187,254.51862745756202,254.37166253666624
541709.0,9.028483390808105,1899.0,1899.0,6.647768020629883,177.0,24.0,0.4290000967449339,0.6362737544936451,0.9981335401535034,254.22121998853717,254.82688548974957,254.5688723378035
541988.0,9.033133506774902,1498.0,1498.0,9.224311828613281,88.0,9.0,0.5512081911747834,0.6927426283234642,0.9985277056694031,254.3644850794157,254.72482617782046,254.88464481197988
542268.0,9.037799835205078,1531.0,1531.0,5.172753810882568,155.0,175.0,0.08352384117184013,0.3043955822796083,0.9984952211380005,254.73308363985473,254.6165484111195,254.49947914052552
542547.0,9.042449951171875,1498.0,1498.0,5.871430397033691,90.0,8.0,0.5483951391930794,0.694604902646439,0.9985277056694031,254.36378591635417,254.73389872595675,254.8853439750414
542826.0,9.047100067138672,1566.0,1566.0,6.502624988555908,94.0,7.0,0.5431565889545564,0.6936300491879558,0.9984608292579651,254.33526961601703,254.73876495285663,254.87975330554517
543105.0,9.051750183105469,1565.0,1565.0,5.564591884613037,155.0,175.0,0.08352384117184013,0.3043955822796083,0.9984618425369263,254.72716297275178,254.60804279083223,254.4883767210806
543385.0,9.056416511535645,1409.0,1409.0,3.33242130279541,155.0,176.0,0.08209356564529845,0.3092076664756307,0.9986151456832886,254.75605508001675,254.6452376628305,254.53766921846042
543664.0,9.061066627502441,1163.0,1163.0,5.9178786277771,178.0,24.0,0.42775333625000744,0.6386861754863659,0.9988569617271423,254.5223643409752,254.8946861398674,254.73329209299925
543943.0,9.065716743469238,1622.0,1622.0,4.29985237121582,88.0,8.0,0.5508083052245833,0.6980061679773395,0.9984058141708374,254.30973097044085,254.70423097558518,254.87723425668622
544223.0,9.070383071899414,2053.0,2053.0,5.702687740325928,80.0,18.0,0.5651408764689061,0.661955673244835,0.9979822039604187,254.14486066826458,254.55981851249626,254.82606335154895
544502.0,9.075033187866211,2338.0,2338.0,5.839704990386963,78.0,2.0,0.5597927288940685,0.7481978861862031,0.9977020621299744,253.97560121762365,254.537875211373,254.85245046866328
544781.0,9.079683303833008,3415.0,3415.0,3.117372989654541,82.0,0.0,0.5545544141168601,0.750783263944698,0.9966435432434082,253.5015107795233,254.36602102431763,254.78669627461488
545061.0,9.084349632263184,4111.0,4111.0,2.7932114601135254,94.0,5.0,0.542485243347974,0.7043228961366363,0.995959460735321,253.24397218670947,254.32537924000857,254.69535278830426
545340.0,9.08899974822998,4417.0,4417.0,2.89986515045166,94.0,5.0,0.542485243347974,0.7043228961366363,0.9956586956977844,253.11325899805254,254.2751625919548,254.6726758078175
545619.0,9.093649864196777,4581.0,4581.0,3.980924129486084,78.0,2.0,0.5597927288940685,0.7481978861862031,0.9954975247383118,252.9928394775523,254.09453364438318,254.7108981389867
545899.0,9.098316192626953,4280.0,4280.0,4.44552755355835,78.0,0.0,0.5589388043799406,0.7585270738736409,0.995793342590332,253.11363215891987,254.16549157603632,254.74097256214947
546178.0,9.10296630859375,3938.0,3938.0,3.2670140266418457,80.0,1.0,0.5571690536884042,0.7493890886258487,0.9961295127868652,253.2733980349274,254.2452476804382,254.75265348637387
546457.0,9.107616424560547,3845.0,3845.0,3.0157129764556885,80.0,1.0,0.5571690536884042,0.7493890886258487,0.9962208867073059,253.31415941247542,254.26306576756843,254.7584928082506
546737.0,9.112283706665039,3462.0,3462.0,5.433173656463623,78.0,0.0,0.5589388043799406,0.7585270738736409,0.9965973496437073,253.47416854251102,254.32498891409523,254.7904797757797
547016.0,9.11693286895752,2772.0,2772.0,5.0957746505737305,78.0,0.0,0.5589388043799406,0.7585270738736409,0.9972755312919617,253.77828174382321,254.45952525573912,254.83223921507724
547295.0,9.121582984924316,2445.0,2445.0,6.097421646118164,76.0,0.0,0.5610967913167303,0.762611511060009,0.9975969195365906,253.91989719186373,254.5119127284718,254.85453177179747
547575.0,9.126250267028809,2404.0,2404.0,5.732943058013916,78.0,1.0,0.5593628396370643,0.7533597692639324,0.9976372122764587,253.94358168086916,254.5280537584169,254.8513965801248
547854.0,9.130900382995605,2344.0,2344.0,7.73982048034668,78.0,1.0,0.5593628396370643,0.7533597692639324,0.9976961612701416,253.96993817332952,254.53982830580284,254.8551040744427
548133.0,9.135549545288086,2399.0,2399.0,4.722311019897461,79.0,2.0,0.5586923142021615,0.7461808437607738,0.9976420998573303,253.9500833845392,254.53139839718546,254.84738754269927
548413.0,9.140216827392578,1982.0,1982.0,6.102182388305664,88.0,8.0,0.5508083052245833,0.6980061679773395,0.9980520009994507,254.15653284887264,254.63858807836965,254.8499876608472
548692.0,9.144866943359375,2066.0,2066.0,4.233818054199219,82.0,20.0,0.5637244263065914,0.6473914771768786,0.997969388961792,254.14697111395964,254.56107448171642,254.81741725655428
548971.0,9.149517059326172,2215.0,2215.0,6.264789581298828,77.0,0.0,0.5600206951179266,0.7605518140792705,0.9978229999542236,254.0226560481402,254.56297863961365,254.86707392851386
549251.0,9.154183387756348,2173.0,2173.0,5.799088478088379,84.0,12.0,0.5573265194019106,0.6844794450724168,0.9978642463684082,254.08260356150043,254.57172043493446,254.82816208638775
549530.0,9.158833503723145,1927.0,1927.0,6.57945442199707,74.0,0.0,0.5632313981042658,0.7668346438516908,0.998106062412262,254.1466999914563,254.6063819523665,254.8873918387973
549809.0,9.163483619689941,1409.0,1409.0,5.822256565093994,78.0,1.0,0.5593628396370643,0.7533597692639324,0.9986151456832886,254.38082229947062,254.72338742774042,254.91290199900655
550089.0,9.168149948120117,1485.0,1485.0,7.3284220695495605,119.0,3.0,0.5108491642696447,0.6920763159265839,0.998540461063385,254.37023892696118,254.85186205908556,254.88539621536518
550368.0,9.172800064086914,1521.0,1521.0,5.890037536621094,88.0,9.0,0.5512081911747834,0.6927426283234642,0.9985050559043884,254.35470832261143,254.72059290578983,254.88287018862667
550647.0,9.177450180053711,1812.0,1812.0,7.984959125518799,78.0,1.0,0.5593628396370643,0.7533597692639324,0.9982190728187561,254.20373545174667,254.64427532725557,254.88799168581895
550927.0,9.182116508483887,1652.0,1652.0,5.871969223022461,39.0,6.0,0.6001928052766139,0.8336354700262059,0.9983763098716736,254.24079976803418,254.5161285851339,254.93111826651935
551206.0,9.186766624450684,1389.0,1389.0,6.30101203918457,88.0,9.0,0.5512081911747834,0.6927426283234642,0.9986348152160645,254.41071884777688,254.74484509844945,254.893036912416
551485.0,9.19141674041748,1944.0,1944.0,6.785300254821777,77.0,0.0,0.5600206951179266,0.7605518140792705,0.9980893135070801,254.142215044332,254.61643969092802,254.88333484427883
551764.0,9.196066856384277,1986.0,1986.0,7.499571800231934,177.0,25.0,0.4283968245225053,0.631275111224511,0.9980480670928955,254.1880444096144,254.8164698077623,254.5464862834137
552044.0,9.200733184814453,1742.0,1742.0,4.788952827453613,89.0,9.0,0.5499963749250598,0.6910088796958628,0.9982878565788269,254.26171131922825,254.68409339482793,254.86509553597347
552323.0,9.20538330078125,1718.0,1718.0,4.723034381866455,156.0,174.0,0.08751185199778944,0.3024696501689986,0.998311460018158,254.6996589895193,254.57595266165353,254.43918561974127
552602.0,9.210033416748047,1715.0,1715.0,6.825344085693359,87.0,10.0,0.5528280328806108,0.6892707701190884,0.998314380645752,254.273895786307,254.67862119700925,254.8664383430265
552882.0,9.214699745178223,1848.0,1848.0,6.707174777984619,87.0,10.0,0.5528280328806108,0.6892707701190884,0.9981836676597595,254.21758933154644,254.65369956635303,254.85608117493092
553161.0,9.21934986114502,1728.0,1728.0,7.367694854736328,30.0,0.0,0.6039037684205792,0.8901615264953856,0.99830162525177,254.18139833529776,254.4717516313161,254.95243054310495
553440.0,9.223999977111816,1633.0,1633.0,5.130332946777344,121.0,3.0,0.5083017568200819,0.6914093614035931,0.9983949661254883,254.3077338232167,254.8455078741267,254.87369890078233
553720.0,9.228666305541992,1735.0,1735.0,6.709949493408203,75.0,0.0,0.5621670418109989,0.7647058823529411,0.9982947707176208,254.23264682292938,254.64962504243496,254.89768624305725
553999.0,9.233316421508789,1734.0,1734.0,5.248541355133057,155.0,176.0,0.08209356564529845,0.3092076664756307,0.9982957243919373,254.6997883663131,254.56341054029926,254.4310310735749
554278.0,9.237966537475586,1542.0,1542.0,4.781152248382568,88.0,9.0,0.5512081911747834,0.6927426283234642,0.9984844326972961,254.34580632825805,254.71673840020406,254.88125434736298
554558.0,9.242632865905762,1711.0,1711.0,6.446280002593994,75.0,0.0,0.5621670418109989,0.7647058823529411,0.9983183145523071,254.2432415485382,254.65446261481557,254.89909887313843
554837.0,9.247282981872559,1384.0,1384.0,5.843010425567627,88.0,9.0,0.5512081911747834,0.6927426283234642,0.998639702796936,254.412828568982,254.7457585939929,254.89341985745537
555116.0,9.251933097839355,1919.0,1919.0,6.754405498504639,79.0,3.0,0.5591216959684246,0.7410104596735705,0.9981138706207275,254.1626384007092,254.62258493441348,254.87543561586185
555396.0,9.256600379943848,2087.0,2087.0,8.166831016540527,78.0,1.0,0.5593628396370643,0.7533597692639324,0.9979487657546997,254.08287934122328,254.5902838485951,254.87099119367358
555675.0,9.261249542236328,1518.0,1518.0,5.346081733703613,79.0,0.0,0.5578511729624649,0.7565375711102164,0.9985080361366272,254.331723901908,254.70756214423506,254.90737452777188
555954.0,9.265899658203125,1534.0,1534.0,5.206559658050537,89.0,8.0,0.5496046691821043,0.696285525669204,0.9984923005104065,254.34784035057965,254.72388508505307,254.88323290972767
556234.0,9.270566940307617,1812.0,1812.0,7.731083869934082,88.0,8.0,0.5508083052245833,0.6980061679773395,0.9982190728187561,254.22887353868998,254.66958488445036,254.86285359887563
556513.0,9.275217056274414,1641.0,1641.0,7.054163932800293,89.0,8.0,0.5496046691821043,0.696285525669204,0.9983871579170227,254.30236062646114,254.7046296310121,254.87508991122044
556792.0,9.279866218566895,1542.0,1542.0,5.289445877075195,155.0,175.0,0.08352384117184013,0.3043955822796083,0.9984844326972961,254.73116999566608,254.61379927313382,254.49589067995495
557072.0,9.284533500671387,1624.0,1624.0,6.726600170135498,89.0,8.0,0.5496046691821043,0.696285525669204,0.9984038472175598,254.30957963028948,254.70768605228844,254.87638245066603
557351.0,9.289183616638184,1503.0,1503.0,6.751711368560791,87.0,10.0,0.5528280328806108,0.6892707701190884,0.9985227584838867,254.36365746703794,254.71835034464914,254.8829493597443
557630.0,9.29383373260498,1766.0,1766.0,5.127110004425049,24.0,48.0,0.6457543310460899,0.7237923960128011,0.9982642531394958,254.23702285391724,254.31741698976217,254.87774624722564
557910.0,9.298500061035156,1554.0,1554.0,6.222103595733643,33.0,3.0,0.6033328114328286,0.8668440950488774,0.9984726309776306,254.27290324070543,254.52949477566804,254.94813855788618
558189.0,9.303150177001953,1551.0,1551.0,5.8292436599731445,74.0,143.0,0.7948814996238553,0.3089091073460075,0.9984756112098694,254.67595270262518,254.49120197551278,254.7313597415206
558468.0,9.30780029296875,1701.0,1701.0,7.7095417976379395,161.0,164.0,0.11818324534853591,0.27476178910750365,0.9983281493186951,254.6908150507678,254.6226646353281,254.45654110176667
558748.0,9.312466621398926,2057.0,2057.0,5.660447120666504,88.0,9.0,0.5512081911747834,0.6927426283234642,0.9979782700538635,254.12732154199023,254.62213591050937,254.84159618548017
559027.0,9.317116737365723,1550.0,1550.0,5.234789848327637,88.0,9.0,0.5512081911747834,0.6927426283234642,0.9984765648841858,254.34241019168397,254.7152678951829,254.8806378992508
559306.0,9.32176685333252,1719.0,1719.0,8.883209228515625,88.0,9.0,0.5512081911747834,0.6927426283234642,0.9983104467391968,254.27070539901692,254.6842201868952,254.86762243797344
559586.0,9.326433181762695,1486.0,1486.0,5.852520942687988,155.0,175.0,0.08352384117184013,0.3043955822796083,0.9985394477844238,254.74092852376614,254.62781835800018,254.51418984629
559865.0,9.331083297729492,1748.0,1748.0,6.093628406524658,122.0,5.0,0.5071409364185847,0.6800615120198459,0.9982819557189941,254.26396288152173,254.83430404561145,254.85983453516528
560144.0,9.335733413696289,1775.0,1775.0,6.419210910797119,155.0,175.0,0.08352384117184013,0.3043955822796083,0.9982554316520691,254.69054999029186,254.5554446425199,254.41972015226338
560424.0,9.340399742126465,1880.0,1880.0,5.863933086395264,30.0,35.0,0.6291873215521527,0.7453559924999299,0.9981522560119629,254.17763238425783,254.33558214252525,254.88001818184324
560703.0,9.345049858093262,2101.0,2101.0,8.23757553100586,35.0,11.0,0.6068035375802758,0.8249940290814185,0.9979349970817566,254.0390024110634,254.3510726227308,254.90784610063247
560982.0,9.349699974060059,4414.0,4414.0,4.167988300323486,32.0,9.0,0.607959972377989,0.8440487549031719,0.9956616759300232,252.95997931960017,253.61778645012382,254.82747540471166
561261.0,9.354350090026855,8242.0,8242.0,3.5355679988861084,29.0,11.0,0.6117064014100696,0.846086951539587,0.991899311542511,251.18658330873626,252.3392591050287,254.68206557794434
561541.0,9.359016418457031,14220.0,14220.0,1.7697746753692627,29.0,11.0,0.6117064014100696,0.846086951539587,0.9860237836837769,248.4206658038151,250.40939137399354,254.4514638749111
561820.0,9.363666534423828,23955.0,23955.0,1.9415680170059204,29.0,11.0,0.6117064014100696,0.846086951539587,0.9764556884765625,243.91646419696772,247.26666809332247,254.07593692607915
562099.0,9.368316650390625,35367.0,35367.0,1.479323387145996,31.0,11.0,0.6100995617713054,0.8389682611253548,0.9652392864227295,238.69941850431923,243.74742137481894,253.57261757127281
562379.0,9.3729829788208,41449.0,41449.0,1.6591625213623047,30.0,11.0,0.6109063757498251,0.8425168716231308,0.9592615365982056,235.85936693383903,241.71575312444403,253.3640167312458
562658.0,9.377633094787598,47363.0,47363.0,2.1732845306396484,29.0,11.0,0.6117064014100696,0.846086951539587,0.9534489512443542,233.0859926594884,239.7099070927186,253.17297247513227
562937.0,9.382283210754395,45106.0,45106.0,2.441990613937378,28.0,11.0,0.6124996841432759,0.8496782302515908,0.95566725730896,234.08966619404467,240.33326747435785,253.3006350335249
563217.0,9.38694953918457,41079.0,41079.0,2.076946496963501,29.0,11.0,0.6117064014100696,0.846086951539587,0.959625244140625,235.99349595928487,241.73856369081744,253.41537855243388
563496.0,9.391599655151367,35509.0,35509.0,1.6532174348831177,29.0,9.0,0.6103726658006136,0.8545870979808734,0.9650997519493103,238.49498481345898,243.63268062631087,253.70588868068927
563775.0,9.396249771118164,28502.0,28502.0,2.167177438735962,29.0,11.0,0.6117064014100696,0.846086951539587,0.9719865918159485,241.8126272342339,245.79875480288086,253.90053459189983
564055.0,9.400917053222656,23504.0,23504.0,2.1663107872009277,29.0,11.0,0.6117064014100696,0.846086951539587,0.9768989086151123,244.12511104014897,247.41224756527762,254.0933323535583
564334.0,9.405566215515137,17898.0,17898.0,2.3162784576416016,29.0,11.0,0.6117064014100696,0.846086951539587,0.9824088215827942,246.71891454075686,249.22202593631107,254.30958446646818
564613.0,9.410216331481934,14441.0,14441.0,2.773782730102539,29.0,11.0,0.6117064014100696,0.846086951539587,0.9858065843582153,248.31841874941045,250.33805038477828,254.44293927327936
564893.0,9.414883613586426,12383.0,12383.0,2.6794981956481934,30.0,11.0,0.6109063757498251,0.8425168716231308,0.9878292679786682,249.28168133222653,251.03129339383764,254.51124533689426
565172.0,9.419533729553223,10758.0,10758.0,3.2262866497039795,29.0,11.0,0.6117064014100696,0.846086951539587,0.9894264340400696,250.02247085178297,251.5270211904947,254.58501050865252
565451.0,9.424182891845703,10398.0,10398.0,2.9059536457061768,30.0,8.0,0.6089194198745213,0.855342573988548,0.9897802472114563,250.16490867672303,251.70956970512674,254.62301740111968
565731.0,9.428850173950195,8427.0,8427.0,3.163861036300659,29.0,11.0,0.6117064014100696,0.846086951539587,0.9917174577713013,251.10097525083603,252.27952766757105,254.67492821252762
566010.0,9.433500289916992,8140.0,8140.0,4.196133136749268,28.0,11.0,0.6124996841432759,0.8496782302515908,0.9919995665550232,251.22645196818365,252.35319291557408,254.69332697487818
566289.0,9.438150405883789,7170.0,7170.0,2.592470169067383,31.0,9.0,0.6087708631494677,0.8475398053457555,0.9929529428482056,251.67997175738589,252.73809538017878,254.72602909519895
566569.0,9.442816734313965,6852.0,6852.0,3.206162452697754,30.0,11.0,0.6109063757498251,0.8425168716231308,0.9932654500007629,251.8358268909221,252.80395681831976,254.729552609467
566848.0,9.447466850280762,6705.0,6705.0,4.555997848510742,29.0,11.0,0.6117064014100696,0.846086951539587,0.9934099316596985,251.89771101093987,252.8354352934675,254.74135413550636
567127.0,9.452116966247559,6441.0,6441.0,3.3550095558166504,28.0,10.0,0.6118283617930026,0.8539029961285917,0.9936693906784058,252.00723442490107,252.9143434720915,254.76415482108587
567407.0,9.456783294677734,5176.0,5176.0,4.5758957862854,26.0,10.0,0.613392863975307,0.8611125373603794,0.9949127435684204,252.5856710349771,253.2998033181015,254.8198281849173
567686.0,9.461433410644531,5241.0,5241.0,4.257805347442627,28.0,10.0,0.6118283617930026,0.8539029961285917,0.9948488473892212,252.56481699904717,253.30292243239893,254.80809516945564
567965.0,9.466083526611328,4793.0,4793.0,3.0196378231048584,31.0,9.0,0.6087708631494677,0.8475398053457555,0.995289146900177,252.78061040213984,253.4879503372446,254.81685451695043
568245.0,9.470749855041504,4828.0,4828.0,3.912735939025879,31.0,10.0,0.6094318359378054,0.8432466869247762,0.9952547550201416,252.76960244261852,253.47040408531717,254.8103226176537
568524.0,9.4753999710083,5360.0,5360.0,3.9608848094940186,28.0,11.0,0.6124996841432759,0.8496782302515908,0.9947319030761719,252.51520753031062,253.25713989681577,254.79806303853704
568803.0,9.480050086975098,4409.0,4409.0,5.559322357177734,29.0,12.0,0.6123833453325923,0.8418594969076734,0.9956665635108948,252.96469680631532,253.5706790378341,254.82525058424102
569083.0,9.484716415405273,4221.0,4221.0,4.076930999755859,31.0,11.0,0.6100995617713054,0.8389682611253548,0.9958513379096985,253.0545392328994,253.65701415315732,254.82964310104683
569362.0,9.48936653137207,4304.0,4304.0,4.832152843475342,30.0,11.0,0.6109063757498251,0.8425168716231308,0.9957697987556458,253.01247462341362,253.6205901506631,254.8301227419657
569641.0,9.494016647338867,3826.0,3826.0,6.2412919998168945,26.0,8.0,0.6120657045863998,0.8695365490150766,0.9962396025657654,253.20729888725836,253.75361412079212,254.87489842128198
569920.0,9.498666763305664,3706.0,3706.0,6.9837727546691895,30.0,12.0,0.611582166782528,0.8382714130505204,0.9963575601577759,253.29257277589218,253.80724162280976,254.84978290457352
570200.0,9.50333309173584,3823.0,3823.0,5.793778896331787,31.0,11.0,0.6100995617713054,0.8389682611253548,0.9962425231933594,253.23798044972168,253.78364685739174,254.8457063788916
570479.0,9.507983207702637,3204.0,3204.0,7.633592128753662,30.0,11.0,0.6109063757498251,0.8425168716231308,0.9968509078025818,253.52042484646987,253.9731247894208,254.87353813284685
570758.0,9.512633323669434,3758.0,3758.0,4.272441387176514,30.0,12.0,0.611582166782528,0.8382714130505204,0.9963064193725586,253.2686000617982,253.79049499070976,254.8476738182067
571038.0,9.51729965209961,3271.0,3271.0,5.435722827911377,30.0,11.0,0.6109063757498251,0.8425168716231308,0.9967851042747498,253.48950759835793,253.9516671733006,254.87089558176444
571317.0,9.521949768066406,4019.0,4019.0,6.091807842254639,29.0,11.0,0.6117064014100696,0.846086951539587,0.9960498809814453,253.14047288981857,253.70254938603944,254.84496641071854
571596.0,9.526599884033203,3450.0,3450.0,4.895342826843262,24.0,11.0,0.6156063129881212,0.8642500243420091,0.9966091513633728,253.38804563839008,253.8459270883906,254.88262155693005
571876.0,9.531266212463379,3484.0,3484.0,4.810626983642578,28.0,10.0,0.6118283617930026,0.8539029961285917,0.9965757131576538,253.3811846126595,253.87184853094487,254.87242909774395
572155.0,9.535916328430176,3930.0,3930.0,6.247373580932617,26.0,10.0,0.613392863975307,0.8611125373603794,0.9961373805999756,253.1668638049286,253.7090855796866,254.86320030105895
572434.0,9.540566444396973,3939.0,3939.0,7.098391532897949,29.0,11.0,0.6117064014100696,0.846086951539587,0.996128499507904,253.17748273195895,253.728372318195,254.84805201707212
572714.0,9.545233726501465,3658.0,3658.0,6.190521717071533,29.0,6.0,0.6084212994513418,0.8674470800890935,0.9964047074317932,253.28792525481626,253.84377836581788,254.87847553539828
572993.0,9.549882888793945,3317.0,3317.0,6.130386829376221,31.0,9.0,0.6087708631494677,0.8475398053457555,0.9967398643493652,253.4640762517295,253.9535893167069,254.87325456644678
573272.0,9.554533004760742,3271.0,3271.0,5.397254943847656,33.0,7.0,0.6058463627379649,0.8492799492166785,0.9967851042747498,253.48396323810044,253.9921083761773,254.87643994202193
573552.0,9.559200286865234,3841.0,3841.0,4.000673770904541,31.0,5.0,0.6061929234867091,0.8648548179949918,0.9962248206138611,253.20475882590569,253.80894263071863,254.86989968716347
573831.0,9.563850402832031,2969.0,2969.0,6.6662278175354,32.0,10.0,0.6086195458049699,0.8397377888470218,0.9970818758010864,253.63101124287098,254.0662720663163,254.8807454156831
574110.0,9.568499565124512,3179.0,3179.0,6.777093887329102,26.0,8.0,0.6120657045863998,0.8695365490150766,0.996875524520874,253.5104631182945,253.96439081633758,254.89605438735126
574390.0,9.573166847229004,2742.0,2742.0,7.324995040893555,31.0,11.0,0.6100995617713054,0.8389682611253548,0.9973050355911255,253.7362317267404,254.1275984931807,254.88933642473359
574669.0,9.5778169631958,2850.0,2850.0,7.464019775390625,31.0,10.0,0.6094318359378054,0.8432466869247762,0.9971988797187805,253.6833953021009,254.09707883220472,254.88803335447716
574948.0,9.582467079162598,2737.0,2737.0,5.237380027770996,25.0,11.0,0.61483953711396,0.8605765973864515,0.9973099231719971,253.7237010322048,254.09084195719646,254.90435978551372
575228.0,9.587133407592773,2809.0,2809.0,6.740623474121094,33.0,10.0,0.6078004603198832,0.8362509478785412,0.9972391724586487,253.70725909161743,254.12313463057131,254.8847188622934
575507.0,9.59178352355957,2872.0,2872.0,7.045523166656494,32.0,10.0,0.6086195458049699,0.8397377888470218,0.997177243232727,253.67575126516365,254.0967872976144,254.88464278352714
575786.0,9.596433639526367,2526.0,2526.0,6.841104030609131,37.0,21.0,0.6121020206024477,0.7750928557437426,0.9975172877311707,253.8762035731271,254.19750517683616,254.85761316976993
576066.0,9.601099967956543,2685.0,2685.0,7.192706108093262,30.0,6.0,0.6076276868224543,0.8639652690699837,0.9973610043525696,253.74565596083053,254.15755922102227,254.90845625897995
576345.0,9.60575008392334,3011.0,3011.0,6.165496826171875,30.0,11.0,0.6109063757498251,0.8425168716231308,0.9970406293869019,253.60956397757514,254.0349903619848,254.8811570097448
576624.0,9.610400199890137,2990.0,2990.0,6.911022663116455,27.0,6.0,0.6099894684437508,0.8744746321952062,0.9970612525939941,253.5953050969382,254.04100164857357,254.9059337259988
576904.0,9.615066528320312,2715.0,2715.0,8.235865592956543,26.0,10.0,0.613392863975307,0.8611125373603794,0.9973315596580505,253.73360171722192,254.10818857349838,254.90549370838386
577183.0,9.61971664428711,2190.0,2190.0,7.715865612030029,30.0,21.0,0.6179830085788346,0.8007781682466651,0.9978475570678711,254.01160157865345,254.26837407321642,254.8906525259608
577462.0,9.624366760253906,2681.0,2681.0,7.009192943572998,30.0,11.0,0.6109063757498251,0.8425168716231308,0.9973649382591248,253.76193784259053,254.14074297911353,254.8941806695631
577741.0,9.629016876220703,2449.0,2449.0,6.5006818771362305,37.0,20.0,0.6113686115491996,0.7793272860864735,0.9975929856300354,253.90786908164753,254.22528583757563,254.86455358967052
578021.0,9.633683204650879,2833.0,2833.0,6.660193920135498,26.0,13.0,0.6154327707926297,0.8485915689561725,0.9972155690193176,253.68744471301642,254.0578813882291,254.89249548683557
578300.0,9.638333320617676,2865.0,2865.0,8.810507774353027,33.0,10.0,0.6078004603198832,0.8362509478785412,0.9971840977668762,253.68147069809976,254.10564237898228,254.8824191630071
578579.0,9.642983436584473,2612.0,2612.0,6.94358491897583,34.0,10.0,0.60697453778909,0.8327864410758803,0.9974327683448792,253.8001772210054,254.1906917526362,254.89053463488295
578859.0,9.647649765014648,2823.0,2823.0,6.25593376159668,28.0,7.0,0.6098538278116319,0.8666666666666667,0.9972254037857056,253.67929220199585,254.0973340895389,254.905663728714
579138.0,9.652299880981445,2977.0,2977.0,8.843231201171875,26.0,4.0,0.6094874936750363,0.8865607727869957,0.9970740079879761,253.59238425340004,254.04626414627845,254.91535982046776
579417.0,9.656949996948242,2660.0,2660.0,6.526271343231201,29.0,5.0,0.6077836732404699,0.8717621479503456,0.9973856210708618,253.75215864241022,254.162814336549,254.9145081037293
579697.0,9.661616325378418,2502.0,2502.0,6.538881301879883,26.0,6.0,0.6107641018167249,0.8780198615947498,0.9975408911705017,253.82234491797666,254.1916924912096,254.9235095789792
579976.0,9.666266441345215,2266.0,2266.0,7.032912254333496,31.0,7.0,0.6074688595135205,0.8561692352119042,0.9977728724479675,253.94584896053126,254.2912564538365,254.91831598793217
580255.0,9.670916557312012,2339.0,2339.0,5.436676979064941,29.0,5.0,0.6077836732404699,0.8717621479503456,0.997701108455658,253.90274056538962,254.2638408222689,254.92482474699594
580535.0,9.675582885742188,2246.0,2246.0,6.815371513366699,29.0,7.0,0.6090652905920245,0.8631460743774412,0.9977924823760986,253.95120341225186,254.28705141066408,254.92296259955845
580814.0,9.680233001708984,2339.0,2339.0,7.1802215576171875,26.0,12.0,0.6147461500376353,0.852749584071086,0.997701108455658,253.91388606008596,254.22534473445748,254.9136792522996
581093.0,9.684883117675781,2335.0,2335.0,6.569025039672852,29.0,5.0,0.6077836732404699,0.8717621479503456,0.9977050423622131,253.90461821642242,254.26510055173375,254.92495338830628
581373.0,9.689550399780273,2017.0,2017.0,5.96142053604126,35.0,9.0,0.6054868552135924,0.8337092577690448,0.9980175495147705,254.07301435900231,254.3824330423154,254.91593589353064
581652.0,9.694199562072754,2343.0,2343.0,5.943017482757568,29.0,6.0,0.6084212994513418,0.8674470800890935,0.9976971745491028,253.90339681062065,254.2594269991773,254.92216220942177
581931.0,9.69884967803955,2593.0,2593.0,7.975953102111816,32.0,8.0,0.6073071133163548,0.8483740696718065,0.9974514245986938,253.7987662249737,254.19149879887868,254.90146032036017
582211.0,9.703516960144043,2073.0,2073.0,8.841756820678711,34.0,11.0,0.6076379456172765,0.8284539966744808,0.9979625344276428,254.0500199224399,254.35491013047886,254.91087263565794
582490.0,9.70816707611084,2343.0,2343.0,5.5553107261657715,34.0,10.0,0.60697453778909,0.8327864410758803,0.9976971745491028,253.92375024804494,254.27404462081446,254.90180877199748
582769.0,9.71281623840332,2267.0,2267.0,5.924363136291504,34.0,8.0,0.6056682720236141,0.841494066832113,0.9977718591690063,253.95370742931297,254.30367961296778,254.90994074688027
583049.0,9.717483520507812,2185.0,2185.0,8.507095336914062,33.0,8.0,0.6064910288274427,0.8449228697943832,0.9978524446487427,253.98967113467063,254.32379197149928,254.91507563618813
583328.0,9.72213363647461,2043.0,2043.0,5.9747724533081055,28.0,4.0,0.6079368940212373,0.8795598493808306,0.9979920387268066,254.03760873600754,254.3550040238605,254.93833101466385
583607.0,9.726783752441406,2129.0,2129.0,6.139620780944824,37.0,16.0,0.608513413247356,0.7964260807598977,0.9979075193405151,254.041458358303,254.3380113906518,254.89137650535972
583887.0,9.731450080871582,2086.0,2086.0,6.7985968589782715,32.0,7.0,0.6066608882509777,0.8527135148051841,0.9979497790336609,254.0313896163683,254.35239943565577,254.92299769079875
584166.0,9.736100196838379,2154.0,2154.0,7.796943664550781,34.0,9.0,0.6063180080629853,0.8371332050968592,0.9978829026222229,254.00820557775984,254.33548933381394,254.91207475957384
584445.0,9.740750312805176,2520.0,2520.0,5.743149757385254,33.0,7.0,0.6058463627379649,0.8492799492166785,0.9975231885910034,253.83201899245464,254.22350281742908,254.9048071889571
584725.0,9.745416641235352,1993.0,1993.0,6.144009590148926,27.0,28.0,0.625795768084103,0.7843235293504909,0.9980411529541016,254.10871969702922,254.30086571229336,254.89226830956258
585004.0,9.750066757202148,1928.0,1928.0,6.166517734527588,30.0,36.0,0.6300508415679218,0.7415498592620905,0.9981050491333008,254.15846138912184,254.31590627631124,254.87511366886156
585283.0,9.754716873168945,2110.0,2110.0,6.665132999420166,34.0,7.0,0.605025246087721,0.8458688082401172,0.9979261755943298,254.02385801503058,254.3547369025796,254.91849153807763
585563.0,9.759383201599121,2580.0,2580.0,8.412859916687012,30.0,5.0,0.6069914619641743,0.8682976402150796,0.9974642395973206,253.79192342999838,254.19398464474648,254.9148387646351
585842.0,9.764033317565918,2259.0,2259.0,8.441858291625977,27.0,5.0,0.609349259289535,0.878755192415298,0.9977797269821167,253.93630588746345,254.27850765599175,254.93135487341607
586121.0,9.768683433532715,2260.0,2260.0,7.261051177978516,24.0,7.0,0.612944386872321,0.8809575022228932,0.9977787137031555,253.9345729932182,254.2562613606598,254.9325709953911
586400.0,9.773333549499512,2096.0,2096.0,6.738760948181152,26.0,4.0,0.6094874936750363,0.8865607727869957,0.997939944267273,254.00896281454493,254.32851866823538,254.94040876176427
586680.0,9.777999877929688,2430.0,2430.0,6.188432693481445,29.0,4.0,0.6071523382290955,0.8760910701775848,0.9976116418838501,253.85740177980577,254.23846028897734,254.92453558095778
586959.0,9.782649993896484,1672.0,1672.0,6.894373416900635,26.0,30.0,0.6281986635943438,0.7805497919421184,0.9983566403388977,254.2538486558213,254.40484078287852,254.90803791701654
587238.0,9.787300109863281,2090.0,2090.0,8.049871444702148,37.0,11.0,0.6051136654914533,0.8181429821578456,0.9979458451271057,254.04763944706337,254.36418269411868,254.90474156776054
587518.0,9.791966438293457,2608.0,2608.0,8.381365776062012,27.0,6.0,0.6099894684437508,0.8744746321952062,0.9974367022514343,253.7747666658654,254.16352174056684,254.9179514823661
587797.0,9.796616554260254,2031.0,2031.0,7.733537197113037,36.0,12.0,0.6066292764380146,0.8172025876146943,0.9980038404464722,254.07500629197958,254.37469350764337,254.90695233572123
588076.0,9.80126667022705,2128.0,2128.0,7.245167255401611,30.0,33.0,0.6274865936394751,0.7530330826261299,0.9979084730148315,254.06503842045763,254.25386546517393,254.86828281710646
588356.0,9.805932998657227,2403.0,2403.0,9.229008674621582,31.0,20.0,0.6164264187117192,0.8011621700757449,0.9976381659507751,253.91521823392756,254.20611776030123,254.88024640096776
588635.0,9.810583114624023,2192.0,2192.0,6.88122034072876,29.0,5.0,0.6077836732404699,0.8717621479503456,0.9978455901145935,253.97170156695813,254.31010724988744,254.92954939148456
588914.0,9.81523323059082,2105.0,2105.0,5.7817182540893555,29.0,4.0,0.6071523382290955,0.8760910701775848,0.9979310631752014,254.01021395504964,254.34030933592945,254.9346282643031
589194.0,9.819899559020996,2585.0,2585.0,7.156449317932129,35.0,10.0,0.6061417372932255,0.8293445483355529,0.9974592924118042,253.81480345827794,254.20505569121204,254.8894356717422
589473.0,9.824549674987793,2270.0,2270.0,6.602230072021484,31.0,5.0,0.6061929234867091,0.8648548179949918,0.9977689385414124,253.93904554387603,254.29610704028337,254.92311311224427
589752.0,9.82919979095459,2114.0,2114.0,8.49670124053955,27.0,7.0,0.6106359655055487,0.8702083608602219,0.9979222416877747,254.00911055332045,254.3191134584311,254.93123270744462
590032.0,9.833867073059082,2087.0,2087.0,7.381845474243164,27.0,4.0,0.6087152671702931,0.8830498337255676,0.9979487657546997,254.0150430423411,254.33625065267864,254.93882749255576
590311.0,9.838516235351562,1980.0,1980.0,6.164456844329834,27.0,4.0,0.6087152671702931,0.8830498337255676,0.9980539679527283,254.0655587926249,254.37029254254972,254.94196486326652
590590.0,9.84316635131836,2391.0,2391.0,8.65377140045166,39.0,16.0,0.6067772322206353,0.789482965336624,0.9976499676704407,253.92763758045712,254.2676448785179,254.87384593146763
590870.0,9.847833633422852,1739.0,1739.0,7.391726016998291,26.0,49.0,0.6452268577987086,0.7116215488292706,0.9982908368110657,254.25401266111538,254.3338075284682,254.8743141125281
591149.0,9.852483749389648,1971.0,1971.0,6.367180347442627,29.0,33.0,0.6282980758770245,0.7570252797135221,0.998062789440155,254.1320493789272,254.30423008530707,254.87997323555186
591428.0,9.857132911682129,1950.0,1950.0,6.338673114776611,77.0,6.0,0.5626933894351623,0.729717414350133,0.9980834126472473,254.15463559735423,254.59960124954102,254.8679048527419
591708.0,9.861800193786621,1987.0,1987.0,7.823128700256348,35.0,7.0,0.6041975022176664,0.8424803642623534,0.9980470538139343,254.08244242492682,254.3969544011513,254.92155502017968
591987.0,9.866450309753418,2079.0,2079.0,7.330407619476318,25.0,29.0,0.6281668445382955,0.7883913610008232,0.9979566335678101,254.06814358695465,254.25793137357363,254.88973953262848
592266.0,9.871100425720215,2256.0,2256.0,7.703461170196533,170.0,25.0,0.4374428733252864,0.6153864637833417,0.9977826476097107,254.0866203356387,254.78252994531374,254.5213253116742
592546.0,9.87576675415039,2348.0,2348.0,7.181735038757324,75.0,0.0,0.5621670418109989,0.7647058823529411,0.9976922273635864,253.9615023136139,254.5258199305462,254.86153364181519
592825.0,9.880416870117188,2158.0,2158.0,7.743900299072266,76.0,3.0,0.562424054010831,0.7472106273638784,0.9978789687156677,254.05499845775603,254.56053997611681,254.8632755872345
593104.0,9.885066986083984,1715.0,1715.0,6.332772731781006,39.0,9.0,0.602093553293143,0.8202455535789815,0.998314380645752,254.21759851067782,254.4907959011818,254.92273561865568
593384.0,9.88973331451416,1918.0,1918.0,4.301382541656494,156.0,175.0,0.08601043481131534,0.3072117917126884,0.9981148838996887,254.6669735175852,254.5240395862821,254.37161727125604
593663.0,9.894383430480957,2173.0,2173.0,6.403719425201416,28.0,1.0,0.606075608724021,0.8925769319182191,0.9978642463684082,253.96927009587014,254.32271910955077,254.94149555201804
593942.0,9.899033546447754,1874.0,1874.0,8.781702041625977,96.0,9.0,0.541350741247271,0.6800162831349847,0.9981580972671509,254.2109212213,254.6912224486507,254.84970838494695
594222.0,9.90369987487793,2000.0,2000.0,9.010430335998535,34.0,9.0,0.6063180080629853,0.8371332050968592,0.9980342984199524,254.0791298107757,254.38300917086204,254.91836238340002
594501.0,9.908349990844727,1943.0,1943.0,7.414787292480469,27.0,4.0,0.6087152671702931,0.8830498337255676,0.9980903267860413,254.08301749385615,254.38205772828417,254.9430491670249
594780.0,9.913000106811523,1828.0,1828.0,6.733149528503418,28.0,31.0,0.6274358548373073,0.768717481722065,0.9982033371925354,254.18966382633778,254.35546288371478,254.89403814185528
595060.0,9.9176664352417,2014.0,2014.0,5.615683555603027,124.0,7.0,0.5046214583452542,0.6685670721976312,0.9980205297470093,254.15776588444353,254.81398908826606,254.8327042865312
595339.0,9.922316551208496,1906.0,1906.0,7.667930603027344,30.0,35.0,0.6291873215521527,0.7453559924999299,0.9981266856193542,254.16625187757546,254.32638745669115,254.8783577882952
595618.0,9.926966667175293,1696.0,1696.0,8.033689498901367,27.0,5.0,0.609349259289535,0.878755192415298,0.9983330965042114,254.2014155825182,254.45832872771717,254.94846363462963
595897.0,9.93161678314209,2055.0,2055.0,5.838522434234619,75.0,1.0,0.5626094888847314,0.759580612345581,0.9979802370071411,254.09374637003927,254.58224995041405,254.8761745036027
596177.0,9.936283111572266,1848.0,1848.0,6.491827011108398,30.0,4.0,0.6063615644228975,0.8726437489886587,0.9981836676597595,254.13265743222547,254.42514525007584,254.94101307425188
596456.0,9.940933227539062,2264.0,2264.0,8.101866722106934,29.0,4.0,0.6071523382290955,0.8760910701775848,0.9977748394012451,253.93547599809608,254.29049661861998,254.92969209653893
596735.0,9.94558334350586,2036.0,2036.0,7.074991226196289,29.0,5.0,0.6077836732404699,0.8717621479503456,0.9979988932609558,254.0448730587214,254.35919852539692,254.93456250436606
597015.0,9.950249671936035,2148.0,2148.0,6.333856582641602,29.0,3.0,0.6065272213426133,0.8804336424131067,0.9978888034820557,253.98765893568756,254.3297219627944,254.93563084016083
597294.0,9.954899787902832,1902.0,1902.0,6.589354515075684,84.0,14.0,0.5582495154235071,0.6741106890332029,0.9981306195259094,254.20196479244603,254.6200341468761,254.84465116576777
597573.0,9.959549903869629,2071.0,2071.0,8.916122436523438,80.0,18.0,0.5651408764689061,0.661955673244835,0.9979645013809204,254.1373583381454,254.55595670108252,254.82453736612402
597853.0,9.964216232299805,1993.0,1993.0,9.6490478515625,28.0,4.0,0.6079368940212373,0.8795598493808306,0.9980411529541016,254.06114858407003,254.37078046307738,254.93983942252177
598132.0,9.968866348266602,2367.0,2367.0,7.152489185333252,35.0,8.0,0.6048388052565243,0.8380879356772295,0.9976735711097717,253.90957387653341,254.27845380301264,254.90394738945017
598411.0,9.973516464233398,1860.0,1860.0,8.648133277893066,32.0,5.0,0.6053880223922565,0.8614339412962692,0.998171865940094,254.13224754897104,254.42754560931596,254.9354040804769
598691.0,9.97818374633789,1659.0,1659.0,6.579347133636475,40.0,8.0,0.600589565867881,0.8214071627567331,0.9983694553375244,254.24267913950587,254.51348844963746,254.92574308263158
598970.0,9.982832908630371,2060.0,2060.0,5.749784469604492,35.0,7.0,0.6041975022176664,0.8424803642623534,0.9979752898216248,254.0487253695205,254.3747945689824,254.91867243950813
599249.0,9.987483024597168,2020.0,2020.0,7.838756561279297,28.0,2.0,0.6066899724026912,0.888224472946247,0.9980146288871765,254.044049287606,254.36769390243313,254.94341144485404
599529.0,9.99215030670166,2070.0,2070.0,8.995368957519531,36.0,17.0,0.6100738951677946,0.7956533202812558,0.9979655146598816,254.06842625920794,254.34875061562022,254.89398621733167
599808.0,9.996800422668457,1981.0,1981.0,8.068744659423828,39.0,22.0,0.6110889669665548,0.7636996899666841,0.9980529546737671,254.12432917425184,254.37721277716852,254.88267770936937
600087.0,10.001449584960938,2260.0,2260.0,6.804965496063232,36.0,7.0,0.6033630958945508,0.8391148922428314,0.9977787137031555,253.95827381934225,254.31933067922134,254.90887016926706
600367.0,10.00611686706543,1882.0,1882.0,8.198859214782715,41.0,21.0,0.6085659183020466,0.7609156951445164,0.9981502890586853,254.1694178178494,254.41965022894186,254.8872296020801
600646.0,10.010766983032227,1964.0,1964.0,7.196355819702148,40.0,6.0,0.5993336060528358,0.830382318158257,0.9980696439743042,254.09901116801814,254.42927825104235,254.916507258877
600925.0,10.015417098999023,1873.0,1873.0,8.861839294433594,155.0,175.0,0.08352384117184013,0.3043955822796083,0.9981591105461121,254.67346463665186,254.530899852548,254.3876817418653
601205.0,10.0200834274292,2284.0,2284.0,4.9617919921875,155.0,175.0,0.08352384117184013,0.3043955822796083,0.9977551698684692,254.60181399208622,254.42796665846404,254.2533226408331
601484.0,10.024733543395996,1992.0,1992.0,6.574497222900391,29.0,35.0,0.6299979881225947,0.7493890886258487,0.9980421662330627,254.12662167754806,254.29124822323806,254.87488310131394
601763.0,10.029383659362793,1725.0,1725.0,6.2830491065979,30.0,35.0,0.6291873215521527,0.7453559924999299,0.998304545879364,254.24541139258753,254.39034303368163,254.88990700588812
602043.0,10.034049987792969,1184.0,1184.0,5.7680888175964355,38.0,7.0,0.6016741594814173,0.8324539766388517,0.9988362789154053,254.45622134106316,254.64888235992726,254.95028090579353
602322.0,10.038700103759766,1760.0,1760.0,6.727368354797363,155.0,175.0,0.08352384117184013,0.3043955822796083,0.9982701539993286,254.69316142738901,254.55919622861092,254.42461711226858
602601.0,10.043350219726562,2102.0,2102.0,7.403112411499023,27.0,1.0,0.606849893066166,0.8960162161436949,0.9979340434074402,254.00114276365767,254.33997246488101,254.94521937413683
602881.0,10.048016548156738,2013.0,2013.0,5.80405330657959,24.0,50.0,0.647706707295723,0.7170896796162054,0.9980214834213257,254.13369094846124,254.21600462402353,254.85726559641486
603160.0,10.052666664123535,2359.0,2359.0,4.9496660232543945,30.0,37.0,0.6309232456570945,0.7377657804409854,0.9976814389228821,253.97257539458212,254.15966712487622,254.84495845608774
603439.0,10.057316780090332,1791.0,1791.0,7.329726696014404,29.0,35.0,0.6299979881225947,0.7493890886258487,0.9982396960258484,254.21473857591337,254.36275561776995,254.8875063972693
603719.0,10.061983108520508,1784.0,1784.0,4.928743839263916,173.0,21.0,0.43573991849938487,0.6422878178101646,0.9982466101646423,254.26570945454762,254.84006172941997,254.6186141854598
603998.0,10.066633224487305,1595.0,1595.0,7.576451301574707,39.0,8.0,0.6014531160431638,0.8246957194044349,0.9984323382377625,254.27057104470762,254.52856253347596,254.92992145655123
604277.0,10.071283340454102,1753.0,1753.0,5.898504257202148,128.0,14.0,0.4992988814380867,0.6294697914733852,0.9982770681381226,254.2840963174674,254.8372084329751,254.83488164994907
604556.0,10.075933456420898,2004.0,2004.0,5.703057289123535,38.0,8.0,0.6023097815998736,0.8280083616618433,0.9980303645133972,254.0818699145714,254.4030414330005,254.91361598726118
604836.0,10.080599784851074,1546.0,1546.0,6.56505012512207,155.0,175.0,0.08352384117184013,0.3043955822796083,0.998480498790741,254.7304722027575,254.6127968250285,254.49458218052038
605115.0,10.085249900817871,1691.0,1691.0,5.345862865447998,178.0,24.0,0.42775333625000744,0.6386861754863659,0.998337984085083,254.30550176168074,254.8468701217116,254.6121977744794
605394.0,10.089900016784668,1694.0,1694.0,5.937549591064453,123.0,7.0,0.5059407849379617,0.6687510667168386,0.998335063457489,254.29151701901057,254.83912455564095,254.85936534430883
605674.0,10.094566345214844,1488.0,1488.0,5.596579551696777,30.0,0.0,0.6039037684205792,0.8901615264953856,0.9985374808311462,254.29507864649403,254.5451101908333,254.95903657739055
605953.0,10.09921646118164,1648.0,1648.0,5.687188625335693,31.0,34.0,0.6275127639825908,0.7451909126845004,0.9983802437782288,254.27917012105516,254.4237852371527,254.8947542058415
606232.0,10.103866577148438,1868.0,1868.0,6.9856858253479,75.0,0.0,0.5621670418109989,0.7647058823529411,0.9981639981269836,254.17379915714264,254.6227550834396,254.88983988761902
606512.0,10.108532905578613,1890.0,1890.0,4.6189446449279785,177.0,23.0,0.4295939557168148,0.6412813969431512,0.998142421245575,254.22255358948635,254.83008124575687,254.573439531333
606791.0,10.11318302154541,1919.0,1919.0,8.486339569091797,40.0,6.0,0.5993336060528358,0.830382318158257,0.9981138706207275,254.11965384427734,254.44235413376103,254.9184201722937
607070.0,10.117833137512207,1624.0,1624.0,4.9533467292785645,80.0,142.0,0.7971541651886936,0.27543262255141765,0.9984038472175598,254.6564163880329,254.48087474102837,254.70508733992713
607350.0,10.1225004196167,1902.0,1902.0,5.9830732345581055,75.0,2.0,0.5630579438224146,0.7544612923135188,0.9981306195259094,254.16366230098836,254.61081145362417,254.88295365722544
607629.0,10.12714958190918,1941.0,1941.0,5.413210868835449,30.0,36.0,0.6300508415679218,0.7415498592620905,0.9980922937393188,254.15279677970034,254.31130146828187,254.87427302735227
607908.0,10.131799697875977,1837.0,1837.0,7.007150650024414,156.0,175.0,0.08601043481131534,0.3072117917126884,0.9981945157051086,254.6810413514141,254.54414529067162,254.3981616581913
608188.0,10.136466979980469,1856.0,1856.0,6.256692886352539,29.0,0.0,0.6046884587075049,0.8935412658901208,0.9981757998466492,254.1191794417587,254.42831398978097,254.9504784800324
608467.0,10.141117095947266,1973.0,1973.0,7.329768180847168,31.0,4.0,0.605564537896849,0.8692181411216954,0.9980608224868774,254.07568982447214,254.39084476210252,254.93532964383536
608746.0,10.145766258239746,1600.0,1600.0,7.74896764755249,87.0,10.0,0.5528280328806108,0.6892707701190884,0.9984274506568909,254.3226022818295,254.7001790325564,254.87539755318485
609026.0,10.150433540344238,2127.0,2127.0,5.002767562866211,124.0,7.0,0.5046214583452542,0.6685670721976312,0.9979094862937927,254.11051860479037,254.8035543298029,254.82331940504392
609305.0,10.155083656311035,2149.0,2149.0,5.645387649536133,30.0,37.0,0.6309232456570945,0.7377657804409854,0.9978878498077393,254.06404230654806,254.23447811607272,254.85876109539896
609584.0,10.159733772277832,1673.0,1673.0,6.590098857879639,30.0,36.0,0.6300508415679218,0.7415498592620905,0.9983556866645813,254.2697683172403,254.40638860230868,254.89163188169616
609864.0,10.164400100708008,1696.0,1696.0,6.922199726104736,79.0,0.0,0.5578511729624649,0.7565375711102164,0.9983330965042114,254.2533654524693,254.67327245917772,254.89651376467853
610143.0,10.169050216674805,1703.0,1703.0,6.042715549468994,158.0,162.0,0.11521818506410492,0.2553841592967049,0.9983261823654175,254.68218046308456,254.61488340437637,254.46417254327835
610422.0,10.173700332641602,1421.0,1421.0,6.76253080368042,29.0,0.0,0.6046884587075049,0.8935412658901208,0.998603343963623,254.32562041102074,254.5623020228246,254.96208501042702
610702.0,10.178366661071777,1739.0,1739.0,6.280693531036377,28.0,2.0,0.6066899724026912,0.888224472946247,0.9982908368110657,254.17704264079083,254.4556613123261,254.95128413285266
610981.0,10.183016777038574,1935.0,1935.0,6.428749084472656,28.0,0.0,0.6054672165574752,0.896942561843535,0.9980981945991516,254.08005801965066,254.3995056386829,254.95002122591666
611260.0,10.187666893005371,1921.0,1921.0,9.010885238647461,29.0,0.0,0.6046884587075049,0.8935412658901208,0.99811190366745,254.08832697848686,254.40828956883814,254.9487438919126
611540.0,10.192333221435547,1717.0,1717.0,6.307233810424805,25.0,46.0,0.6430861651205574,0.7262529112106243,0.9983124136924744,254.2571338020472,254.3455696499063,254.88219718111472
611819.0,10.196983337402344,2024.0,2024.0,6.577401161193848,122.0,6.0,0.507199629736764,0.6745212037340359,0.9980106949806213,254.15056097391079,254.8053318228379,254.8348934662061
612098.0,10.20163345336914,1650.0,1650.0,5.024907112121582,79.0,143.0,0.7992312128246842,0.28238017297874024,0.9983782768249512,254.6554484838653,254.46968526033558,254.70323592038952
612377.0,10.206283569335938,2035.0,2035.0,5.789635181427002,156.0,175.0,0.08601043481131534,0.3072117917126884,0.997999906539917,254.64666150302241,254.49500971819276,254.33329083233525
612657.0,10.210949897766113,1855.0,1855.0,7.368764400482178,89.0,11.0,0.5507979989307275,0.6804684367027702,0.9981768131256104,254.21872896086126,254.65860125765172,254.85144573320002
612936.0,10.21560001373291,1504.0,1504.0,7.171357154846191,40.0,5.0,0.5987157716443733,0.8348889747468143,0.9985218048095703,254.30835736535204,254.5649694582764,254.93776308752882
613215.0,10.220250129699707,1588.0,1588.0,6.318526268005371,156.0,174.0,0.08751185199778944,0.3024696501689986,0.9984392523765564,254.72238944687646,254.60804548149946,254.4816292651673
613495.0,10.224916458129883,1681.0,1681.0,5.50366735458374,30.0,0.0,0.6039037684205792,0.8901615264953856,0.998347818851471,254.20366324335365,254.48611930471156,254.95372437089654
613774.0,10.22956657409668,1645.0,1645.0,5.695709228515625,30.0,37.0,0.6309232456570945,0.7377657804409854,0.9983832240104675,254.2835576127417,254.41402017435584,254.89188663259674
614053.0,10.234216690063477,1879.0,1879.0,6.188494682312012,79.0,18.0,0.5663600681140246,0.6641822218615805,0.9981532096862793,254.21628412006197,254.59277613073684,254.84185281994047
614333.0,10.238883018493652,1775.0,1775.0,6.584374904632568,80.0,18.0,0.5651408764689061,0.661955673244835,0.9982554316520691,254.2606542078822,254.61942303613426,254.84961593467304
614612.0,10.24353313446045,1920.0,1920.0,4.9344940185546875,155.0,174.0,0.08499994081446928,0.299608869724142,0.9981129169464111,254.662967460629,254.52167719172482,254.37462018204067
614891.0,10.248183250427246,1671.0,1671.0,5.776311874389648,155.0,174.0,0.08499994081446928,0.299608869724142,0.9983576536178589,254.7066773660825,254.58371109730842,254.45572597902554
615171.0,10.252849578857422,2238.0,2238.0,7.166141510009766,28.0,0.0,0.6054672165574752,0.896942561843535,0.997800350189209,253.9359846164537,254.30546137493195,254.94219398004287
615450.0,10.257499694824219,2163.0,2163.0,7.189324378967285,22.0,52.0,0.6511416164376198,0.7194876215224478,0.9978740811347961,254.06784975086487,254.14051461280553,254.84793162788117
615729.0,10.262149810791016,2103.0,2103.0,5.642917633056641,24.0,49.0,0.6467259780677082,0.720427486405129,0.997933030128479,254.09320169596333,254.18406447139026,254.85264366956096
616009.0,10.266817092895508,1718.0,1718.0,5.638349533081055,21.0,51.0,0.6508609449305167,0.7272263275541454,0.998311460018158,254.2562948684998,254.315685329981,254.88254974076077
616288.0,10.271466255187988,1573.0,1573.0,6.722921371459961,74.0,142.0,0.7921235024992733,0.3074119623100551,0.9984539747238159,254.6670244378814,254.4845705552702,254.7269565538759
616567.0,10.276116371154785,1838.0,1838.0,6.529336929321289,170.0,20.0,0.440079702246515,0.6410895185988947,0.9981935024261475,254.24402082037494,254.83466541696026,254.622315816397
616847.0,10.280783653259277,1869.0,1869.0,6.771677017211914,162.0,165.0,0.1183723776933644,0.2825979329285721,0.9981630444526672,254.66395189477242,254.5872360925819,254.39920077608787
617126.0,10.285433769226074,1788.0,1788.0,8.321178436279297,88.0,9.0,0.5512081911747834,0.6927426283234642,0.9982426762580872,254.24145231352628,254.67155379137202,254.86231257809817
617405.0,10.290082931518555,1805.0,1805.0,7.535623073577881,29.0,2.0,0.6059082501712737,0.8847896636730757,0.9982259273529053,254.14734278409844,254.43917908607412,254.94788016588325
617685.0,10.294750213623047,1723.0,1723.0,5.557438850402832,31.0,38.0,0.6309868767244208,0.7299281326376179,0.9983065128326416,254.2529491712661,254.3879093758232,254.88337237338112
617964.0,10.299400329589844,1976.0,1976.0,6.794615268707275,87.0,10.0,0.5528280328806108,0.6892707701190884,0.9980579018592834,254.16341394643712,254.629721162028,254.84611600179744
618243.0,10.30405044555664,1617.0,1617.0,6.383620738983154,155.0,175.0,0.08352384117184013,0.3043955822796083,0.998410701751709,254.71809166494046,254.59501096546347,254.47136622843112
618523.0,10.308716773986816,1588.0,1588.0,4.189108371734619,155.0,176.0,0.08209356564529845,0.3092076664756307,0.9984392523765564,254.72507111432552,254.60017854012295,254.47894759771825
618802.0,10.313366889953613,1992.0,1992.0,5.2893171310424805,155.0,176.0,0.08209356564529845,0.3092076664756307,0.9980421662330627,254.65512357808856,254.49845577649106,254.34638120077344
619081.0,10.31801700592041,1924.0,1924.0,6.088467597961426,73.0,143.0,0.7940998514033959,0.31423977455004903,0.998108983039856,254.5979797367297,254.3662613256406,254.66932002468593
619361.0,10.322683334350586,1713.0,1713.0,6.500432968139648,172.0,23.0,0.4359274584473974,0.6299093995135651,0.9983163475990295,254.30022877716692,254.84110849833814,254.63317526787992
619640.0,10.327333450317383,1734.0,1734.0,6.093008041381836,155.0,176.0,0.08209356564529845,0.3092076664756307,0.9982957243919373,254.6997883663131,254.56341054029926,254.4310310735749
619919.0,10.33198356628418,1781.0,1781.0,11.748076438903809,162.0,166.0,0.11628789342129836,0.2867039486499488,0.9982495307922363,254.6816062926535,254.6042390419252,254.42565441138703
620199.0,10.336649894714355,1683.0,1683.0,5.217779636383057,155.0,175.0,0.08352384117184013,0.3043955822796083,0.9983458518981934,254.70658865456898,254.57848576033388,254.44979581350964
620478.0,10.341300010681152,1719.0,1719.0,8.931405067443848,40.0,8.0,0.600589565867881,0.8214071627567331,0.9983104467391968,254.21527207517306,254.4958818392098,254.9230557618173
620757.0,10.34595012664795,1818.0,1818.0,5.868653297424316,155.0,175.0,0.08352384117184013,0.3043955822796083,0.9982131719589233,254.68305400283472,254.54467591969188,254.40566369621618
621036.0,10.350600242614746,1413.0,1413.0,7.689813137054443,41.0,7.0,0.5990899596925899,0.8226419120699119,0.9986112117767334,254.3545277762077,254.59077423560615,254.93719022992633
621316.0,10.355266571044922,1449.0,1449.0,5.060890197753906,25.0,46.0,0.6430861651205574,0.7262529112106243,0.9985758662223816,254.37310415471035,254.4477341025399,254.90058761870426
621595.0,10.359916687011719,2053.0,2053.0,8.771795272827148,87.0,10.0,0.5528280328806108,0.6892707701190884,0.9979822039604187,254.13080601321965,254.61528866274236,254.84011800659388
621874.0,10.364566802978516,1777.0,1777.0,6.0076584815979,38.0,9.0,0.6029522555538251,0.8235760957823032,0.9982534646987915,254.18784029344047,254.46828044993157,254.9214267029432
622154.0,10.369233131408691,1828.0,1828.0,6.309530735015869,29.0,35.0,0.6299979881225947,0.7493890886258487,0.9982033371925354,254.1985191106138,254.34959342384585,254.88518285757925
622433.0,10.373883247375488,1684.0,1684.0,6.7726922035217285,30.0,4.0,0.6063615644228975,0.8726437489886587,0.998344898223877,254.2096489212758,254.47617344219822,254.94624917290145
622712.0,10.378533363342285,1472.0,1472.0,6.92634391784668,77.0,2.0,0.5608871744018228,0.7502505028278649,0.9985532164573669,254.35428042614095,254.70562460277634,254.9078599671162
622992.0,10.383199691772461,1653.0,1653.0,5.230778694152832,75.0,143.0,0.7956905781306662,0.3035861526739122,0.9983753561973572,254.6546743923103,254.45994489314106,254.7114867675111
623271.0,10.387849807739258,1769.0,1769.0,6.704123497009277,38.0,5.0,0.6004231154985428,0.8413844068602953,0.9982613325119019,254.18360342366876,254.48013846754165,254.9296761574012
623550.0,10.392499923706055,1584.0,1584.0,7.407443046569824,87.0,10.0,0.5528280328806108,0.6892707701190884,0.9984431266784668,254.3293549483147,254.70316780996754,254.87663965770338
623830.0,10.39716625213623,1812.0,1812.0,6.967676162719727,25.0,46.0,0.6430861651205574,0.7262529112106243,0.9982190728187561,254.21604566352448,254.30937292302303,254.87568147404113
624109.0,10.401816368103027,1953.0,1953.0,7.533730506896973,159.0,164.0,0.11331845277303168,0.2673865715095025,0.9980804920196533,254.64140438276334,254.55761850478268,254.37964654725985
624388.0,10.406466484069824,1879.0,1879.0,6.785007476806641,156.0,174.0,0.08751185199778944,0.3024696501689986,0.9981532096862793,254.67151096513348,254.53621085349548,254.38662597486896
624668.0,10.411133766174316,1901.0,1901.0,7.624666213989258,78.0,1.0,0.5593628396370643,0.7533597692639324,0.9981315732002258,254.16461378245265,254.62679804155027,254.88248854966253
624947.0,10.415782928466797,2404.0,2404.0,8.70846176147461,209.0,85.0,0.3265022149010356,0.509758670691585,0.9976372122764587,254.11553090876762,254.7046242704121,254.09035399058186
625226.0,10.420433044433594,4392.0,4392.0,4.454803466796875,208.0,85.0,0.32731063212449446,0.5048477031574117,0.9956833124160767,253.38369364229072,254.45495846815746,253.34353086404164
625506.0,10.425100326538086,9569.0,9569.0,2.1188254356384277,210.0,86.0,0.32417717113045996,0.5121664713989202,0.9905950427055359,251.5083847415933,253.83004635665827,251.37342542316503
625785.0,10.429750442504883,22858.0,22858.0,1.487550973892212,212.0,86.0,0.3226577072862583,0.5220990963017391,0.9775338768959045,246.66327909624667,252.2621719638189,246.28010525309242
626064.0,10.434399604797363,50221.0,50221.0,1.2574939727783203,212.0,87.0,0.32113314302560647,0.5196781306511985,0.9506399631500244,236.82973147717516,248.954280181419,235.87210102509346
626344.0,10.439066886901855,98885.0,98885.0,1.0564072132110596,213.0,87.0,0.3204060442831853,0.5246847793171237,0.9028102159500122,219.23033036604542,243.22007516827054,217.21313496623569
626623.0,10.443717002868652,177122.0,177122.0,1.0800468921661377,214.0,88.0,0.3181769062131166,0.5273744386477444,0.8259143829345703,191.45499676597606,234.01928531532988,187.19704998130098
626902.0,10.44836711883545,268530.0,268530.0,1.0567867755889893,214.0,88.0,0.3181769062131166,0.5273744386477444,0.73607337474823,158.66109195071914,223.19169029906683,152.20573082253046
627182.0,10.453033447265625,339072.0,339072.0,1.1008943319320679,214.0,88.0,0.3181769062131166,0.5273744386477444,0.6667407155036926,133.35317662614804,214.83575161521583,125.20201329166741
627461.0,10.457683563232422,377065.0,377065.0,1.1176977157592773,214.0,88.0,0.3181769062131166,0.5273744386477444,0.6293990612030029,119.72266778055345,210.33535343216604,110.65816778136544
627740.0,10.462333679199219,351588.0,351588.0,1.1462600231170654,214.0,88.0,0.3181769062131166,0.5273744386477444,0.6544392704963684,128.86288399915986,213.35318739044806,120.41084056269983
628020.0,10.467000007629395,277103.0,277103.0,1.2017593383789062,214.0,88.0,0.3181769062131166,0.5273744386477444,0.7276473641395569,155.58541642735406,222.17619156062636,148.92396415054765
628299.0,10.471650123596191,203198.0,203198.0,1.180391788482666,214.0,88.0,0.3181769062131166,0.5273744386477444,0.8002854585647583,182.0998868527191,230.93049969970994,177.2150841683168
628578.0,10.476300239562988,129703.0,129703.0,1.1915524005889893,214.0,88.0,0.3181769062131166,0.5273744386477444,0.8725205063819885,208.46723657713983,239.63623285581093,205.34922539900322
628858.0,10.480966567993164,81311.0,81311.0,1.42362642288208,213.0,88.0,0.3188788467546524,0.5223346873098603,0.9200829267501831,225.82290779760004,245.2657284852956,223.9765641572978
629137.0,10.485616683959961,47920.0,47920.0,1.4368858337402344,213.0,88.0,0.3188788467546524,0.5223346873098603,0.9529014825820923,237.80470330785315,249.26318134733498,236.7165747695321
629416.0,10.490266799926758,29264.0,29264.0,1.6976776123046875,211.0,87.0,0.3218743721644803,0.5146825391532034,0.9712376594543457,244.40979243601635,251.44048914918494,243.89071717253137
629695.0,10.494916915893555,19020.0,19020.0,1.6300846338272095,213.0,89.0,0.31733798813459335,0.5200331223000315,0.9813060760498047,248.22990137902806,252.71202160086438,247.75407718453602
629975.0,10.49958324432373,13562.0,13562.0,1.836617350578308,210.0,86.0,0.32417717113045996,0.5121664713989202,0.9866704940795898,250.05138568931918,253.34184212354603,249.8601098570448
630254.0,10.504233360290527,11221.0,11221.0,1.8362414836883545,212.0,84.0,0.3256641335418403,0.527082749223523,0.9889713525772095,250.84179567595473,253.67001240716286,250.70537740721397
630533.0,10.508883476257324,8961.0,8961.0,2.272867202758789,211.0,85.0,0.32493132355211535,0.5196189417978572,0.991192638874054,251.70478441021305,253.92112318829916,251.58712263746835
630813.0,10.5135498046875,7582.0,7582.0,2.62256121635437,209.0,85.0,0.3265022149010356,0.509758670691585,0.9925479888916016,252.21046735293675,254.06841262289043,252.13106171182636
631092.0,10.518199920654297,6391.0,6391.0,2.7111644744873047,210.0,89.0,0.3194913707725001,0.5049086235996701,0.9937185645103455,252.72382395635938,254.20697944170252,252.58948845857367
631371.0,10.522850036621094,7644.0,7644.0,3.3148202896118164,210.0,84.0,0.32722627438870594,0.5172458338113084,0.9924870133399963,252.16586399001667,254.0751339692876,252.09324283411053
631651.0,10.52751636505127,5702.0,5702.0,3.2847771644592285,209.0,83.0,0.329541893972553,0.5149812522016552,0.9943957328796387,252.86844217776655,254.3068654716335,252.83495829698222
631930.0,10.532166481018066,5263.0,5263.0,3.9213063716888428,212.0,84.0,0.3256641335418403,0.527082749223523,0.9948272109031677,253.04966890632724,254.3761931943773,252.98568436623825
632209.0,10.536816596984863,4987.0,4987.0,3.3130135536193848,208.0,84.0,0.32884882086353784,0.5074606781508111,0.9950984716415405,253.14997307268868,254.38438015930643,253.11584037787924
632489.0,10.541482925415039,4104.0,4104.0,4.431474685668945,209.0,85.0,0.3265022149010356,0.509758670691585,0.995966374874115,253.49008156174241,254.49575031537037,253.44710087042827
632768.0,10.546133041381836,4248.0,4248.0,5.751421928405762,208.0,84.0,0.32884882086353784,0.5074606781508111,0.9958248138427734,253.4241227934394,254.47560694358899,253.39504811622547
633047.0,10.550783157348633,4437.0,4437.0,5.874407768249512,208.0,83.0,0.33037110962445376,0.510120565314953,0.9956390857696533,253.34086050511982,254.4552378395426,253.3206959029806
633327.0,10.555450439453125,4300.0,4300.0,5.196068286895752,212.0,84.0,0.3256641335418403,0.527082749223523,0.9957737326622009,253.40654230342955,254.4903379437382,253.35426571398426
633606.0,10.560099601745605,3490.0,3490.0,6.768118858337402,216.0,84.0,0.322709138838222,0.5469006729020922,0.996569812297821,253.70791719995717,254.6036749863824,253.64692928550633
633885.0,10.564749717712402,3188.0,3188.0,8.833098411560059,207.0,87.0,0.32498843998357396,0.4948174316426609,0.9968666434288025,253.84522306504746,254.5963561343447,253.80563201434458
634165.0,10.569416999816895,3606.0,3606.0,5.305286407470703,208.0,84.0,0.32884882086353784,0.5074606781508111,0.9964557886123657,253.66227714629244,254.5548558142943,253.6375963780122
634444.0,10.574067115783691,3439.0,3439.0,6.000703811645508,207.0,84.0,0.32968374326038735,0.5025884556069136,0.9966199398040771,253.72386747979147,254.57127335464014,253.7048959454392
634723.0,10.578716278076172,3108.0,3108.0,5.8514909744262695,209.0,84.0,0.3280298005262756,0.5123466002924375,0.9969452619552612,253.84734467439117,254.6201383848531,253.82194521233012
635003.0,10.583383560180664,3276.0,3276.0,9.425216674804688,208.0,85.0,0.32731063212449446,0.5048477031574117,0.9967801570892334,253.7943874866276,254.5934502837517,253.76442983175733
635282.0,10.588033676147461,3075.0,3075.0,7.713109970092773,208.0,85.0,0.32731063212449446,0.5048477031574117,0.996977686882019,253.86834897995072,254.61839115305284,253.84022915677687
635561.0,10.592683792114258,3212.0,3212.0,5.891812324523926,213.0,84.0,0.32490476231352816,0.5320197202162359,0.9968430399894714,253.81000450517521,254.62326426760671,253.76668612702372
635841.0,10.597350120544434,3045.0,3045.0,6.257479667663574,211.0,85.0,0.32493132355211535,0.5196189417978572,0.9970071911811829,253.8802604848386,254.6333893898181,253.84027811258517
636120.0,10.60200023651123,3277.0,3277.0,7.645003318786621,209.0,83.0,0.329541893972553,0.5149812522016552,0.996779203414917,253.7749844881923,254.6016525847144,253.75574115689327
636399.0,10.606650352478027,3369.0,3369.0,7.225683212280273,209.0,84.0,0.3280298005262756,0.5123466002924375,0.9966887831687927,253.75056660871127,254.5882448330487,253.7230345830356
636679.0,10.611316680908203,2758.0,2758.0,6.166309356689453,210.0,82.0,0.3302150033952301,0.5225113108566045,0.9972892999649048,253.96111191983246,254.6699462053633,253.94759677673815
636958.0,10.615966796875,3189.0,3189.0,7.8612165451049805,212.0,94.0,0.3100717656526438,0.5041160836149977,0.9968656897544861,253.9103055830882,254.6036652198737,253.7978365549142
637237.0,10.620616912841797,2780.0,2780.0,7.814162731170654,210.0,84.0,0.32722627438870594,0.5172458338113084,0.9972676634788513,253.96927631095033,254.6636430560514,253.94286531816277
637517.0,10.625283241271973,2639.0,2639.0,8.663482666015625,40.0,14.0,0.604526477768948,0.7948024159692795,0.9974062442779541,253.81290384572767,254.20490039712377,254.86428073602892
637796.0,10.62993335723877,2566.0,2566.0,8.146023750305176,40.0,13.0,0.6038521617612038,0.7992018317412166,0.9974780082702637,253.84291910435667,254.2303386221516,254.8708651134778
638075.0,10.634583473205566,2670.0,2670.0,9.897113800048828,214.0,83.0,0.32562109542955997,0.5394829996940237,0.9973757863044739,254.00322742444774,254.69183377009745,253.96981724518423
638355.0,10.639249801635742,2765.0,2765.0,10.078760147094727,209.0,85.0,0.3265022149010356,0.509758670691585,0.9972823858261108,253.98270770803845,254.66026686978554,253.95374990153098
638634.0,10.643899917602539,2938.0,2938.0,6.770752429962158,28.0,35.0,0.6307999550908981,0.7534414187907404,0.9971123933792114,253.70887149223344,253.9476528991122,254.81844913116439
638913.0,10.648550033569336,2856.0,2856.0,6.709189414978027,216.0,82.0,0.3255799913645927,0.5518832878414537,0.9971929788589478,253.92593074306083,254.6792423634046,253.88917685465876
639192.0,10.653200149536133,2570.0,2570.0,8.688482284545898,210.0,85.0,0.325709245485953,0.5146825391532034,0.9974740743637085,254.05470604234256,254.68740166689636,254.02437625859497
639472.0,10.657866477966309,2529.0,2529.0,8.606870651245117,216.0,84.0,0.322709138838222,0.5469006729020922,0.9975143671035767,254.0637120205844,254.71280915884063,254.01951806398347
639751.0,10.662516593933105,2669.0,2669.0,7.786659240722656,211.0,84.0,0.326437846716329,0.5221580040189865,0.9973767399787903,254.01068297445562,254.68035652984946,253.98178085933358
640030.0,10.667166709899902,2305.0,2305.0,8.403579711914062,29.0,32.0,0.6274609627607062,0.7608752725087492,0.9977344870567322,253.98273214105603,254.18953221998012,254.86185625787738
640310.0,10.671833038330078,2468.0,2468.0,7.023468017578125,29.0,0.0,0.6046884587075049,0.8935412658901208,0.9975743293762207,253.82875760698616,254.239819184059,254.9341503748864
640589.0,10.676483154296875,2619.0,2619.0,9.65070629119873,27.0,3.0,0.6080874217939023,0.8873583516768506,0.99742591381073,253.76115311785003,254.17059033915507,254.92606292562226
640868.0,10.681133270263672,2322.0,2322.0,9.052877426147461,39.0,9.0,0.602093553293143,0.8202455535789815,0.9977177977561951,253.9406870359032,254.3105758225018,254.89538981975628
641148.0,10.685799598693848,2386.0,2386.0,9.367118835449219,210.0,84.0,0.32722627438870594,0.5172458338113084,0.997654914855957,254.11535976915926,254.71131459604476,254.09269198049333
641427.0,10.690449714660645,2871.0,2871.0,9.682353973388672,208.0,84.0,0.32884882086353784,0.5074606781508111,0.9971781969070435,253.93494205811743,254.64558850964184,253.91529191295032
641706.0,10.695099830627441,1951.0,1951.0,7.986326217651367,73.0,142.0,0.7913852650955564,0.3127681471622025,0.9980824589729309,254.58697818739444,254.35809187079064,254.66396220540412
641986.0,10.699767112731934,2166.0,2166.0,8.10234260559082,212.0,79.0,0.33292859404324954,0.5403375139566476,0.9978711605072021,254.16524614935827,254.75047034832008,254.16382151035302
642265.0,10.704416275024414,2458.0,2458.0,8.910396575927734,31.0,5.0,0.6061929234867091,0.8648548179949918,0.9975841641426086,253.85117829977398,254.2378112914356,254.91674541295643
642544.0,10.709066390991211,2911.0,2911.0,9.129498481750488,29.0,0.0,0.6046884587075049,0.8935412658901208,0.9971389174461365,253.61851764038096,254.1033654573918,254.92233025714864
642824.0,10.713733673095703,2496.0,2496.0,7.647038459777832,172.0,26.0,0.4342394956087294,0.6146362971528592,0.9975467920303345,253.98993514876693,254.75892878670365,254.45551232967728
643103.0,10.7183837890625,2461.0,2461.0,8.276789665222168,77.0,4.0,0.5617777520620542,0.7399720476448116,0.9975811839103699,253.9267885419908,254.50126095918804,254.83961525229785
643382.0,10.72303295135498,1937.0,1937.0,7.410211563110352,216.0,80.0,0.32839857142322826,0.5570422245975805,0.998096227645874,254.26012891082235,254.78496085445167,254.24411524494408
643662.0,10.727700233459473,2166.0,2166.0,4.2432074546813965,25.0,39.0,0.6366449822996537,0.7510290262243194,0.9978711605072021,254.04944676526424,254.1963245527099,254.86484509340886
643941.0,10.73235034942627,1899.0,1899.0,7.866228103637695,155.0,175.0,0.08352384117184013,0.3043955822796083,0.9981335401535034,254.6689289827462,254.5243839398636,254.37917649554055
644220.0,10.737000465393066,2369.0,2369.0,7.716772079467773,162.0,168.0,0.11229466316694205,0.29505732244669297,0.9976716041564941,254.58144667191712,254.46714305447662,254.2310714478949
644500.0,10.741666793823242,1791.0,1791.0,7.731969356536865,80.0,2.0,0.5575859874245184,0.7441996648074878,0.9982396960258484,254.217067991573,254.6543346862189,254.88517698160967
644779.0,10.746316909790039,1780.0,1780.0,9.231948852539062,172.0,22.0,0.43647204647711674,0.6350156736691304,0.9982505440711975,254.2706010946837,254.83717638162702,254.62121617065011
645058.0,10.750967025756836,2391.0,2391.0,9.004499435424805,76.0,1.0,0.5615332142455102,0.757472070077391,0.9976499676704407,253.94682037334027,254.51948823833442,254.85466313858447
645338.0,10.755633354187012,2032.0,2032.0,8.297104835510254,178.0,24.0,0.42775333625000744,0.6386861754863659,0.998002827167511,254.1654514247826,254.81599043064801,254.53399479376992
645617.0,10.760283470153809,2220.0,2220.0,8.560566902160645,214.0,84.0,0.3241593715506995,0.5369685797799493,0.9978180527687073,254.1777265693462,254.74237091803556,254.14483599400515
645896.0,10.764933586120605,2365.0,2365.0,7.52990198135376,30.0,35.0,0.6291873215521527,0.7453559924999299,0.9976755380630493,253.96546153939633,254.16416233529674,254.84906287275882
646176.0,10.769599914550781,2279.0,2279.0,7.544071197509766,161.0,166.0,0.1139652890534704,0.28303295020809616,0.9977600574493408,254.59047892442638,254.48823976448466,254.26715037473744
646455.0,10.774250030517578,1580.0,1580.0,6.719289779663086,156.0,174.0,0.08751185199778944,0.3024696501689986,0.998447060585022,254.723778294784,254.61000637674192,254.4842226035772
646734.0,10.778900146484375,2085.0,2085.0,8.082569122314453,30.0,0.0,0.6039037684205792,0.8901615264953856,0.9979507327079773,254.01227122081394,254.36261293031092,254.94260246025448
647013.0,10.783550262451172,1810.0,1810.0,8.629422187805176,30.0,30.0,0.625,0.7647058823529411,0.9982210397720337,254.19946789741516,254.37291651964188,254.89326238632202
647293.0,10.788216590881348,2166.0,2166.0,7.762034893035889,123.0,12.0,0.5061977072445313,0.6410415400388366,0.9978711605072021,254.10915391986205,254.77925690763314,254.80513793881104
647572.0,10.792866706848145,2196.0,2196.0,6.749156951904297,155.0,175.0,0.08352384117184013,0.3043955822796083,0.9978416562080383,254.61715486345477,254.45000532817275,254.28208980264478
647851.0,10.797516822814941,2319.0,2319.0,8.16600513458252,35.0,7.0,0.6041975022176664,0.8424803642623534,0.9977207779884338,253.9291474404632,254.29620446652297,254.90844933363806
648131.0,10.802183151245117,2224.0,2224.0,7.581047058105469,30.0,36.0,0.6300508415679218,0.7415498592620905,0.9978141188621521,254.02926064806445,254.21087792121168,254.85593997163312
648410.0,10.806833267211914,1864.0,1864.0,6.616266250610352,30.0,36.0,0.6300508415679218,0.7415498592620905,0.9981679320335388,254.186387384167,254.3386075495401,254.8792579529378
648689.0,10.811483383178711,2175.0,2175.0,8.6543550491333,77.0,1.0,0.5604509807351349,0.7553983598376205,0.9978622794151306,254.0430994418399,254.5679516894281,254.86666305987671
648969.0,10.816149711608887,2215.0,2215.0,7.343974590301514,155.0,175.0,0.08352384117184013,0.3043955822796083,0.9978229999542236,254.61384563344902,254.44525129397644,254.27588434320504
649248.0,10.820799827575684,2008.0,2008.0,6.754085540771484,158.0,163.0,0.11296579449114301,0.2595651881313398,0.998026430606842,254.62736863200516,254.54319004854335,254.36611097748428
649527.0,10.82544994354248,1989.0,1989.0,5.761225700378418,155.0,174.0,0.08499994081446928,0.299608869724142,0.9980450868606567,254.65085302506984,254.50448416090305,254.3521412738651
649807.0,10.830116271972656,1736.0,1736.0,7.517474174499512,163.0,167.0,0.11651977079224325,0.29453565067647686,0.9982937574386597,254.6930582089274,254.6159422751008,254.43675808478903
650086.0,10.834766387939453,2121.0,2121.0,5.570042610168457,156.0,175.0,0.08601043481131534,0.3072117917126884,0.9979153871536255,254.63173022430283,254.47366998104877,254.30511722404617
650365.0,10.83941650390625,2213.0,2213.0,6.232089519500732,155.0,175.0,0.08352384117184013,0.3043955822796083,0.9978249669075012,254.6141945299033,254.44575251802908,254.27653859292232
650645.0,10.844083786010742,2363.0,2363.0,8.121417999267578,156.0,174.0,0.08751185199778944,0.3024696501689986,0.9976775050163269,254.5868972616972,254.41674593036572,254.22863029662952
650924.0,10.848732948303223,1968.0,1968.0,5.745689392089844,155.0,175.0,0.08352384117184013,0.3043955822796083,0.998065710067749,254.6568973413834,254.50709930435121,254.3566147931686
651203.0,10.85338306427002,1959.0,1959.0,6.701145648956299,31.0,34.0,0.6275127639825908,0.7451909126845004,0.9980745911598206,254.1431474671737,254.31505186810466,254.8748940243348
651483.0,10.858050346374512,1994.0,1994.0,4.801513195037842,31.0,37.0,0.630104824417744,0.7337107134257825,0.9980401992797852,254.1335794862719,254.29445363820003,254.86692214641852
651762.0,10.862700462341309,2195.0,2195.0,6.650134086608887,30.0,36.0,0.6300508415679218,0.7415498592620905,0.9978426098823547,254.0419133737816,254.22116342699687,254.85781766621932
652041.0,10.867349624633789,1659.0,1659.0,6.195383071899414,30.0,36.0,0.6300508415679218,0.7415498592620905,0.9983694553375244,254.275882918999,254.41135921284504,254.89253930313845
652321.0,10.872016906738281,2244.0,2244.0,7.544711589813232,79.0,2.0,0.5586923142021615,0.7461808437607738,0.9977944493293762,254.01792096559834,254.5616758485061,254.85724819238354
652600.0,10.876667022705078,1885.0,1885.0,7.16201639175415,161.0,165.0,0.11604299275966694,0.27887288937350624,0.9981473088264465,254.6593134126187,254.5792775895774,254.39581408886903
652879.0,10.881317138671875,2129.0,2129.0,5.6394147872924805,155.0,175.0,0.08352384117184013,0.3043955822796083,0.9979075193405151,254.6288376083633,254.46678873963248,254.3039972552994
653159.0,10.88598346710205,1710.0,1710.0,6.458509922027588,28.0,0.0,0.6054672165574752,0.896942561843535,0.9983193278312683,254.1870246648099,254.46932837602853,254.95583252913693
653438.0,10.890633583068848,1897.0,1897.0,5.640582084655762,156.0,175.0,0.08601043481131534,0.3072117917126884,0.998135507106781,254.67061683383133,254.52924660253865,254.37849179062698
653717.0,10.895283699035645,1906.0,1906.0,7.756475925445557,156.0,175.0,0.08601043481131534,0.3072117917126884,0.9981266856193542,254.66905842110177,254.5270193239087,254.3755512447689
653997.0,10.89995002746582,1849.0,1849.0,6.107439041137695,74.0,7.0,0.5665011852247233,0.731191167121032,0.9981827139854431,254.19775227838394,254.60503288422908,254.87543185419204
654276.0,10.904600143432617,1911.0,1911.0,4.979307174682617,75.0,143.0,0.7956905781306662,0.3035861526739122,0.9981217384338379,254.60076675534663,254.3756386789691,254.66644792228823
654555.0,10.909250259399414,2230.0,2230.0,7.273630142211914,156.0,174.0,0.08751185199778944,0.3024696501689986,0.9978082180023193,254.61014721178313,254.4495722148443,254.27204396939973
654835.0,10.91391658782959,1978.0,1978.0,7.429351806640625,155.0,174.0,0.08499994081446928,0.299608869724142,0.9980559349060059,254.65279048312937,254.5072338371856,254.35573631893362
655114.0,10.918566703796387,2094.0,2094.0,7.205106735229492,30.0,35.0,0.6291873215521527,0.7453559924999299,0.9979419112205505,254.08401511600124,254.25994567094367,254.86635960647953
655393.0,10.923216819763184,1944.0,1944.0,6.4338555335998535,162.0,167.0,0.11426260786152292,0.2908577512280574,0.9980893135070801,254.6544881283467,254.56537197598715,254.37106176026413
655672.0,10.92786693572998,1992.0,1992.0,5.903438091278076,31.0,37.0,0.630104824417744,0.7337107134257825,0.9980421662330627,254.1344490689043,254.29516175954853,254.8670557099577
655952.0,10.932533264160156,1955.0,1955.0,7.320764541625977,31.0,35.0,0.6283678558054026,0.7413424443276063,0.9980785250663757,254.146783806304,254.31372376634152,254.87326397754762
656231.0,10.937183380126953,1926.0,1926.0,8.955860137939453,79.0,18.0,0.5663600681140246,0.6641822218615805,0.9981070160865784,254.1966811053785,254.5825902767903,254.83789709877647
656510.0,10.94183349609375,1933.0,1933.0,5.604933738708496,156.0,175.0,0.08601043481131534,0.3072117917126884,0.9981001615524292,254.6643726530974,254.5203224388388,254.3667097386415
656790.0,10.946499824523926,1963.0,1963.0,5.605887413024902,155.0,175.0,0.08352384117184013,0.3043955822796083,0.9980706572532654,254.65777486882902,254.50835995878666,254.35826033033632
657069.0,10.951149940490723,1902.0,1902.0,6.705139636993408,156.0,174.0,0.08751185199778944,0.3024696501689986,0.9981306195259094,254.66749284790478,254.53053772909175,254.37912311030902
657348.0,10.95580005645752,1889.0,1889.0,7.781369209289551,155.0,176.0,0.08209356564529845,0.3092076664756307,0.9981433749198914,254.67295169525013,254.52438271324385,254.38016951389446
657628.0,10.960466384887695,2134.0,2134.0,6.967916488647461,155.0,175.0,0.08352384117184013,0.3043955822796083,0.9979025721549988,254.6279600809177,254.46552808519704,254.3023517181317
657907.0,10.965116500854492,1702.0,1702.0,6.660067558288574,155.0,174.0,0.08499994081446928,0.299608869724142,0.9983271956443787,254.7012375799922,254.57599085236123,254.4456321986409
658186.0,10.969766616821289,1712.0,1712.0,6.7589006423950195,173.0,22.0,0.43519568870187897,0.637191550395503,0.9983173608779907,254.29752534900578,254.8443286987695,254.63171741178783
658466.0,10.974432945251465,1933.0,1933.0,7.929031848907471,155.0,175.0,0.08352384117184013,0.3043955822796083,0.9981001615524292,254.66300831564325,254.51587831957633,254.36807407609564
658745.0,10.979083061218262,2068.0,2068.0,7.086483478546143,88.0,8.0,0.5508083052245833,0.6980061679773395,0.9979674816131592,254.11993666686732,254.62290721107658,254.84347895584386
659024.0,10.983733177185059,1984.0,1984.0,5.789339065551758,178.0,25.0,0.42714255388286704,0.6337065615499655,0.9980500340461731,254.18765359574067,254.8178637678076,254.5423707458846
659304.0,10.98840045928955,1898.0,1898.0,5.391209602355957,32.0,36.0,0.6284038647288169,0.7335010817890963,0.9981345534324646,254.17539282107518,254.33559992466985,254.87322942948177
659583.0,10.993049621582031,2071.0,2071.0,6.348639011383057,123.0,6.0,0.5058919344351707,0.6742931708662164,0.9979645013809204,254.1309545335057,254.80619551853036,254.8309411707637
659862.0,10.997699737548828,1494.0,1494.0,4.96995735168457,74.0,143.0,0.7948814996238553,0.3089091073460075,0.9985316395759583,254.68786294542213,254.50990266536687,254.74123351837184
660142.0,11.00236701965332,1737.0,1737.0,6.570047855377197,31.0,39.0,0.631878090760302,0.7261682046453897,0.9982928037643433,254.24853849542436,254.38050956949257,254.8807914243907
660421.0,11.007017135620117,1752.0,1752.0,5.075443744659424,178.0,24.0,0.42775333625000744,0.6386861754863659,0.998278021812439,254.28044562813648,254.8413454962074,254.5982066312118
660700.0,11.011666297912598,1626.0,1626.0,9.189454078674316,55.0,223.0,0.8966544500572665,0.664969003391115,0.9984018802642822,254.86346798982177,254.32149094496216,254.6575564395063
660980.0,11.01633358001709,2124.0,2124.0,8.303377151489258,79.0,144.0,0.8021906166171345,0.28411757939890125,0.9979124069213867,254.56238728065017,254.31641768242594,254.6189098474813
661259.0,11.020983695983887,2410.0,2410.0,9.101655006408691,29.0,0.0,0.6046884587075049,0.8935412658901208,0.997631311416626,253.8562715574413,254.25767678333264,254.93569726503796
661538.0,11.025632858276367,2641.0,2641.0,7.751871585845947,78.0,145.0,0.8040841722485192,0.2911748200917109,0.9974042773246765,254.4631752822055,254.14535940162875,254.53082203395627
661818.0,11.03030014038086,2517.0,2517.0,10.151998519897461,239.0,7.0,0.3811710198137112,0.910488248382228,0.9975261688232422,253.79481252512224,254.94353357473128,254.1245254696699
662097.0,11.034950256347656,2859.0,2859.0,12.090831756591797,40.0,20.0,0.6087332955960307,0.768717481722065,0.997189998626709,253.7326248690863,254.11555850608565,254.8342744305353
662376.0,11.039600372314453,2864.0,2864.0,8.066719055175781,242.0,4.0,0.38101559792473016,0.9340004206913376,0.9971851110458374,253.6117809125048,254.95262572087228,253.99538801407627
662656.0,11.044266700744629,2661.0,2661.0,5.250191688537598,228.0,55.0,0.34946227153163034,0.6872597969113252,0.9973846077919006,253.8747242379003,254.79142573596903,253.9634367687521
662935.0,11.048916816711426,2082.0,2082.0,7.791792869567871,250.0,39.0,0.34957275151709905,0.8381246343651517,0.9979537129402161,254.04086068333928,254.91553291617092,254.12608569231537
663214.0,11.053566932678223,2652.0,2652.0,7.4133453369140625,217.0,30.0,0.38180461838924185,0.7340040971341818,0.9973934888839722,253.84747625662342,254.82320307420238,254.1312446528928
663494.0,11.058233261108398,2541.0,2541.0,7.382216453552246,218.0,30.0,0.3809232456570945,0.7377657804409854,0.9975025653839111,253.89331111424437,254.8329972315503,254.16162859385105
663773.0,11.062883377075195,2588.0,2588.0,5.077308177947998,219.0,31.0,0.3792318466434773,0.7375155984639924,0.9974563717842102,253.87300360608492,254.82974600386228,254.13648192815748
664052.0,11.067533493041992,2924.0,2924.0,8.62324333190918,219.0,31.0,0.3792318466434773,0.7375155984639924,0.9971261024475098,253.726672334411,254.80763991381897,254.02436116339877
664331.0,11.072183609008789,2885.0,2885.0,6.376053810119629,245.0,11.0,0.37431985481098795,0.9176554382054158,0.9971644282341003,253.6133993475887,254.94045905180246,253.93974871400204
664611.0,11.076849937438965,2592.0,2592.0,7.643696308135986,242.0,1.0,0.3829181879333821,0.9462689029030317,0.997452437877655,253.7356485610819,254.96509475652218,254.10142002611883
664890.0,11.081500053405762,2554.0,2554.0,9.467386245727539,78.0,2.0,0.5597927288940685,0.7481978861862031,0.9974898099899292,253.88098123826947,254.495190430103,254.83882185659442
665169.0,11.086150169372559,2752.0,2752.0,7.072318077087402,235.0,23.0,0.37274795772427116,0.8314557856963042,0.9972952008247375,253.73680137483638,254.88375104577977,254.00804091768964
665449.0,11.090816497802734,2436.0,2436.0,8.274735450744629,218.0,31.0,0.38010482441774407,0.7337107134257825,0.9976057410240173,253.94150712846888,254.83742079377996,254.19292643652585
665728.0,11.095466613769531,2005.0,2005.0,7.415130615234375,177.0,24.0,0.4290000967449339,0.6362737544936451,0.998029351234436,254.17774718212354,254.81722194743884,254.5448060686102
666007.0,11.100116729736328,2396.0,2396.0,7.727262496948242,155.0,176.0,0.08209356564529845,0.3092076664756307,0.9976450800895691,254.58517604185164,254.39673301285916,254.2138148038286
666287.0,11.104783058166504,2099.0,2099.0,6.385265827178955,155.0,175.0,0.08352384117184013,0.3043955822796083,0.9979369640350342,254.6340604825577,254.4742919118145,254.31379117530975
666566.0,11.1094331741333,2424.0,2424.0,7.147612571716309,155.0,174.0,0.08499994081446928,0.299608869724142,0.9976175427436829,254.57449375770062,254.3961136775247,254.21045304157764
666845.0,11.114083290100098,2708.0,2708.0,8.24656867980957,88.0,9.0,0.5512081911747834,0.6927426283234642,0.9973384141921997,253.85112816226987,254.50254597564447,254.79146307575198
667125.0,11.118749618530273,2335.0,2335.0,6.870852947235107,79.0,145.0,0.8051130502332453,0.2859520074373983,0.9977050423622131,254.52545931581594,254.2474426277696,254.5821289769591
667404.0,11.12339973449707,1814.0,1814.0,8.004565238952637,155.0,175.0,0.08352384117184013,0.3043955822796083,0.9982171058654785,254.68375179574326,254.54567836779717,254.40697219565078
667683.0,11.128049850463867,2200.0,2200.0,9.480823516845703,40.0,9.0,0.6012278746570604,0.8169390831574638,0.9978377223014832,253.99817465093588,254.35189320652862,254.89906372282053
667963.0,11.13271713256836,2247.0,2247.0,5.767829895019531,164.0,166.0,0.12075687377163076,0.2942222036376893,0.9977915287017822,254.6025340484227,254.51125019531725,254.27114558948622
668242.0,11.13736629486084,1697.0,1697.0,6.659311294555664,155.0,175.0,0.08352384117184013,0.3043955822796083,0.9983320832252502,254.704146379389,254.57497719196536,254.44521606548864
668521.0,11.142016410827637,2048.0,2048.0,6.57735013961792,80.0,143.0,0.8002008948582208,0.27710260120673746,0.9979870915412903,254.57239190506763,254.34447388970466,254.62894279635339
668801.0,11.146683692932129,2063.0,2063.0,5.983425140380859,156.0,175.0,0.08601043481131534,0.3072117917126884,0.9979723691940308,254.6417967281504,254.48805699706404,254.32411156080528
669080.0,11.151333808898926,2050.0,2050.0,5.868407249450684,155.0,175.0,0.08352384117184013,0.3043955822796083,0.9979851245880127,254.6426031593777,254.48656430680046,254.32981038050877
669359.0,11.155982971191406,1784.0,1784.0,6.03688907623291,31.0,37.0,0.630104824417744,0.7337107134257825,0.9982466101646423,254.2248329606953,254.36876346334947,254.8809382232723
669639.0,11.160650253295898,1824.0,1824.0,6.279552459716797,74.0,142.0,0.7921235024992733,0.3074119623100551,0.9982072710990906,254.61389058594182,254.40232202139188,254.6833862391443
669918.0,11.165300369262695,1800.0,1800.0,7.812965393066406,155.0,173.0,0.08652383607276393,0.29484876449701003,0.9982308745384216,254.68188724372712,254.55396559472604,254.4158587708679
670197.0,11.169949531555176,1680.0,1680.0,5.257204532623291,75.0,143.0,0.7956905781306662,0.3035861526739122,0.9983487725257874,254.64902390909393,254.4511080960739,254.70676589207764
670477.0,11.174616813659668,1631.0,1631.0,5.8416748046875,124.0,8.0,0.504660109628204,0.6630234941440649,0.9983969330787659,254.32018582206211,254.84709357579504,254.86225004810848
670756.0,11.179266929626465,1793.0,1793.0,7.531279563903809,30.0,0.0,0.6039037684205792,0.8901615264953856,0.9982377290725708,254.15060093989658,254.45187789469685,254.95064088711453
671035.0,11.183917045593262,1771.0,1771.0,4.352141857147217,74.0,144.0,0.7976120814021048,0.31049810536184413,0.9982593655586243,254.63487997803045,254.41831997492466,254.69395645997372
671315.0,11.188583374023438,1864.0,1864.0,5.481679916381836,155.0,175.0,0.08352384117184013,0.3043955822796083,0.9981679320335388,254.67502938438622,254.53314776648105,254.39061595271858
671594.0,11.193233489990234,1686.0,1686.0,6.969361305236816,160.0,164.0,0.1157839411990699,0.27104252855886235,0.9983429312705994,254.69197717909807,254.62204617659114,254.4629177689076
671873.0,11.197883605957031,1838.0,1838.0,4.941594123840332,171.0,22.0,0.43775709787868705,0.6328809165376164,0.9981935024261475,254.2478021694006,254.83088406793462,254.61312781069964
672153.0,11.202549934387207,1916.0,1916.0,7.005033016204834,29.0,3.0,0.6065272213426133,0.8804336424131067,0.9981168508529663,254.09701006251026,254.40212410199118,254.94258387250255
672432.0,11.207200050354004,2144.0,2144.0,8.03548812866211,156.0,175.0,0.08601043481131534,0.3072117917126884,0.9978927373886108,254.62772889432154,254.4679512926745,254.29756717387
672711.0,11.2118501663208,2165.0,2165.0,8.128340721130371,156.0,173.0,0.08906095467448209,0.2977552827094622,0.9978721141815186,254.61895437336838,254.46849373166057,254.29582385920608
672990.0,11.216500282287598,2032.0,2032.0,7.427793025970459,156.0,174.0,0.08751185199778944,0.3024696501689986,0.998002827167511,254.6447623905476,254.49844490924585,254.336679464883
673270.0,11.221166610717773,2136.0,2136.0,4.118946552276611,156.0,175.0,0.08601043481131534,0.3072117917126884,0.9979006052017212,254.62911882999924,254.46993778442558,254.30018982287856
673549.0,11.22581672668457,2042.0,2042.0,7.380084037780762,78.0,3.0,0.5602285878145693,0.7430415376300296,0.997992992401123,254.10793410914866,254.59364804354703,254.8684920154241
673828.0,11.230466842651367,1950.0,1950.0,5.5878520011901855,156.0,175.0,0.08601043481131534,0.3072117917126884,0.9980834126472473,254.6614137748744,254.51609361927785,254.36112667522173
674108.0,11.235133171081543,1774.0,1774.0,6.121284008026123,156.0,174.0,0.08751185199778944,0.3024696501689986,0.9982563853263855,254.6898628409195,254.56212161429457,254.42089367553712
674387.0,11.23978328704834,1581.0,1581.0,7.025392532348633,155.0,175.0,0.08352384117184013,0.3043955822796083,0.9984461069107056,254.72437180111748,254.60403299841107,254.48314272334235
674666.0,11.244433403015137,1579.0,1579.0,5.855809211730957,74.0,141.0,0.7893393557092021,0.3060080184297946,0.9984480738639832,254.66142677268894,254.48315886569958,254.72535880493183
674946.0,11.249099731445312,1551.0,1551.0,5.763880729675293,21.0,52.0,0.6518511180084436,0.7240048387517501,0.9984756112098694,254.32984631916733,254.37988160450936,254.89271539786606
675225.0,11.25374984741211,2094.0,2094.0,9.01343059539795,75.0,6.0,0.5649142032318947,0.7340459995203058,0.9979419112205505,254.08995074326123,254.56033604187715,254.86042397921955
675504.0,11.258399963378906,1870.0,1870.0,6.856255054473877,155.0,174.0,0.08499994081446928,0.299608869724142,0.998162031173706,254.67173924876678,254.53412627555358,254.3908966498233
675784.0,11.263066291809082,1996.0,1996.0,4.568252086639404,155.0,175.0,0.08352384117184013,0.3043955822796083,0.9980382323265076,254.65202336364328,254.50009735622186,254.34747512287558
676063.0,11.267716407775879,1850.0,1850.0,5.384463310241699,24.0,49.0,0.6467259780677082,0.720427486405129,0.9981817007064819,254.20229571881472,254.28222708242203,254.87037164149106
676342.0,11.272366523742676,1658.0,1658.0,5.221294403076172,122.0,4.0,0.507083191702667,0.6856019112988414,0.9983704090118408,254.2995553705095,254.84513730089608,254.86935322552932
676622.0,11.277033805847168,1931.0,1931.0,4.338962554931641,155.0,175.0,0.08352384117184013,0.3043955822796083,0.9981021285057068,254.6633572120975,254.51637954362897,254.36872832581295
676901.0,11.281682968139648,1897.0,1897.0,7.006474494934082,156.0,172.0,0.0906597432896825,0.29307002967111184,0.998135507106781,254.66389319405118,254.5368045574822,254.38521543040713
677180.0,11.286333084106445,1586.0,1586.0,7.335737228393555,155.0,175.0,0.08352384117184013,0.3043955822796083,0.9984411597251892,254.72349427367192,254.60277234397563,254.48149718617458
677460.0,11.291000366210938,1606.0,1606.0,5.756474018096924,155.0,175.0,0.08352384117184013,0.3043955822796083,0.9984215497970581,254.7200158817489,254.59777529205684,254.47497451475073
677739.0,11.295649528503418,1798.0,1798.0,5.781670570373535,74.0,142.0,0.7921235024992733,0.3074119623100551,0.9982328414916992,254.6193978153407,254.41084693587214,254.68790222489446
678018.0,11.300299644470215,1784.0,1784.0,5.0378313064575195,155.0,174.0,0.08499994081446928,0.299608869724142,0.9982466101646423,254.68684503440696,254.55556468569074,254.41892614956063
678298.0,11.304966926574707,1641.0,1641.0,5.303778648376465,155.0,175.0,0.08352384117184013,0.3043955822796083,0.9983871579170227,254.71391548010888,254.5890114654394,254.4635350575727
678577.0,11.309617042541504,2194.0,2194.0,6.183448314666748,80.0,143.0,0.8002008948582208,0.27710260120673746,0.9978436231613159,254.54191449295365,254.29775181018434,254.60249600208678
678856.0,11.314266204833984,2217.0,2217.0,8.064754486083984,78.0,2.0,0.5597927288940685,0.7481978861862031,0.997821033000946,254.02863729703702,254.56180074448582,254.86008953344546
679136.0,11.318933486938477,1729.0,1729.0,6.023679256439209,156.0,175.0,0.08601043481131534,0.3072117917126884,0.9983006119728088,254.69978442343162,254.57093283095105,254.43352768270088
679415.0,11.323583602905273,1710.0,1710.0,6.951551914215088,74.0,142.0,0.7921235024992733,0.3074119623100551,0.9983193278312683,254.63802483132628,254.43968062097906,254.70317657296778
679694.0,11.32823371887207,1764.0,1764.0,7.93549919128418,166.0,57.0,0.42044743737596196,0.4454908864949082,0.9982662200927734,254.3609284209536,254.75484382636085,254.56682194661744
679974.0,11.332900047302246,1957.0,1957.0,6.87560510635376,79.0,3.0,0.5591216959684246,0.7410104596735705,0.9980765581130981,254.14607322686405,254.61511869022635,254.872971410816
680253.0,11.337550163269043,1957.0,1957.0,5.98203706741333,29.0,39.0,0.6335028605539379,0.7343811325379749,0.9980765581130981,254.1493247638652,254.29267102637078,254.86971987381486
680532.0,11.34220027923584,1921.0,1921.0,6.809076309204102,155.0,175.0,0.08352384117184013,0.3043955822796083,0.99811190366745,254.6650911217491,254.51887047528453,254.37197974865038
680812.0,11.346866607666016,1529.0,1529.0,7.031835556030273,38.0,7.0,0.6016741594814173,0.8324539766388517,0.9984971880912781,254.29777241713919,254.54657195968272,254.93579350941263
681091.0,11.351516723632812,1405.0,1405.0,5.420775413513184,31.0,36.0,0.6292318466434773,0.7375155984639924,0.9986190795898438,254.38816045801468,254.50482450417928,254.90757013280563
681370.0,11.35616683959961,1777.0,1777.0,4.13001012802124,75.0,143.0,0.7956905781306662,0.3035861526739122,0.9982534646987915,254.62876578653106,254.41942639537803,254.68984060100564
681649.0,11.360816955566406,2043.0,2043.0,7.038049697875977,30.0,37.0,0.6309232456570945,0.7377657804409854,0.9979920387268066,254.11021157080344,254.27224006022854,254.86572817986794
681929.0,11.365483283996582,1466.0,1466.0,7.504262924194336,81.0,143.0,0.8012081911747834,0.27183571491173913,0.9985591173171997,254.69395055102768,254.53269565546924,254.7324541763026
682208.0,11.370133399963379,1438.0,1438.0,5.934365272521973,80.0,143.0,0.8002008948582208,0.27710260120673746,0.9985866546630859,254.69975887160476,254.53972831342503,254.7394655647488
682487.0,11.374783515930176,1972.0,1972.0,6.392129421234131,155.0,175.0,0.08352384117184013,0.3043955822796083,0.9980617761611938,254.65619954847483,254.5060968562459,254.35530629373403
682767.0,11.379449844360352,1878.0,1878.0,6.145430088043213,74.0,142.0,0.7921235024992733,0.3074119623100551,0.9981542229652405,254.60246533147787,254.38463630137454,254.6740174108981
683046.0,11.384099960327148,1732.0,1732.0,6.253677845001221,155.0,176.0,0.08209356564529845,0.3092076664756307,0.9982976913452148,254.7001348491555,254.5639144206955,254.43168773690408
683325.0,11.388750076293945,1740.0,1740.0,6.984309196472168,155.0,173.0,0.08652383607276393,0.29484876449701003,0.9982898235321045,254.69248707243756,254.5688278981126,254.43532292893573
683605.0,11.393416404724121,1599.0,1599.0,5.884791374206543,161.0,166.0,0.1139652890534704,0.28303295020809616,0.9984284043312073,254.7126705109194,254.64093714396404,254.48581569799632
683884.0,11.398066520690918,1393.0,1393.0,4.152988910675049,155.0,175.0,0.08352384117184013,0.3043955822796083,0.9986308813095093,254.75714692258032,254.65111768214433,254.5446025452694
684163.0,11.402716636657715,1771.0,1771.0,5.746750831604004,155.0,174.0,0.08499994081446928,0.299608869724142,0.9982593655586243,254.689123144433,254.55879782153949,254.42315329046536
684443.0,11.40738296508789,1869.0,1869.0,6.810019016265869,155.0,176.0,0.08209356564529845,0.3092076664756307,0.9981630444526672,254.67641652367377,254.5294215172064,254.38673614718653
684722.0,11.412033081054688,2349.0,2349.0,7.3018717765808105,156.0,174.0,0.08751185199778944,0.3024696501689986,0.99769127368927,254.58934629884715,254.42020369220546,254.23320328268056
685001.0,11.416683197021484,3553.0,3553.0,3.314471960067749,61.0,126.0,0.7464106475381946,0.3688985236115739,0.9965078830718994,254.0953609396202,253.78100980467528,254.43801056199342
685281.0,11.42134952545166,8391.0,8391.0,2.3079898357391357,60.0,127.0,0.7488210960573292,0.3743609189735865,0.9917528629302979,252.88584239727857,252.1096915650857,253.6842685293662
685560.0,11.425999641418457,18345.0,18345.0,1.8629858493804932,61.0,127.0,0.7488033688416427,0.36881513786828174,0.9819694757461548,250.37786632309,248.706484091697,252.09794853884193
685839.0,11.430649757385254,32029.0,32029.0,1.826127290725708,61.0,127.0,0.7488033688416427,0.36881513786828174,0.9685200452804565,246.93009827067152,244.0119891673226,249.93323392571023
686119.0,11.435317039489746,44907.0,44907.0,1.8030896186828613,61.0,127.0,0.7488033688416427,0.36881513786828174,0.955862820148468,243.6854124415105,239.59401181948405,247.89602645623464
686398.0,11.439966201782227,57019.0,57019.0,1.8103113174438477,61.0,127.0,0.7488033688416427,0.36881513786828174,0.9439584612846375,240.63372424698676,235.43882083152997,245.97999442363513
686677.0,11.444616317749023,62856.0,62856.0,1.786468744277954,61.0,127.0,0.7488033688416427,0.36881513786828174,0.9382215142250061,239.16305507322065,233.43635173653502,245.0566205182181
686957.0,11.449283599853516,66793.0,66793.0,1.747058629989624,60.0,127.0,0.7488210960573292,0.3743609189735865,0.9343520402908325,238.17111356956036,231.99288249016877,244.52665805815582
687236.0,11.453933715820312,68756.0,68756.0,1.8455259799957275,61.0,127.0,0.7488033688416427,0.36881513786828174,0.9324226975440979,237.67652559189747,231.4122871826247,244.12328856486522
687515.0,11.458582878112793,71370.0,71370.0,1.8180310726165771,60.0,127.0,0.7488210960573292,0.3743609189735865,0.9298534989356995,237.01791030317466,230.41631453529402,243.8089699219127
687795.0,11.463250160217285,71023.0,71023.0,1.7812886238098145,60.0,127.0,0.7488210960573292,0.3743609189735865,0.9301945567131042,237.10534063044744,230.53584233779017,243.863381585893
688074.0,11.467900276184082,69644.0,69644.0,1.861824870109558,61.0,127.0,0.7488033688416427,0.36881513786828174,0.9315499067306519,237.4527852416486,231.10764141682722,243.98281101580523
688353.0,11.472550392150879,69268.0,69268.0,1.795949935913086,61.0,127.0,0.7488033688416427,0.36881513786828174,0.9319194555282593,237.5475192559587,231.23663163385544,244.0422906855568
688633.0,11.477216720581055,67933.0,67933.0,1.8146686553955078,61.0,127.0,0.7488033688416427,0.36881513786828174,0.9332315921783447,237.88388612547857,231.69463012380058,244.25348188715523
688912.0,11.481866836547852,63974.0,63974.0,1.8449132442474365,60.0,127.0,0.7488210960573292,0.3743609189735865,0.9371227025985718,238.8813742009739,232.9638944390034,244.9686838862682
689191.0,11.486516952514648,61723.0,61723.0,1.7504801750183105,61.0,127.0,0.7488033688416427,0.36881513786828174,0.9393351078033447,239.4485253295684,233.82504919213804,245.23585578756777
689471.0,11.491183280944824,56968.0,56968.0,1.771230697631836,60.0,127.0,0.7488210960573292,0.3743609189735865,0.9440085887908936,240.64657447858943,235.37713612218627,246.06724416116944
689750.0,11.495833396911621,53314.0,53314.0,1.7971923351287842,61.0,127.0,0.7488033688416427,0.36881513786828174,0.9475999474525452,241.56722100025496,236.70987378622735,246.5660994145707
690029.0,11.500483512878418,53206.0,53206.0,1.789111614227295,61.0,127.0,0.7488033688416427,0.36881513786828174,0.9477061033248901,241.59443410984954,236.74692726631238,246.5831854293816
690308.0,11.505133628845215,50322.0,50322.0,1.7561712265014648,61.0,127.0,0.7488033688416427,0.36881513786828174,0.9505406618118286,242.32107455896767,237.73632384066644,247.03941368336615
690588.0,11.50979995727539,49090.0,49090.0,1.8057156801223755,61.0,127.0,0.7488033688416427,0.36881513786828174,0.9517515301704407,242.63148125263058,238.15897485017112,247.23430553675362
690867.0,11.514450073242188,45623.0,45623.0,1.788447380065918,60.0,127.0,0.7488210960573292,0.3743609189735865,0.9551591277122498,243.50502055942772,239.28497667653278,247.8461784567146
691146.0,11.519100189208984,44100.0,44100.0,1.8224282264709473,61.0,127.0,0.7488033688416427,0.36881513786828174,0.9566559791564941,243.88873913964355,239.87086227399934,248.02368709581268
691426.0,11.52376651763916,41684.0,41684.0,1.822279930114746,61.0,127.0,0.7488033688416427,0.36881513786828174,0.9590305685997009,244.497466300305,240.69970763790067,248.4058823479468
691705.0,11.528416633605957,41032.0,41032.0,1.8127145767211914,61.0,127.0,0.7488033688416427,0.36881513786828174,0.9596714377403259,244.66175341673446,240.92340164007612,248.5090316074901
691984.0,11.533066749572754,39394.0,39394.0,1.8421845436096191,61.0,127.0,0.7488033688416427,0.36881513786828174,0.9612812995910645,245.07444228649285,241.48532047422384,248.76814231721903
692264.0,11.53773307800293,39516.0,39516.0,1.7880663871765137,61.0,127.0,0.7488033688416427,0.36881513786828174,0.9611614346504211,245.04371485056097,241.44348187318454,248.74884979853024
692543.0,11.542383193969727,39190.0,39190.0,1.770984411239624,61.0,127.0,0.7488033688416427,0.36881513786828174,0.9614818096160889,245.12584312909598,241.55530806939854,248.8004148348068
692822.0,11.547033309936523,37489.0,37489.0,1.8071284294128418,61.0,127.0,0.7488033688416427,0.36881513786828174,0.9631536602973938,245.55442286577096,242.13886397220904,249.0695027794618
693102.0,11.5516996383667,35218.0,35218.0,1.8306808471679688,61.0,127.0,0.7488033688416427,0.36881513786828174,0.9653857350349426,246.1266163122041,242.91796488305968,249.42875998476106
693381.0,11.556349754333496,35129.0,35129.0,1.7483173608779907,61.0,127.0,0.7488033688416427,0.36881513786828174,0.9654732346534729,246.149046882044,242.94850643767214,249.44284323559904
693660.0,11.560999870300293,33742.0,33742.0,1.772253155708313,61.0,127.0,0.7488033688416427,0.36881513786828174,0.9668364524841309,246.49850843709027,243.42433470439036,249.66225606251638
693940.0,11.565666198730469,32467.0,32467.0,1.8486676216125488,60.0,127.0,0.7488210960573292,0.3743609189735865,0.9680895805358887,246.8197484356208,243.8166094780202,249.909076595283
694219.0,11.570316314697266,31795.0,31795.0,1.759368896484375,61.0,127.0,0.7488033688416427,0.36881513786828174,0.9687500596046448,246.98906255473972,244.09227517498584,249.970255223383
694498.0,11.574966430664062,31438.0,31438.0,1.7338061332702637,60.0,127.0,0.7488210960573292,0.3743609189735865,0.9691009521484375,247.07901404085754,244.17105683082607,250.07042876487705
694778.0,11.579633712768555,31071.0,31071.0,1.8364620208740234,60.0,127.0,0.7488210960573292,0.3743609189735865,0.9694616794586182,247.17148666243304,244.29747805779334,250.12797846610192
695057.0,11.584282875061035,30283.0,30283.0,1.7978379726409912,60.0,127.0,0.7488210960573292,0.3743609189735865,0.9702361226081848,247.37001554084188,244.56889097946978,250.25153155070447
695336.0,11.588932991027832,30637.0,30637.0,1.9145641326904297,61.0,127.0,0.7488033688416427,0.36881513786828174,0.9698882102966309,247.2808280391352,244.4895442385591,250.15344301272265
695616.0,11.593600273132324,28602.0,28602.0,1.8263232707977295,61.0,127.0,0.7488033688416427,0.36881513786828174,0.9718883037567139,247.79355297206916,245.18767258091393,250.47536233501015
695895.0,11.598250389099121,27915.0,27915.0,1.8373610973358154,60.0,127.0,0.7488210960573292,0.3743609189735865,0.9725635647773743,247.96665647396802,245.3845710968886,250.62284693957227
696174.0,11.602899551391602,28322.0,28322.0,1.8041540384292603,61.0,127.0,0.7488033688416427,0.36881513786828174,0.9721634984016418,247.86409925337077,245.28372868285254,250.5196555019848
696454.0,11.607566833496094,28061.0,28061.0,1.7731983661651611,60.0,127.0,0.7488210960573292,0.3743609189735865,0.9724200367927551,247.92986300523805,245.3342699874145,250.5999487768906
696733.0,11.61221694946289,27154.0,27154.0,1.7590208053588867,61.0,127.0,0.7488033688416427,0.36881513786828174,0.9733114838600159,248.15838588492124,245.68443055058867,250.70442621801942
697012.0,11.616867065429688,27908.0,27908.0,2.1263787746429443,61.0,127.0,0.7488033688416427,0.36881513786828174,0.9725704193115234,247.96841362687,245.4257635556996,250.58515029317735
697292.0,11.621533393859863,34164.0,34164.0,2.641491413116455,61.0,127.0,0.7488033688416427,0.36881513786828174,0.9664216637611389,246.392177145867,243.27955358821302,249.59549492996783
697571.0,11.62618350982666,50940.0,50940.0,3.3957462310791016,215.0,92.0,0.31134193717098135,0.5236872788344891,0.9499332904815674,237.31146076630375,248.9189102841154,235.54706786148395
697850.0,11.630833625793457,84893.0,84893.0,2.218235731124878,214.0,91.0,0.31355016118921714,0.5206833117271102,0.9165623188018799,225.2750010275226,244.80176637759175,222.645016211367
698130.0,11.635499954223633,149733.0,149733.0,1.748173475265503,210.0,89.0,0.3194913707725001,0.5049086235996701,0.8528338670730591,201.67205820146725,236.42052575587016,198.52474645138997
698409.0,11.64015007019043,241039.0,241039.0,1.5683776140213013,211.0,88.0,0.3203240901487749,0.5122865643653165,0.763093113899231,168.47217042773983,225.5366188068412,163.64086928176658
698688.0,11.644800186157227,337293.0,337293.0,1.3944785594940186,211.0,88.0,0.3203240901487749,0.5122865643653165,0.6684892177581787,133.91905997622314,213.77102304793945,127.15847800873169
698967.0,11.649450302124023,402724.0,402724.0,1.3848453760147095,212.0,88.0,0.31959445038444184,0.5173052941901474,0.604179859161377,110.46040653056656,206.279626958893,101.85210121340924
699247.0,11.6541166305542,409057.0,409057.0,1.372201681137085,212.0,88.0,0.31959445038444184,0.5173052941901474,0.5979554653167725,108.18747682570957,205.51348406019818,99.44380325135576
699526.0,11.658766746520996,362834.0,362834.0,1.4078494310379028,212.0,88.0,0.31959445038444184,0.5173052941901474,0.6433860659599304,124.77713427497875,211.10540721531274,117.02148642425178
699805.0,11.663416862487793,279397.0,279397.0,1.453087568283081,212.0,88.0,0.31959445038444184,0.5173052941901474,0.7253926992416382,154.7230723751007,221.1993699855372,148.75090662769827
700085.0,11.668083190917969,201868.0,201868.0,1.7274466753005981,212.0,88.0,0.31959445038444184,0.5173052941901474,0.8015925884246826,182.54859176781778,230.57859717398523,178.2336229226029
700364.0,11.672733306884766,124580.0,124580.0,1.9140686988830566,212.0,89.0,0.31804172367788025,0.5149812522016552,0.8775556683540344,210.64784086963763,239.8561119154675,207.69727894509006
700643.0,11.677383422851562,80707.0,80707.0,2.4153637886047363,211.0,90.0,0.3171803723156464,0.5076424768232842,0.920676589012146,226.49457315644528,245.04085306820332,224.50420732799114
700923.0,11.682049751281738,55926.0,55926.0,3.3473339080810547,213.0,92.0,0.31263459317776704,0.5134260465414712,0.9450327157974243,235.57433152964086,248.17985955974189,233.78682549694452
701202.0,11.686699867248535,40962.0,40962.0,4.009244918823242,215.0,92.0,0.31134193717098135,0.5236872788344891,0.9597402215003967,240.77624376796777,250.11005761407998,239.35745535112235
701481.0,11.691349983215332,33197.0,33197.0,3.44107723236084,61.0,127.0,0.7488033688416427,0.36881513786828174,0.9673721194267273,246.63582691880077,243.6113081044602,249.74847280317073
701761.0,11.696016311645508,29351.0,29351.0,3.01556134223938,61.0,127.0,0.7488033688416427,0.36881513786828174,0.9711521863937378,247.60484892743528,244.93073239054314,250.35688267026313
702040.0,11.700666427612305,26246.0,26246.0,2.7811968326568604,60.0,127.0,0.7488210960573292,0.3743609189735865,0.9742039442062378,248.38716853913306,245.95946180861475,250.88454973656653
702319.0,11.705316543579102,23745.0,23745.0,2.4642879962921143,61.0,127.0,0.7488033688416427,0.36881513786828174,0.9766620397567749,249.01730252143983,246.85393491668685,251.24370535926835
702599.0,11.709982872009277,21269.0,21269.0,2.5268008708953857,61.0,127.0,0.7488033688416427,0.36881513786828174,0.9790956377983093,249.64115656503148,247.70337710556527,251.6353981715725
702878.0,11.714632987976074,20887.0,20887.0,2.9038805961608887,61.0,127.0,0.7488033688416427,0.36881513786828174,0.9794710874557495,249.73740326763462,247.83442700509124,251.695827597341
703157.0,11.719283103942871,19812.0,19812.0,2.360584020614624,61.0,127.0,0.7488033688416427,0.36881513786828174,0.9805276393890381,250.0082508704832,248.20321419654974,251.8658818918597
703437.0,11.723950386047363,18991.0,18991.0,2.359370470046997,60.0,127.0,0.7488210960573292,0.3743609189735865,0.9813345670700073,250.21510718161787,248.45847440355035,252.02215480215338
703716.0,11.728599548339844,18193.0,18193.0,2.4252960681915283,60.0,127.0,0.7488210960573292,0.3743609189735865,0.9821189045906067,250.41617248685776,248.7333549266274,252.147286414582
703995.0,11.73324966430664,18369.0,18369.0,2.16269588470459,61.0,127.0,0.7488033688416427,0.36881513786828174,0.9819458723068237,250.3718155699179,248.6982453617062,252.0941495147739
704275.0,11.737916946411133,17901.0,17901.0,2.419203281402588,61.0,127.0,0.7488033688416427,0.36881513786828174,0.9824059009552002,250.4897441380543,248.85881737703266,252.16819211011943
704554.0,11.74256706237793,17616.0,17616.0,2.546281337738037,61.0,127.0,0.7488033688416427,0.36881513786828174,0.9826859831809998,250.56154335309353,248.95657947861582,252.21327194369405
704833.0,11.74721622467041,16954.0,16954.0,2.459350824356079,60.0,127.0,0.7488210960573292,0.3743609189735865,0.9833366274833679,250.72833634323368,249.16012056888482,252.34155944763282
705113.0,11.751883506774902,16563.0,16563.0,2.377415895462036,61.0,127.0,0.7488033688416427,0.36881513786828174,0.9837209582328796,250.8268597118808,249.31783530578977,252.37985339297884
705392.0,11.7565336227417,15513.0,15513.0,2.3545684814453125,61.0,127.0,0.7488033688416427,0.36881513786828174,0.9847529530525208,251.0914120866817,249.67805088927798,252.5459551675076
705671.0,11.761183738708496,15241.0,15241.0,2.1221394538879395,61.0,127.0,0.7488033688416427,0.36881513786828174,0.9850202798843384,251.15994145025925,249.77136074788635,252.58898199312623
705951.0,11.765850067138672,13765.0,13765.0,2.1864256858825684,60.0,127.0,0.7488210960573292,0.3743609189735865,0.9864709973335266,251.53183358020794,250.25859820293996,252.8416104371586
706230.0,11.770500183105469,14543.0,14543.0,2.1547837257385254,60.0,127.0,0.7488210960573292,0.3743609189735865,0.9857063293457031,251.33581056927076,249.99061110433396,252.71961686197463
706509.0,11.775150299072266,14263.0,14263.0,2.3094840049743652,61.0,127.0,0.7488033688416427,0.36881513786828174,0.9859815239906311,251.40635684522368,250.10688094627577,252.7436962889461
706789.0,11.779816627502441,14258.0,14258.0,2.6891298294067383,60.0,127.0,0.7488210960573292,0.3743609189735865,0.9859864115715027,251.40760978420522,250.08876929096968,252.7643006104967
707068.0,11.784466743469238,13897.0,13897.0,2.409792900085449,60.0,127.0,0.7488210960573292,0.3743609189735865,0.9863412380218506,251.4985697174899,250.21312249059565,252.82090890054815
707347.0,11.789116859436035,12445.0,12445.0,2.397315263748169,61.0,127.0,0.7488033688416427,0.36881513786828174,0.9877683520317078,251.8644110840929,250.73056945048106,253.0312900856899
707626.0,11.793766975402832,12982.0,12982.0,2.4473226070404053,61.0,127.0,0.7488033688416427,0.36881513786828174,0.9872405529022217,251.7291095201064,250.54634229374153,252.94633968639152
707906.0,11.798433303833008,11884.0,11884.0,2.195730447769165,60.0,127.0,0.7488210960573292,0.3743609189735865,0.9883197546005249,252.00576340562216,250.90651743572982,253.13655741053788
708185.0,11.803083419799805,12004.0,12004.0,2.4350953102111816,60.0,127.0,0.7488210960573292,0.3743609189735865,0.9882017970085144,251.97552491948568,250.8651777780682,253.11773869627416
708464.0,11.807733535766602,11197.0,11197.0,2.219372510910034,61.0,127.0,0.7488033688416427,0.36881513786828174,0.9889949560165405,252.17885161320385,251.15871294664626,253.2287146217894
708744.0,11.812399864196777,11488.0,11488.0,2.718676805496216,60.0,127.0,0.7488210960573292,0.3743609189735865,0.9887089133262634,252.105524434417,251.04290279443265,253.1986430019617
709023.0,11.817049980163574,12269.0,12269.0,2.337256669998169,60.0,127.0,0.7488210960573292,0.3743609189735865,0.987941324710846,251.90875271917426,250.77389212673853,253.0761834757929
709302.0,11.821700096130371,11224.0,11224.0,2.1851086616516113,60.0,127.0,0.7488210960573292,0.3743609189735865,0.9889684319496155,252.17205215985317,251.13385421912125,253.24004607518265
709582.0,11.826366424560547,10962.0,10962.0,2.324068784713745,60.0,127.0,0.7488210960573292,0.3743609189735865,0.9892259240150452,252.23806037617933,251.22409541219773,253.2811258354753
709861.0,11.831016540527344,9901.0,9901.0,2.3305211067199707,60.0,127.0,0.7488210960573292,0.3743609189735865,0.9902687072753906,252.5053783726207,251.58955135499227,253.44748935545695
710140.0,11.83566665649414,11146.0,11146.0,2.112173080444336,60.0,127.0,0.7488210960573292,0.3743609189735865,0.9890450835227966,252.19170182795395,251.16071768539356,253.25227491123272
710420.0,11.840332984924316,10673.0,10673.0,2.21112322807312,60.0,127.0,0.7488210960573292,0.3743609189735865,0.9895099401473999,252.31086804997432,251.32363228372765,253.3264371914463
710699.0,11.844983100891113,9680.0,9680.0,2.6369998455047607,61.0,127.0,0.7488033688416427,0.36881513786828174,0.9904859662055969,252.56107280158577,251.6791468626078,253.46869590224662
710978.0,11.84963321685791,9092.0,9092.0,2.353804588317871,61.0,127.0,0.7488033688416427,0.36881513786828174,0.9910638928413391,252.70922457622302,251.88087091814103,253.56171443094192
711258.0,11.854299545288086,9475.0,9475.0,2.3889975547790527,61.0,127.0,0.7488033688416427,0.36881513786828174,0.9906874299049377,252.6127181190645,251.74946733576192,253.50112191575633
711537.0,11.858949661254883,8943.0,8943.0,2.694944381713867,61.0,127.0,0.7488033688416427,0.36881513786828174,0.9912102818489075,252.74675146963364,251.93196768798316,253.58527605495965
711816.0,11.86359977722168,9807.0,9807.0,2.238516330718994,61.0,127.0,0.7488033688416427,0.36881513786828174,0.9903610944747925,252.52906187255678,251.63556065217648,253.44859752996769
712096.0,11.868267059326172,9423.0,9423.0,2.597203493118286,60.0,127.0,0.7488210960573292,0.3743609189735865,0.9907385110855103,252.62581280805657,251.75419975402667,253.52244089958356
712375.0,11.872916221618652,8463.0,8463.0,2.791663646697998,60.0,127.0,0.7488210960573292,0.3743609189735865,0.9916820526123047,252.86769013778888,252.0848752369897,253.6729715952857
712654.0,11.87756633758545,8513.0,8513.0,2.6825950145721436,60.0,127.0,0.7488210960573292,0.3743609189735865,0.9916329383850098,252.85509968171183,252.06766256497696,253.66513601137802
712934.0,11.882233619689941,8542.0,8542.0,2.5268046855926514,60.0,127.0,0.7488210960573292,0.3743609189735865,0.9916044473648071,252.84779599481277,252.05767754407637,253.66059061197527
713213.0,11.886883735656738,8693.0,8693.0,2.799373149871826,61.0,127.0,0.7488033688416427,0.36881513786828174,0.9914560317993164,252.80974958914985,252.01774618230698,253.6248300353444
713492.0,11.891532897949219,8414.0,8414.0,2.771662712097168,60.0,127.0,0.7488210960573292,0.3743609189735865,0.9917302131652832,252.88003611899063,252.1017536823614,253.68065503193304
713772.0,11.896200180053711,8385.0,8385.0,2.285092830657959,61.0,127.0,0.7488033688416427,0.36881513786828174,0.9917587637901306,252.88735508248553,252.12341413590156,253.67355539706506
714051.0,11.900850296020508,8789.0,8789.0,2.8105146884918213,60.0,127.0,0.7488210960573292,0.3743609189735865,0.991361677646637,252.78556185937376,251.9725959747707,253.62185962501414
714330.0,11.905500411987305,8217.0,8217.0,2.4495739936828613,60.0,127.0,0.7488210960573292,0.3743609189735865,0.9919238686561584,252.92967979835262,252.1696225796543,253.71155043498652
714610.0,11.91016674041748,8089.0,8089.0,2.7220730781555176,60.0,127.0,0.7488210960573292,0.3743609189735865,0.9920496940612793,252.96193520221016,252.21371960710437,253.73162436414808
714889.0,11.914816856384277,8305.0,8305.0,2.4807066917419434,60.0,127.0,0.7488210960573292,0.3743609189735865,0.9918373823165894,252.90750898310046,252.1393124011464,253.69775258031416
715168.0,11.919466972351074,7887.0,7887.0,2.9194040298461914,61.0,127.0,0.7488033688416427,0.36881513786828174,0.9922481775283813,253.01281653272753,252.2942429539691,253.75232758550538
715448.0,11.92413330078125,8071.0,8071.0,2.458233118057251,61.0,127.0,0.7488033688416427,0.36881513786828174,0.9920673370361328,252.96645798443447,252.23112096712012,253.72322092130761
715727.0,11.928783416748047,7088.0,7088.0,2.837204694747925,61.0,128.0,0.7511966311583573,0.36881513786828174,0.9930335283279419,253.2329578544341,252.56836797002785,253.87873147722252
716006.0,11.933433532714844,7967.0,7967.0,2.929426908493042,60.0,127.0,0.7488210960573292,0.3743609189735865,0.9921695590019226,252.9926626380972,252.2557277180481,253.75074737293244
716285.0,11.93808364868164,7610.0,7610.0,3.307793617248535,60.0,127.0,0.7488210960573292,0.3743609189735865,0.9925204515457153,253.08261411252133,252.3787022327798,253.80672805553502
716565.0,11.942749977111816,7606.0,7606.0,3.4809234142303467,61.0,127.0,0.7488033688416427,0.36881513786828174,0.9925243854522705,253.0836225685845,252.39065273876085,253.7967838418971
716844.0,11.947400093078613,7479.0,7479.0,2.7210769653320312,61.0,127.0,0.7488033688416427,0.36881513786828174,0.9926491975784302,253.11561821793373,252.43421814431846,253.81687262068093
717123.0,11.95205020904541,7136.0,7136.0,2.799501657485962,61.0,127.0,0.7488033688416427,0.36881513786828174,0.9929863214492798,253.20204008647215,252.55189051004618,253.8711334290865
717403.0,11.956716537475586,7239.0,7239.0,3.2558369636535645,60.0,127.0,0.7488210960573292,0.3743609189735865,0.9928851127624512,253.17609519295732,252.50650214464133,253.86490536420877
717682.0,11.961366653442383,7688.0,7688.0,2.8080804347991943,60.0,127.0,0.7488210960573292,0.3743609189735865,0.9924437999725342,253.06296444442052,252.3518387665075,253.79449921948492
717961.0,11.96601676940918,7612.0,7612.0,2.478703260421753,60.0,127.0,0.7488210960573292,0.3743609189735865,0.9925184845924377,253.08210988309105,252.37801289033268,253.80641425181057
718241.0,11.970683097839355,6752.0,6752.0,2.955911874771118,60.0,127.0,0.7488210960573292,0.3743609189735865,0.9933637380599976,253.29879102098957,252.67424214010518,253.94126427049358
718520.0,11.975333213806152,5870.0,5870.0,3.133728504180908,60.0,127.0,0.7488210960573292,0.3743609189735865,0.9942306280136108,253.52101868262108,252.97805415679588,254.07956613014565
718799.0,11.97998332977295,6512.0,6512.0,3.4809799194335938,60.0,127.0,0.7488210960573292,0.3743609189735865,0.9935996532440186,253.3592679932625,252.75692145542845,253.978901699021
719079.0,11.984649658203125,6528.0,6528.0,2.7756714820861816,60.0,127.0,0.7488210960573292,0.3743609189735865,0.9935839176177979,253.35523415782035,252.75140671585157,253.97639126922533
719358.0,11.989299774169922,6392.0,6392.0,2.774738311767578,60.0,127.0,0.7488210960573292,0.3743609189735865,0.9937175512313843,253.38949119971926,252.79824022392503,253.99771090408095
719637.0,11.993949890136719,6528.0,6528.0,2.696261167526245,60.0,127.0,0.7488210960573292,0.3743609189735865,0.9935839176177979,253.35523415782035,252.75140671585157,253.97639126922533
719917.0,11.998616218566895,5845.0,5845.0,4.0742082595825195,61.0,127.0,0.7488033688416427,0.36881513786828174,0.9942551851272583,253.52731390850988,252.99478466167474,254.075359753227
720196.0,12.003266334533691,7098.0,7098.0,3.8792052268981934,61.0,127.0,0.7488033688416427,0.36881513786828174,0.993023693561554,253.21162044566125,252.564935165865,253.87714855052752
720475.0,12.007916450500488,6427.0,6427.0,2.972280502319336,60.0,127.0,0.7488210960573292,0.3743609189735865,0.9936831593513489,253.3806748245294,252.78618717568312,253.9922240935048
720755.0,12.01258373260498,6051.0,6051.0,2.9805614948272705,60.0,127.0,0.7488210960573292,0.3743609189735865,0.9940527081489563,253.47540883870127,252.9156999990799,254.05118115688782
721034.0,12.017232894897461,5864.0,5864.0,3.341073989868164,60.0,127.0,0.7488210960573292,0.3743609189735865,0.9942365288734436,253.52253137091188,252.98012218413723,254.080507541319
721313.0,12.021883010864258,5641.0,5641.0,4.094383716583252,60.0,127.0,0.7488210960573292,0.3743609189735865,0.9944556951522827,253.57871475318768,253.05693164407754,254.11547288358665
721593.0,12.02655029296875,5776.0,5776.0,3.319617509841919,60.0,127.0,0.7488210960573292,0.3743609189735865,0.9943230152130127,253.54470218616405,253.01043236264508,254.0943053959914
721872.0,12.031200408935547,5955.0,5955.0,3.300978183746338,61.0,127.0,0.7488033688416427,0.36881513786828174,0.9941470623016357,253.49959656948434,252.95704462075713,254.0579571530771
722151.0,12.035849571228027,6195.0,6195.0,3.4141883850097656,60.0,127.0,0.7488210960573292,0.3743609189735865,0.9939112067222595,253.43913487908125,252.86610912121796,254.0286063071344
722431.0,12.04051685333252,5949.0,5949.0,4.1356892585754395,61.0,127.0,0.7488033688416427,0.36881513786828174,0.9941529631614685,253.50110925777733,252.95910430325486,254.05890690909408
722710.0,12.045166969299316,6038.0,6038.0,3.0996627807617188,61.0,127.0,0.7488033688416427,0.36881513786828174,0.994065523147583,253.47869396761718,252.92858355351606,254.04483325175127
722989.0,12.049817085266113,5671.0,5671.0,3.09216570854187,60.0,127.0,0.7488210960573292,0.3743609189735865,0.9944261908531189,253.57115131173362,253.04659150737083,254.1107658277198
723269.0,12.054483413696289,5739.0,5739.0,3.696772575378418,60.0,127.0,0.7488210960573292,0.3743609189735865,0.9943593740463257,253.55402279078416,253.02317475333413,254.10010601029197
723548.0,12.059133529663086,5812.0,5812.0,3.853762149810791,60.0,127.0,0.7488210960573292,0.3743609189735865,0.9942876100540161,253.53562605641918,252.99802419859705,254.08865692895117
723827.0,12.063783645629883,5270.0,5270.0,3.0453803539276123,61.0,127.0,0.7488033688416427,0.36881513786828174,0.9948203563690186,253.67219583168549,253.19205647423314,254.16632527396632
724107.0,12.068449974060059,5270.0,5270.0,3.3931517601013184,61.0,127.0,0.7488033688416427,0.36881513786828174,0.9948203563690186,253.67219583168549,253.19205647423314,254.16632527396632
724386.0,12.073100090026855,5306.0,5306.0,4.2107391357421875,61.0,127.0,0.7488033688416427,0.36881513786828174,0.994784951210022,253.66311970192737,253.1796983792469,254.1606267378643
724665.0,12.077750205993652,5233.0,5233.0,3.331648349761963,60.0,127.0,0.7488210960573292,0.3743609189735865,0.9948567152023315,253.68151643824382,253.1974739466281,254.179450806561
724944.0,12.08240032196045,5442.0,5442.0,4.4364519119262695,60.0,127.0,0.7488210960573292,0.3743609189735865,0.9946513175964355,253.62886266197992,253.12548988381755,254.14668209036458
725224.0,12.087066650390625,5055.0,5055.0,3.1506309509277344,60.0,127.0,0.7488210960573292,0.3743609189735865,0.9950316548347473,253.7263622981784,253.2587836460909,254.20736031963023
725503.0,12.091716766357422,5269.0,5269.0,3.399548053741455,60.0,127.0,0.7488210960573292,0.3743609189735865,0.994821310043335,253.67244030849898,253.18506578258007,254.17380233952076
725782.0,12.096366882324219,5367.0,5367.0,3.5738143920898438,61.0,127.0,0.7488033688416427,0.36881513786828174,0.9947249889373779,253.64774834412157,253.15876867629035,254.1509756817724
726062.0,12.101033210754395,5351.0,5351.0,3.8693833351135254,60.0,127.0,0.7488210960573292,0.3743609189735865,0.9947407245635986,253.6517821815376,253.15682363141354,254.16094589602176
726341.0,12.105683326721191,5147.0,5147.0,4.596975803375244,60.0,127.0,0.7488210960573292,0.3743609189735865,0.994941234588623,253.7031830240657,253.22709478268882,254.19293485750893
726620.0,12.110333442687988,4973.0,4973.0,3.1120896339416504,60.0,127.0,0.7488210960573292,0.3743609189735865,0.9951122403144836,253.74702042513974,253.28702579725743,254.22021676312923
726900.0,12.114999771118164,5496.0,5496.0,3.5220680236816406,61.0,127.0,0.7488033688416427,0.36881513786828174,0.9945982098579407,253.6152484653413,253.1145167099002,254.13057031764956
727179.0,12.119649887084961,5286.0,5286.0,3.3729188442230225,60.0,127.0,0.7488210960573292,0.3743609189735865,0.9948046207427979,253.66816199818155,253.17921681636213,254.17113976246478
727458.0,12.124300003051758,4766.0,4766.0,3.6502156257629395,60.0,127.0,0.7488210960573292,0.3743609189735865,0.9953157305717468,253.79918525165306,253.3583414067859,254.25268118480497
727738.0,12.128966331481934,4933.0,4933.0,4.119075298309326,60.0,127.0,0.7488210960573292,0.3743609189735865,0.9951515793800354,253.75710501374513,253.30081264619963,254.22649283761842
728017.0,12.13361644744873,4480.0,4480.0,3.3859901428222656,60.0,127.0,0.7488210960573292,0.3743609189735865,0.9955968260765076,253.87124422114252,253.45685470922768,254.29752658979118
728296.0,12.138266563415527,4856.0,4856.0,3.772573947906494,61.0,127.0,0.7488033688416427,0.36881513786828174,0.9952272176742554,253.77649492550498,253.3340705422065,254.23181047166375
728576.0,12.142932891845703,5060.0,5060.0,3.425877094268799,61.0,127.0,0.7488033688416427,0.36881513786828174,0.9950267672538757,253.7251093625816,253.2641037519055,254.19954754757111
728855.0,12.1475830078125,5278.0,5278.0,5.14442777633667,61.0,126.0,0.7464106475381946,0.3688985236115739,0.9948124885559082,253.65616599469223,253.18919992695598,254.1651692365572
729134.0,12.152233123779297,5328.0,5328.0,3.5484161376953125,61.0,126.0,0.7464106475381946,0.3688985236115739,0.9947633147239685,253.6434274266439,253.17203486054063,254.1572556486833
729414.0,12.156900405883789,4849.0,4849.0,3.7410454750061035,61.0,127.0,0.7488033688416427,0.36881513786828174,0.9952341318130493,253.77826736835337,253.33648390755735,254.2329233170978
729693.0,12.16154956817627,4831.0,4831.0,4.439820289611816,61.0,127.0,0.7488033688416427,0.36881513786828174,0.9952518343925476,253.78280543323243,253.34266295505046,254.23577258514882
729972.0,12.166199684143066,4767.0,4767.0,3.8410346508026123,61.0,127.0,0.7488033688416427,0.36881513786828174,0.9953147172927856,253.79892549534486,253.36461209681897,254.2458937225017
730252.0,12.170866966247559,4793.0,4793.0,5.119363784790039,21.0,37.0,0.6378979793975523,0.7750928557437426,0.995289146900177,252.8676385711017,253.18907475783945,254.72982634798856
730531.0,12.175517082214355,4641.0,4641.0,4.2317399978637695,60.0,127.0,0.7488210960573292,0.3743609189735865,0.9954385757446289,253.83067667152537,253.40139397598278,254.27227965377796
730810.0,12.180166244506836,4534.0,4534.0,4.685857772827148,60.0,127.0,0.7488210960573292,0.3743609189735865,0.9955437183380127,253.85763002652521,253.43824246315566,254.28905388923081
731090.0,12.184833526611328,4304.0,4304.0,3.811190605163574,60.0,127.0,0.7488210960573292,0.3743609189735865,0.9957697987556458,253.9155858516468,253.51747506624338,254.32512229913596
731369.0,12.189483642578125,4223.0,4223.0,3.9038567543029785,60.0,127.0,0.7488210960573292,0.3743609189735865,0.9958493709564209,253.93598422405316,253.54536210160379,254.33781708617087
731648.0,12.194133758544922,4102.0,4102.0,3.8966593742370605,60.0,127.0,0.7488210960573292,0.3743609189735865,0.9959683418273926,253.9664824647446,253.58705687507154,254.35679745689868
731928.0,12.198800086975098,4320.0,4320.0,4.684382915496826,61.0,127.0,0.7488033688416427,0.36881513786828174,0.995754063129425,253.91155201461584,253.5179648209666,254.31660737504018
732207.0,12.203450202941895,4350.0,4350.0,4.361508846282959,61.0,127.0,0.7488033688416427,0.36881513786828174,0.9957245588302612,253.90398857315074,253.50766640847803,254.3118585949552
732486.0,12.208100318908691,4301.0,4301.0,4.423666954040527,60.0,127.0,0.7488210960573292,0.3743609189735865,0.9957727193832397,253.91633455595235,253.51849863533153,254.32558825012075
732766.0,12.212766647338867,3949.0,3949.0,4.969264984130859,60.0,127.0,0.7488210960573292,0.3743609189735865,0.9961187243461609,254.00503309664066,253.639760238528,254.38078917801406
733045.0,12.217416763305664,4168.0,4168.0,4.276355743408203,61.0,126.0,0.7464106475381946,0.3688985236115739,0.9959034323692322,253.93877691710176,253.5700147276836,254.3407357806248
733324.0,12.222066879272461,4834.0,4834.0,4.181048393249512,60.0,127.0,0.7488210960573292,0.3743609189735865,0.9952488541603088,253.7820414510239,253.33490376358407,254.24201185817344
733603.0,12.226716995239258,4018.0,4018.0,4.574258327484131,61.0,126.0,0.7464106475381946,0.3688985236115739,0.9960508942604065,253.9769771805581,253.62148912078854,254.36446695201877
733883.0,12.231383323669434,3964.0,3964.0,5.00715970993042,61.0,126.0,0.7464106475381946,0.3688985236115739,0.9961039423942566,253.9907193933617,253.64000658637602,254.37300403469484
734162.0,12.23603343963623,4120.0,4120.0,5.869833946228027,61.0,126.0,0.7464106475381946,0.3688985236115739,0.9959506392478943,253.9510059424281,253.58649319144234,254.34833282498374
734441.0,12.240683555603027,4351.0,4351.0,5.2017927169799805,61.0,127.0,0.7488033688416427,0.36881513786828174,0.9957236051559448,253.9037440982751,253.5073335304986,254.31170509903325
734721.0,12.245349884033203,4500.0,4500.0,6.39039945602417,61.0,127.0,0.7488033688416427,0.36881513786828174,0.9955771565437317,253.86620192518478,253.45621595578274,254.28813388152042
735000.0,12.25,3997.0,3997.0,5.170858860015869,61.0,127.0,0.7488033688416427,0.36881513786828174,0.9960715174674988,253.99293158884416,253.6287715783686,254.36770233005578
735279.0,12.254650115966797,4204.0,4204.0,4.7834014892578125,60.0,127.0,0.7488210960573292,0.3743609189735865,0.9958680868148804,253.94078204348057,253.5519212994339,254.3408029761551
735559.0,12.259316444396973,4097.0,4097.0,4.505304336547852,61.0,126.0,0.7464106475381946,0.3688985236115739,0.9959732294082642,253.95685796338608,253.59437871892285,254.35196827929187
735838.0,12.26396656036377,4247.0,4247.0,3.6737051010131836,60.0,127.0,0.7488210960573292,0.3743609189735865,0.9958258271217346,253.92994875056965,253.53711088140355,254.3340609506811
736117.0,12.268616676330566,4159.0,4159.0,4.283371925354004,61.0,127.0,0.7488033688416427,0.36881513786828174,0.9959123134613037,253.95211956429216,253.57320176067788,254.34207810458702
736397.0,12.273283004760742,4115.0,4115.0,4.068666458129883,61.0,126.0,0.7464106475381946,0.3688985236115739,0.9959555268287659,253.95227207888868,253.5881992950133,254.34911938765728
736676.0,12.277933120727539,3928.0,3928.0,6.454757213592529,61.0,127.0,0.7488033688416427,0.36881513786828174,0.9961393475532532,254.01031986437397,253.6524475246554,254.37861972750372
736955.0,12.282583236694336,3895.0,3895.0,5.055638790130615,60.0,127.0,0.7488210960573292,0.3743609189735865,0.996171772480011,254.01863201157823,253.65835159543497,254.38925236937064
737235.0,12.287249565124512,3629.0,3629.0,5.171652317047119,60.0,127.0,0.7488210960573292,0.3743609189735865,0.9964331984519958,254.08564868676498,253.74997147340562,254.43095973711226
737514.0,12.291899681091309,3394.0,3394.0,5.401451587677002,60.0,127.0,0.7488210960573292,0.3743609189735865,0.9966641664505005,254.14485744562236,253.8309169880286,254.46780790172664
737793.0,12.296549797058105,3278.0,3278.0,6.508138179779053,60.0,127.0,0.7488210960573292,0.3743609189735865,0.9967781901359558,254.17408747289826,253.870877960796,254.48599900854146
738073.0,12.301217079162598,3290.0,3290.0,4.566377639770508,60.0,127.0,0.7488210960573292,0.3743609189735865,0.9967663884162903,254.1710620963167,253.86674190611333,254.4841161861947
738352.0,12.305866241455078,3161.0,3161.0,5.030953884124756,60.0,127.0,0.7488210960573292,0.3743609189735865,0.9968931674957275,254.2035619750495,253.91117316020444,254.5043422626166
738631.0,12.310516357421875,4324.0,4324.0,5.1278581619262695,60.0,127.0,0.7488210960573292,0.3743609189735865,0.9957501292228699,253.91054355734408,253.51058164177226,254.32198426189137
738911.0,12.315183639526367,3821.0,3821.0,4.812638759613037,60.0,127.0,0.7488210960573292,0.3743609189735865,0.996244490146637,254.0372732208185,253.68383637681302,254.40085359797183
739190.0,12.319833755493164,3549.0,3549.0,4.805042743682861,60.0,127.0,0.7488210960573292,0.3743609189735865,0.9965118169784546,254.10580258429604,253.777524282125,254.44350237688684
739469.0,12.324482917785645,3829.0,3829.0,6.651632785797119,60.0,127.0,0.7488210960573292,0.3743609189735865,0.9962366223335266,254.03525630309744,253.68107900702458,254.399598383074
739749.0,12.329150199890137,4224.0,4224.0,4.377722263336182,60.0,127.0,0.7488210960573292,0.3743609189735865,0.9958484172821045,253.93573974917786,253.54502787496278,254.3376649389105
740028.0,12.333800315856934,3851.0,3851.0,6.799867630004883,180.0,4.0,0.43602665617496494,0.7442409931612047,0.9962150454521179,253.31652241568466,254.75315076489548,254.20171524889832
740307.0,12.33845043182373,3354.0,3354.0,4.7721476554870605,61.0,126.0,0.7464106475381946,0.3688985236115739,0.9967035055160522,254.1460372794196,253.84929555979673,254.46949225338992
740587.0,12.343116760253906,3619.0,3619.0,5.110912322998047,21.0,37.0,0.6378979793975523,0.7750928557437426,0.9964430332183838,253.389943687848,253.6326466154087,254.79600325352774
740866.0,12.347766876220703,3748.0,3748.0,6.599505424499512,61.0,126.0,0.7464106475381946,0.3688985236115739,0.9963162541389465,254.04571912595324,253.71411806100815,254.40717154985458
741145.0,12.3524169921875,3744.0,3744.0,5.013676166534424,61.0,127.0,0.7488033688416427,0.36881513786828174,0.9963201880455017,254.05667841266703,253.71556951150436,254.40772639170152
741425.0,12.357083320617676,3217.0,3217.0,4.384208679199219,61.0,127.0,0.7488033688416427,0.36881513786828174,0.9968381524085999,254.1894588294985,253.89636386408105,254.49109386430487
741704.0,12.361733436584473,3554.0,3554.0,5.682751655578613,21.0,36.0,0.637034205508857,0.7786955643940194,0.996506929397583,253.41565715740828,253.66229755675363,254.80287683535906
741983.0,12.36638355255127,3580.0,3580.0,7.247939109802246,155.0,174.0,0.08499994081446928,0.299608869724142,0.9964813590049744,254.3715716393971,254.10812285720436,253.83392145313982
742262.0,12.371033668518066,3521.0,3521.0,6.5553669929504395,60.0,127.0,0.7488210960573292,0.3743609189735865,0.9965393543243408,254.1128617963198,253.78717507638459,254.44789562902923
742542.0,12.375699996948242,3387.0,3387.0,5.41011905670166,74.0,142.0,0.7921235024992733,0.3074119623100551,0.9966710805892944,254.28303318897665,253.89017138992372,254.41207971061644
742821.0,12.380350112915039,3356.0,3356.0,6.71837043762207,60.0,127.0,0.7488210960573292,0.3743609189735865,0.9967015385627747,254.15443780479748,253.84401449452372,254.47377017249136
743100.0,12.385000228881836,3329.0,3329.0,4.731877326965332,61.0,126.0,0.7464106475381946,0.3688985236115739,0.9967280626296997,254.15239884309946,253.85786768993384,254.473444251213
743380.0,12.389666557312012,3098.0,3098.0,4.4147629737854,60.0,127.0,0.7488210960573292,0.3743609189735865,0.9969550967216492,254.21943756226312,253.93287700270594,254.51422232533514
743659.0,12.394316673278809,3181.0,3181.0,4.10988187789917,60.0,127.0,0.7488210960573292,0.3743609189735865,0.9968735575675964,254.19853496042649,253.90430062489838,254.5012137345758
743938.0,12.398966789245605,3245.0,3245.0,6.539604663848877,61.0,127.0,0.7488033688416427,0.36881513786828174,0.9968106150627136,254.1823996174644,253.8867520124251,254.48666166955886
744218.0,12.403633117675781,3785.0,3785.0,6.66774845123291,60.0,127.0,0.7488210960573292,0.3743609189735865,0.9962798953056335,254.04634935056336,253.69624454086102,254.4065020650121
744497.0,12.408283233642578,3525.0,3525.0,6.184053897857666,60.0,125.0,0.7441080655648293,0.374607317147898,0.9965354204177856,254.0931327306656,253.78557870663897,254.4474857064317
744776.0,12.412933349609375,4112.0,4112.0,4.875641822814941,60.0,127.0,0.7488210960573292,0.3743609189735865,0.9959585070610046,253.96396131759326,253.58361016283598,254.35522843827638
745056.0,12.41759967803955,3155.0,3155.0,5.75490665435791,71.0,138.0,0.7792438503332321,0.31871039644358995,0.9968990683555603,254.29770154862973,253.95724614646315,254.4612787148726
745335.0,12.422249794006348,3212.0,3212.0,5.282561302185059,60.0,127.0,0.7488210960573292,0.3743609189735865,0.9968430399894714,254.19071176441747,253.89360537238565,254.49634502224478
745614.0,12.426899909973145,3559.0,3559.0,6.974437236785889,74.0,142.0,0.7921235024992733,0.3074119623100551,0.9965020418167114,254.2466264230668,253.83381554501457,254.38222578150825
745894.0,12.43156623840332,3506.0,3506.0,6.505105018615723,60.0,127.0,0.7488210960573292,0.3743609189735865,0.9965540766716003,254.11663587720696,253.7923347001554,254.45024440236077
746173.0,12.436216354370117,2860.0,2860.0,5.3753862380981445,28.0,37.0,0.6325332874095693,0.7459334841549511,0.9971890449523926,253.74852616228156,253.9675315080529,254.81788676343865
746452.0,12.440866470336914,2948.0,2948.0,5.012638568878174,61.0,127.0,0.7488033688416427,0.36881513786828174,0.9971025586128235,254.25723948876941,253.9886542838774,254.53365060866258
746732.0,12.445533752441406,3429.0,3429.0,5.0953369140625,29.0,36.0,0.6308609523559257,0.7456035436929943,0.9966297745704651,253.49981524952574,253.77513710217974,254.78136978141146
747011.0,12.450182914733887,3524.0,3524.0,5.751977920532227,60.0,127.0,0.7488210960573292,0.3743609189735865,0.9965364336967468,254.11211309201425,253.78615150729647,254.44742967804441
747290.0,12.454833030700684,3375.0,3375.0,4.6910858154296875,61.0,127.0,0.7488033688416427,0.36881513786828174,0.99668288230896,254.1496552638085,253.84216716805548,254.4661028095141
747570.0,12.459500312805176,3018.0,3018.0,5.996520042419434,28.0,36.0,0.6316622814835903,0.7496763366716832,0.9970337152481079,253.67654024925503,253.9147340874327,254.81065452728
747849.0,12.464150428771973,2859.0,2859.0,6.143744945526123,31.0,37.0,0.630104824417744,0.7337107134257825,0.997189998626709,253.75770898116798,253.9883735498571,254.8091903184536
748128.0,12.468799591064453,3343.0,3343.0,7.877497673034668,60.0,127.0,0.7488210960573292,0.3743609189735865,0.9967142939567566,254.1577076562544,253.84848477584742,254.47580514209844
748408.0,12.473466873168945,3327.0,3327.0,6.012711524963379,79.0,144.0,0.8021906166171345,0.28411757939890125,0.9967300295829773,254.31453085323633,253.92924824336365,254.40306684395478
748687.0,12.478116989135742,3222.0,3222.0,3.4266159534454346,60.0,127.0,0.7488210960573292,0.3743609189735865,0.9968332052230835,254.18819061726612,253.8901586601501,254.4947760036225
748966.0,12.482767105102539,3125.0,3125.0,5.306188106536865,60.0,127.0,0.7488210960573292,0.3743609189735865,0.9969285726547241,254.21263810479434,253.92358132425247,254.50999072965683
749246.0,12.487433433532715,3367.0,3367.0,5.751307964324951,79.0,144.0,0.8021906166171345,0.28411757939890125,0.9966907501220703,254.3062968770471,253.91638618456736,254.3958963776885
749525.0,12.492083549499512,2935.0,2935.0,6.661269664764404,60.0,127.0,0.7488210960573292,0.3743609189735865,0.9971153140068054,254.26050934131055,253.98902707839795,254.5397830650728
749804.0,12.496733665466309,2711.0,2711.0,5.607527256011963,60.0,127.0,0.7488210960573292,0.3743609189735865,0.9973354935646057,254.3169524781413,254.06619165414435,254.57491006380457
750084.0,12.501399993896484,2960.0,2960.0,6.612010955810547,61.0,126.0,0.7464106475381946,0.3688985236115739,0.997090756893158,254.24635543288596,253.9844730585853,254.53181295692525
750363.0,12.506050109863281,3050.0,3050.0,6.107626914978027,80.0,143.0,0.8002008948582208,0.27710260120673746,0.9970023036003113,254.3631904912963,254.02376670323403,254.44740813292472
750642.0,12.510700225830078,3087.0,3087.0,4.71204948425293,60.0,127.0,0.7488210960573292,0.3743609189735865,0.9969659447669983,254.22221846396945,253.9366788307476,254.51595300042152
750921.0,12.515350341796875,3148.0,3148.0,6.3427348136901855,155.0,175.0,0.08352384117184013,0.3043955822796083,0.9969059824943542,254.45118587741499,254.21157456519066,253.97086519470568
751201.0,12.52001667022705,2846.0,2846.0,7.509705066680908,61.0,126.0,0.7464106475381946,0.3688985236115739,0.9972028136253357,254.27538392734755,254.0235886038712,254.54984634505
751480.0,12.524666786193848,2914.0,2914.0,5.580147743225098,74.0,143.0,0.7948814996238553,0.3089091073460075,0.9971359372138977,254.39117119506716,254.04405654449127,254.49527143459656
751759.0,12.529316902160645,2898.0,2898.0,7.540389060974121,74.0,144.0,0.7976120814021048,0.31049810536184413,0.9971516728401184,254.4025274632792,254.04815452664877,254.49919862181162
752039.0,12.53398323059082,3393.0,3393.0,6.612635135650635,61.0,126.0,0.7464106475381946,0.3688985236115739,0.9966651797294617,254.13610891668623,253.8359172110633,254.46332445096215
752318.0,12.538633346557617,3052.0,3052.0,6.132871150970459,60.0,126.0,0.7464638054998425,0.3744430697138717,0.9970003366470337,254.22293193865752,253.9486690407254,254.52150264926178
752597.0,12.543283462524414,2574.0,2574.0,6.257318019866943,61.0,125.0,0.7440195478080542,0.36906523857821855,0.9974701404571533,254.3377992422014,254.11679659655783,254.59297503659036
752877.0,12.54794979095459,2794.0,2794.0,5.041654586791992,73.0,141.0,0.7886458185458889,0.31138835342910304,0.9972538948059082,254.40086466813275,254.08169135595008,254.5177949950631
753156.0,12.552599906921387,3074.0,3074.0,5.075808525085449,60.0,127.0,0.7488210960573292,0.3743609189735865,0.9969787001609802,254.22548831542636,253.9411491120713,254.51798797002863
753435.0,12.557250022888184,3139.0,3139.0,5.320551872253418,61.0,126.0,0.7464106475381946,0.3688985236115739,0.996914803981781,254.2007745203059,253.92305333003,254.5034967006783
753715.0,12.56191635131836,2943.0,2943.0,8.06325626373291,73.0,141.0,0.7886458185458889,0.31138835342910304,0.9971074461936951,254.36891303784978,254.03271834981987,254.4920792089646
753994.0,12.566566467285156,2997.0,2997.0,6.729096412658691,28.0,35.0,0.6307999550908981,0.7534414187907404,0.997054398059845,253.6829401864898,253.9265173310743,254.81480282403115
754273.0,12.571216583251953,3364.0,3364.0,7.380590915679932,80.0,143.0,0.8002008948582208,0.27710260120673746,0.9966936707496643,254.29762670237804,253.92325697005734,254.39051511227146
754553.0,12.575882911682129,2732.0,2732.0,8.54683780670166,49.0,47.0,0.6229981566041176,0.6235787377209387,0.9973148107528687,253.88829787705816,254.11204424737096,254.74225560690485
754832.0,12.580533027648926,3378.0,3378.0,4.773974418640137,74.0,141.0,0.7893393557092021,0.3060080184297946,0.9966799020767212,254.27567669440867,253.89430100000757,254.41244905912023
755111.0,12.585183143615723,2933.0,2933.0,5.116805553436279,73.0,142.0,0.7913852650955564,0.3127681471622025,0.997117280960083,254.3790871609569,254.0349928581306,254.49482043151173
755391.0,12.589850425720215,3036.0,3036.0,5.614025592803955,155.0,176.0,0.08209356564529845,0.3092076664756307,0.9970160722732544,254.4743750286562,254.23559816977794,254.00382183070354
755670.0,12.594499588012695,2792.0,2792.0,6.987682342529297,155.0,174.0,0.08499994081446928,0.299608869724142,0.9972558617591858,254.5098976285502,254.30443765729052,254.09059186863456
755949.0,12.599149703979492,2984.0,2984.0,6.889752388000488,156.0,174.0,0.08751185199778944,0.3024696501689986,0.9970671534538269,254.478333883275,254.26346679080316,254.0259143781767
756229.0,12.603816986083984,3032.0,3032.0,7.496417999267578,30.0,37.0,0.6309232456570945,0.7377657804409854,0.9970200061798096,253.6794745219036,253.91993926772696,254.8007286297993
756508.0,12.608467102050781,2197.0,2197.0,5.296795845031738,79.0,144.0,0.8021906166171345,0.28411757939890125,0.9978406429290771,254.5473437186899,254.2929185643823,254.60580932944706
756787.0,12.613116264343262,2866.0,2866.0,5.519136905670166,78.0,142.0,0.7953523708626806,0.2860595486248923,0.9971831440925598,254.3935276694861,254.0762256685997,254.4871778186058
757067.0,12.617783546447754,2582.0,2582.0,6.445633888244629,155.0,174.0,0.08499994081446928,0.299608869724142,0.997462272644043,254.5467625585515,254.35675704721652,254.1589964899104
757346.0,12.62243366241455,2573.0,2573.0,4.8064422607421875,61.0,126.0,0.7464106475381946,0.3688985236115739,0.9974710941314697,254.3448824664813,254.11723704500517,254.5930209620444
757625.0,12.627083778381348,2402.0,2402.0,8.729925155639648,161.0,166.0,0.1139652890534704,0.28303295020809616,0.9976391792297363,254.56837917080043,254.46062268737916,254.2276022363651
757905.0,12.631750106811523,2253.0,2253.0,7.915075302124023,162.0,166.0,0.11628789342129836,0.2867039486499488,0.9977856278419495,254.59722675627796,254.4993559195915,254.27344344311626
758184.0,12.63640022277832,2968.0,2968.0,3.65755295753479,74.0,143.0,0.7948814996238553,0.3089091073460075,0.9970828890800476,254.37989447582322,254.02635057218262,254.48592285864166
758463.0,12.641050338745117,2354.0,2354.0,4.930450439453125,73.0,142.0,0.7913852650955564,0.3127681471622025,0.9976863265037537,254.5016546672497,254.22548419845458,254.5945423184598
758743.0,12.645716667175293,2842.0,2842.0,5.909695625305176,73.0,142.0,0.7913852650955564,0.3127681471622025,0.9972067475318909,254.39835748953607,254.06494231888541,254.51049892237893
759022.0,12.65036678314209,2572.0,2572.0,5.3478922843933105,73.0,142.0,0.7913852650955564,0.3127681471622025,0.9974721074104309,254.45551372060507,254.1537730978864,254.55700168143338
759301.0,12.655016899108887,2709.0,2709.0,7.114449501037598,80.0,143.0,0.8002008948582208,0.27710260120673746,0.9973374605178833,254.43438886616838,254.13291429490113,254.50919056921936
759580.0,12.659667015075684,2629.0,2629.0,6.137847423553467,73.0,141.0,0.7886458185458889,0.31138835342910304,0.997416079044342,254.43624944061955,254.135926418905,254.54627389370944
759860.0,12.66433334350586,2716.0,2716.0,5.426663398742676,74.0,140.0,0.786530413002624,0.30469856402244416,0.9973305463790894,254.41021128809874,254.11187776198872,254.52670089134685
760139.0,12.668983459472656,3131.0,3131.0,5.4774603843688965,76.0,140.0,0.7878969854888612,0.29390842231453695,0.9969226717948914,254.32016595950478,253.98464587488186,254.44591674051273
760418.0,12.673633575439453,2799.0,2799.0,7.570651054382324,157.0,162.0,0.11259122482947426,0.2517451583639848,0.9972490072250366,254.47509686589112,254.36050017429608,254.12189681887756
760698.0,12.678299903869629,2840.0,2840.0,5.6663818359375,61.0,126.0,0.7464106475381946,0.3688985236115739,0.9972087144851685,254.27691255551335,254.02564841184105,254.55079597559487
760977.0,12.682950019836426,2432.0,2432.0,6.020355701446533,74.0,143.0,0.7948814996238553,0.3089091073460075,0.9976096749305725,254.4918760990568,254.20217684551275,254.57875736907923
761256.0,12.687600135803223,2866.0,2866.0,7.322318077087402,61.0,125.0,0.7440195478080542,0.36906523857821855,0.9971831440925598,254.26267680678532,254.01660282623521,254.5468006609703
761536.0,12.692266464233398,2965.0,2965.0,6.195801734924316,156.0,175.0,0.08601043481131534,0.3072117917126884,0.9970858097076416,254.48517624883095,254.26421549475145,254.02858670206626
761815.0,12.696916580200195,2963.0,2963.0,6.139700412750244,72.0,141.0,0.7879758531449884,0.3167744004196767,0.9970877766609192,254.3645852543005,254.0221410089924,254.49262508807638
762094.0,12.701566696166992,3187.0,3187.0,6.850764274597168,71.0,138.0,0.7792438503332321,0.31871039644358995,0.9968676567077637,254.2905874441824,253.94668331550088,254.4558216054586
762374.0,12.706233024597168,2568.0,2568.0,3.9823286533355713,73.0,140.0,0.785882813455372,0.31010161919167395,0.9974760413169861,254.4423303062149,254.15680619886572,254.55597487279718
762653.0,12.710883140563965,3055.0,3055.0,5.269496917724609,73.0,141.0,0.7886458185458889,0.31138835342910304,0.9969973564147949,254.3448940467498,253.99590388408018,254.47274788746523
762932.0,12.715533256530762,2387.0,2387.0,5.323554039001465,73.0,142.0,0.7913852650955564,0.3127681471622025,0.9976539015769958,254.4946706174515,254.21462976364404,254.58886004062384
763212.0,12.720199584960938,2252.0,2252.0,5.587527751922607,71.0,138.0,0.7792438503332321,0.31871039644358995,0.9977865815162659,254.49870537257792,254.25569121862392,254.61546535467167
763491.0,12.724849700927734,2709.0,2709.0,5.373610973358154,73.0,141.0,0.7886458185458889,0.31138835342910304,0.9973374605178833,254.41909673392715,254.10963606681477,254.5324687973057
763770.0,12.729499816894531,2664.0,2664.0,7.230623722076416,80.0,143.0,0.8002008948582208,0.27710260120673746,0.9973816871643066,254.44378406342165,254.1473171960246,254.51734325777178
764050.0,12.734167098999023,2556.0,2556.0,7.108929634094238,155.0,174.0,0.08499994081446928,0.299608869724142,0.9974878430366516,254.5513294239776,254.36323842702544,254.16747052471473
764329.0,12.738816261291504,2526.0,2526.0,8.438694953918457,79.0,144.0,0.8021906166171345,0.28411757939890125,0.9975172877311707,254.47956022729903,254.18703591040676,254.54678083249027
764608.0,12.7434663772583,2946.0,2946.0,6.648839950561523,79.0,142.0,0.7962362172629888,0.2807415894760069,0.9971045255661011,254.37666259142037,254.05436959516646,254.46893844354508
764888.0,12.748133659362793,5203.0,5203.0,4.518726825714111,209.0,87.0,0.32340076552588587,0.5047258402135912,0.9948862195014954,253.1162641646415,254.3541555483691,253.03781639739353
765167.0,12.75278377532959,10131.0,10131.0,2.6725449562072754,212.0,90.0,0.3164750696335244,0.5127066682258132,0.9900426864624023,251.42242121493106,253.76270621523966,251.15906388058553
765446.0,12.75743293762207,23497.0,23497.0,1.893334150314331,210.0,87.0,0.3226301145432803,0.5096983299396346,0.9769058227539062,246.49488769355267,252.11260601353038,246.1093635909618
765726.0,12.762100219726562,49191.0,49191.0,1.3410701751708984,211.0,88.0,0.3203240901487749,0.5122865643653165,0.9516522884368896,237.34149029943276,248.9871437295626,236.35552337325112
766005.0,12.76675033569336,97792.0,97792.0,1.2338197231292725,212.0,88.0,0.31959445038444184,0.5173052941901474,0.9038844704627991,219.90198923184573,243.16941340030203,217.8116665357255
766284.0,12.771400451660156,176024.0,176024.0,1.2589349746704102,212.0,88.0,0.31959445038444184,0.5173052941901474,0.8269935846328735,191.8241421677339,233.70513340394263,188.06159475882288
766564.0,12.776066780090332,272674.0,272674.0,1.206878662109375,213.0,89.0,0.31733798813459335,0.5200331223000315,0.732000470161438,157.94262177298418,222.1991211217731,151.12111866056028
766843.0,12.780716896057129,334572.0,334572.0,1.242088794708252,212.0,88.0,0.31959445038444184,0.5173052941901474,0.6711635589599609,134.92049771605576,214.52445966231792,127.76895540726215
767122.0,12.785367012023926,342342.0,342342.0,1.3104726076126099,212.0,88.0,0.31959445038444184,0.5173052941901474,0.6635267734527588,132.13181225329583,213.58446949921628,124.81418496169069
767402.0,12.790033340454102,289297.0,289297.0,1.3834837675094604,212.0,89.0,0.31804172367788025,0.5149812522016552,0.71566241979599,152.00637477924485,219.8331904388471,145.15464365710778
767681.0,12.794683456420898,211387.0,211387.0,1.4168263673782349,212.0,89.0,0.31804172367788025,0.5149812522016552,0.7922368049621582,179.7433820424264,229.30389360256146,174.73687692813922
767960.0,12.799333572387695,137949.0,137949.0,1.5217454433441162,211.0,88.0,0.3203240901487749,0.5122865643653165,0.8644158840179443,205.47928123367967,238.13782026910954,202.71428058004207
768239.0,12.803983688354492,82165.0,82165.0,1.5920789241790771,211.0,89.0,0.3187593886789217,0.5099396501069999,0.919243574142456,225.74249572200205,244.90824181047668,223.9059810021759
768519.0,12.808650016784668,47570.0,47570.0,1.567788004875183,212.0,88.0,0.31959445038444184,0.5173052941901474,0.9532455205917358,237.92690858977613,249.24512438076744,236.91009112101784
768798.0,12.813300132751465,29384.0,29384.0,1.753955602645874,210.0,89.0,0.3194913707725001,0.5049086235996701,0.9711197018623352,244.53477388052153,251.35391142826376,243.9171365215272
769077.0,12.817950248718262,18689.0,18689.0,2.45770263671875,209.0,89.0,0.32023807079083877,0.4998884919873395,0.9816313982009888,248.3424787829101,252.65748096782414,247.97453211468013
769357.0,12.822616577148438,14345.0,14345.0,2.7088990211486816,208.0,89.0,0.32099990325506617,0.4948795868283906,0.9859009385108948,249.88884499184337,253.18396043999925,249.62551820055708
769636.0,12.827266693115234,12204.0,12204.0,3.3312339782714844,210.0,91.0,0.3162937781100911,0.5003190062703705,0.9880052208900452,250.72393089151942,253.4716413979665,250.41102125595654
769915.0,12.831916809082031,9466.0,9466.0,3.4708364009857178,209.0,91.0,0.31701486992652766,0.49525235413012836,0.9906962513923645,251.68266309434512,253.80250847209538,251.4525797380105
770195.0,12.836583137512207,8673.0,8673.0,3.6525728702545166,208.0,89.0,0.32099990325506617,0.4948795868283906,0.9914757013320923,251.90979347375946,253.9020216973914,251.75058598197566
770474.0,12.841233253479004,7396.0,7396.0,5.0771708488464355,207.0,88.0,0.32339091560987593,0.4923247897247001,0.9927307963371277,252.34263769689298,254.0589494029889,252.23375672894622
770753.0,12.8458833694458,7323.0,7323.0,5.298051834106445,213.0,92.0,0.31263459317776704,0.5134260465414712,0.9928025603294373,252.45639467359365,254.10696789780232,252.22233787021068
771033.0,12.850549697875977,6339.0,6339.0,6.398959159851074,207.0,89.0,0.32177729688338536,0.4898822524847171,0.993769645690918,252.7408921123251,254.18955535187536,252.6329639504928
771312.0,12.855199813842773,6529.0,6529.0,4.730520725250244,208.0,86.0,0.32575658484895076,0.5022823724752307,0.9935829043388367,252.616455399311,254.18555508484124,252.54172612796546
771591.0,12.85984992980957,5740.0,5740.0,5.456294536590576,212.0,92.0,0.3133004703154272,0.5083085156647195,0.9943584203720093,253.00593248649616,254.29265125137294,252.8301431383518
771871.0,12.864516258239746,5796.0,5796.0,7.826365947723389,206.0,87.0,0.3258063207670479,0.4898822524847171,0.9943033456802368,252.90000424292143,254.2589790601574,252.83572723676338
772150.0,12.869166374206543,5468.0,5468.0,8.875266075134277,208.0,88.0,0.3226011456788219,0.49729757966172394,0.9946257472038269,253.0358213957898,254.3110792785228,252.9480517954289
772429.0,12.87381649017334,5290.0,5290.0,7.700127124786377,214.0,93.0,0.31040079194162595,0.5164722259416915,0.9948006868362427,253.17786059282471,254.35892685822054,252.98942342826322
772709.0,12.878483772277832,5012.0,5012.0,6.425081253051758,209.0,86.0,0.32495918356054104,0.5072181785595663,0.9950739145278931,253.17073155244395,254.38099123026336,253.1067051789621
772988.0,12.883132934570312,4895.0,4895.0,7.08332633972168,209.0,91.0,0.31701486992652766,0.49525235413012836,0.9951888918876648,253.28455527215698,254.3807591490997,253.16557571360934
773267.0,12.88778305053711,5034.0,5034.0,5.467783451080322,209.0,84.0,0.3280298005262756,0.5123466002924375,0.9950522780418396,253.13305822588367,254.3847427744053,253.09191902693289
773547.0,12.892450332641602,4404.0,4404.0,9.647761344909668,207.0,87.0,0.32498843998357396,0.4948174316426609,0.9956715106964111,253.40476514645033,254.442397277409,253.3500731777607
773826.0,12.897100448608398,4411.0,4411.0,7.236052989959717,208.0,84.0,0.32884882086353784,0.5074606781508111,0.9956645965576172,253.36365057537128,254.45548404877928,253.33346019560548
774105.0,12.901749610900879,4398.0,4398.0,9.882880210876465,207.0,87.0,0.32498843998357396,0.4948174316426609,0.9956774115562439,253.40693986760843,254.44315743534807,253.35232245833632
774385.0,12.906416893005371,4297.0,4297.0,9.47517204284668,207.0,83.0,0.3312162562111874,0.5052739920056333,0.9957766532897949,253.3927142962409,254.46720313812946,253.37889003966595
774664.0,12.911067008972168,4311.0,4311.0,7.293198585510254,206.0,80.0,0.33660540378963416,0.5088528081039382,0.9957628846168518,253.36973822174852,254.4693329328459,253.39132592995705
774943.0,12.915717124938965,4210.0,4210.0,8.798264503479004,210.0,85.0,0.325709245485953,0.5146825391532034,0.9958621859550476,253.45147831812417,254.4879208815331,253.40179395554117
775223.0,12.92038345336914,3923.0,3923.0,9.262565612792969,210.0,90.0,0.3178998743900459,0.5025884556069136,0.9961442351341248,253.61414317597104,254.51093500102834,253.52262491737528
775502.0,12.925033569335938,3942.0,3942.0,7.305191993713379,210.0,84.0,0.32722627438870594,0.5172458338113084,0.9961255788803101,253.53844590572615,254.52304980103955,253.50099542791858
775781.0,12.929683685302734,3543.0,3543.0,8.350700378417969,210.0,84.0,0.32722627438870594,0.5172458338113084,0.9965177178382874,253.68637311390788,254.5713230135401,253.65271308398644
776061.0,12.93435001373291,3804.0,3804.0,9.559114456176758,214.0,95.0,0.3072009203672775,0.5124666510468923,0.9962612390518188,253.71125094759353,254.53519348526953,253.55803843115808
776340.0,12.939000129699707,3513.0,3513.0,6.005532264709473,72.0,138.0,0.7797586750633084,0.31325945778104347,0.9965472221374512,254.21803520803184,253.84372973817963,254.39535355192046
776619.0,12.943650245666504,3943.0,3943.0,8.525032043457031,209.0,82.0,0.3310384608995207,0.5176619130370229,0.9961245656013489,253.5142801185786,254.523336248431,253.50019220825692
776898.0,12.9483003616333,3620.0,3620.0,8.198295593261719,29.0,31.0,0.626632301156222,0.7647461025119314,0.9964420795440674,253.39889930429806,253.7322243006981,254.7865612631763
777178.0,12.952966690063477,3439.0,3439.0,6.833566665649414,79.0,142.0,0.7962362172629888,0.2807415894760069,0.9966199398040771,254.27234102339057,253.896109164698,254.38006013538134
777457.0,12.957616806030273,3458.0,3458.0,6.521594047546387,72.0,141.0,0.7879758531449884,0.3167744004196767,0.9966012835502625,254.2584378678538,253.8587875820986,254.40786702853524
777736.0,12.96226692199707,3839.0,3839.0,6.086061477661133,78.0,140.0,0.7893676047225887,0.28314160009701483,0.9962267875671387,254.16652988423962,253.76540071115505,254.31026094808567
778016.0,12.966933250427246,3753.0,3753.0,6.431325435638428,78.0,140.0,0.7893676047225887,0.28314160009701483,0.996311366558075,254.18521265459003,253.79307505070503,254.3257218939132
778295.0,12.971583366394043,3472.0,3472.0,7.750065803527832,79.0,144.0,0.8021906166171345,0.28411757939890125,0.9965875148773193,254.2846561384132,253.88258180545478,254.37705078197808
778574.0,12.97623348236084,3765.0,3765.0,8.455061912536621,29.0,36.0,0.6308609523559257,0.7456035436929943,0.9962995648384094,253.35282935352396,253.65512683647182,254.75994871406485
778854.0,12.980899810791016,3805.0,3805.0,6.756610870361328,72.0,137.0,0.7769812528470563,0.3122760635547993,0.9962602257728577,254.14277768123102,253.74855786864856,254.34415727550885
779133.0,12.985549926757812,3786.0,3786.0,6.687281608581543,80.0,142.0,0.7971541651886936,0.27543262255141765,0.9962788820266724,254.19900202042245,253.78976100983618,254.31246882376672
779412.0,12.99020004272461,3766.0,3766.0,6.930786609649658,70.0,136.0,0.7733580881461131,0.3223567577656797,0.9962985515594482,254.14141457721175,253.75186798348437,254.36039331183423
779692.0,12.994866371154785,3605.0,3605.0,7.906065940856934,29.0,205.0,0.8560992789927544,0.6950918166706184,0.9964568018913269,254.72451072488465,253.46845823969207,254.552939389145
779971.0,12.999516487121582,3839.0,3839.0,7.693480491638184,70.0,137.0,0.7760597504465229,0.32321434450716163,0.9962267875671387,254.1350817147233,253.72684395191112,254.3488177073296
780250.0,13.004166603088379,3979.0,3979.0,9.856287002563477,31.0,201.0,0.8535972300032251,0.6727404975240027,0.9960892200469971,254.6736408250632,253.33186139890532,254.5105027471905
780530.0,13.008832931518555,3981.0,3981.0,7.794850826263428,161.0,166.0,0.1139652890534704,0.28303295020809616,0.9960872530937195,254.2846457954755,254.10605373442246,253.71985328232142
780809.0,13.013483047485352,3743.0,3743.0,7.816636085510254,29.0,203.0,0.8540835367286457,0.6882883617326231,0.9963211417198181,254.70758054992538,253.41620172718186,254.5468023105314
781088.0,13.018133163452148,3643.0,3643.0,7.61262321472168,69.0,137.0,0.7756220063391815,0.328687345377259,0.9964194297790527,254.1792265524316,253.78684812283913,254.38706106447776
781368.0,13.02280044555664,4110.0,4110.0,6.279631614685059,73.0,142.0,0.7913852650955564,0.3127681471622025,0.9959604740142822,254.12992091374517,253.6477449338605,254.29209681342343
781647.0,13.027449607849121,3539.0,3539.0,6.302873611450195,71.0,138.0,0.7792438503332321,0.31871039644358995,0.9965216517448425,254.21222430126642,253.83033182833546,254.39571056153423
781926.0,13.032099723815918,3520.0,3520.0,9.023804664611816,80.0,143.0,0.8002008948582208,0.27710260120673746,0.996540367603302,254.2650600617643,253.87333208907427,254.36225538860975
782206.0,13.03676700592041,3741.0,3741.0,9.250478744506836,26.0,31.0,0.6290182102404831,0.7767181225560266,0.9963231086730957,253.33413613892915,253.66314896906633,254.79064928434966
782485.0,13.041417121887207,3474.0,3474.0,9.328307151794434,28.0,35.0,0.6307999550908981,0.7534414187907404,0.9965855479240417,253.47330436842242,253.75565157754286,254.78532507283887
782764.0,13.046066284179688,2915.0,2915.0,9.976523399353027,216.0,92.0,0.31071444147973826,0.5288304724474604,0.9971349835395813,253.98793465688055,254.65577334471814,253.88306826046832
783044.0,13.05073356628418,3008.0,3008.0,6.1731743812561035,73.0,142.0,0.7913852650955564,0.3127681471622025,0.9970435500144958,254.36320615066214,254.01031099073975,254.48189951665313
783323.0,13.055383682250977,3060.0,3060.0,7.811517715454102,155.0,175.0,0.08352384117184013,0.3043955822796083,0.9969924688339233,254.46652674878354,254.23361323489934,253.99963235651737
783602.0,13.060033798217773,2735.0,2735.0,6.346018314361572,78.0,142.0,0.7953523708626806,0.2860595486248923,0.9973118901252747,254.4212468390392,254.11844731010342,254.51061665378666
783882.0,13.06470012664795,3331.0,3331.0,10.070182800292969,81.0,142.0,0.7981081623097631,0.27013317802814935,0.9967260956764221,254.29534633956558,253.93963490171816,254.39067389325712
784161.0,13.069350242614746,3154.0,3154.0,6.21347713470459,79.0,142.0,0.7962362172629888,0.2807415894760069,0.9969000816345215,254.33264992495762,253.98760043446455,254.4314411991414
784440.0,13.074000358581543,3152.0,3152.0,8.684955596923828,157.0,162.0,0.11259122482947426,0.2517451583639848,0.9969020485877991,254.4088954284502,254.2798456592936,254.01114935132733
784720.0,13.078666687011719,3112.0,3112.0,5.059720039367676,77.0,140.0,0.7886185753172793,0.2885219329712378,0.996941328048706,254.32432546844686,253.9950026967734,254.44507460806668
784999.0,13.083316802978516,3362.0,3362.0,7.09748649597168,77.0,140.0,0.7886185753172793,0.2885219329712378,0.9966956377029419,254.27005135473843,253.9142754599681,254.40049976853226
785278.0,13.087966918945312,3076.0,3076.0,6.520883083343506,78.0,141.0,0.792375329730716,0.28455027346936057,0.9969767332077026,254.3406170767468,254.00969776287184,254.4484361730565
785557.0,13.09261703491211,2936.0,2936.0,6.532491207122803,156.0,174.0,0.08751185199778944,0.3024696501689986,0.997114360332489,254.48673058207484,254.2753219742537,254.04159318749456
785837.0,13.097283363342285,3240.0,3240.0,5.599088191986084,79.0,144.0,0.8021906166171345,0.28411757939890125,0.99681556224823,254.33246067999133,253.9572559131249,254.4186808334724
786116.0,13.101933479309082,2580.0,2580.0,5.928553104400635,74.0,142.0,0.7921235024992733,0.3074119623100551,0.9974642395973206,254.4538599992593,254.1546027115761,254.55215948305738
786395.0,13.106583595275879,2449.0,2449.0,7.207429885864258,80.0,143.0,0.8002008948582208,0.27710260120673746,0.9975929856300354,254.4886708211882,254.21612890017894,254.5562937711391
786675.0,13.111249923706055,2925.0,2925.0,6.271085262298584,79.0,141.0,0.7932071424168734,0.27920356880513825,0.9971251487731934,254.37303686386724,254.06223241297573,254.47159346135288
786954.0,13.115900039672852,2729.0,2729.0,7.463624954223633,31.0,34.0,0.6275127639825908,0.7451909126845004,0.9973177909851074,253.8063534663287,254.0458265196641,254.8257199360761
787233.0,13.120550155639648,2561.0,2561.0,6.631294250488281,74.0,142.0,0.7921235024992733,0.3074119623100551,0.9974828958511353,254.45787809436854,254.16082252097547,254.5554543631035
787513.0,13.125216484069824,2987.0,2987.0,7.781206130981445,51.0,71.0,0.6487550839828335,0.5274327571748105,0.9970642328262329,253.85653232809415,253.9414003535051,254.64622641328464
787792.0,13.129866600036621,2563.0,2563.0,8.284808158874512,80.0,143.0,0.8002008948582208,0.27710260120673746,0.9974809288978577,254.4648662782824,254.17963637442148,254.53563736348593
788071.0,13.134516716003418,2264.0,2264.0,7.314672470092773,156.0,175.0,0.08601043481131534,0.3072117917126884,0.9977748394012451,254.60690091878746,254.4381840147685,254.25826717584755
788351.0,13.139183044433594,2488.0,2488.0,4.692355155944824,73.0,141.0,0.7886458185458889,0.31138835342910304,0.9975546598434448,254.46648449980063,254.18226839662285,254.57060812353402
788630.0,13.14383316040039,2577.0,2577.0,6.267757415771484,155.0,175.0,0.08352384117184013,0.3043955822796083,0.9974671602249146,254.55072709308354,254.35457530627082,254.15752462162288
788909.0,13.148483276367188,2707.0,2707.0,5.859899520874023,72.0,144.0,0.7959918649323241,0.3211139779754395,0.9973394274711609,254.44179062534457,254.10369551289696,254.5394124973951
789189.0,13.153149604797363,2422.0,2422.0,5.718476295471191,79.0,142.0,0.7962362172629888,0.2807415894760069,0.9976195096969604,254.48752831685428,254.22255780171596,254.56339214373386
789468.0,13.15779972076416,2442.0,2442.0,4.09442138671875,74.0,141.0,0.7893393557092021,0.3060080184297946,0.9975998401641846,254.47637336416017,254.20066986227252,254.5752486214616
789747.0,13.162449836730957,2774.0,2774.0,8.3333101272583,155.0,175.0,0.08352384117184013,0.3043955822796083,0.9972735643386841,254.51638722388634,254.3052427086045,254.09313058884254
790027.0,13.16711711883545,2568.0,2568.0,6.044663429260254,73.0,140.0,0.785882813455372,0.31010161919167395,0.9974760413169861,254.4423303062149,254.15680619886572,254.55597487279718
790306.0,13.17176628112793,2937.0,2937.0,5.510091781616211,155.0,175.0,0.08352384117184013,0.3043955822796083,0.9971133470535278,254.48796802179214,254.26441573122548,254.03983897550705
790585.0,13.176416397094727,2309.0,2309.0,6.042088031768799,79.0,142.0,0.7962362172629888,0.2807415894760069,0.9977306127548218,254.51144657058214,254.25884284998082,254.58376965497828
790865.0,13.181083679199219,2911.0,2911.0,6.123023986816406,78.0,141.0,0.792375329730716,0.28455027346936057,0.9971389174461365,254.37598991169364,254.0628228838691,254.4780250136605
791144.0,13.185733795166016,2790.0,2790.0,6.17683219909668,155.0,175.0,0.08352384117184013,0.3043955822796083,0.9972578287124634,254.5135960522521,254.30123291618335,254.08789659110423
791423.0,13.190382957458496,2591.0,2591.0,5.59789514541626,30.0,37.0,0.6309232456570945,0.7377657804409854,0.9974533915519714,253.87152070062268,254.07701426541394,254.82970899088275
791703.0,13.195050239562988,2364.0,2364.0,5.571328163146973,73.0,140.0,0.785882813455372,0.31010161919167395,0.9976765513420105,254.4866330774959,254.2237917685201,254.59124941590525
791982.0,13.199700355529785,2538.0,2538.0,4.29714298248291,73.0,142.0,0.7913852650955564,0.3127681471622025,0.9975054860115051,254.4627031836326,254.16494678077962,254.562851085088
792261.0,13.204350471496582,2473.0,2473.0,6.624447822570801,80.0,143.0,0.8002008948582208,0.27710260120673746,0.9975693821907043,254.4836566727889,254.20844217666834,254.55194274059087
792541.0,13.209016799926758,2620.0,2620.0,5.499868392944336,79.0,144.0,0.8021906166171345,0.28411757939890125,0.9974249005317688,254.4601935154731,254.1567837235566,254.5299155476455
792820.0,13.213666915893555,2631.0,2631.0,4.667185306549072,78.0,144.0,0.8012081911747834,0.289373502970561,0.9974141120910645,254.45785302923335,254.14978528538444,254.53141188105843
793099.0,13.218317031860352,2428.0,2428.0,6.976121425628662,74.0,142.0,0.7921235024992733,0.3074119623100551,0.9976136088371277,254.48603043486224,254.20440092996196,254.57853957697316
793379.0,13.222983360290527,3092.0,3092.0,5.577662944793701,80.0,143.0,0.8002008948582208,0.27710260120673746,0.9969609975814819,254.35441573159753,254.01031493709044,254.43979382946534
793658.0,13.227633476257324,2960.0,2960.0,8.146842002868652,80.0,143.0,0.8002008948582208,0.27710260120673746,0.997090756893158,254.38198088580285,254.05257250548087,254.4637135100297
793937.0,13.232283592224121,2586.0,2586.0,5.61733341217041,73.0,141.0,0.7886458185458889,0.31138835342910304,0.9974583387374878,254.44546950812898,254.15005823060477,254.553694525514
794216.0,13.236933708190918,2682.0,2682.0,7.862565040588379,79.0,141.0,0.7932071424168734,0.27920356880513825,0.9973639845848083,254.4251234720627,254.1401399167327,254.51549222151957
794496.0,13.241600036621094,2837.0,2837.0,5.9897003173828125,74.0,142.0,0.7921235024992733,0.3074119623100551,0.9972116351127625,254.39945524822767,254.07038688974077,254.50754701776808
794775.0,13.24625015258789,2859.0,2859.0,5.1481757164001465,76.0,140.0,0.7878969854888612,0.29390842231453695,0.997189998626709,254.37922299472956,254.07284946687776,254.49404983274383
795054.0,13.250900268554688,2749.0,2749.0,5.581301689147949,155.0,174.0,0.08499994081446928,0.299608869724142,0.9972981214523315,254.51744519868325,254.31514930830338,254.10459674200584
795334.0,13.255566596984863,2432.0,2432.0,8.434219360351562,155.0,175.0,0.08352384117184013,0.3043955822796083,0.9976096749305725,254.5760062270892,254.39089126717604,254.20492798750277
795613.0,13.26021671295166,2637.0,2637.0,5.955450057983398,72.0,141.0,0.7879758531449884,0.3167744004196767,0.9974082112312317,254.4345005139841,254.1297357189876,254.54845200894056
795892.0,13.264866828918457,2807.0,2807.0,5.864957809448242,77.0,142.0,0.7945008119501978,0.29138600765897915,0.9972411394119263,254.40595870789468,254.09149774006733,254.50148336001507
796172.0,13.269533157348633,2742.0,2742.0,6.777070999145508,80.0,143.0,0.8002008948582208,0.27710260120673746,0.9973050355911255,254.42750074311476,254.12235475553302,254.50321339594097
796451.0,13.27418327331543,2487.0,2487.0,4.920517921447754,79.0,142.0,0.7962362172629888,0.2807415894760069,0.9975556135177612,254.47377275462452,254.20169000571815,254.55167288834008
796730.0,13.278833389282227,2527.0,2527.0,7.1862053871154785,155.0,174.0,0.08499994081446928,0.299608869724142,0.9975163340568542,254.55641791272743,254.37046010429503,254.17691245626824
797010.0,13.283499717712402,2979.0,2979.0,6.53889274597168,80.0,143.0,0.8002008948582208,0.27710260120673746,0.9970720410346985,254.37800502065792,254.04647747724266,254.46026345045357
797289.0,13.2881498336792,2900.0,2900.0,6.278765678405762,80.0,142.0,0.7971541651886936,0.27543262255141765,0.9971497058868408,254.3864532535096,254.07298368557366,254.47336631671516
797568.0,13.292799949645996,2448.0,2448.0,6.945802688598633,74.0,142.0,0.7921235024992733,0.3074119623100551,0.9975939393043518,254.4817941045554,254.1978433034387,254.57506574178072
797848.0,13.297466278076172,2444.0,2444.0,5.731385231018066,74.0,141.0,0.7893393557092021,0.3060080184297946,0.997597873210907,254.47594424726879,254.20001480380066,254.5749005337619
798127.0,13.302116394042969,2560.0,2560.0,4.639967441558838,74.0,142.0,0.7921235024992733,0.3074119623100551,0.9974839091300964,254.45809632956616,254.1611603380994,254.5556333182498
798406.0,13.306766510009766,2558.0,2558.0,6.175890922546387,80.0,143.0,0.8002008948582208,0.27710260120673746,0.997485876083374,254.4659172235277,254.18124748061183,254.53654932190892
798686.0,13.311433792114258,2104.0,2104.0,4.091286659240723,79.0,143.0,0.7992312128246842,0.28238017297874024,0.9979320764541626,254.56064869520813,254.32377464062347,254.62158435099946
798965.0,13.316082954406738,2281.0,2281.0,5.339468002319336,80.0,143.0,0.8002008948582208,0.27710260120673746,0.9977580904960632,254.52374453600157,254.26989714291733,254.58672901007492
799244.0,13.320733070373535,1976.0,1976.0,4.8036394119262695,79.0,144.0,0.8021906166171345,0.28411757939890125,0.9980579018592834,254.59288672811286,254.36405999732995,254.6454699509046
799524.0,13.325400352478027,2399.0,2399.0,4.532088756561279,74.0,142.0,0.7921235024992733,0.3074119623100551,0.9976420998573303,254.49216669512492,254.213899552623,254.58357137461547
799803.0,13.330050468444824,2486.0,2486.0,5.634335994720459,74.0,140.0,0.786530413002624,0.30469856402244416,0.9975566267967224,254.46016146414132,254.18709429502974,254.5667853712987
800082.0,13.334699630737305,2528.0,2528.0,6.092676162719727,73.0,141.0,0.7886458185458889,0.31138835342910304,0.9975153207778931,254.45790164429116,254.16911325456104,254.56370034216442
800362.0,13.339366912841797,2737.0,2737.0,4.354875564575195,78.0,144.0,0.8012081911747834,0.289373502970561,0.9973099231719971,254.436009194988,254.11552898533955,254.51253183237895
800641.0,13.344017028808594,2367.0,2367.0,4.997745990753174,73.0,140.0,0.785882813455372,0.31010161919167395,0.9976735711097717,254.48597459397507,254.22279614471432,254.59072512126926
800920.0,13.348666191101074,2509.0,2509.0,4.329806804656982,73.0,141.0,0.7886458185458889,0.31138835342910304,0.9975340366363525,254.46198500282145,254.1753719130571,254.5669867714827
801200.0,13.353333473205566,2740.0,2740.0,4.913171768188477,79.0,144.0,0.8021906166171345,0.28411757939890125,0.9973069429397583,254.43546659759983,254.11815851208794,254.5083823871888
801479.0,13.357983589172363,2755.0,2755.0,5.668787956237793,80.0,143.0,0.8002008948582208,0.27710260120673746,0.9972922205924988,254.4247784150697,254.11818140817246,254.50085109400192
801758.0,13.36263370513916,2377.0,2377.0,5.974087715148926,79.0,142.0,0.7962362172629888,0.2807415894760069,0.9976637363433838,254.49704942429318,254.2370017426025,254.57150379252323
802038.0,13.367300033569336,2658.0,2658.0,5.88104772567749,155.0,176.0,0.08209356564529845,0.3092076664756307,0.9973875880241394,254.53981828794238,254.33077048825848,254.12785160436871
802317.0,13.371950149536133,2334.0,2334.0,4.663163185119629,73.0,140.0,0.785882813455372,0.31010161919167395,0.9977059960365295,254.49313889468164,254.23362853172142,254.59642944690864
802596.0,13.37660026550293,2386.0,2386.0,6.225264549255371,80.0,143.0,0.8002008948582208,0.27710260120673746,0.997654914855957,254.50182662974098,254.23629684393532,254.56770973260276
802875.0,13.381250381469727,2288.0,2288.0,5.0598320960998535,72.0,141.0,0.7879758531449884,0.3167744004196767,0.9977512359619141,254.5093446954348,254.24491569592635,254.60821464464982
803155.0,13.385916709899902,2476.0,2476.0,4.691740989685059,73.0,142.0,0.7913852650955564,0.3127681471622025,0.9975664615631104,254.4758367919847,254.18535870506486,254.57353669212142
803434.0,13.3905668258667,2302.0,2302.0,5.802629470825195,80.0,143.0,0.8002008948582208,0.27710260120673746,0.997737467288971,254.51936348714764,254.2631809653045,254.58292735207067
803713.0,13.395216941833496,2698.0,2698.0,4.6345930099487305,73.0,142.0,0.7913852650955564,0.3127681471622025,0.9973482489585876,254.42883567744212,254.11231075315058,254.53529621572912
803993.0,13.399883270263672,2472.0,2472.0,5.037476062774658,73.0,141.0,0.7886458185458889,0.31138835342910304,0.9975703954696655,254.46991764200445,254.18753045344758,254.57337123608184
804272.0,13.404533386230469,2446.0,2446.0,5.946039199829102,73.0,142.0,0.7913852650955564,0.3127681471622025,0.9975959062576294,254.48217892544116,254.19521548961708,254.5786967017739
804551.0,13.409183502197266,2735.0,2735.0,3.909937620162964,74.0,142.0,0.7921235024992733,0.3074119623100551,0.9973118901252747,254.42104769542806,254.10381091341398,254.5252530504761
804831.0,13.413849830627441,2478.0,2478.0,5.037863254547119,156.0,174.0,0.08751185199778944,0.3024696501689986,0.9975644946098328,254.5667960736612,254.3883653396811,254.1910961773535
805110.0,13.418499946594238,2586.0,2586.0,5.031311511993408,75.0,143.0,0.7956905781306662,0.3035861526739122,0.9974583387374878,254.45975805983406,254.15511502121734,254.54863773490143
805389.0,13.423150062561035,2697.0,2697.0,4.46166467666626,79.0,144.0,0.8021906166171345,0.28411757939890125,0.9973492622375488,254.4443378010814,254.13201596541927,254.51610777573063
805669.0,13.427816390991211,2543.0,2543.0,4.379331111907959,73.0,142.0,0.7913852650955564,0.3127681471622025,0.9975005984306335,254.46165044083213,254.16331063435595,254.56199456526716
805948.0,13.432466506958008,2068.0,2068.0,4.406105041503906,73.0,142.0,0.7913852650955564,0.3127681471622025,0.9979674816131592,254.56221305492994,254.3196025238246,254.64381309888657
806227.0,13.437116622924805,2216.0,2216.0,4.029754161834717,74.0,143.0,0.7948814996238553,0.3089091073460075,0.9978219866752625,254.53700831697464,254.27304052344917,254.61617268093468
806507.0,13.44178295135498,2405.0,2405.0,5.864804267883301,73.0,143.0,0.7940998514033959,0.31423977455004903,0.9976361989974976,254.49746833509505,254.20781666936443,254.58664481935932
806786.0,13.446433067321777,2365.0,2365.0,5.344504356384277,52.0,70.0,0.6464096825637915,0.5263236001767708,0.9976755380630493,254.09529031641947,254.17112563173166,254.7192340957357
807065.0,13.451083183288574,2585.0,2585.0,4.844926357269287,80.0,143.0,0.8002008948582208,0.27710260120673746,0.9974592924118042,254.460269975583,254.1725902112034,254.53164891881673
807345.0,13.455750465393066,2308.0,2308.0,6.7803778648376465,162.0,167.0,0.11426260786152292,0.2908577512280574,0.9977315664291382,254.58979626867418,254.48399446787244,254.2533026101863
807624.0,13.460399627685547,2712.0,2712.0,5.842179775238037,73.0,142.0,0.7913852650955564,0.3127681471622025,0.9973344802856445,254.4258700239433,254.1077016089571,254.53288333672162
807903.0,13.465049743652344,2546.0,2546.0,8.423314094543457,161.0,165.0,0.11604299275966694,0.27887288937350624,0.9974976181983948,254.53984348363963,254.43174117823978,254.1839417975417
808183.0,13.469717025756836,2612.0,2612.0,5.214016914367676,79.0,144.0,0.8021906166171345,0.28411757939890125,0.9974327683448792,254.4618428096415,254.15936003882385,254.53135181706452
808462.0,13.474367141723633,2496.0,2496.0,5.474118709564209,73.0,141.0,0.7886458185458889,0.31138835342910304,0.9975467920303345,254.46476792869873,254.1796373682105,254.56922656726007
808741.0,13.479016304016113,2036.0,2036.0,6.310922145843506,162.0,166.0,0.11628789342129836,0.2867039486499488,0.9979988932609558,254.63601770850096,254.54757277834906,254.3434178545865
809021.0,13.483683586120605,2429.0,2429.0,5.047924995422363,155.0,174.0,0.08499994081446928,0.299608869724142,0.9976126551628113,254.57362083703643,254.3948748123864,254.20883329599732
809300.0,13.488333702087402,2435.0,2435.0,6.264636993408203,155.0,174.0,0.08499994081446928,0.299608869724142,0.9976067543029785,254.572566945015,254.3933791093536,254.20687774950403
809579.0,13.492982864379883,2284.0,2284.0,7.195316314697266,155.0,174.0,0.08499994081446928,0.299608869724142,0.9977551698684692,254.5990739261595,254.43099830684582,254.25606270675982
809859.0,13.497650146484375,2299.0,2299.0,4.758259296417236,73.0,141.0,0.7886458185458889,0.31138835342910304,0.9977403879165649,254.5070059812666,254.24437661278145,254.60322122466667
810138.0,13.502300262451172,2229.0,2229.0,4.295624732971191,156.0,174.0,0.08751185199778944,0.3024696501689986,0.9978092312812805,254.61032744395436,254.44982668216585,254.2723805094987
810417.0,13.506950378417969,2353.0,2353.0,4.754606246948242,73.0,141.0,0.7886458185458889,0.31138835342910304,0.9976873397827148,254.49543213065533,254.2266371030314,254.59390618615316
810697.0,13.511616706848145,2322.0,2322.0,4.759122848510742,80.0,143.0,0.8002008948582208,0.27710260120673746,0.9977177977561951,254.51518503014822,254.25677536237902,254.57930149328047
810976.0,13.516266822814941,2484.0,2484.0,4.752972602844238,79.0,144.0,0.8021906166171345,0.28411757939890125,0.99755859375,254.4882190216832,254.20056156555975,254.55432124694025
811255.0,13.520916938781738,2370.0,2370.0,4.00468635559082,74.0,142.0,0.7921235024992733,0.3074119623100551,0.9976706504821777,254.4983157927521,254.22341804687952,254.58861369903113
811534.0,13.525567054748535,2226.0,2226.0,4.665243148803711,74.0,142.0,0.7921235024992733,0.3074119623100551,0.9978121519088745,254.52879169623233,254.27059321465606,254.61360425886994
811814.0,13.530233383178711,1983.0,1983.0,4.547883033752441,156.0,174.0,0.08751185199778944,0.3024696501689986,0.9980509877204895,254.65332871962622,254.51053959135194,254.35267501782343
812093.0,13.534883499145508,2029.0,2029.0,5.213295936584473,80.0,142.0,0.7971541651886936,0.27543262255141765,0.9980058073997498,254.57073539319677,254.35141813400753,254.63154363986484
812372.0,13.539533615112305,2295.0,2295.0,4.237722396850586,78.0,143.0,0.7982971449358764,0.2876678421191107,0.9977443218231201,254.52070045981944,254.25933611611276,254.5902680136785
812652.0,13.54419994354248,2544.0,2544.0,4.768233299255371,73.0,141.0,0.7886458185458889,0.31138835342910304,0.9974995851516724,254.4544685020874,254.16385119773628,254.56093722961663
812931.0,13.548850059509277,2510.0,2510.0,5.570650577545166,73.0,141.0,0.7886458185458889,0.31138835342910304,0.9975330233573914,254.4617639292704,254.17503306848883,254.56680884378076
813210.0,13.553500175476074,2485.0,2485.0,3.5105080604553223,74.0,142.0,0.7921235024992733,0.3074119623100551,0.9975575804710388,254.47396331217,254.18572163016842,254.56864441006138
813490.0,13.55816650390625,2121.0,2121.0,4.309622287750244,74.0,142.0,0.7921235024992733,0.3074119623100551,0.9979153871536255,254.551026011661,254.3050108181055,254.6318366302435
813769.0,13.562816619873047,2105.0,2105.0,3.336738109588623,74.0,143.0,0.7948814996238553,0.3089091073460075,0.9979310631752014,254.56019527901555,254.30944718561187,254.63539503374085
814048.0,13.567466735839844,2010.0,2010.0,4.513315677642822,75.0,143.0,0.7956905781306662,0.3035861526739122,0.9980244636535645,254.58009054770275,254.34330313454404,254.64917332877383
814328.0,13.57213306427002,2027.0,2027.0,4.75282621383667,74.0,142.0,0.7921235024992733,0.3074119623100551,0.9980077743530273,254.57092392673866,254.33581179116942,254.64815312887453
814607.0,13.576783180236816,2088.0,2088.0,3.692202091217041,74.0,143.0,0.7948814996238553,0.3089091073460075,0.9979478120803833,254.56375568138355,254.3150374982172,254.63834666277828
814886.0,13.581433296203613,2116.0,2116.0,4.155882835388184,79.0,143.0,0.7992312128246842,0.28238017297874024,0.9979202747344971,254.55814130031712,254.3199153963404,254.6194247182531
815166.0,13.586099624633789,2291.0,2291.0,5.466856002807617,79.0,142.0,0.7962362172629888,0.2807415894760069,0.9977482557296753,254.51524474821278,254.26460485335332,254.58700556878108
815445.0,13.590749740600586,2335.0,2335.0,4.1320695877075195,78.0,141.0,0.792375329730716,0.28455027346936057,0.9977050423622131,254.49946333555425,254.24826294238895,254.58130866233975
815724.0,13.595399856567383,2320.0,2320.0,6.4712700843811035,155.0,174.0,0.08499994081446928,0.299608869724142,0.9977197647094727,254.59275057403104,254.42202408864887,254.2443294278
816004.0,13.600067138671875,2041.0,2041.0,5.185795783996582,155.0,175.0,0.08352384117184013,0.3043955822796083,0.9979940056800842,254.6441784797319,254.48882740934118,254.33276441711106
816283.0,13.604716300964355,2397.0,2397.0,5.067229270935059,74.0,142.0,0.7921235024992733,0.3074119623100551,0.9976440668106079,254.4925903281556,254.2145553152753,254.58391875813473
816562.0,13.609366416931152,2610.0,2610.0,4.831623554229736,155.0,175.0,0.08352384117184013,0.3043955822796083,0.9974347352981567,254.5449755878978,254.34631270370602,254.14673941416214
816842.0,13.614033699035645,2427.0,2427.0,3.001349449157715,73.0,142.0,0.7913852650955564,0.3127681471622025,0.9976146221160889,254.48621016006732,254.20148073323932,254.581976545966
817121.0,13.618682861328125,2652.0,2652.0,4.033098220825195,72.0,141.0,0.7879758531449884,0.3167744004196767,0.9973934888839722,254.43128826153952,254.12479228644136,254.54588704438444
817400.0,13.623332977294922,2095.0,2095.0,4.284757614135742,73.0,142.0,0.7913852650955564,0.3127681471622025,0.9979408979415894,254.55648716116156,254.3107034835204,254.63915446669017
817680.0,13.628000259399414,2335.0,2335.0,5.263157367706299,77.0,142.0,0.7945008119501978,0.29138600765897915,0.9977050423622131,254.5058468679529,254.24426257368995,254.58530903103875
817959.0,13.632650375366211,2387.0,2387.0,3.5861332416534424,73.0,142.0,0.7913852650955564,0.3127681471622025,0.9976539015769958,254.4946706174515,254.21462976364404,254.58886004062384
818238.0,13.637299537658691,2644.0,2644.0,5.127964973449707,155.0,174.0,0.08499994081446928,0.299608869724142,0.9974012970924377,254.53587234099697,254.34130144921068,254.13878917614628
818518.0,13.641966819763184,2604.0,2604.0,4.545271396636963,73.0,142.0,0.7913852650955564,0.3127681471622025,0.9974406361579895,254.44873508403623,254.1432379111585,254.55148652941614
818797.0,13.64661693572998,2310.0,2310.0,4.24972677230835,79.0,143.0,0.7992312128246842,0.28238017297874024,0.9977295994758606,254.51763041013353,254.25756326269638,254.58453246999252
819076.0,13.651267051696777,2528.0,2528.0,5.62596321105957,73.0,140.0,0.785882813455372,0.31010161919167395,0.9975153207778931,254.45100911901937,254.1699285206262,254.56288507609926
819356.0,13.655933380126953,2574.0,2574.0,4.8003387451171875,155.0,175.0,0.08352384117184013,0.3043955822796083,0.9974701404571533,254.55125572407485,254.35533473665362,254.15851590907334
819635.0,13.66058349609375,2460.0,2460.0,6.2055487632751465,155.0,174.0,0.08499994081446928,0.299608869724142,0.997582197189331,254.56818105094615,254.3871545674392,254.1987395156127
819914.0,13.665233612060547,2181.0,2181.0,4.961286544799805,73.0,141.0,0.7886458185458889,0.31138835342910304,0.9978563785552979,254.532312400693,254.28316434983046,254.62358871337145
820193.0,13.669883728027344,2922.0,2922.0,2.8237557411193848,75.0,143.0,0.7956905781306662,0.3035861526739122,0.9971280694007874,254.38955777395486,254.04532871505359,254.48998667934796
820473.0,13.67455005645752,2476.0,2476.0,5.436911582946777,79.0,142.0,0.7962362172629888,0.2807415894760069,0.9975664615631104,254.4761081206001,254.20523285914317,254.5536625380431
820752.0,13.679200172424316,2408.0,2408.0,3.510082721710205,74.0,141.0,0.7893393557092021,0.3060080184297946,0.9976332783699036,254.48366835131387,254.21180585629423,254.58116611235658
821031.0,13.683850288391113,2171.0,2171.0,5.074723243713379,73.0,142.0,0.7913852650955564,0.3127681471622025,0.9978662133216858,254.5404007376374,254.28570236804686,254.6260664260129
821311.0,13.688516616821289,2415.0,2415.0,4.6797051429748535,80.0,142.0,0.7971541651886936,0.27543262255141765,0.9976264238357544,254.48907029404558,254.22802919964275,254.561446956592
821590.0,13.693166732788086,2021.0,2021.0,4.341860771179199,73.0,141.0,0.7886458185458889,0.31138835342910304,0.9980136752128601,254.56663081840432,254.33576498604438,254.65120937251427
821869.0,13.697816848754883,2125.0,2125.0,4.733814716339111,79.0,143.0,0.7992312128246842,0.28238017297874024,0.9979114532470703,254.55626708595415,254.31703070869446,254.6178104473114
822149.0,13.702483177185059,2212.0,2212.0,5.646607398986816,78.0,140.0,0.7893676047225887,0.28314160009701483,0.9978259205818176,254.5197645887723,254.28863880543696,254.60258069129003
822428.0,13.707133293151855,2691.0,2691.0,3.857720136642456,73.0,141.0,0.7886458185458889,0.31138835342910304,0.9973551034927368,254.42294601457985,254.11553594870918,254.5355668325866
822707.0,13.711783409118652,2470.0,2470.0,5.545461177825928,74.0,143.0,0.7948814996238553,0.3089091073460075,0.9975723624229431,254.48394438417284,254.18972298184397,254.57218185385702
822987.0,13.716449737548828,2657.0,2657.0,4.131624221801758,74.0,142.0,0.7921235024992733,0.3074119623100551,0.9973885416984558,254.4375565462602,254.12936578525924,254.53879048095322
823266.0,13.721099853515625,2360.0,2360.0,6.032745361328125,78.0,141.0,0.792375329730716,0.28455027346936057,0.9976804852485657,254.49410736054577,254.24021900639084,254.57682847037765
823545.0,13.725749969482422,2363.0,2363.0,6.337855339050293,161.0,166.0,0.1139652890534704,0.28303295020809616,0.9976775050163269,254.57538614396685,254.46937898943975,254.24014141435987
823825.0,13.730416297912598,2787.0,2787.0,5.073227405548096,72.0,142.0,0.7906719015034259,0.3181308347036403,0.9972607493400574,254.40994704687378,254.07927385649256,254.5237083069367
824104.0,13.735066413879395,3730.0,3730.0,4.572079181671143,31.0,202.0,0.8546357905936501,0.6761152803751634,0.9963339567184448,254.6972192729033,253.43309865350355,254.53564602010343
824383.0,13.739716529846191,5928.0,5928.0,2.5134100914001465,34.0,199.0,0.8539037684205794,0.6527851194299494,0.9941736459732056,254.48413581151908,252.54442363481576,254.2447314710062
824663.0,13.744382858276367,14577.0,14577.0,1.213860034942627,34.0,196.0,0.8506312852846405,0.6428143617945501,0.9856728911399841,253.69505343194004,248.99812104945187,253.20756956791513
824942.0,13.749032974243164,35690.0,35690.0,0.9245957732200623,33.0,196.0,0.8498253996823808,0.6472964507219722,0.9649218320846558,251.84509044689227,240.26504391628217,250.69921707264498
825221.0,13.753683090209961,77482.0,77482.0,0.8726232051849365,34.0,198.0,0.8528241225585186,0.6494311828109488,0.9238462448120117,248.19223137040683,222.96935348371915,245.24254859115473
825501.0,13.758350372314453,148087.0,148087.0,0.7501928806304932,35.0,198.0,0.8536479953292545,0.6450116158809076,0.8544516563415527,241.82466731173673,193.94567742245516,235.98879433389544
825780.0,13.762999534606934,259120.0,259120.0,0.8101794719696045,35.0,197.0,0.8525539406066636,0.6416649814984088,0.7453221082687378,231.72869820340563,148.38557701365065,222.11726579547448
826059.0,13.76764965057373,372712.0,372712.0,0.8014166951179504,35.0,198.0,0.8536479953292545,0.6450116158809076,0.6336773633956909,221.83972838722565,101.33572694457672,207.1517400364452
826339.0,13.772316932678223,421490.0,421490.0,0.7713003158569336,35.0,198.0,0.8536479953292545,0.6450116158809076,0.585735559463501,217.49993859226683,81.22519673411868,200.88968667568867
826618.0,13.77696704864502,393277.0,393277.0,0.7747830748558044,35.0,198.0,0.8536479953292545,0.6450116158809076,0.6134649515151978,220.01005967191116,92.85706560083969,204.51163909397206
826897.0,13.7816162109375,301552.0,301552.0,0.8099075555801392,35.0,198.0,0.8536479953292545,0.6450116158809076,0.703617513179779,228.17085328023535,130.67407844145197,216.28716912098147
827177.0,13.786283493041992,203960.0,203960.0,0.8109426498413086,35.0,198.0,0.8536479953292545,0.6450116158809076,0.7995364665985107,236.8536324217654,170.90996554347507,228.81589260134086
827456.0,13.790933609008789,124532.0,124532.0,0.7890560626983643,35.0,198.0,0.8536479953292545,0.6450116158809076,0.8776028752326965,243.92036282679817,203.65710354187706,239.01275580743433
827735.0,13.795583724975586,71215.0,71215.0,0.886716365814209,35.0,198.0,0.8536479953292545,0.6450116158809076,0.9300058484077454,248.6639867532621,225.63899593468804,245.85751731763096
828015.0,13.800250053405762,43230.0,43230.0,0.9094493389129639,35.0,199.0,0.8547307051278468,0.648388414118609,0.9575110673904419,251.19040175080013,237.14024261832523,249.38658287842227
828294.0,13.804900169372559,28958.0,28958.0,0.9629610180854797,35.0,199.0,0.8547307051278468,0.648388414118609,0.9715384244918823,252.44810797622145,243.03648851463853,251.23980445137366
828573.0,13.809550285339355,22685.0,22685.0,1.2642372846603394,34.0,198.0,0.8528241225585186,0.6494311828109488,0.977703869342804,253.00683632114166,245.62213704368835,252.14323461849236
828852.0,13.814200401306152,18673.0,18673.0,1.0650914907455444,34.0,198.0,0.8528241225585186,0.6494311828109488,0.9816471338272095,253.3593446405129,247.28069361136394,252.6484784046173
829132.0,13.818866729736328,15049.0,15049.0,1.8840588331222534,35.0,196.0,0.8514484667400835,0.6383489853860554,0.9852089881896973,253.6359579707675,248.8206260059781,253.1125756851278
829411.0,13.823516845703125,12642.0,12642.0,1.3416348695755005,34.0,198.0,0.8528241225585186,0.6494311828109488,0.9875746965408325,253.8892393960917,249.77385583973287,253.40796695522502
829690.0,13.828166961669922,12137.0,12137.0,1.4069879055023193,33.0,197.0,0.8509239245001237,0.6505668424191395,0.988071084022522,253.93706851198564,249.97918433950056,253.51933937780348
829970.0,13.832833290100098,11062.0,11062.0,1.432564616203308,33.0,195.0,0.8487157716443733,0.6440572090903998,0.9891276359558105,254.01316540157313,250.44192893589025,253.6835594538081
830249.0,13.837483406066895,9194.0,9194.0,2.3716025352478027,34.0,194.0,0.8483932696681646,0.6363220925438929,0.9909636378288269,254.1619870522159,251.22946824048583,253.89700577258378
830528.0,13.842133522033691,9222.0,9222.0,2.1063053607940674,34.0,197.0,0.8517333181182591,0.6461074408078596,0.9909361004829407,254.18205011793015,251.1953611283696,253.85231992613882
830808.0,13.846799850463867,8437.0,8437.0,2.531689167022705,35.0,195.0,0.850331502359666,0.635064107478496,0.9917076230049133,254.22832257004418,251.5425651624616,253.9544048197773
831087.0,13.851449966430664,7029.0,7029.0,1.6903278827667236,34.0,199.0,0.8539037684205794,0.6527851194299494,0.9930915236473083,254.38832492311118,252.08835213701607,254.10445627771838
831366.0,13.856100082397461,7979.0,7979.0,2.254697322845459,33.0,197.0,0.8509239245001237,0.6505668424191395,0.9921577572822571,254.301213392979,251.6992428209721,254.02659218961784
831646.0,13.860766410827637,7305.0,7305.0,2.8302178382873535,35.0,193.0,0.8480628319512987,0.6285896530659416,0.9928202033042908,254.3200040506743,252.018299634514,254.1165863385735
831925.0,13.865416526794434,6830.0,6830.0,2.9000425338745117,34.0,194.0,0.8483932696681646,0.6363220925438929,0.9932870864868164,254.37745872345081,252.19895538482555,254.18060999394135
832204.0,13.87006664276123,6819.0,6819.0,3.8575358390808105,35.0,194.0,0.8492029791319528,0.6318108331403555,0.9932978749275208,254.3707492891106,252.211166923925,254.16511844585995
832484.0,13.874732971191406,6241.0,6241.0,2.934030294418335,33.0,194.0,0.8475949807136545,0.6408495898784412,0.993865966796875,254.43822466214658,252.43341840425967,254.26667362265152
832763.0,13.879383087158203,5976.0,5976.0,4.461562633514404,34.0,191.0,0.8449504622643306,0.62682566880241,0.9941264390945435,254.4410751485263,252.56340878969087,254.31019659544637
833042.0,13.884033203125,5568.0,5568.0,3.426054000854492,37.0,195.0,0.8519934738415796,0.6261383328319704,0.9945274591445923,254.47827682179883,252.73072734194324,254.28261970876355
833322.0,13.888699531555176,5778.0,5778.0,3.6976962089538574,34.0,193.0,0.8472571622916291,0.6331238650749862,0.9943210482597351,254.468714674452,252.6350199380129,254.31552236322057
833601.0,13.893349647521973,5405.0,5405.0,4.437114715576172,36.0,193.0,0.8488801878494091,0.6240717828564529,0.9946876764297485,254.4907516561931,252.79996332297864,254.33303301478935
833880.0,13.89799976348877,5197.0,5197.0,3.8229658603668213,33.0,194.0,0.8475949807136545,0.6408495898784412,0.9948921203613281,254.53220324789444,252.8627781363829,254.38935073428507
834160.0,13.902667045593262,5337.0,5337.0,4.627251148223877,32.0,194.0,0.8468079116695326,0.6453929834118847,0.9947544932365417,254.5256761565099,252.7991153941264,254.3860880870402
834439.0,13.907316207885742,4863.0,4863.0,5.530706882476807,31.0,193.0,0.8449082044667482,0.6468211090380942,0.9952203631401062,254.56954295442864,252.99284224702552,254.46004230940372
834718.0,13.911966323852539,5365.0,5365.0,4.98405122756958,36.0,192.0,0.8477241648923391,0.6208599906804123,0.9947269558906555,254.4901983918463,252.82054911238802,254.3460325425865
834998.0,13.916633605957031,5368.0,5368.0,5.059743881225586,35.0,193.0,0.8480628319512987,0.6285896530659416,0.9947240352630615,254.50031528719367,252.8089426969677,254.35083686581248
835277.0,13.921283721923828,5094.0,5094.0,3.9344429969787598,32.0,192.0,0.8445411203190614,0.6391194442163327,0.9949933290481567,254.53926340008954,252.9073344144704,254.42952152540963
835556.0,13.925932884216309,4314.0,4314.0,4.571499824523926,34.0,198.0,0.8528241225585186,0.6494311828109488,0.9957599639892578,254.6209617756732,253.21661985884828,254.45673138186766
835836.0,13.9306001663208,4670.0,4670.0,5.3368377685546875,35.0,193.0,0.8480628319512987,0.6285896530659416,0.9954100847244263,254.56529078365082,253.09385242580657,254.43524948810108
836115.0,13.935250282287598,3768.0,3768.0,5.00640869140625,40.0,193.0,0.8522707694504961,0.6061710080842756,0.9962965846061707,254.6280793504448,253.48317879870223,254.49799046409004
836394.0,13.939900398254395,4858.0,4858.0,3.720369815826416,29.0,195.0,0.845616748701202,0.6622344012153235,0.9952253103256226,254.58875489119632,252.9761533748712,254.46990536570905
836674.0,13.94456672668457,4780.0,4780.0,5.563106536865234,31.0,192.0,0.8437736700899264,0.643722832411062,0.9953019618988037,254.57318005448062,253.03082051390928,254.47656353646076
836953.0,13.949216842651367,7431.0,7431.0,4.040111064910889,0.0,199.0,0.8313417350035147,0.8107031042621488,0.9926964044570923,254.6113656828658,251.62771600393634,254.64745026918072
837232.0,13.953866958618164,15308.0,15308.0,1.6073150634765625,1.0,199.0,0.8318774694534604,0.8058704259410331,0.9849544167518616,254.20118261315352,248.071554673644,254.25519786980541
837511.0,13.958517074584961,33501.0,33501.0,1.1022523641586304,2.0,199.0,0.8324196618685956,0.8010469888555096,0.9670733213424683,253.25578780084007,239.87786366046407,253.32953022419474
837791.0,13.963183403015137,76616.0,76616.0,1.006325125694275,3.0,199.0,0.8329684169120797,0.7962329609508608,0.9246973991394043,251.0202798405431,220.50844150366217,251.08723205743402
838070.0,13.967833518981934,153983.0,153983.0,1.0756996870040894,3.0,200.0,0.8339263820601556,0.7990093828288375,0.8486567139625549,247.24326198132863,185.57166213957439,247.0238163987252
838349.0,13.97248363494873,266655.0,266655.0,1.0910063982009888,3.0,199.0,0.8329684169120797,0.7962329609508608,0.7379162311553955,241.14895041582682,134.95530644712923,241.38197144212248
838629.0,13.977149963378906,394258.0,394258.0,0.985038697719574,3.0,199.0,0.8329684169120797,0.7962329609508608,0.612500786781311,234.52078131437995,77.51009092288663,234.865310335582
838908.0,13.981800079345703,487811.0,487811.0,1.0097754001617432,4.0,200.0,0.8344856436868251,0.7942217312568418,0.5205515623092651,229.8416822877991,35.63961448992612,228.498995967441
839187.0,13.9864501953125,508721.0,508721.0,1.0334951877593994,4.0,200.0,0.8344856436868251,0.7942217312568418,0.5,228.76327073524732,26.236729264752668,227.3630301516872
839467.0,13.991116523742676,443431.0,443431.0,1.0476027727127075,4.0,200.0,0.8344856436868251,0.7942217312568418,0.5641707181930542,232.13053025515913,55.59653602329851,230.90999855937923
839746.0,13.995766639709473,321237.0,321237.0,1.0722622871398926,4.0,200.0,0.8344856436868251,0.7942217312568418,0.6842699646949768,238.4325530859026,110.54512890853556,237.54835706813665
840025.0,14.00041675567627,197064.0,197064.0,1.0314135551452637,4.0,200.0,0.8344856436868251,0.7942217312568418,0.80631422996521,244.83663777832413,166.38361950393295,244.29422442700255
840305.0,14.005083084106445,108373.0,108373.0,1.060347557067871,3.0,199.0,0.8329684169120797,0.7962329609508608,0.8934848308563232,249.37070484837838,206.21185529743227,249.4654084392926
840584.0,14.009733200073242,56817.0,56817.0,1.0451135635375977,3.0,199.0,0.8329684169120797,0.7962329609508608,0.9441570043563843,252.0487142145491,229.421707499609,252.09836472214698
840863.0,14.014383316040039,30018.0,30018.0,0.9761518239974976,3.0,200.0,0.8339263820601556,0.7990093828288375,0.9704965949058533,253.4878735623765,241.46538983960866,253.44509405038633
841143.0,14.019049644470215,19554.0,19554.0,1.2575416564941406,3.0,199.0,0.8329684169120797,0.7962329609508608,0.9807811975479126,253.9842919808204,246.1970311592171,254.00137959021833
841422.0,14.023699760437012,13715.0,13715.0,1.7953619956970215,0.0,199.0,0.8313417350035147,0.8107031042621488,0.9865201115608215,254.28271668278612,248.77594066030835,254.34931623571063
841701.0,14.028349876403809,11393.0,11393.0,1.8771207332611084,2.0,199.0,0.8324196618685956,0.8010469888555096,0.9888023138046265,254.40682930496948,249.85727245389677,254.43190758646273
841981.0,14.033016204833984,9895.0,9895.0,2.2596161365509033,1.0,200.0,0.8328277602608289,0.8086137577053254,0.9902746081352234,254.51320075597297,250.51468323094386,254.52536691802007
842260.0,14.037666320800781,9312.0,9312.0,2.0792603492736816,1.0,198.0,0.8309207209963893,0.8031560200013673,0.990847647190094,254.48632795545643,250.7917043830786,254.54059568386933
842539.0,14.042316436767578,7276.0,7276.0,2.927286148071289,0.0,200.0,0.8322881909754828,0.8134301377526094,0.9928487539291382,254.64117353659924,251.69308728741663,254.65977721644384
842819.0,14.04698371887207,6764.0,6764.0,3.943026065826416,0.0,201.0,0.8332282891567161,0.8161857445154094,0.993351936340332,254.68664361273608,251.92109979593346,254.68838773763588
843098.0,14.05163288116455,6989.0,6989.0,3.9662394523620605,0.0,200.0,0.8322881909754828,0.8134301377526094,0.9931308031082153,254.655325854731,251.8235137902417,254.67319579494813
843377.0,14.056282997131348,7065.0,7065.0,2.887521505355835,0.0,198.0,0.8303889241467761,0.8080049333502481,0.9930561184883118,254.6094845803856,251.79858413241837,254.66003629662063
843657.0,14.06095027923584,6252.0,6252.0,4.5823774337768555,0.0,199.0,0.8313417350035147,0.8107031042621488,0.9938551783561707,254.67302562834547,252.16275585546714,254.7033851061799
843936.0,14.065600395202637,6435.0,6435.0,3.812346935272217,0.0,200.0,0.8322881909754828,0.8134301377526094,0.9936752915382385,254.68264652804746,252.0752986810504,254.69910000345124
844215.0,14.070249557495117,6340.0,6340.0,5.242810249328613,0.0,202.0,0.8341620284547003,0.8189696361270764,0.9937686920166016,254.71234573233207,252.10968719613473,254.6994048697429
844495.0,14.07491683959961,6205.0,6205.0,5.472990036010742,0.0,198.0,0.8303889241467761,0.8080049333502481,0.9939013719558716,254.6570206035751,252.18828085443465,254.70141884305986
844774.0,14.079566955566406,5554.0,5554.0,5.547579765319824,0.0,200.0,0.8322881909754828,0.8134301377526094,0.9945412278175354,254.7260964176963,252.47572899234424,254.7402971945988
845053.0,14.084217071533203,4793.0,4793.0,5.073277950286865,0.0,200.0,0.8322881909754828,0.8134301377526094,0.995289146900177,254.7636245850499,252.8215852386352,254.77587968045506
845333.0,14.088883399963379,5243.0,5243.0,4.541530609130859,1.0,198.0,0.8309207209963893,0.8031560200013673,0.9948468804359436,254.7107832797506,252.63057096625266,254.74133805607858
845612.0,14.093533515930176,4993.0,4993.0,7.010281085968018,0.0,201.0,0.8332282891567161,0.8161857445154094,0.9950925707817078,254.76868839269295,252.72723523793744,254.76997586073352
845891.0,14.098183631896973,5291.0,5291.0,4.22653865814209,2.0,196.0,0.8295179185359715,0.7929427280293581,0.9947997331619263,254.6772852470936,252.62243594416017,254.72542796842222
846170.0,14.10283374786377,5077.0,5077.0,5.31027889251709,0.0,200.0,0.8322881909754828,0.8134301377526094,0.9950100183486938,254.74961881459114,252.69250930610565,254.7626000517282
846450.0,14.107500076293945,4736.0,4736.0,6.14391565322876,0.0,199.0,0.8313417350035147,0.8107031042621488,0.9953451752662659,254.75231040367086,252.85073107323197,254.77530831256362
846729.0,14.112150192260742,4715.0,4715.0,5.903013706207275,0.0,197.0,0.8294297631724044,0.8053359151176562,0.9953658580780029,254.72538529809793,252.86662337387892,254.76996424590257
847008.0,14.116800308227539,4602.0,4602.0,5.250010967254639,0.0,197.0,0.8294297631724044,0.8053359151176562,0.9954769015312195,254.73196562414677,252.9177434111077,254.77547636981424
847288.0,14.121466636657715,4350.0,4350.0,6.271076679229736,0.0,196.0,0.8284642587562863,0.8026963403681655,0.9957245588302612,254.73375929335538,253.0346328517124,254.78489215172084
847567.0,14.126116752624512,5168.0,5168.0,5.334200859069824,0.0,196.0,0.8284642587562863,0.8026963403681655,0.9949206113815308,254.68369579619625,252.66506820517534,254.74444359940534
847846.0,14.130766868591309,4861.0,4861.0,4.983080863952637,0.0,195.0,0.8274924195304101,0.8000865005138497,0.9952223300933838,254.6881230469336,252.80694412878316,254.75644421884257
848126.0,14.135433197021484,5440.0,5440.0,5.385206699371338,0.0,197.0,0.8294297631724044,0.8053359151176562,0.9946532845497131,254.6831588902001,252.53858255526907,254.73459256508463
848405.0,14.140083312988281,4669.0,4669.0,6.301755905151367,29.0,189.0,0.8388312019288203,0.6440094516226572,0.9954110383987427,254.58342512598685,253.07620445737192,254.53370611890418
848684.0,14.144733428955078,4313.0,4313.0,6.202578544616699,0.0,197.0,0.8294297631724044,0.8053359151176562,0.9957609176635742,254.74879614138916,253.04849326478197,254.78957474364088
848964.0,14.149399757385254,4147.0,4147.0,6.309852600097656,0.0,198.0,0.8303889241467761,0.8080049333502481,0.9959241151809692,254.77077721333168,253.12084893555337,254.80044980674094
849243.0,14.15404987335205,4478.0,4478.0,7.014688968658447,0.0,199.0,0.8313417350035147,0.8107031042621488,0.9955987930297852,254.76580575205912,252.96783382351558,254.78755062167485
849522.0,14.158699989318848,3737.0,3737.0,6.3726887702941895,0.0,197.0,0.8294297631724044,0.8053359151176562,0.9963270425796509,254.78234414826608,253.3091149038582,254.81767681176376
849802.0,14.163366317749023,4197.0,4197.0,6.804768085479736,0.0,197.0,0.8294297631724044,0.8053359151176562,0.9958749413490295,254.75555307307536,253.10098528368624,254.79523480431882
850081.0,14.16801643371582,3944.0,3944.0,6.4130988121032715,0.0,197.0,0.8294297631724044,0.8053359151176562,0.9961236119270325,254.77028904745845,253.21546343468918,254.80757864809738
850360.0,14.172666549682617,3870.0,3870.0,6.161055564880371,0.0,196.0,0.8284642587562863,0.8026963403681655,0.9961963295936584,254.7631374502366,253.25150000602298,254.80862808674283
850640.0,14.177332878112793,4555.0,4555.0,7.999331951141357,0.0,200.0,0.8322881909754828,0.8134301377526094,0.9955230951309204,254.77536335273106,252.92976867557272,254.7870098411967
850919.0,14.18198299407959,3856.0,3856.0,7.825669288635254,0.0,199.0,0.8313417350035147,0.8107031042621488,0.9962100982666016,254.7983341405597,253.25009135745415,254.81705875851264
851198.0,14.186633110046387,3353.0,3353.0,5.7089080810546875,0.0,195.0,0.8274924195304101,0.8000865005138497,0.9967044591903687,254.78487353741406,253.48727407655593,254.83200011053208
851478.0,14.191300392150879,3733.0,3733.0,5.365109443664551,72.0,141.0,0.7879758531449884,0.3167744004196767,0.996330976486206,254.19945987256636,253.76802455943707,254.36077344852802
851757.0,14.19594955444336,3613.0,3613.0,5.106904029846191,5.0,195.0,0.8301546144992126,0.7756878605824503,0.9964489340782166,254.77008759338818,253.3920759143931,254.79688046549734
852036.0,14.200599670410156,3657.0,3657.0,5.853978157043457,2.0,195.0,0.8285375664824653,0.7903006791080802,0.9964057207107544,254.76611655858528,253.35911563362768,254.80780192885706
852316.0,14.205266952514648,3947.0,3947.0,5.518481254577637,71.0,139.0,0.7819578203507188,0.3197701981473912,0.9961206912994385,254.13208468957507,253.6944520168342,254.32710054587943
852595.0,14.209917068481445,3161.0,3161.0,6.408140182495117,0.0,196.0,0.8284642587562863,0.8026963403681655,0.9968931674957275,254.80653101083027,253.57182772567484,254.8436876971462
852874.0,14.214566230773926,3626.0,3626.0,6.496640205383301,71.0,138.0,0.7792438503332321,0.31871039644358995,0.9964361786842346,254.19286637758998,253.8015897038574,254.38086142510227
853154.0,14.219233512878418,3320.0,3320.0,5.648124694824219,0.0,194.0,0.8265142561299206,0.7975066874770077,0.9967369437217712,254.77720873300504,253.50433180215887,254.83150949594446
853433.0,14.223883628845215,3682.0,3682.0,5.856045722961426,38.0,193.0,0.8505508102133116,0.6150865069205882,0.9963811039924622,254.64479471464512,253.50956832151059,254.52752030958112
853712.0,14.228533744812012,3360.0,3360.0,5.9624409675598145,29.0,198.0,0.8488685114660919,0.6717797006213114,0.9966976046562195,254.72360213695742,253.5921762377145,254.6181407196249
853992.0,14.233200073242188,3300.0,3300.0,5.605311393737793,1.0,197.0,0.8299575186952108,0.8004708341498087,0.9967565536499023,254.8081540559684,253.51086870835252,254.83497365309768
854271.0,14.237850189208984,3734.0,3734.0,5.686794281005859,72.0,141.0,0.7879758531449884,0.3167744004196767,0.9963300228118896,254.19925179143638,253.7677043370859,254.36060729697783
854550.0,14.242500305175781,3614.0,3614.0,6.068816184997559,0.0,196.0,0.8284642587562863,0.8026963403681655,0.9964479804039001,254.77880827504427,253.36718075466467,254.8212892513244
854829.0,14.247150421142578,3426.0,3426.0,5.575369358062744,71.0,138.0,0.7792438503332321,0.31871039644358995,0.9966327548027039,254.23738690219582,253.86769258149246,254.4150123678865
855109.0,14.251816749572754,3617.0,3617.0,6.333594799041748,0.0,196.0,0.8284642587562863,0.8026963403681655,0.9964450001716614,254.7786226897197,253.36581077895835,254.82113930858895
855388.0,14.25646686553955,3458.0,3458.0,5.66414213180542,1.0,195.0,0.8280117775447251,0.7951893035313011,0.9966012835502625,254.77848675558153,253.4441584488423,254.82249616179155
855667.0,14.261116981506348,3421.0,3421.0,5.204253673553467,0.0,194.0,0.8265142561299206,0.7975066874770077,0.9966376423835754,254.7704287485167,253.45881562319087,254.8263819924326
855947.0,14.265783309936523,3169.0,3169.0,4.136996269226074,72.0,140.0,0.7852574042919941,0.315509632713893,0.9968852996826172,254.3117745566559,253.95515834101383,254.45634449712094
856226.0,14.27043342590332,3371.0,3371.0,5.024449348449707,0.0,196.0,0.8284642587562863,0.8026963403681655,0.9966868162155151,254.79368108295625,253.4769706077692,254.83330566214352
856505.0,14.275083541870117,3412.0,3412.0,5.208986282348633,72.0,140.0,0.7852574042919941,0.315509632713893,0.9966464638710022,254.25900129901123,253.8750396842556,254.41465688995552
856785.0,14.279749870300293,3236.0,3236.0,6.009945869445801,72.0,140.0,0.7852574042919941,0.315509632713893,0.9968194961547852,254.29723458250075,253.9330842214578,254.44485881748264
857064.0,14.28439998626709,3662.0,3662.0,4.909881591796875,72.0,141.0,0.7879758531449884,0.3167744004196767,0.996400773525238,254.21468881026905,253.79146083276376,254.37293366510764
857343.0,14.289050102233887,3246.0,3246.0,5.206688404083252,29.0,205.0,0.8560992789927544,0.6950918166706184,0.9968096613883972,254.7519461106813,253.62098119740128,254.59746119613064
857623.0,14.293716430664062,3078.0,3078.0,5.250063419342041,72.0,141.0,0.7879758531449884,0.3167744004196767,0.996974766254425,254.3399276403942,253.98419466037802,254.47293612937875
857902.0,14.29836654663086,3582.0,3582.0,4.112270355224609,72.0,140.0,0.7852574042919941,0.315509632713893,0.9964793920516968,254.22208504216619,253.81899461440452,254.38549533196084
858181.0,14.303016662597656,3349.0,3349.0,5.620738983154297,72.0,139.0,0.7825178798032036,0.3143376380761058,0.9967083930969238,254.26359537128238,253.89679787517164,254.4244826042595
858461.0,14.307682991027832,3532.0,3532.0,5.804809093475342,72.0,140.0,0.7852574042919941,0.315509632713893,0.9965285658836365,254.23295051198323,253.835490220051,254.3940783806036
858740.0,14.312333106994629,3118.0,3118.0,6.244320869445801,71.0,138.0,0.7792438503332321,0.31871039644358995,0.9969354271888733,254.30593609077937,253.96947257319374,254.46759529313164
859019.0,14.316983222961426,3404.0,3404.0,5.047947883605957,72.0,139.0,0.7825178798032036,0.3143376380761058,0.9966543316841125,254.25150064800542,253.87867886301714,254.41503029588026
859299.0,14.321649551391602,3425.0,3425.0,4.705280303955078,72.0,140.0,0.7852574042919941,0.315509632713893,0.9966337084770203,254.25618286199202,253.87076082412426,254.41243049915607
859578.0,14.326299667358398,3183.0,3183.0,5.092237949371338,71.0,140.0,0.7846530825339137,0.32092235392258456,0.9968715906143188,254.30871570146542,253.9462415981093,254.4582696151933
859857.0,14.330949783325195,3539.0,3539.0,4.389571189880371,72.0,141.0,0.7879758531449884,0.3167744004196767,0.9965216517448425,254.2410630934979,253.8320490157754,254.3939933740943
860137.0,14.335617065429688,3018.0,3018.0,5.620631217956543,71.0,142.0,0.7899822026902514,0.32349970154729946,0.9970337152481079,254.36099921828696,253.99890136912248,254.48829340741256
860416.0,14.340266227722168,3530.0,3530.0,5.081010341644287,72.0,141.0,0.7879758531449884,0.3167744004196767,0.9965305328369141,254.2430008490211,253.83503108642074,254.39554066040543
860695.0,14.344916343688965,3495.0,3495.0,7.010997295379639,155.0,173.0,0.08652383607276393,0.29484876449701003,0.9965649247169495,254.38232686712837,254.13394397728032,253.86578473851586
860975.0,14.349583625793457,3441.0,3441.0,5.023168563842773,72.0,141.0,0.7879758531449884,0.3167744004196767,0.9966179728507996,254.26207928762895,253.8643914732442,254.41077468066356
861254.0,14.354233741760254,3204.0,3204.0,5.964469909667969,72.0,140.0,0.7852574042919941,0.315509632713893,0.9968509078025818,254.3041753129172,253.94362141439802,254.4503415649187
861533.0,14.358882904052734,3201.0,3201.0,4.057900428771973,72.0,141.0,0.7879758531449884,0.3167744004196767,0.9968538880348206,254.31355335716538,253.94360647736642,254.45187642039207
861813.0,14.363550186157227,3476.0,3476.0,4.360569000244141,72.0,141.0,0.7879758531449884,0.3167744004196767,0.9965835809707642,254.25457536187795,253.85284345470492,254.4047828403848
862092.0,14.368200302124023,3260.0,3260.0,4.138078689575195,72.0,141.0,0.7879758531449884,0.3167744004196767,0.9967958927154541,254.3008994234466,253.92413295563554,254.44177232924605
862371.0,14.37285041809082,2893.0,2893.0,4.277071952819824,71.0,138.0,0.7792438503332321,0.31871039644358995,0.9971566200256348,254.35603180539803,254.04385334302506,254.50602287004867
862651.0,14.377516746520996,3022.0,3022.0,5.287609577178955,72.0,139.0,0.7825178798032036,0.3143376380761058,0.9970297813415527,254.33549696765434,254.00451310509115,254.48067537910075
862930.0,14.382166862487793,3070.0,3070.0,5.019528388977051,72.0,140.0,0.7852574042919941,0.315509632713893,0.9969826340675354,254.3332816017604,253.98780964285714,254.4733337315859
863209.0,14.38681697845459,3002.0,3002.0,5.549763202667236,72.0,139.0,0.7825178798032036,0.3143376380761058,0.9970494508743286,254.339897473367,254.0111054689401,254.4841144769675
863488.0,14.391467094421387,2828.0,2828.0,5.430635929107666,72.0,140.0,0.7852574042919941,0.315509632713893,0.9972204566001892,254.38583096487548,254.0675883901657,254.5148444759308
863768.0,14.396133422851562,3079.0,3079.0,5.848118305206299,72.0,139.0,0.7825178798032036,0.3143376380761058,0.9969738125801086,254.32297552867192,253.9857548334119,254.4708895824435
864047.0,14.40078353881836,3369.0,3369.0,4.812388896942139,155.0,174.0,0.08499994081446928,0.299608869724142,0.9966887831687927,254.4086175407556,254.16069908502487,253.90266187532868
864326.0,14.405433654785156,2844.0,2844.0,3.9605021476745605,72.0,141.0,0.7879758531449884,0.3167744004196767,0.9972047805786133,254.39011420793867,254.06142828870233,254.51300980639044
864606.0,14.410099983215332,3840.0,3840.0,5.238259315490723,72.0,141.0,0.7879758531449884,0.3167744004196767,0.9962258338928223,254.1765189279827,253.7327200452199,254.34245524011945
864885.0,14.414750099182129,3015.0,3015.0,4.1132049560546875,72.0,141.0,0.7879758531449884,0.3167744004196767,0.9970366954803467,254.35343990877428,254.00498909930752,254.48372559566928
865164.0,14.419400215148926,2663.0,2663.0,4.895114898681641,72.0,141.0,0.7879758531449884,0.3167744004196767,0.997382640838623,254.42892133868565,254.12114975719672,254.54399707050104
865444.0,14.424066543579102,3304.0,3304.0,5.195987701416016,72.0,141.0,0.7879758531449884,0.3167744004196767,0.9967526197433472,254.29145774217238,253.90960286645085,254.4342332026562
865723.0,14.428716659545898,2778.0,2778.0,7.58601713180542,72.0,140.0,0.7852574042919941,0.315509632713893,0.9972696304321289,254.39669643469253,254.0840839958122,254.52342752457355
866002.0,14.433366775512695,3225.0,3225.0,5.243748664855957,72.0,140.0,0.7852574042919941,0.315509632713893,0.9968302845954895,254.29961840072727,253.93670325736326,254.44674188633638
866282.0,14.438033103942871,3406.0,3406.0,4.676538467407227,72.0,140.0,0.7852574042919941,0.315509632713893,0.996652364730835,254.2603051553893,253.8770191569332,254.41568685579264
866561.0,14.442683219909668,3459.0,3459.0,6.008796691894531,72.0,140.0,0.7852574042919941,0.315509632713893,0.9966002702713013,254.24879434251645,253.85954381228464,254.406594026079
866840.0,14.447333335876465,3393.0,3393.0,5.174797058105469,72.0,139.0,0.7825178798032036,0.3143376380761058,0.9966651797294617,254.25392759358027,253.88231465156412,254.41692701046134
867120.0,14.45199966430664,3057.0,3057.0,6.5900797843933105,71.0,138.0,0.7792438503332321,0.31871039644358995,0.9969953894615173,254.31951633570156,253.98963615563792,254.47801246973592
867399.0,14.456649780273438,2859.0,2859.0,6.418342113494873,72.0,140.0,0.7852574042919941,0.315509632713893,0.997189998626709,254.37910095872218,254.0573711120016,254.50952818762
867678.0,14.461299896240234,3266.0,3266.0,4.654301166534424,72.0,141.0,0.7879758531449884,0.3167744004196767,0.9967899918556213,254.29961192145464,253.92215157983762,254.44074426652926
867958.0,14.46596622467041,2744.0,2744.0,4.700127124786377,72.0,140.0,0.7852574042919941,0.315509632713893,0.9973030686378479,254.40408495416813,254.0953010076518,254.52926399765062
868237.0,14.470616340637207,3045.0,3045.0,4.960092067718506,71.0,140.0,0.7846530825339137,0.32092235392258456,0.9970071911811829,254.3386793447068,253.991916642203,254.48175086020026
868516.0,14.475266456604004,3086.0,3086.0,4.529971122741699,71.0,140.0,0.7846530825339137,0.32092235392258456,0.9969668984413147,254.32977586214366,253.97834462910086,254.47477357596964
868796.0,14.479933738708496,3100.0,3100.0,3.798492431640625,72.0,140.0,0.7852574042919941,0.315509632713893,0.9969531297683716,254.32676231987017,253.97791227946925,254.46818390240026
869075.0,14.484582901000977,3082.0,3082.0,6.002147197723389,72.0,141.0,0.7879758531449884,0.3167744004196767,0.9969708323478699,254.33906930573295,253.9828737431794,254.47225075423424
869354.0,14.489233016967773,2656.0,2656.0,4.975287437438965,72.0,140.0,0.7852574042919941,0.315509632713893,0.997389554977417,254.42319501077966,254.12431327891613,254.54435975956653
869634.0,14.493900299072266,2582.0,2582.0,3.5703794956207275,72.0,141.0,0.7879758531449884,0.3167744004196767,0.997462272644043,254.44629611304157,254.14788832351994,254.55787072494198
869913.0,14.498550415039062,2613.0,2613.0,3.7310478687286377,72.0,141.0,0.7879758531449884,0.3167744004196767,0.9974318146705627,254.43965052195185,254.13766122217925,254.55256425980775
870192.0,14.503199577331543,2619.0,2619.0,4.844718933105469,72.0,141.0,0.7879758531449884,0.3167744004196767,0.99742591381073,254.43836301995992,254.13567984638132,254.55153619709097
870472.0,14.507866859436035,2511.0,2511.0,4.594059944152832,72.0,140.0,0.7852574042919941,0.315509632713893,0.997532069683075,254.4546851178494,254.17212054328073,254.5692349950875
870751.0,14.512516975402832,3053.0,3053.0,4.158473491668701,72.0,141.0,0.7879758531449884,0.3167744004196767,0.9969993233680725,254.345285729492,253.99244038592082,254.47721453179616
871030.0,14.517167091369629,2568.0,2568.0,4.595599174499512,73.0,142.0,0.7913852650955564,0.3127681471622025,0.9974760413169861,254.45636105017618,254.1550899962274,254.5576910754355
871310.0,14.521833419799805,2815.0,2815.0,5.180485248565674,72.0,141.0,0.7879758531449884,0.3167744004196767,0.9972332715988159,254.39633063169774,254.07099493144375,254.51797358395237
871589.0,14.526483535766602,3070.0,3070.0,4.691732406616211,72.0,140.0,0.7852574042919941,0.315509632713893,0.9969826340675354,254.3332816017604,253.98780964285714,254.4733337315859
871868.0,14.531133651733398,2763.0,2763.0,5.000673294067383,72.0,141.0,0.7879758531449884,0.3167744004196767,0.9972843527793884,254.40747597722395,254.0881468411286,254.5268730763595
872147.0,14.535783767700195,2890.0,2890.0,3.9088826179504395,71.0,139.0,0.7819578203507188,0.3197701981473912,0.9971595406532288,254.36450580606137,254.04406783329594,254.50729789985073
872427.0,14.540450096130371,3180.0,3180.0,3.841205596923828,72.0,140.0,0.7852574042919941,0.315509632713893,0.9968745112419128,254.30939073842939,253.95153930510835,254.4544614282672
872706.0,14.545100212097168,2933.0,2933.0,6.167346000671387,72.0,141.0,0.7879758531449884,0.3167744004196767,0.997117280960083,254.3710227642602,254.03204788798192,254.49776540166042
872985.0,14.549750328063965,2915.0,2915.0,4.0065693855285645,72.0,140.0,0.7852574042919941,0.315509632713893,0.9971349835395813,254.36694480279354,254.03891602835103,254.49992557683544
873265.0,14.55441665649414,2483.0,2483.0,4.80364465713501,72.0,141.0,0.7879758531449884,0.3167744004196767,0.9975595474243164,254.46752038830263,254.1805510033399,254.57481818306147
873544.0,14.559066772460938,2863.0,2863.0,5.743800640106201,71.0,139.0,0.7819578203507188,0.3197701981473912,0.9971860647201538,254.370440018973,254.0529942799266,254.51189872735185
873823.0,14.563716888427734,3057.0,3057.0,5.641025543212891,72.0,140.0,0.7852574042919941,0.315509632713893,0.9969953894615173,254.3361000387796,253.99208850298848,254.47556012238536
874103.0,14.56838321685791,3060.0,3060.0,4.950996398925781,72.0,140.0,0.7852574042919941,0.315509632713893,0.9969924688339233,254.3354546957238,253.99110876398646,254.47505034131444
874382.0,14.573033332824707,3104.0,3104.0,4.577208518981934,72.0,141.0,0.7879758531449884,0.3167744004196767,0.9969491958618164,254.33434846509581,253.97560869858708,254.4684811909393
874661.0,14.577683448791504,3197.0,3197.0,4.871794700622559,72.0,141.0,0.7879758531449884,0.3167744004196767,0.9968578219413757,254.31441169182668,253.94492739456504,254.45256179553658
874941.0,14.58234977722168,2778.0,2778.0,6.434406280517578,72.0,138.0,0.7797586750633084,0.31325945778104347,0.9972696304321289,254.3816419833159,254.08565066714775,254.521860853238
875220.0,14.586999893188477,2836.0,2836.0,4.457920551300049,72.0,140.0,0.7852574042919941,0.315509632713893,0.9972125887870789,254.38409248970478,254.06494909326224,254.51347118814797
875499.0,14.591650009155273,2766.0,2766.0,5.810790061950684,72.0,141.0,0.7879758531449884,0.3167744004196767,0.9972814321517944,254.4068387287633,254.08716616017813,254.52636423723703
875779.0,14.59631633758545,2306.0,2306.0,3.620051383972168,72.0,141.0,0.7879758531449884,0.3167744004196767,0.9977335333824158,254.50548218945897,254.23897156853263,254.6051304564994
876058.0,14.600966453552246,2678.0,2678.0,5.425279140472412,73.0,141.0,0.7886458185458889,0.31138835342910304,0.9973679184913635,254.4257419447837,254.11982133589598,254.53781709469942
876337.0,14.605616569519043,2982.0,2982.0,3.4573864936828613,73.0,142.0,0.7913852650955564,0.3127681471622025,0.9970691204071045,254.3687137928743,254.01887082995614,254.48638057766715
876617.0,14.610282897949219,2927.0,2927.0,4.335412979125977,72.0,141.0,0.7879758531449884,0.3167744004196767,0.9971231818199158,254.37231026625213,254.03402926377984,254.4987934643772
876896.0,14.614933013916016,2320.0,2320.0,4.421379566192627,72.0,141.0,0.7879758531449884,0.3167744004196767,0.9977197647094727,254.50247801814447,254.2343483583375,254.60273164349354
877175.0,14.619583129882812,2527.0,2527.0,3.9556312561035156,73.0,142.0,0.7913852650955564,0.3127681471622025,0.9975163340568542,254.46503975911656,254.1685782277199,254.56475214127576
877455.0,14.624250411987305,2469.0,2469.0,4.380517959594727,72.0,141.0,0.7879758531449884,0.3167744004196767,0.9975733160972595,254.47052455961716,254.18517421353505,254.5772169960673
877734.0,14.628899574279785,3005.0,3005.0,4.073846817016602,155.0,174.0,0.08499994081446928,0.299608869724142,0.9970465302467346,254.47251107522513,254.25137796990384,254.02121935060953
878013.0,14.633549690246582,2502.0,2502.0,3.2862367630004883,72.0,141.0,0.7879758531449884,0.3167744004196767,0.9975408911705017,254.46344980119682,254.174286653595,254.57156784336087
878293.0,14.638216972351074,2346.0,2346.0,5.324264049530029,72.0,140.0,0.7852574042919941,0.315509632713893,0.997694194316864,254.4905082425795,254.2265060552304,254.59753304637024
878572.0,14.642867088317871,2597.0,2597.0,4.419095993041992,72.0,140.0,0.7852574042919941,0.315509632713893,0.9974474906921387,254.43599650976407,254.14374810156878,254.55447215142195
878851.0,14.647516250610352,2695.0,2695.0,6.019460678100586,155.0,174.0,0.08499994081446928,0.299608869724142,0.9973512291908264,254.52693022687595,254.3286106355988,254.12219666044552
879131.0,14.652183532714844,2640.0,2640.0,5.61160945892334,80.0,142.0,0.7971541651886936,0.27543262255141765,0.9974052309989929,254.44145691102116,254.15608947687326,254.52057833261313
879410.0,14.65683364868164,2591.0,2591.0,4.459344387054443,72.0,138.0,0.7797586750633084,0.31325945778104347,0.9974533915519714,254.423259119306,254.14718880444215,254.55404088706328
879689.0,14.661483764648438,2892.0,2892.0,4.346820831298828,72.0,140.0,0.7852574042919941,0.315509632713893,0.9971575736999512,254.37193633377615,254.04649400961168,254.50386857736342
879969.0,14.666150093078613,2989.0,2989.0,4.394601345062256,72.0,141.0,0.7879758531449884,0.3167744004196767,0.9970622658729553,254.35901908407268,254.0135750610984,254.4881805341088
880248.0,14.67080020904541,2987.0,2987.0,5.339559555053711,155.0,175.0,0.08352384117184013,0.3043955822796083,0.9970642328262329,254.4792561830549,254.25190031851702,254.02350255832388
880527.0,14.675450325012207,2919.0,2919.0,4.297712802886963,72.0,141.0,0.7879758531449884,0.3167744004196767,0.9971310496330261,254.3740269355747,254.03667109817704,254.50016421466628
880806.0,14.680100440979004,2498.0,2498.0,4.740349292755127,72.0,140.0,0.7852574042919941,0.315509632713893,0.9975448250770569,254.45750355486857,254.17639940341206,254.57146138588695
881086.0,14.68476676940918,2846.0,2846.0,4.006007671356201,72.0,141.0,0.7879758531449884,0.3167744004196767,0.9972028136253357,254.38968504060804,254.06076783010303,254.51266711881817
881365.0,14.689416885375977,2770.0,2770.0,4.230525493621826,72.0,141.0,0.7879758531449884,0.3167744004196767,0.9972774982452393,254.405980394102,254.08584524297953,254.5256788620925
881644.0,14.694067001342773,2307.0,2307.0,3.1619834899902344,73.0,141.0,0.7886458185458889,0.31138835342910304,0.9977325201034546,254.5052894101647,254.24174558436908,254.60183966839276
881924.0,14.69873332977295,2732.0,2732.0,3.601501226425171,72.0,140.0,0.7852574042919941,0.315509632713893,0.9973148107528687,254.40667949665774,254.09923995833347,254.53131352562954
882203.0,14.703383445739746,2905.0,2905.0,3.7360730171203613,72.0,141.0,0.7879758531449884,0.3167744004196767,0.9971448183059692,254.37703110688923,254.04129430837213,254.50256302767218
882482.0,14.708033561706543,2596.0,2596.0,4.275901794433594,73.0,142.0,0.7913852650955564,0.3127681471622025,0.9974485039710999,254.45042974317843,254.1458717078405,254.5528653174204
882762.0,14.712699890136719,2876.0,2876.0,3.5744717121124268,73.0,142.0,0.7913852650955564,0.3127681471622025,0.9971733093261719,254.3911551881817,254.05374868298708,254.50463907336058
883041.0,14.717350006103516,2567.0,2567.0,4.09056282043457,72.0,141.0,0.7879758531449884,0.3167744004196767,0.9974769949913025,254.44950836548608,254.15283175606623,254.56043568949804
883320.0,14.722000122070312,2603.0,2603.0,3.54671573638916,72.0,141.0,0.7879758531449884,0.3167744004196767,0.9974416494369507,254.44179635860507,254.14096351517574,254.5542776976691
883600.0,14.726666450500488,2443.0,2443.0,4.627608299255371,73.0,141.0,0.7886458185458889,0.31138835342910304,0.9975988864898682,254.47613371008555,254.1970579654257,254.57837414440706
883879.0,14.731316566467285,2545.0,2545.0,4.142889022827148,73.0,142.0,0.7913852650955564,0.3127681471622025,0.997498631477356,254.46122677604657,254.16265218518546,254.56164986826607
884158.0,14.735966682434082,3112.0,3112.0,4.654365539550781,73.0,143.0,0.7940998514033959,0.31423977455004903,0.996941328048706,254.3497424248257,253.97494377439875,254.46513353044134
884438.0,14.740633010864258,2602.0,2602.0,3.077564001083374,73.0,142.0,0.7913852650955564,0.3127681471622025,0.9974426031112671,254.4491587488218,254.143896360329,254.55183122641722
884717.0,14.745283126831055,2923.0,2923.0,3.1938395500183105,72.0,141.0,0.7879758531449884,0.3167744004196767,0.997127115726471,254.37316860091343,254.0353501809784,254.49947883952177
884996.0,14.749933242797852,2736.0,2736.0,4.7967400550842285,73.0,142.0,0.7913852650955564,0.3127681471622025,0.9973108768463135,254.42078604651667,254.0998002189112,254.52874697270866
885276.0,14.754599571228027,2660.0,2660.0,4.670727729797363,72.0,141.0,0.7879758531449884,0.3167744004196767,0.9973856210708618,254.42957159221694,254.12215045204414,254.5445162940954
885555.0,14.759249687194824,2605.0,2605.0,6.5399603843688965,155.0,175.0,0.08352384117184013,0.3043955822796083,0.9974396824836731,254.5458531153434,254.34757335814146,254.1483849513299
885834.0,14.763899803161621,2694.0,2694.0,4.406900882720947,73.0,143.0,0.7940998514033959,0.31423977455004903,0.9973521828651428,254.43708799863654,254.11263401843706,254.53697924278578
886114.0,14.768567085266113,2938.0,2938.0,4.468622207641602,72.0,141.0,0.7879758531449884,0.3167744004196767,0.9971123933792114,254.3699563484689,254.03040674843214,254.49691387496568
886393.0,14.773216247558594,2957.0,2957.0,3.747886896133423,73.0,142.0,0.7913852650955564,0.3127681471622025,0.997093677520752,254.37400318353028,254.02709146808473,254.49068406749876
886672.0,14.77786636352539,2743.0,2743.0,5.47836971282959,72.0,141.0,0.7879758531449884,0.3167744004196767,0.9973040223121643,254.4117676505304,254.09475142712162,254.53029995208217
886952.0,14.782533645629883,2539.0,2539.0,3.5808298587799072,79.0,143.0,0.7992312128246842,0.28238017297874024,0.9975045323371887,254.46981261665647,254.1839647454598,254.54334674650644
887231.0,14.78718376159668,2313.0,2313.0,4.637531280517578,74.0,143.0,0.7948814996238553,0.3089091073460075,0.9977266788482666,254.51674823374873,254.24122945634633,254.59937675626963
887510.0,14.79183292388916,2797.0,2797.0,4.582799911499023,72.0,141.0,0.7879758531449884,0.3167744004196767,0.9972509741783142,254.40019313767357,254.07693905883744,254.5210577721028
887790.0,14.796500205993652,2712.0,2712.0,7.418702602386475,72.0,140.0,0.7852574042919941,0.315509632713893,0.9973344802856445,254.4110256845846,254.10583820059205,254.53474674508666
888069.0,14.80115032196045,2970.0,2970.0,4.416456699371338,72.0,141.0,0.7879758531449884,0.3167744004196767,0.99708092212677,254.36308967117856,254.0198394108433,254.4914308738094
888348.0,14.805800437927246,2762.0,2762.0,4.012063503265381,74.0,143.0,0.7948814996238553,0.3089091073460075,0.9972853660583496,254.42293606601604,254.09393168221914,254.52160500753916
888628.0,14.810466766357422,2359.0,2359.0,3.692664384841919,72.0,141.0,0.7879758531449884,0.3167744004196767,0.9976814389228821,254.49411575773212,254.22147942259963,254.59605442807023
888907.0,14.815116882324219,3068.0,3068.0,3.807985544204712,74.0,143.0,0.7948814996238553,0.3089091073460075,0.996984601020813,254.35900086904428,253.99354478753435,254.46860173308028
889186.0,14.819766998291016,2859.0,2859.0,3.8257455825805664,73.0,140.0,0.785882813455372,0.31010161919167395,0.997189998626709,254.3791290578863,254.06124622598477,254.5056530736368
889465.0,14.824417114257812,3106.0,3106.0,4.386346340179443,73.0,140.0,0.785882813455372,0.31010161919167395,0.9969472289085388,254.3254889902801,253.98014271076408,254.4629440325907
889745.0,14.829083442687988,3077.0,3077.0,5.0781941413879395,71.0,138.0,0.7792438503332321,0.31871039644358995,0.9969757199287415,254.31506158339113,253.9830218592099,254.47459530444823
890024.0,14.833733558654785,3048.0,3048.0,4.8739914894104,72.0,140.0,0.7852574042919941,0.315509632713893,0.9970042705535889,254.33806240847989,253.9950677093416,254.4771102729887
890303.0,14.838383674621582,2492.0,2492.0,2.924448251724243,73.0,142.0,0.7913852650955564,0.3127681471622025,0.9975507259368896,254.4724474737003,254.1800911117009,254.57077911611282
890583.0,14.843050003051758,2883.0,2883.0,3.7105326652526855,72.0,141.0,0.7879758531449884,0.3167744004196767,0.9971663951873779,254.38173894245574,254.0485393390675,254.50632220649524
890862.0,14.847700119018555,2938.0,2938.0,5.207479953765869,71.0,138.0,0.7792438503332321,0.31871039644358995,0.9971123933792114,254.34601536232415,254.02898119772328,254.49833942567454
891141.0,14.852350234985352,2895.0,2895.0,3.8292346000671387,72.0,141.0,0.7879758531449884,0.3167744004196767,0.9971546530723572,254.3791769435425,254.04459660136862,254.50427646553354
891421.0,14.857016563415527,2234.0,2234.0,4.9027557373046875,74.0,143.0,0.7948814996238553,0.3089091073460075,0.9978042840957642,254.53324518706964,254.26713190122933,254.6130529876104
891700.0,14.861666679382324,2372.0,2372.0,4.687298774719238,80.0,143.0,0.8002008948582208,0.27710260120673746,0.9976686835289001,254.5047515496406,254.24078076598317,254.5702478337559
891979.0,14.866316795349121,2781.0,2781.0,4.747994422912598,79.0,143.0,0.7992312128246842,0.28238017297874024,0.9972666501998901,254.41927214690884,254.10617563468355,254.49981596726042
892259.0,14.870983123779297,2698.0,2698.0,3.8520050048828125,78.0,144.0,0.8012081911747834,0.289373502970561,0.9973482489585876,254.44404442692152,254.12813013003571,254.51947683884399
892538.0,14.875633239746094,2325.0,2325.0,3.8523311614990234,73.0,142.0,0.7913852650955564,0.3127681471622025,0.9977148771286011,254.5078042258036,254.23504168792925,254.5995456476573
892817.0,14.88028335571289,2733.0,2733.0,4.247047424316406,73.0,142.0,0.7913852650955564,0.3127681471622025,0.9973138570785522,254.42142796285842,254.10079786916953,254.52926924089212
893097.0,14.884949684143066,2962.0,2962.0,3.655862331390381,71.0,140.0,0.7846530825339137,0.32092235392258456,0.9970887899398804,254.3567102139804,254.01940197642907,254.49588089290992
893376.0,14.889599800109863,2754.0,2754.0,3.3839948177337646,72.0,141.0,0.7879758531449884,0.3167744004196767,0.99729323387146,254.40941373274717,254.09112891177392,254.52842036267066
893655.0,14.89424991607666,2683.0,2683.0,5.287400245666504,71.0,137.0,0.7765125710154394,0.3177438729247788,0.9973629713058472,254.39553520224436,254.11389325686608,254.54122210911598
893935.0,14.898916244506836,2949.0,2949.0,4.652312755584717,73.0,140.0,0.785882813455372,0.31010161919167395,0.9971015453338623,254.3595852669883,254.03169611142857,254.4900920088412
894214.0,14.903566360473633,2813.0,2813.0,4.8971381187438965,73.0,141.0,0.7886458185458889,0.31138835342910304,0.9972352385520935,254.39679431392904,254.07545262948742,254.51451903208027
894493.0,14.90821647644043,2438.0,2438.0,4.620133876800537,72.0,141.0,0.7879758531449884,0.3167744004196767,0.9976037740707397,254.47717015070688,254.1954013148757,254.58252346120156
894773.0,14.912883758544922,2722.0,2722.0,3.7993087768554688,72.0,141.0,0.7879758531449884,0.3167744004196767,0.9973246455192566,254.41626740496687,254.10167623546582,254.53389297935504
895052.0,14.917532920837402,2681.0,2681.0,3.210315704345703,79.0,142.0,0.7962362172629888,0.2807415894760069,0.9973649382591248,254.43272420651536,254.1394175435941,254.51670096855952
895331.0,14.9221830368042,2661.0,2661.0,3.5828146934509277,79.0,144.0,0.8021906166171345,0.28411757939890125,0.9973846077919006,254.45174713018642,254.14358986658195,254.52256010728738
895611.0,14.926850318908691,2828.0,2828.0,2.827974319458008,74.0,143.0,0.7948814996238553,0.3089091073460075,0.9972204566001892,254.40913792303107,254.07226673407965,254.51016613201685
895890.0,14.931500434875488,2576.0,2576.0,3.634384870529175,73.0,143.0,0.7940998514033959,0.31423977455004903,0.9974681735038757,254.46174699858372,254.1515060937161,254.55726239326052
896169.0,14.936149597167969,2410.0,2410.0,3.456840991973877,73.0,143.0,0.7940998514033959,0.31423977455004903,0.997631311416626,254.49642926109934,254.20617868880282,254.58579013367643
896449.0,14.940816879272461,2142.0,2142.0,4.816075801849365,155.0,175.0,0.08352384117184013,0.3043955822796083,0.9978947043418884,254.62656449510055,254.46352318898647,254.29973471926255
896728.0,14.945466995239258,2503.0,2503.0,4.049736022949219,73.0,142.0,0.7913852650955564,0.3127681471622025,0.9975399374961853,254.47012373654317,254.1764796177658,254.5688885052887
897007.0,14.950117111206055,2657.0,2657.0,4.031984329223633,79.0,144.0,0.8021906166171345,0.28411757939890125,0.9973885416984558,254.4525717772706,254.14487802421556,254.5232782419969
897287.0,14.95478343963623,2807.0,2807.0,4.325558185577393,73.0,142.0,0.7913852650955564,0.3127681471622025,0.9972411394119263,254.40576520411983,254.07645520286647,254.51652589721593
897566.0,14.959433555603027,2743.0,2743.0,5.951274394989014,156.0,174.0,0.08751185199778944,0.3024696501689986,0.9973040223121643,254.52046580376813,254.3229522693795,254.10458557543566
897845.0,14.964083671569824,2930.0,2930.0,4.965460300445557,80.0,144.0,0.8032100345706658,0.27887288937350624,0.997120201587677,254.396413946043,254.06086149032294,254.47044131939234
898124.0,14.968733787536621,2804.0,2804.0,5.079074859619141,72.0,141.0,0.7879758531449884,0.3167744004196767,0.9972440600395203,254.39868454948098,254.07461744679142,254.5198531733639
898404.0,14.973400115966797,2690.0,2690.0,3.489071846008301,73.0,143.0,0.7940998514033959,0.31423977455004903,0.997356116771698,254.43792432648678,254.1139523930354,254.5376671605306
898683.0,14.978050231933594,2763.0,2763.0,4.152537822723389,72.0,141.0,0.7879758531449884,0.3167744004196767,0.9972843527793884,254.40747597722395,254.0881468411286,254.5268730763595
898962.0,14.98270034790039,2639.0,2639.0,4.991297245025635,72.0,140.0,0.7852574042919941,0.315509632713893,0.9974062442779541,254.42688268538421,254.12991178749922,254.54727279425737
899242.0,14.987366676330566,2591.0,2591.0,3.4673550128936768,72.0,140.0,0.7852574042919941,0.315509632713893,0.9974533915519714,254.43730036614213,254.14572757424634,254.5555021172591
899521.0,14.992016792297363,2468.0,2468.0,3.4073965549468994,73.0,142.0,0.7913852650955564,0.3127681471622025,0.9975743293762207,254.4775314511269,254.18799250174683,254.57491548012572
899800.0,14.99666690826416,2613.0,2613.0,3.1957709789276123,73.0,142.0,0.7913852650955564,0.3127681471622025,0.9974318146705627,254.44683501166466,254.14028486639387,254.54994061559313
