Input File Name,Date Created,Time Range[min],m/z Range,Noise Limit[cts],a
GrobMix_VF200_GC.csv,20240701_093240,[2-15],[50-200],0.0,1.0
RT(ms),RT(min),TIC[cts],TIC[cts] denoised,Difference,x,y,H,S,L,R,G,B
125512.0,2.0918667316436768,18875.0,18875.0,77.86894226074219,1.0,155.0,0.7840688159108122,0.7179470068550023,0.9789912104606628,251.21519071215715,245.79654328777846,253.4889740471596
125791.0,2.0965166091918945,24870.0,24870.0,8.862853050231934,163.0,72.0,0.4094316856493291,0.36537993792603224,0.9723185300827026,245.36209046226787,250.52035987991047,247.71730528317542
126070.0,2.1011667251586914,24421.0,24421.0,8.162031173706055,127.0,8.0,0.5006659163780023,0.6627450980392157,0.9728182554244995,243.47494029998782,252.62566160718686,252.66236996650693
126350.0,2.1058332920074463,24099.0,24099.0,9.516261100769043,76.0,4.0,0.5628787055125736,0.7420888667791858,0.9731766581535339,243.0841954738621,249.40594387875794,253.2359001844402
126629.0,2.110483407974243,24929.0,24929.0,8.60396957397461,162.0,73.0,0.4101807326806733,0.3577235900229399,0.9722528457641602,245.39339370518883,250.45555763453285,247.72747850342884
126908.0,2.115133285522461,23537.0,23537.0,8.274200439453125,78.0,4.0,0.5606705349386576,0.7378908396203967,0.9738022089004517,243.39013020160058,249.66014024346075,253.24899633762976
127188.0,2.119800090789795,23570.0,23570.0,7.650655746459961,162.0,71.0,0.4127526345773371,0.36714344591837,0.97376549243927,245.85408455752028,250.76631658650743,248.19484076926372
127467.0,2.1244499683380127,23411.0,23411.0,8.872976303100586,76.0,5.0,0.5633396726488251,0.736973246157356,0.9739424586296082,243.45838068364264,249.53022153515988,253.2522732174575
127746.0,2.1291000843048096,22301.0,22301.0,9.366640090942383,75.0,4.0,0.5639733438250351,0.7442409931612047,0.9751779437065125,243.95960972897765,249.7647801897209,253.3811415613437
128026.0,2.1337666511535645,21821.0,21821.0,8.733633995056152,69.0,4.0,0.5704060442831853,0.7578780145691787,0.9757121801376343,244.11276873774335,249.53474901755104,253.50044313245013
128305.0,2.1384167671203613,22126.0,22126.0,9.090290069580078,73.0,4.0,0.5661434840304798,0.7486499447108067,0.9753727316856384,244.0185597990469,249.68986077097162,253.4215333606287
128584.0,2.143066644668579,22172.0,22172.0,8.70140266418457,128.0,8.0,0.4993340836219977,0.6627450980392157,0.9753215312957764,244.5363292694092,252.87765169143674,252.8443239521466
128864.0,2.147733449935913,28100.0,28100.0,8.022324562072754,67.0,1.0,0.5709999032550662,0.7776679221588997,0.9687233567237854,240.82213120644198,247.9424072292895,253.22678072268857
129143.0,2.152383327484131,37029.0,37029.0,3.875051498413086,103.0,31.0,0.5395711275567816,0.5521618760913225,0.9587849378585815,238.68702571495567,247.53765419040485,250.29329259292092
129422.0,2.1570334434509277,34035.0,34035.0,4.465281963348389,103.0,31.0,0.5395711275567816,0.5521618760913225,0.9621174335479736,240.00603176909047,248.14103154691352,250.67385934037608
129701.0,2.1616833209991455,29058.0,29058.0,6.9591593742370605,28.0,0.0,0.6054672165574752,0.896942561843535,0.9676570296287537,239.3550469462163,244.7877189077729,254.15003816444806
129981.0,2.1663498878479004,26553.0,26553.0,9.181560516357422,29.0,3.0,0.6065272213426133,0.8804336424131067,0.9704452157020569,240.8281682745307,245.6167319617652,254.09889173351831
130260.0,2.1710000038146973,24574.0,24574.0,10.022245407104492,30.0,4.0,0.6063615644228975,0.8726437489886587,0.9726479649543762,241.93874255017195,246.34329829529622,254.11171957655992
130539.0,2.175649881362915,22886.0,22886.0,10.83930778503418,70.0,4.0,0.5693502134320475,0.7555205003514893,0.9745267629623413,243.5967085933697,249.32780994451494,253.41194051742437
130819.0,2.180316686630249,22625.0,22625.0,8.199563026428223,29.0,1.0,0.6052953529783691,0.8891589362957657,0.9748172760009766,242.86858713882864,247.07361569559714,254.2882236216694
131098.0,2.184966564178467,20660.0,20660.0,9.443239212036133,73.0,4.0,0.5661434840304798,0.7486499447108067,0.9770044088363647,244.7461339996948,250.04168350407306,253.52611450685123
131377.0,2.1896166801452637,21749.0,21749.0,9.297643661499023,73.0,3.0,0.5656706878414983,0.7537271224809404,0.9757923483848572,244.17432812169335,249.81320111718364,253.4797695545838
131657.0,2.1942832469940186,21363.0,21363.0,9.912858963012695,76.0,4.0,0.5628787055125736,0.7420888667791858,0.9762219786643982,244.4370263080886,250.04105094119834,253.43618281075447
131936.0,2.1989333629608154,21981.0,21981.0,8.062501907348633,164.0,76.0,0.4018704317566764,0.3500755122583813,0.9755340814590454,246.57713643570196,250.9452451084112,248.37340139985395
132215.0,2.203583240509033,23001.0,23001.0,10.431575775146484,163.0,72.0,0.4094316856493291,0.36537993792603224,0.9743987917900085,246.08637910046966,250.8570047124347,248.2645995919918
132495.0,2.208250045776367,22598.0,22598.0,8.723599433898926,165.0,77.0,0.3983426974737801,0.3488433130432327,0.9748473167419434,246.3486077024803,250.8235238359108,248.09407641697717
132774.0,2.212899923324585,22222.0,22222.0,8.925582885742188,109.0,1.0,0.5231117847704707,0.7090235120489419,0.9752658605575562,244.22083740635443,251.92449257582257,253.1647514779992
133053.0,2.217550039291382,22377.0,22377.0,9.46583080291748,109.0,1.0,0.5231117847704707,0.7090235120489419,0.9750933051109314,244.1456375709239,251.90303658143023,253.15194803565112
133333.0,2.2222166061401367,21252.0,21252.0,9.137282371520996,69.0,28.0,0.5845915576053085,0.6401292641469986,0.9763454794883728,245.1068998132763,248.90979824123482,252.82929472579383
133612.0,2.2268667221069336,20954.0,20954.0,8.796243667602539,166.0,76.0,0.3978311368024974,0.3566040863940154,0.9766771793365479,246.93184237634014,251.17351908529926,248.5733153608652
133891.0,2.2315165996551514,19457.0,19457.0,9.43785572052002,128.0,8.0,0.4993340836219977,0.6627450980392157,0.9783434271812439,245.81761312484744,253.13753473758695,253.10828800346124
134171.0,2.2361834049224854,20461.0,20461.0,9.053942680358887,164.0,75.0,0.40330972736118803,0.3546147684275545,0.9772258996963501,247.1332161847115,251.25199266042705,248.8625189381755
134450.0,2.240833282470703,19525.0,19525.0,10.12210464477539,163.0,71.0,0.4107169171472172,0.3700639511635633,0.9782677292823792,247.40747682477937,251.509065109234,249.3118504294602
134729.0,2.2454833984375,18867.0,18867.0,8.559585571289062,165.0,76.0,0.39983212500875426,0.35331135271448555,0.9790001511573792,247.75306986977822,251.53700722048515,249.26283343936325
135009.0,2.250149965286255,19227.0,19227.0,8.807032585144043,163.0,71.0,0.4107169171472172,0.3700639511635633,0.9785994291305542,247.52336157595005,251.5623472806326,249.39866870875832
135288.0,2.2548000812530518,18030.0,18030.0,9.015583992004395,76.0,4.0,0.5628787055125736,0.7420888667791858,0.9799317717552185,246.08503756468954,250.81473495369133,253.6801660304719
135567.0,2.2594499588012695,17927.0,17927.0,9.02380657196045,72.0,4.0,0.5672188977378395,0.7509061551388774,0.9800463914871216,246.09109152958027,250.65065832429661,253.73256812885174
135847.0,2.2641167640686035,29282.0,29282.0,4.8184967041015625,103.0,30.0,0.5391815493453757,0.5575389432161796,0.9674077033996582,242.05523834300945,249.144011612514,251.32269039081623
136126.0,2.2687666416168213,33673.0,33673.0,3.4528403282165527,103.0,31.0,0.5395711275567816,0.5521618760913225,0.9625203609466553,240.16551094859238,248.21398506023849,250.7198731342018
136405.0,2.273416757583618,31494.0,31494.0,3.8901333808898926,103.0,31.0,0.5395711275567816,0.5521618760913225,0.9649456739425659,241.12545293290194,248.65310909236754,250.99684077780668
136685.0,2.278083324432373,27167.0,27167.0,5.4019551277160645,102.0,29.0,0.5403174063713011,0.5642836111819302,0.969761848449707,242.93823354984752,249.53523844773343,251.64030915950306
136964.0,2.28273344039917,23902.0,23902.0,5.60863733291626,103.0,31.0,0.5395711275567816,0.5521618760913225,0.9733959436416626,244.47008048265695,250.1831039875016,251.96185077459097
137243.0,2.2873833179473877,21935.0,21935.0,8.811422348022461,100.0,25.0,0.5417176684198629,0.5885620007766131,0.9755852818489075,245.1100051538034,250.60412513728457,252.4384885891394
137523.0,2.2920498847961426,21724.0,21724.0,9.443530082702637,70.0,4.0,0.5693502134320475,0.7555205003514893,0.9758201241493225,244.17569172328635,249.61580594801066,253.49257159286813
137802.0,2.2967000007629395,20976.0,20976.0,9.634090423583984,99.0,24.0,0.5427654145944308,0.5953685143002351,0.9766526818275452,245.50186804205057,250.77198176576377,252.59099968999746
138081.0,2.3013501167297363,19383.0,19383.0,8.344751358032227,71.0,4.0,0.5682878198571557,0.7531964436569046,0.9784258008003235,245.3549286255373,250.24669941152337,253.64222978262768
138360.0,2.305999994277954,18090.0,18090.0,8.722678184509277,71.0,3.0,0.5678035336372295,0.7582431787924724,0.9798649549484253,245.97241206776434,250.59108185720712,253.75871495593256
138640.0,2.310666561126709,18343.0,18343.0,10.221077919006348,70.0,5.0,0.5698466267518859,0.7504964395688093,0.9795833826065063,245.88649990588593,250.42611582484534,253.7010252234323
138919.0,2.315316677093506,18046.0,18046.0,10.318180084228516,72.0,4.0,0.5672188977378395,0.7509061551388774,0.9799139499664307,246.031958897768,250.62178969007624,253.72415558511165
139198.0,2.3199665546417236,17715.0,17715.0,10.385229110717773,71.0,5.0,0.5687786350843935,0.7481567764122057,0.9802823662757874,246.21027367250196,250.62901349331628,253.7337331281496
139478.0,2.3246333599090576,16769.0,16769.0,8.776481628417969,127.0,8.0,0.5006659163780023,0.6627450980392157,0.9813352823257446,247.08615970611575,253.36962798168054,253.394834280014
139757.0,2.3292832374572754,17965.0,17965.0,8.893655776977539,73.0,3.0,0.5656706878414983,0.7537271224809404,0.980004072189331,246.057812760111,250.71561679430414,253.74426405644783
140036.0,2.3339333534240723,17221.0,17221.0,9.697723388671875,128.0,8.0,0.4993340836219977,0.6627450980392157,0.9808322191238403,246.87286090850833,253.35157084465024,253.32568517032144
140316.0,2.338599920272827,17079.0,17079.0,8.761838912963867,75.0,4.0,0.5639733438250351,0.7442409931612047,0.9809902310371399,246.5448073346362,250.99064969128665,253.76021049430514
140595.0,2.343250036239624,16498.0,16498.0,9.5758638381958,73.0,4.0,0.5661434840304798,0.7486499447108067,0.9816369414329529,246.81180685626296,251.04055161875348,253.823033274543
140874.0,2.347899913787842,16467.0,16467.0,10.55247688293457,74.0,3.0,0.5645947490624071,0.751520309675953,0.9816714525222778,246.81378009570693,251.1160382953106,253.83866069065476
141154.0,2.352566719055176,17078.0,17078.0,8.650440216064453,75.0,4.0,0.5639733438250351,0.7442409931612047,0.9809913635253906,246.5453110444062,250.99088854437986,253.76028435354303
141433.0,2.3572165966033936,15751.0,15751.0,9.619702339172363,73.0,4.0,0.5661434840304798,0.7486499447108067,0.9824683666229248,247.18254411744422,251.21982377597843,253.87632286024743
141712.0,2.3618667125701904,16828.0,16828.0,9.465880393981934,127.0,8.0,0.5006659163780023,0.6627450980392157,0.9812696576118469,247.05833482742312,253.36389563152576,253.3891905546188
141992.0,2.3665332794189453,15278.0,15278.0,8.948334693908691,75.0,4.0,0.5639733438250351,0.7442409931612047,0.9829948544502258,247.43642664953978,251.41344480867144,253.8909491200754
142271.0,2.371183395385742,15315.0,15315.0,10.091926574707031,74.0,3.0,0.5645947490624071,0.751520309675953,0.982953667640686,247.38646568012965,251.38774964740352,253.91990481662023
142550.0,2.37583327293396,14538.0,14538.0,8.178522109985352,76.0,4.0,0.5628787055125736,0.7420888667791858,0.983818531036377,247.81166298293653,251.6253255830399,253.93578784561572
142830.0,2.380500078201294,15430.0,15430.0,10.023879051208496,71.0,5.0,0.5687786350843935,0.7481567764122057,0.9828256964683533,247.34403934975288,251.19281653932254,253.8970658491073
143109.0,2.3851499557495117,15807.0,15807.0,7.725856781005859,58.0,229.0,0.9044428436567596,0.682228972286198,0.9824060797691345,253.57433628111443,247.45276440114418,250.96252440834837
143388.0,2.3898000717163086,15114.0,15114.0,9.514904975891113,165.0,77.0,0.3983426974737801,0.3488433130432327,0.9831774234771729,249.21378993800175,252.2066960353564,250.3811914719283
143668.0,2.3944666385650635,15719.0,15719.0,9.81210994720459,74.0,4.0,0.5650616185125749,0.7464281213938389,0.9825040102005005,247.20835040764624,251.26869808060738,253.868694794609
143947.0,2.3991167545318604,14736.0,14736.0,9.291648864746094,75.0,3.0,0.5635125225608323,0.7493480442020789,0.9835981130599976,247.68338474587222,251.56297177377627,253.95165291472654
144226.0,2.403766632080078,15186.0,15186.0,8.691540718078613,165.0,76.0,0.39983212500875426,0.35331135271448555,0.98309725522995,249.16695752071723,252.21264264655724,250.3821638048702
144506.0,2.408433437347412,15153.0,15153.0,9.447076797485352,76.0,4.0,0.5628787055125736,0.7420888667791858,0.9831339716911316,247.5075593633661,251.4825595020071,253.890766199111
144785.0,2.41308331489563,14621.0,14621.0,8.83294677734375,77.0,4.0,0.5617777520620542,0.7399720476448116,0.9837261438369751,247.77940601808086,251.64447105017393,253.92092733877644
145064.0,2.4177334308624268,14171.0,14171.0,8.02403450012207,77.0,4.0,0.5617777520620542,0.7399720476448116,0.9842270016670227,248.0016330672332,251.74774362009444,253.95413778294838
145344.0,2.4223999977111816,14428.0,14428.0,9.490572929382324,76.0,5.0,0.5633396726488251,0.736973246157356,0.9839409589767456,247.8869982228342,251.62902207440072,253.92289085530606
145623.0,2.4270501136779785,15936.0,15936.0,9.869842529296875,75.0,4.0,0.5639733438250351,0.7442409931612047,0.9822624921798706,247.11068549462126,251.25898228466733,253.84318551711274
145902.0,2.4316999912261963,15048.0,15048.0,9.495721817016602,72.0,4.0,0.5672188977378395,0.7509061551388774,0.9832508563995361,247.52182445104395,251.3491441537093,253.93611231271947
146182.0,2.436366558074951,15010.0,15010.0,9.88052749633789,72.0,5.0,0.567703991482071,0.7458510127227463,0.9832931756973267,247.56225533730816,251.33570744512272,253.91726426832844
146461.0,2.441016674041748,14888.0,14888.0,9.401427268981934,75.0,4.0,0.5639733438250351,0.7442409931612047,0.983428955078125,247.62950655767617,251.50500097065745,253.91926053216758
146740.0,2.445666551589966,14833.0,14833.0,9.37942886352539,75.0,4.0,0.5639733438250351,0.7442409931612047,0.9834901690483093,247.65673339629433,251.5179116089054,253.92325281834343
147019.0,2.4503166675567627,14688.0,14688.0,8.612212181091309,76.0,4.0,0.5628787055125736,0.7420888667791858,0.9836515784263611,247.7374971807235,251.5905073163466,253.92480781672066
147299.0,2.4549832344055176,14845.0,14845.0,8.184928894042969,56.0,229.0,0.9023273637945367,0.688556430300795,0.9834768176078796,253.6877600787168,247.88541690130182,251.28579782714323
147578.0,2.4596333503723145,14961.0,14961.0,8.617086410522461,127.0,8.0,0.5006659163780023,0.6627450980392157,0.9833477139472961,247.9394307136536,253.5454148465997,253.56790339946744
147857.0,2.4642832279205322,14098.0,14098.0,8.45419692993164,69.0,4.0,0.5704060442831853,0.7578780145691787,0.9843082427978516,247.9660302761184,251.46903707490526,254.0311735507859
148137.0,2.468950033187866,14401.0,14401.0,9.555828094482422,77.0,4.0,0.5617777520620542,0.7399720476448116,0.9839709997177124,247.88804682706785,251.69495822347315,253.93716302896547
148416.0,2.473599910736084,15546.0,15546.0,10.136585235595703,76.0,5.0,0.5633396726488251,0.736973246157356,0.982696533203125,247.33580698255426,251.36780275209827,253.8394249510395
148695.0,2.478250026702881,18042.0,18042.0,10.891923904418945,53.0,233.0,0.9021437426445024,0.7162742682618767,0.979918360710144,253.54709216048602,246.21127180168745,250.51840735135318
148975.0,2.4829165935516357,21074.0,21074.0,14.354141235351562,74.0,4.0,0.5650616185125749,0.7464281213938389,0.9765436053276062,244.55394864299282,249.99754563953633,253.48329007408634
149254.0,2.4875667095184326,22550.0,22550.0,12.222232818603516,132.0,188.0,0.011816212322553248,0.336455962020418,0.9749007821083069,250.75311872055423,246.75162326828212,246.44628015468228
149533.0,2.4922165870666504,20809.0,20809.0,11.94039535522461,132.0,188.0,0.011816212322553248,0.336455962020418,0.9768385887145996,251.08100282574676,247.3884462557906,247.10667741869904
149813.0,2.4968833923339844,20361.0,20361.0,11.41014289855957,58.0,228.0,0.9037069518519272,0.6776602213681718,0.9773372411727905,253.13719729079494,245.30479570732822,249.83003064407902
150092.0,2.501533269882202,18371.0,18371.0,12.035539627075195,64.0,92.0,0.6688677875801591,0.4034644281599869,0.9795522093772888,247.73764157489063,247.68207457277322,251.88955220964408
150371.0,2.506183385848999,17529.0,17529.0,9.737993240356445,70.0,28.0,0.5833976779457165,0.6373363447202918,0.9804893732070923,246.85390811914314,250.0223418176925,253.19567221647392
150651.0,2.510849952697754,16753.0,16753.0,11.191564559936523,166.0,75.0,0.39929489517376454,0.3610612747676915,0.9813531041145325,248.5282101894946,251.96187290891697,249.88714872433277
150930.0,2.515500068664551,17002.0,17002.0,12.818002700805664,78.0,6.0,0.561573182839118,0.7276068751089989,0.9810759425163269,246.6632003874934,251.0912070754164,253.68553029583333
151209.0,2.5201499462127686,16323.0,16323.0,10.285988807678223,70.0,29.0,0.584095881235612,0.6325406318202006,0.9818317294120789,247.43658781410525,250.3402752113951,253.29759418605497
151489.0,2.5248167514801025,15342.0,15342.0,10.183996200561523,71.0,30.0,0.5835881721881798,0.6249582838827067,0.9829236268997192,247.9241595483669,250.63720274399452,253.3668901704899
151768.0,2.5294666290283203,16400.0,16400.0,10.185495376586914,128.0,7.0,0.4993396098352973,0.6682909854359232,0.9817460179328918,247.23449679862927,253.45597234714558,253.4313207395725
152047.0,2.534116744995117,15858.0,15858.0,10.621370315551758,66.0,92.0,0.6666803343968339,0.39382000271768997,0.9823492765426636,248.72679821073348,248.72650748859516,252.27162354816326
152327.0,2.538783311843872,15053.0,15053.0,10.809536933898926,66.0,93.0,0.6686351050805992,0.39107694443752145,0.983245313167572,249.09616776328397,249.0567000662153,252.39840964924642
152606.0,2.543433427810669,15266.0,15266.0,11.804617881774902,72.0,4.0,0.5672188977378395,0.7509061551388774,0.9830082058906555,247.4134855923095,251.29625297013095,253.9206994119248
152885.0,2.5480833053588867,14575.0,14575.0,10.871379852294922,72.0,4.0,0.5672188977378395,0.7509061551388774,0.9837773442268372,247.75689129928784,251.46390412043675,253.9695542563991
153165.0,2.5527501106262207,14735.0,14735.0,9.499296188354492,55.0,230.0,0.9020210515316711,0.696285525669204,0.9835992455482483,253.72980763817972,247.9058075914269,251.32958399418894
153444.0,2.5573999881744385,14896.0,14896.0,9.575098037719727,128.0,6.0,0.4993450450836778,0.6738368736250816,0.9834200143814087,247.9231912203942,253.62101611412425,253.5986252035653
153723.0,2.5620501041412354,15005.0,15005.0,10.201078414916992,75.0,5.0,0.5644405292045783,0.7391402676459123,0.9832987189292908,247.59330304000753,251.45483848802067,253.88904361393077
154003.0,2.5667166709899902,14222.0,14222.0,10.55046272277832,75.0,4.0,0.5639733438250351,0.7442409931612047,0.9841702580451965,247.95922436867332,251.66134917697627,253.9676072343769
154282.0,2.571366548538208,14314.0,14314.0,10.079970359802246,54.0,230.0,0.900990855520913,0.69950276182613,0.9840678572654724,253.77917095307106,248.09543625231987,251.4718865133247
154561.0,2.576016664505005,14154.0,14154.0,8.600995063781738,69.0,27.0,0.5838978826526184,0.6449162387607409,0.9842458963394165,248.3918838607045,250.96515182053528,253.57352327239792
154841.0,2.5806832313537598,13787.0,13787.0,6.60552978515625,56.0,227.0,0.9008312268946206,0.6795185667122924,0.984654426574707,253.74591730168032,248.42784025142026,251.59216330954527
155120.0,2.5853333473205566,13591.0,13591.0,9.955183982849121,77.0,5.0,0.5622323763488278,0.7348416908761709,0.984872579574585,248.3078616944975,251.86027273583377,253.97715388854084
155399.0,2.5899832248687744,14212.0,14212.0,10.03311824798584,70.0,29.0,0.584095881235612,0.6325406318202006,0.9841813445091248,248.414727553447,250.94289501818417,253.51775814620663
155678.0,2.5946333408355713,14735.0,14735.0,9.057762145996094,69.0,28.0,0.5845915576053085,0.6401292641469986,0.9835992455482483,248.1406638807462,250.77738624809425,253.49495134886044
155958.0,2.599299907684326,13328.0,13328.0,9.873738288879395,74.0,4.0,0.5650616185125749,0.7464281213938389,0.9851652979850769,248.39352610330334,251.83626060964647,254.04077586908588
156237.0,2.603950023651123,13414.0,13414.0,9.920256614685059,70.0,4.0,0.5693502134320475,0.7555205003514893,0.9850695729255676,248.31627894391693,251.67540407799214,254.06920324812256
156516.0,2.608599901199341,13581.0,13581.0,9.532440185546875,71.0,5.0,0.5687786350843935,0.7481567764122057,0.984883725643158,248.26146754999004,251.6490385119615,254.02923252802051
156796.0,2.613266706466675,14307.0,14307.0,11.584125518798828,72.0,4.0,0.5672188977378395,0.7509061551388774,0.9840756058692932,247.89005947642045,251.52891701226332,253.9884995169191
157075.0,2.6179165840148926,13377.0,13377.0,9.11685562133789,55.0,231.0,0.9027483539617686,0.7008206317327998,0.9851107597351074,253.86408885841058,248.5423986064942,251.64765742672108
157354.0,2.6225666999816895,13515.0,13515.0,8.522710800170898,55.0,231.0,0.9027483539617686,0.7008206317327998,0.9849571585655212,253.85237051168568,248.47578035673016,251.61307381258442
157634.0,2.6272332668304443,12906.0,12906.0,10.71427059173584,73.0,4.0,0.5661434840304798,0.7486499447108067,0.985634982585907,248.5945563387345,251.90261049164891,254.07928478007807
157913.0,2.631883382797241,14063.0,14063.0,8.841888427734375,56.0,229.0,0.9023273637945367,0.688556430300795,0.9843472242355347,253.75688612825454,248.26019823186815,251.48145421530046
158192.0,2.636533260345459,14335.0,14335.0,10.395620346069336,59.0,228.0,0.9047832473871972,0.6745212037340359,0.9840444326400757,253.67573429119756,248.18692635524104,251.322685159504
158472.0,2.641200065612793,15552.0,15552.0,11.209688186645508,34.0,246.0,0.8936819919370147,0.8371332050968592,0.9826898574829102,254.28109190507587,246.8907354112083,251.6051032990284
158751.0,2.6458499431610107,15160.0,15160.0,12.149734497070312,75.0,5.0,0.5644405292045783,0.7391402676459123,0.9831262230873108,247.51680445148637,251.41822299622848,253.87756932304214
159030.0,2.6505000591278076,13758.0,13758.0,11.37909984588623,75.0,4.0,0.5639733438250351,0.7442409931612047,0.9846866726875305,248.18891602377334,251.77026618747288,254.00128704686722
159310.0,2.6551666259765625,12675.0,12675.0,10.439309120178223,76.0,5.0,0.5633396726488251,0.736973246157356,0.985892117023468,248.7512211010105,252.03859265183013,254.0537585809582
159589.0,2.6598167419433594,14373.0,14373.0,9.276958465576172,128.0,6.0,0.4993450450836778,0.6738368736250816,0.9840021729469299,248.17167303107706,253.6694351718572,253.64783045379994
159868.0,2.664466619491577,12448.0,12448.0,9.939556121826172,74.0,4.0,0.5650616185125749,0.7464281213938389,0.9861447811126709,248.82972830731086,252.04515117919337,254.1041100601513
160148.0,2.669133424758911,13970.0,13970.0,9.331422805786133,29.0,2.0,0.6059082501712737,0.8847896636730757,0.9844506978988647,247.52667321122482,250.08454525267098,254.5431827171962
160427.0,2.673783302307129,13759.0,13759.0,10.692434310913086,72.0,3.0,0.5667402960518866,0.7559681800666984,0.9846855998039246,248.1426421425155,251.6826566999851,254.047013757486
160706.0,2.678433418273926,14090.0,14090.0,9.399614334106445,29.0,0.0,0.6046884587075049,0.8935412658901208,0.9843171834945679,247.42750464430327,250.0851627873625,254.57425893792634
160986.0,2.6830999851226807,14240.0,14240.0,7.612948417663574,72.0,4.0,0.5672188977378395,0.7509061551388774,0.9841501712799072,247.9233515207036,251.54517023521998,253.9932358320491
161265.0,2.6877501010894775,13485.0,13485.0,10.576788902282715,71.0,4.0,0.5682878198571557,0.7531964436569046,0.9849905371665955,248.28979310051506,251.69306434698117,254.05538085444863
161544.0,2.6923999786376953,13562.0,13562.0,9.855042457580566,70.0,4.0,0.5693502134320475,0.7555205003514893,0.9849048256874084,248.24252856965592,251.63871939419738,254.0589325309224
161824.0,2.6970667839050293,13421.0,13421.0,9.155591011047363,71.0,4.0,0.5682878198571557,0.7531964436569046,0.985061764717102,248.3216364520159,251.70875744198813,254.05986355370615
162103.0,2.701716661453247,12906.0,12906.0,8.642572402954102,73.0,3.0,0.5656706878414983,0.7537271224809404,0.985634982585907,248.57595823322848,251.92211134480937,254.09788288558408
162382.0,2.706366777420044,12465.0,12465.0,9.585868835449219,164.0,69.0,0.41121849050839715,0.3824082413503559,0.9861258864402771,250.1091793237701,252.81502276077123,251.3736495720618
162662.0,2.711033344268799,12656.0,12656.0,9.360332489013672,77.0,5.0,0.5622323763488278,0.7348416908761709,0.9859132766723633,248.7682500962614,252.07627156178984,254.04752100664388
162941.0,2.7156832218170166,12710.0,12710.0,10.25411605834961,72.0,4.0,0.5672188977378395,0.7509061551388774,0.9858531355857849,248.6836928454151,251.91636994193013,254.1014063033352
163220.0,2.7203333377838135,13114.0,13114.0,9.885637283325195,73.0,4.0,0.5661434840304798,0.7486499447108067,0.9854034781455994,248.49132718091468,251.85269343245747,254.064446673341
163500.0,2.7249999046325684,12591.0,12591.0,9.748394012451172,28.0,0.0,0.6054672165574752,0.896942561843535,0.9859856367111206,248.22096723904775,250.57496990561324,254.63170748362376
163779.0,2.7296500205993652,12448.0,12448.0,11.216691970825195,73.0,3.0,0.5656706878414983,0.7537271224809404,0.9861447811126709,248.80394034659204,252.03134219756285,254.12989802087012
164058.0,2.734299898147583,11450.0,11450.0,8.118684768676758,56.0,230.0,0.9030607678860292,0.6930977330164161,0.9872555732727051,254.0026201692267,249.4977221998529,252.11793029927017
164337.0,2.73895001411438,12764.0,12764.0,7.827797889709473,77.0,4.0,0.5617777520620542,0.7399720476448116,0.9857930541038513,248.6964793708663,252.07065014182362,254.05797822209786
164617.0,2.7436165809631348,11805.0,11805.0,10.027372360229492,76.0,4.0,0.5628787055125736,0.7420888667791858,0.986860454082489,249.1629845523554,252.25972409810385,254.135847029714
164896.0,2.7482666969299316,12008.0,12008.0,7.8790788650512695,57.0,227.0,0.9018911079427363,0.6762972213197262,0.9866344928741455,253.89675479224692,249.28683657356729,252.0004803870228
165175.0,2.7529165744781494,11991.0,11991.0,9.582011222839355,72.0,5.0,0.567703991482071,0.7458510127227463,0.9866534471511841,249.0582213340969,252.07271272198832,254.13503671300697
165455.0,2.7575833797454834,12480.0,12480.0,10.287766456604004,73.0,4.0,0.5661434840304798,0.7486499447108067,0.9861091375350952,248.8059847502835,252.00484792879308,254.10967539261506
165734.0,2.762233257293701,12660.0,12660.0,8.677000999450684,73.0,4.0,0.5661434840304798,0.7486499447108067,0.9859088063240051,248.71665591417835,251.96165245095003,254.09683531106427
166013.0,2.766883373260498,12366.0,12366.0,9.342700958251953,73.0,4.0,0.5661434840304798,0.7486499447108067,0.986236035823822,248.8625694251028,252.0322097771501,254.11780884504643
166293.0,2.771549940109253,12524.0,12524.0,11.648480415344238,70.0,4.0,0.5693502134320475,0.7555205003514893,0.9860602021217346,248.75974175875697,251.89598998416747,254.13096132332768
166572.0,2.77620005607605,12127.0,12127.0,8.388617515563965,79.0,7.0,0.5609007603575511,0.720384791875851,0.9865020513534546,249.07847527887532,252.22549474315204,254.03757091138652
166851.0,2.7808499336242676,12481.0,12481.0,8.333230972290039,75.0,4.0,0.5639733438250351,0.7442409931612047,0.9861080646514893,248.8211248071495,252.0700519618626,254.09398816511003
167131.0,2.7855167388916016,11727.0,11727.0,9.530535697937012,75.0,4.0,0.5639733438250351,0.7442409931612047,0.9869472980499268,249.19440025772758,252.24705467513502,254.14872174773507
167410.0,2.7901666164398193,11943.0,11943.0,10.367597579956055,121.0,23.0,0.5098868522813422,0.5806703096063077,0.9867068529129028,249.64191885493995,253.34504923683775,253.5785761306405
167689.0,2.794816732406616,13932.0,13932.0,6.73286771774292,129.0,44.0,0.4971412366547063,0.4631603321440843,0.9844930171966553,249.21425346218092,252.87718530811327,252.8143565763285
167969.0,2.799483299255371,13349.0,13349.0,8.830716133117676,130.0,32.0,0.4958345915611731,0.5298182898154716,0.985141932964325,249.20381361086754,253.21857220093818,253.11823354507257
168248.0,2.804133415222168,12310.0,12310.0,8.887495994567871,125.0,31.0,0.5041222629879506,0.5353623457200901,0.9862983822822571,249.63557828058524,253.28406791317173,253.37659668336588
168527.0,2.8087832927703857,12185.0,12185.0,10.42623519897461,125.0,29.0,0.5040385985141912,0.546450571968561,0.9864374995231628,249.65169716196917,253.33983871258238,253.43142759484388
168807.0,2.8134500980377197,12322.0,12322.0,8.432565689086914,27.0,2.0,0.6074656534593109,0.8916805451172305,0.9862850308418274,248.38419321498353,250.59960617823776,254.62117251434844
169086.0,2.8180999755859375,12637.0,12637.0,9.039356231689453,24.0,2.0,0.6097567859441909,0.902173887868811,0.9859344363212585,248.17743727329622,250.3872552184463,254.64912525054564
169365.0,2.8227500915527344,11340.0,11340.0,9.767486572265625,127.0,9.0,0.5006715358590784,0.6571992114550208,0.9873780608177185,249.6661477467229,253.87961761305465,253.89666327031352
169645.0,2.8274166584014893,11174.0,11174.0,8.56003189086914,126.0,5.0,0.5019487386454041,0.6794280336450136,0.9875627756118774,249.67370705897264,253.93291878180227,253.98330850308486
169924.0,2.832066774368286,11036.0,11036.0,11.698556900024414,119.0,19.0,0.5124429457009729,0.6035776968543041,0.9877163767814636,249.9770752213993,253.4759812113463,253.75827693714714
170203.0,2.836716651916504,11574.0,11574.0,9.86284351348877,79.0,7.0,0.5609007603575511,0.720384791875851,0.98711758852005,249.34851027783785,252.3520184949624,254.08145986738768
170483.0,2.841383218765259,11584.0,11584.0,8.900306701660156,75.0,4.0,0.5639733438250351,0.7442409931612047,0.987106442451477,249.26518473592668,252.28061982033654,254.15910091432661
170762.0,2.8460333347320557,11559.0,11559.0,8.84748363494873,125.0,13.0,0.5034744467076817,0.635160964017356,0.9871342778205872,249.6354306961746,253.7161699446239,253.80305099232484
171041.0,2.8506834506988525,10886.0,10886.0,9.023351669311523,76.0,5.0,0.5633396726488251,0.736973246157356,0.9878833889961243,249.63321156730385,252.45658360496165,254.18731682071953
171321.0,2.8553500175476074,11374.0,11374.0,8.651775360107422,73.0,4.0,0.5661434840304798,0.7486499447108067,0.9873402118682861,249.3549278567741,252.2702925581804,254.18858019605182
171600.0,2.859999895095825,11489.0,11489.0,8.862974166870117,128.0,6.0,0.4993450450836778,0.6738368736250816,0.9872121810913086,249.541795680235,253.93641667633239,253.91914700457178
171879.0,2.864650011062622,11284.0,11284.0,8.973604202270508,57.0,230.0,0.9041100471882283,0.6899397919895255,0.9874403476715088,254.0069666545546,249.5876106579149,252.1302416857721
172159.0,2.869316577911377,11802.0,11802.0,8.085362434387207,78.0,6.0,0.561573182839118,0.7276068751089989,0.9868637919425964,249.2129781450277,252.2866961984798,254.08755574569648
172438.0,2.873966693878174,11099.0,11099.0,8.674195289611816,58.0,228.0,0.9037069518519272,0.6776602213681718,0.9876462817192078,253.9845658219428,249.71503785485316,252.1817930274802
172717.0,2.8786165714263916,11179.0,11179.0,10.582279205322266,76.0,4.0,0.5628787055125736,0.7420888667791858,0.9875572323799133,249.47251622956725,252.40503846356083,254.18167228418855
172996.0,2.8832666873931885,11328.0,11328.0,10.828540802001953,75.0,4.0,0.5639733438250351,0.7442409931612047,0.9873914122581482,249.39193402067198,252.3407228013135,254.1776862309836
173276.0,2.8879332542419434,11452.0,11452.0,8.704154014587402,57.0,229.0,0.9033802211936854,0.6853775651176717,0.9872533679008484,253.977354010966,249.52186361846668,252.10479459564834
173555.0,2.8925833702087402,11657.0,11657.0,10.479514122009277,165.0,71.0,0.4067419488720698,0.3760823161180701,0.9870252013206482,250.44713029044868,252.9357223830819,251.5432348914138
173834.0,2.897233247756958,11843.0,11843.0,9.632583618164062,74.0,4.0,0.5650616185125749,0.7464281213938389,0.9868181943893433,249.1296256176545,252.18876741814793,254.14765352091055
174114.0,2.901900053024292,11763.0,11763.0,9.088976860046387,55.0,232.0,0.9034662891975286,0.7053701845628866,0.9869072437286377,254.0163333272324,249.30636097437284,252.0343876283643
174393.0,2.9065499305725098,10792.0,10792.0,11.261189460754395,71.0,4.0,0.5682878198571557,0.7531964436569046,0.9879879951477051,249.62985193200063,252.35347443468243,254.24402559332896
174672.0,2.9112000465393066,11816.0,11816.0,7.079069137573242,58.0,228.0,0.9037069518519272,0.6776602213681718,0.9868482351303101,253.91896907093798,249.37363084552015,251.99973768105676
174952.0,2.9158666133880615,10504.0,10504.0,11.900957107543945,73.0,4.0,0.5661434840304798,0.7486499447108067,0.9883085489273071,249.78671490567734,252.47908569505586,254.2506450472493
175231.0,2.9205167293548584,10891.0,10891.0,8.743743896484375,28.0,1.0,0.606075608724021,0.8925769319182191,0.9878777861595154,249.14973331903838,251.15585633911334,254.66793762231447
175510.0,2.925166606903076,11217.0,11217.0,9.114507675170898,128.0,6.0,0.4993450450836778,0.6738368736250816,0.9875149726867676,249.67103573329825,253.9616003369532,253.94473957866742
175790.0,2.92983341217041,11571.0,11571.0,10.2116060256958,103.0,19.0,0.5353454324595065,0.6168840603125867,0.9871209263801575,249.6898879438835,252.88248829153403,253.74178450999682
176069.0,2.934483289718628,10776.0,10776.0,11.611869812011719,71.0,4.0,0.5682878198571557,0.7531964436569046,0.9880058169364929,249.63781943166487,252.35740099150843,254.24514720594652
176348.0,2.939133405685425,11231.0,11231.0,8.340075492858887,74.0,4.0,0.5650616185125749,0.7464281213938389,0.9874993562698364,249.43297368479975,252.33403617180107,254.19169801281683
176628.0,2.9437999725341797,10623.0,10623.0,7.8477253913879395,57.0,227.0,0.9018911079427363,0.6762972213197262,0.9881761074066162,254.02400614373965,249.9458086336346,252.3464532694772
176907.0,2.9484500885009766,9795.0,9795.0,8.78719711303711,78.0,4.0,0.5606705349386576,0.7378908396203967,0.9890977144241333,250.1685195305278,252.77780211393957,254.2713148257802
177186.0,2.9530999660491943,10879.0,10879.0,11.046588897705078,80.0,7.0,0.5597608505437552,0.7183324702879926,0.9878911375999451,249.69420188273273,252.5396560970255,254.13027829323926
177466.0,2.9577667713165283,10347.0,10347.0,10.616776466369629,76.0,4.0,0.5628787055125736,0.7420888667791858,0.9884833097457886,249.88391004212846,252.59817356160232,254.2425779282237
177745.0,2.962416648864746,10321.0,10321.0,9.803752899169922,76.0,5.0,0.5633396726488251,0.736973246157356,0.9885122179985046,249.91173765145717,252.58858206507713,254.2294935277802
178024.0,2.967066764831543,10275.0,10275.0,11.105979919433594,73.0,3.0,0.5656706878414983,0.7537271224809404,0.9885634183883667,249.88555594299902,252.54956615910027,254.281787435068
178304.0,2.971733331680298,11392.0,11392.0,10.438895225524902,75.0,3.0,0.5635125225608323,0.7493480442020789,0.9873201847076416,249.34374042895467,252.34293479630995,254.18955377194254
178583.0,2.9763834476470947,10794.0,10794.0,9.640570640563965,77.0,1.0,0.5604509807351349,0.7553983598376205,0.9879857897758484,249.62212014483387,252.5718439224752,254.2506326408488
178862.0,2.9810333251953125,11138.0,11138.0,10.7610445022583,28.0,1.0,0.606075608724021,0.8925769319182191,0.9876028895378113,249.017066252789,251.06868231961255,254.66040741149476
179142.0,2.9856998920440674,11735.0,11735.0,9.29242992401123,73.0,4.0,0.5661434840304798,0.7486499447108067,0.9869383573532104,249.17573862350406,252.18364456305451,254.16282362663327
179421.0,2.9903500080108643,10833.0,10833.0,12.34354019165039,76.0,4.0,0.5628787055125736,0.7420888667791858,0.9879423379898071,249.64359271942743,252.4853529302176,254.2069996553742
179700.0,2.994999885559082,10939.0,10939.0,9.439188003540039,130.0,6.0,0.4967256689724693,0.6739737952345194,0.9878243803977966,249.80267462051782,253.98775938235846,253.90553926502722
179980.0,2.999666690826416,11062.0,11062.0,7.664437770843506,78.0,5.0,0.5611186917656086,0.7327459113156406,0.9876874685287476,249.5597054159867,252.47358827662976,254.16090353367454
180259.0,3.004316568374634,10917.0,10917.0,9.610102653503418,53.0,231.0,0.9007039029673095,0.7072426979165267,0.9878488779067993,254.09288092107047,249.71004681139718,252.32123673759102
180538.0,3.0089666843414307,9729.0,9729.0,8.326537132263184,128.0,6.0,0.4993450450836778,0.6738368736250816,0.9891711473464966,250.37793811802584,254.09934702868742,254.08472289831732
180818.0,3.0136332511901855,10595.0,10595.0,10.27057933807373,127.0,6.0,0.5006549549163223,0.6738368736250816,0.9882072806358337,249.9665324294262,254.00325488341562,254.019180694849
181097.0,3.0182833671569824,9903.0,9903.0,8.515422821044922,126.0,7.0,0.5019810795417153,0.6683370078163535,0.9889774918556213,250.31073914466288,254.02312370082134,254.067781701704
181376.0,3.0229332447052,10203.0,10203.0,9.489943504333496,75.0,4.0,0.5639733438250351,0.7442409931612047,0.9886435866355896,249.94887796000043,252.6048188950938,254.25935122415027
181655.0,3.027583360671997,10102.0,10102.0,10.047174453735352,76.0,4.0,0.5628787055125736,0.7420888667791858,0.988756000995636,250.0050484016874,252.65504381155665,254.26051210608696
181935.0,3.032249927520752,9447.0,9447.0,7.8157639503479,55.0,229.0,0.9012842283556267,0.6917651505045034,0.9894850254058838,254.17352418907603,250.4638387679247,252.6610655213657
182214.0,3.036900043487549,9677.0,9677.0,10.446883201599121,75.0,3.0,0.5635125225608323,0.7493480442020789,0.9892290234565735,250.19524237865068,252.74293344789115,254.3115595842018
182493.0,3.0415499210357666,10032.0,10032.0,8.744409561157227,76.0,4.0,0.5628787055125736,0.7420888667791858,0.9888339042663574,250.03965557894284,252.67129067859275,254.26563559689944
182773.0,3.0462167263031006,10069.0,10069.0,9.977352142333984,77.0,4.0,0.5617777520620542,0.7399720476448116,0.9887927174568176,250.0274086194253,252.68915488463193,254.2568772835517
183052.0,3.0508666038513184,10020.0,10020.0,9.776628494262695,76.0,4.0,0.5628787055125736,0.7420888667791858,0.9888472557067871,250.04558672485348,252.67407514547577,254.26651368560795
183331.0,3.0555167198181152,10438.0,10438.0,10.423240661621094,76.0,5.0,0.5633396726488251,0.736973246157356,0.9883819818496704,249.85405239137424,252.5612439953755,254.22075835195767
183611.0,3.06018328666687,10272.0,10272.0,11.16071891784668,72.0,4.0,0.5672188977378395,0.7509061551388774,0.9885667562484741,249.8952731012738,252.50786513101667,254.273772585448
183890.0,3.064833402633667,10487.0,10487.0,9.983469009399414,127.0,10.0,0.5006772509891739,0.6516533257040831,0.9883274435997009,250.0838507675043,253.94738193130254,253.96314546834319
184169.0,3.0694832801818848,9306.0,9306.0,9.850549697875977,73.0,5.0,0.566622732507295,0.7435794638568151,0.9896419644355774,250.39468518551337,252.7525395287533,254.3227166766311
184449.0,3.0741500854492188,10376.0,10376.0,9.816110610961914,74.0,3.0,0.5645947490624071,0.751520309675953,0.9884510040283203,249.84178324480547,252.55267796664538,254.2682288096379
184728.0,3.0787999629974365,9796.0,9796.0,8.22028923034668,57.0,228.0,0.9026406296887545,0.6808299433520134,0.9890965819358826,254.11258863689886,250.32666815040125,252.53823715808437
185007.0,3.0834500789642334,9480.0,9480.0,10.611984252929688,72.0,4.0,0.5672188977378395,0.7509061551388774,0.9894483089447021,250.28886969195958,252.70001954151132,254.32976786983852
185287.0,3.0881166458129883,10321.0,10321.0,8.802736282348633,74.0,4.0,0.5650616185125749,0.7464281213938389,0.9885122179985046,249.88404068733735,252.55004526620323,254.25719049190002
185566.0,3.092766761779785,9903.0,9903.0,8.508072853088379,75.0,4.0,0.5639733438250351,0.7442409931612047,0.9889774918556213,250.09739280901596,252.6752428439398,254.28112803735092
185845.0,3.097416639328003,10119.0,10119.0,9.74178409576416,77.0,5.0,0.5622323763488278,0.7348416908761709,0.9887370467185974,250.01744256668326,252.66235085043058,254.23845125980142
186125.0,3.102083444595337,9584.0,9584.0,9.141878128051758,77.0,4.0,0.5617777520620542,0.7399720476448116,0.9893325567245483,250.2669314546238,252.80046509119742,254.29267247489585
186404.0,3.1067333221435547,9748.0,9748.0,7.671930313110352,79.0,6.0,0.5604465148576151,0.7255325901762925,0.9891499876976013,250.2258772929413,252.78455449842102,254.24061643283537
186683.0,3.1113834381103516,9798.0,9798.0,8.827638626098633,74.0,4.0,0.5650616185125749,0.7464281213938389,0.9890943765640259,250.1432987002712,252.67419996666965,254.294833347382
186963.0,3.1160500049591064,9302.0,9302.0,8.064197540283203,76.0,4.0,0.5628787055125736,0.7420888667791858,0.9896464347839355,250.40060817293357,252.84074537747296,254.31907356687356
187242.0,3.120699882507324,8403.0,8403.0,9.132392883300781,78.0,5.0,0.5611186917656086,0.7327459113156406,0.9906470775604248,250.86740928041328,253.08087126889498,254.36260027540337
187521.0,3.125349998474121,9197.0,9197.0,8.643607139587402,76.0,5.0,0.5633396726488251,0.736973246157356,0.9897633194923401,250.4658857563272,252.85120269804625,254.31340718476625
187801.0,3.130016565322876,9599.0,9599.0,9.370059967041016,73.0,5.0,0.566622732507295,0.7435794638568151,0.9893158674240112,250.2496982921025,252.68178382042151,254.30139409414323
188080.0,3.134666681289673,9950.0,9950.0,8.222758293151855,78.0,6.0,0.561573182839118,0.7276068751089989,0.9889251589775085,250.1210922697452,252.7124747022698,254.23073880878417
188359.0,3.1393165588378906,10021.0,10021.0,9.858270645141602,70.0,4.0,0.5693502134320475,0.7555205003514893,0.9888461232185364,250.00688086619525,252.51633807409743,254.3046419752583
188639.0,3.1439833641052246,9619.0,9619.0,8.154769897460938,78.0,5.0,0.5611186917656086,0.7327459113156406,0.9892935752868652,250.26936402014425,252.80314576463837,254.27035937615702
188918.0,3.1486332416534424,10231.0,10231.0,10.022211074829102,76.0,5.0,0.5633396726488251,0.736973246157356,0.9886124134063721,249.95611702088485,252.60961423677895,254.2362138163649
189197.0,3.1532833576202393,9626.0,9626.0,9.380976676940918,58.0,228.0,0.9037069518519272,0.6776602213681718,0.9892858266830444,254.1193309149213,250.41644069343135,252.5558162117411
189477.0,3.157949924468994,9546.0,9546.0,9.136693000793457,58.0,229.0,0.9044428436567596,0.682228972286198,0.9893748164176941,254.13902424581772,250.44213212720626,252.56171911617975
189756.0,3.162600040435791,9434.0,9434.0,8.419561386108398,58.0,228.0,0.9037069518519272,0.6776602213681718,0.9894995093345642,254.1368949116613,250.50785484896645,252.6045628258966
190035.0,3.167249917984009,9144.0,9144.0,10.137879371643066,74.0,4.0,0.5650616185125749,0.7464281213938389,0.989822268486023,250.46745748535852,252.82943465512014,254.34189944251318
190314.0,3.1719000339508057,8912.0,8912.0,9.8524808883667,76.0,4.0,0.5628787055125736,0.7420888667791858,0.9900805354118347,250.59344985001945,252.93127784313793,254.34762321001625
190594.0,3.1765666007995605,9708.0,9708.0,10.008783340454102,71.0,5.0,0.5687786350843935,0.7481567764122057,0.9891945123672485,250.18312996095364,252.60464966022283,254.30607134634312
190873.0,3.1812167167663574,9293.0,9293.0,10.159761428833008,73.0,5.0,0.566622732507295,0.7435794638568151,0.9896564483642578,250.4011249250672,252.75568221512225,254.3236637407043
191152.0,3.185866594314575,9349.0,9349.0,10.617290496826172,71.0,4.0,0.5682878198571557,0.7531964436569046,0.9895941019058228,250.34788619939926,252.70733731171714,254.34510577257035
191432.0,3.190533399581909,9725.0,9725.0,8.693885803222656,78.0,6.0,0.561573182839118,0.7276068751089989,0.9891756176948547,250.23142929125987,252.7642073321832,254.24813573311604
191711.0,3.195183277130127,8832.0,8832.0,10.61250114440918,71.0,4.0,0.5682878198571557,0.7531964436569046,0.9901695847511292,250.60516449123233,252.83412963999479,254.38132373184354
191990.0,3.199833393096924,8592.0,8592.0,8.307674407958984,78.0,7.0,0.5620341358351354,0.7224738567339135,0.9904366731643677,250.79949198326648,253.01166602275123,254.32321133056104
192270.0,3.2044999599456787,9570.0,9570.0,10.194602966308594,29.0,2.0,0.6059082501712737,0.8847896636730757,0.9893481135368347,249.88047579637976,251.63271923441806,254.68706210740595
192549.0,3.2091500759124756,9226.0,9226.0,8.682064056396484,128.0,7.0,0.4993396098352973,0.6682909854359232,0.9897310137748718,250.63142742701848,254.13138959816615,254.1175215545982
192828.0,3.2137999534606934,9050.0,9050.0,9.327580451965332,75.0,3.0,0.5635125225608323,0.7493480442020789,0.9899269342422485,250.50656903997745,252.88918119844118,254.3561674235693
193108.0,3.2184667587280273,9290.0,9290.0,7.659605979919434,58.0,228.0,0.9037069518519272,0.6776602213681718,0.9896597862243652,254.1500691340418,250.57642184038448,252.64112618585872
193387.0,3.223116636276245,9552.0,9552.0,9.3109130859375,58.0,228.0,0.9037069518519272,0.6776602213681718,0.9893681406974792,254.12609685062506,250.45165490508936,252.57459419616197
193666.0,3.227766752243042,9085.0,9085.0,8.933832168579102,73.0,4.0,0.5661434840304798,0.7486499447108067,0.9898879528045654,250.4909801538515,252.81963724872605,254.35187577647687
193946.0,3.232433319091797,8744.0,8744.0,8.167848587036133,75.0,4.0,0.5639733438250351,0.7442409931612047,0.9902675151824951,250.67117125907717,252.947321659519,254.36526148399534
194225.0,3.2370834350585938,8822.0,8822.0,9.192039489746094,67.0,2.0,0.5714927801631056,0.7726684490148652,0.9901806712150574,250.56136434646933,252.77096714654976,254.43077797320993
194504.0,3.2417333126068115,9130.0,9130.0,8.706642150878906,77.0,5.0,0.5622323763488278,0.7348416908761709,0.9898378849029541,250.5044364608515,252.89083208276634,254.31288483965508
194784.0,3.2464001178741455,9170.0,9170.0,8.60660171508789,80.0,7.0,0.5597608505437552,0.7183324702879926,0.9897933602333069,250.52770786647142,252.92615994053028,254.2669058525151
195063.0,3.2510499954223633,8861.0,8861.0,9.32415771484375,58.0,228.0,0.9037069518519272,0.6776602213681718,0.9901372790336609,254.18931744028566,250.7806948668814,252.75005481235794
195342.0,3.25570011138916,8603.0,8603.0,8.704638481140137,77.0,4.0,0.5617777520620542,0.7399720476448116,0.9904244542121887,250.7513985870077,253.02560494700762,254.36507306120853
195622.0,3.260366678237915,8190.0,8190.0,8.133506774902344,127.0,7.0,0.5006603901647027,0.6682909854359232,0.9908841252326965,251.1219774168429,254.2166156603227,254.22892645183234
195901.0,3.265016555786133,8937.0,8937.0,7.664725303649902,57.0,228.0,0.9026406296887545,0.6808299433520134,0.9900527000427246,254.1904055258312,250.73647149595834,252.75410854942837
196180.0,3.2696666717529297,9000.0,9000.0,12.7139310836792,68.0,4.0,0.5714552809625892,0.7602686750651212,0.989982545375824,250.5034800474001,252.72236504165065,254.38761809427012
196460.0,3.2743332386016846,8867.0,8867.0,10.13504695892334,76.0,5.0,0.5633396726488251,0.736973246157356,0.990130603313446,250.62856610993413,252.92829980811558,254.33804157992336
196739.0,3.2789833545684814,9050.0,9050.0,7.1756815910339355,57.0,227.0,0.9018911079427363,0.6762972213197262,0.9899269342422485,254.16852675921862,250.69420970432813,252.7393780857939
197018.0,3.283633232116699,8421.0,8421.0,7.722494602203369,57.0,227.0,0.9018911079427363,0.6762972213197262,0.9906270503997803,254.22631729334458,250.99347841054336,252.89649985649098
197298.0,3.288300037384033,8425.0,8425.0,9.392049789428711,74.0,4.0,0.5650616185125749,0.7464281213938389,0.9906225800514221,250.8238675743994,253.00011400017618,254.39364825182588
197577.0,3.292949914932251,8304.0,8304.0,10.681625366210938,74.0,5.0,0.5655348976164014,0.7413424443276063,0.9907572269439697,250.895817578433,253.01627807434528,254.39036816299156
197856.0,3.297600030899048,7508.0,7508.0,11.360870361328125,73.0,4.0,0.5661434840304798,0.7486499447108067,0.9916432499885559,251.27367723640415,253.1981149717253,254.46438025775936
198136.0,3.3022665977478027,8413.0,8413.0,9.783536911010742,76.0,5.0,0.5633396726488251,0.736973246157356,0.9906359314918518,250.85239019917128,253.0343740208984,254.37193486167314
198415.0,3.3069167137145996,8809.0,8809.0,8.671455383300781,75.0,5.0,0.5644405292045783,0.7391402676459123,0.9901951551437378,250.6517398705756,252.9187369838167,254.34778925273068
198694.0,3.3115665912628174,8703.0,8703.0,8.404239654541016,76.0,5.0,0.5633396726488251,0.736973246157356,0.9903131723403931,250.70943107635702,252.9666231525074,254.35028681724344
198973.0,3.3162167072296143,8030.0,8030.0,9.18912410736084,76.0,4.0,0.5628787055125736,0.7420888667791858,0.9910622239112854,251.0295479444317,253.1360107429734,254.41218625032386
199253.0,3.320883274078369,8539.0,8539.0,11.137521743774414,76.0,5.0,0.5633396726488251,0.736973246157356,0.9904956817626953,250.79026964220324,253.00493398519683,254.36252805677137
199532.0,3.325533390045166,9503.0,9503.0,9.39484977722168,73.0,4.0,0.5661434840304798,0.7486499447108067,0.9894226789474487,250.28351187219823,252.71931475540768,254.32205439100062
199811.0,3.330183267593384,8155.0,8155.0,7.841730117797852,128.0,8.0,0.4993340836219977,0.6627450980392157,0.9909231066703796,251.151397228241,254.21938717365262,254.20712902513944
200091.0,3.3348500728607178,7974.0,7974.0,9.562590599060059,74.0,4.0,0.5650616185125749,0.7464281213938389,0.9911245703697205,251.04742352657806,253.10717152933847,254.42610736197938
200370.0,3.3394999504089355,8043.0,8043.0,11.800493240356445,73.0,5.0,0.566622732507295,0.7435794638568151,0.991047739982605,251.01971093603368,253.05756116666322,254.41463645509486
200649.0,3.3441500663757324,8706.0,8706.0,7.480999946594238,79.0,6.0,0.5604465148576151,0.7255325901762925,0.9903098344802856,250.7362224158402,253.0213816342438,254.3217931691055
200929.0,3.3488166332244873,8898.0,8898.0,7.356278419494629,127.0,6.0,0.5006549549163223,0.6738368736250816,0.9900960922241211,250.77273086279666,254.16290115910792,254.1762761715051
201208.0,3.353466749191284,8855.0,8855.0,10.137405395507812,75.0,4.0,0.5639733438250351,0.7442409931612047,0.9901439547538757,250.6162138720709,252.92126152992995,254.35720305240574
201487.0,3.358116626739502,8197.0,8197.0,9.416159629821777,73.0,3.0,0.5656706878414983,0.7537271224809404,0.990876317024231,250.91988517566142,253.04513426505662,254.42703650669637
201767.0,3.362783432006836,8279.0,8279.0,8.0842866897583,126.0,7.0,0.5019810795417153,0.6683370078163535,0.9907850623130798,251.07972650020832,254.183320700983,254.2206552794624
202046.0,3.3674333095550537,7570.0,7570.0,7.779909133911133,124.0,3.0,0.5044730572291644,0.6907417628944524,0.991574227809906,251.3673197437612,254.25587442040487,254.33553643929088
202325.0,3.3720834255218506,8736.0,8736.0,9.382590293884277,76.0,3.0,0.562424054010831,0.7472106273638784,0.9902763962745667,250.66775813983517,252.98535026004816,254.37320396019382
202605.0,3.3767499923706055,8260.0,8260.0,11.399014472961426,75.0,3.0,0.5635125225608323,0.7493480442020789,0.9908062219619751,250.89880500444008,253.07343662726632,254.41236819616722
202884.0,3.3814001083374023,9129.0,9129.0,11.837081909179688,73.0,4.0,0.5661434840304798,0.7486499447108067,0.9898389577865601,250.46913299429232,252.80907292775402,254.3487354768533
203163.0,3.38604998588562,7793.0,7793.0,8.210091590881348,79.0,7.0,0.5609007603575511,0.720384791875851,0.9913260340690613,251.19474743642675,253.2170650738645,254.3815299387945
203443.0,3.390716552734375,7851.0,7851.0,7.910373687744141,57.0,228.0,0.9026406296887545,0.6808299433520134,0.9912614822387695,254.28878633173784,251.25456961003462,253.02702618651188
203722.0,3.395366668701172,8306.0,8306.0,7.929107189178467,78.0,5.0,0.5611186917656086,0.7327459113156406,0.990755021572113,250.91510436436374,253.1030203303803,254.3699566374139
204001.0,3.4000167846679688,8140.0,8140.0,11.741674423217773,73.0,4.0,0.5661434840304798,0.7486499447108067,0.9909397959709167,250.9600030549961,253.0464359983531,254.41929289017145
204281.0,3.4046833515167236,8167.0,8167.0,9.271710395812988,75.0,4.0,0.5639733438250351,0.7442409931612047,0.99090975522995,250.95682772072337,253.08277650579103,254.4071474465511
204560.0,3.4093332290649414,8166.0,8166.0,11.177526473999023,76.0,5.0,0.5633396726488251,0.736973246157356,0.9909108281135559,250.97414965889783,253.0920779922778,254.39037267901568
204839.0,3.4139833450317383,8025.0,8025.0,7.977526664733887,56.0,226.0,0.9000681684061743,0.6750226048872765,0.9910677671432495,254.2597926895866,251.18476855347066,253.0285253181744
205119.0,3.418649911880493,7947.0,7947.0,10.640953063964844,77.0,0.0,0.5600206951179266,0.7605518140792705,0.9911546111106873,251.02894480889435,253.22433449505272,254.45990685755615
205398.0,3.42330002784729,8345.0,8345.0,9.887307167053223,74.0,4.0,0.5650616185125749,0.7464281213938389,0.9907116293907166,250.8635247333349,253.01910520755786,254.39940625593053
205677.0,3.427949905395508,8741.0,8741.0,10.070892333984375,76.0,3.0,0.562424054010831,0.7472106273638784,0.9902708530426025,250.66528841541677,252.98420174853428,254.37284663631053
205957.0,3.432616710662842,7665.0,7665.0,9.836532592773438,76.0,5.0,0.5633396726488251,0.736973246157356,0.9914684891700745,251.22115345447497,253.20913747975084,254.427776022263
206236.0,3.4372665882110596,8171.0,8171.0,9.979814529418945,121.0,15.0,0.5091854068895626,0.6249582838827067,0.9909052848815918,251.23147416884132,253.9704640994304,254.1302211207705
206515.0,3.4419167041778564,8173.0,8173.0,10.25427532196045,78.0,7.0,0.5620341358351354,0.7224738567339135,0.9909030795097351,251.00435203107656,253.10863767285142,254.35621851888834
206795.0,3.4465832710266113,7777.0,7777.0,7.621182441711426,76.0,5.0,0.5633396726488251,0.736973246157356,0.9913438558578491,251.1659498486015,253.182975510073,254.41941663890154
207074.0,3.451233386993408,7547.0,7547.0,10.675131797790527,75.0,4.0,0.5639733438250351,0.7442409931612047,0.9915997982025146,251.2637460368699,253.22831346683893,254.45215104641258
207353.0,3.455883264541626,8236.0,8236.0,8.557456970214844,65.0,0.0,0.572538646195252,0.7874935540401256,0.9908329248428345,250.82154762302713,252.9008524011161,254.50324404681845
207632.0,3.460533380508423,7077.0,7077.0,12.079510688781738,72.0,4.0,0.5672188977378395,0.7509061551388774,0.9921229481697083,251.48304547382853,253.28301784185797,254.49965809272268
207912.0,3.4651999473571777,7875.0,7875.0,9.230265617370605,74.0,4.0,0.5650616185125749,0.7464281213938389,0.9912347197532654,251.0964773617272,253.1306626613608,254.43322971243813
208191.0,3.4698500633239746,7372.0,7372.0,10.210618019104004,71.0,3.0,0.5678035336372295,0.7582431787924724,0.9917945861816406,251.32108621679853,253.20328200109694,254.49415273583818
208470.0,3.4744999408721924,7873.0,7873.0,9.64804458618164,75.0,4.0,0.5639733438250351,0.7442409931612047,0.9912369847297668,251.1023733332002,253.15179247850875,254.4284888789809
208750.0,3.4791667461395264,7734.0,7734.0,9.519399642944336,28.0,0.0,0.6054672165574752,0.896942561843535,0.991391658782959,250.83597014542337,252.28191940204783,254.7737758338857
209029.0,3.483816623687744,7330.0,7330.0,7.036557197570801,126.0,8.0,0.5019976558792918,0.6627915055106008,0.9918413758277893,251.54064680259762,254.26539996058122,254.29845486957493
209308.0,3.488466739654541,7522.0,7522.0,11.808698654174805,73.0,4.0,0.5661434840304798,0.7486499447108067,0.9916276335716248,251.26671378652034,253.1947477550651,254.46337933500828
209588.0,3.493133306503296,7279.0,7279.0,8.142515182495117,78.0,6.0,0.561573182839118,0.7276068751089989,0.9918981194496155,251.43079954226022,253.3265442203139,254.43724137704368
209867.0,3.4977834224700928,7533.0,7533.0,7.7422027587890625,57.0,228.0,0.9026406296887545,0.6808299433520134,0.9916154146194458,254.31759230932528,251.40626914659208,253.10693668596957
210146.0,3.5024333000183105,8327.0,8327.0,7.370731353759766,57.0,228.0,0.9026406296887545,0.6808299433520134,0.9907316565513611,254.24566468559857,251.02748015559558,252.9074026719145
210426.0,3.5071001052856445,7986.0,7986.0,8.280597686767578,126.0,8.0,0.5019976558792918,0.6627915055106008,0.9911112189292908,251.23105163702672,254.19965685548192,254.23567001691157
210705.0,3.5117499828338623,8502.0,8502.0,8.127190589904785,57.0,227.0,0.9018911079427363,0.6762972213197262,0.9905368685722351,254.21887330576305,250.95492966607685,252.87626103143864
210984.0,3.516400098800659,8065.0,8065.0,9.07891845703125,163.0,69.0,0.41319180273172035,0.37950168666384043,0.9910232424736023,251.84221970214836,253.57963395938881,252.6747031619133
211264.0,3.521066665649414,8107.0,8107.0,8.799683570861816,78.0,4.0,0.5606705349386576,0.7378908396203967,0.9909765124320984,251.00113172165038,253.16075492989557,254.3968896187198
211543.0,3.525716781616211,7447.0,7447.0,7.870148658752441,77.0,4.0,0.5617777520620542,0.7399720476448116,0.9917111396789551,251.32229175731018,253.2909084061143,254.4503894789569
211822.0,3.5303666591644287,8080.0,8080.0,7.37349271774292,57.0,227.0,0.9018911079427363,0.6762972213197262,0.9910065531730652,254.25764304941302,251.15569906885023,252.9816687917905
212102.0,3.5350332260131836,6986.0,6986.0,7.730492115020752,79.0,6.0,0.5604465148576151,0.7255325901762925,0.9922242760658264,251.57859740953924,253.41228819550037,254.45578338403223
212381.0,3.5396833419799805,7927.0,7927.0,9.464250564575195,75.0,4.0,0.5639733438250351,0.7442409931612047,0.9911768436431885,251.07562369331148,253.1391081221386,254.42456656471464
212660.0,3.5443332195281982,7698.0,7698.0,7.136469841003418,79.0,0.0,0.5578511729624649,0.7565375711102164,0.9914317727088928,251.16214464556643,253.32055314593646,254.4680594359689
212940.0,3.5490000247955322,7799.0,7799.0,7.780182838439941,54.0,228.0,0.8995010543111696,0.6905190866272559,0.9913193583488464,254.31494430875057,251.2579284491611,253.10128967421778
213219.0,3.55364990234375,8025.0,8025.0,10.33051586151123,78.0,5.0,0.5611186917656086,0.7327459113156406,0.9910677671432495,251.05329105982932,253.1671926802497,254.39127018322793
213498.0,3.558300018310547,7946.0,7946.0,7.790678977966309,76.0,4.0,0.5628787055125736,0.7420888667791858,0.991155743598938,251.07109244413618,253.15551444181017,254.4183367913222
213778.0,3.5629665851593018,7522.0,7522.0,10.072437286376953,79.0,6.0,0.5604465148576151,0.7255325901762925,0.9916276335716248,251.31606826208983,253.29046078249937,254.4140248594388
214057.0,3.5676167011260986,8065.0,8065.0,6.7938432693481445,77.0,3.0,0.5613293919502536,0.7451083590616604,0.9910232424736023,251.00531927787046,253.1612878941667,254.41653438366671
214336.0,3.5722665786743164,7354.0,7354.0,8.510880470275879,74.0,3.0,0.5645947490624071,0.751520309675953,0.9918146729469299,251.34412452342795,253.26546556113493,254.48135867950631
214616.0,3.5769333839416504,7347.0,7347.0,11.276765823364258,76.0,1.0,0.5615332142455102,0.757472070077391,0.9918224215507507,251.33517424001732,253.3279282683128,254.49426075086555
214895.0,3.581583261489868,7975.0,7975.0,10.680949211120605,71.0,4.0,0.5682878198571557,0.7531964436569046,0.9911234378814697,251.03159892978277,253.04428579011673,254.4413543897668
215174.0,3.586233377456665,8409.0,8409.0,8.212220191955566,75.0,4.0,0.5639733438250351,0.7442409931612047,0.99064040184021,250.83702432859536,253.02596718325708,254.38958060991172
215454.0,3.59089994430542,7652.0,7652.0,8.389912605285645,76.0,5.0,0.5633396726488251,0.736973246157356,0.9914829730987549,251.22756879461232,253.2121778234293,254.42874748575267
215733.0,3.595550060272217,7975.0,7975.0,8.339643478393555,78.0,6.0,0.561573182839118,0.7276068751089989,0.9911234378814697,251.08952151545725,253.16653256134563,254.3834318040923
216012.0,3.6001999378204346,8095.0,8095.0,10.483786582946777,163.0,71.0,0.4107169171472172,0.3700639511635633,0.9909898638725281,251.85216201065194,253.55266856433738,252.64170975919097
216291.0,3.6048500537872314,10372.0,10372.0,5.720227241516113,77.0,4.0,0.5617777520620542,0.7399720476448116,0.9884554743766785,249.87777626858585,252.61961826668477,254.23451566352017
216571.0,3.6095166206359863,11055.0,11055.0,6.500959396362305,74.0,3.0,0.5645947490624071,0.751520309675953,0.9876952767372131,249.50424696157307,252.39253347830459,254.22034417440562
216850.0,3.614166736602783,11000.0,11000.0,5.947685241699219,110.0,6.0,0.5227669757986797,0.6807847655189609,0.9877564907073975,249.75243050664847,253.42269220229204,254.00337975412424
217129.0,3.618816614151001,10675.0,10675.0,5.433722972869873,78.0,4.0,0.5606705349386576,0.7378908396203967,0.9881182312965393,249.73444966800068,252.57815541413294,254.20584829323437
217409.0,3.623483419418335,9833.0,9833.0,5.594914436340332,76.0,4.0,0.5628787055125736,0.7420888667791858,0.9890553951263428,250.13804905306765,252.71748299527695,254.28020246136717
217688.0,3.6281332969665527,9098.0,9098.0,5.795665740966797,75.0,4.0,0.5639733438250351,0.7442409931612047,0.989873468875885,250.4959067701729,252.86421335430282,254.33956235652846
217967.0,3.6327834129333496,10100.0,10100.0,8.13255500793457,75.0,4.0,0.5639733438250351,0.7442409931612047,0.9887582063674927,249.9998586909281,252.62899334236815,254.26682655649316
218247.0,3.6374499797821045,9520.0,9520.0,6.5410027503967285,77.0,5.0,0.5622323763488278,0.7348416908761709,0.9894037842750549,250.31239701468618,252.80073360341711,254.28353296559183
218526.0,3.6421000957489014,9412.0,9412.0,9.121038436889648,29.0,1.0,0.6052953529783691,0.8891589362957657,0.9895240068435669,249.95334189754755,251.70263043301418,254.70390159267157
218805.0,3.646749973297119,9351.0,9351.0,8.519034385681152,71.0,4.0,0.5682878198571557,0.7531964436569046,0.9895918965339661,250.34690025462476,252.70685141672527,254.34496697769794
219085.0,3.651416778564453,9303.0,9303.0,7.329548358917236,76.0,4.0,0.5628787055125736,0.7420888667791858,0.9896453022956848,250.40010508466437,252.84050919501414,254.31899908613488
219364.0,3.656066656112671,9618.0,9618.0,8.876287460327148,30.0,3.0,0.6057379197186956,0.8770033911547239,0.989294707775116,249.87606319860055,251.62648805821834,254.6642377667086
219643.0,3.6607167720794678,9344.0,9344.0,9.272109031677246,28.0,1.0,0.606075608724021,0.8925769319182191,0.9895997047424316,249.98074348314884,251.70190366117703,254.7151059354913
219923.0,3.6653833389282227,8624.0,8624.0,9.466331481933594,27.0,0.0,0.606240072123525,0.9003651700539992,0.9904010891914368,250.34843387838265,251.9464832346981,254.7561216092501
220202.0,3.6700332164764404,8957.0,8957.0,9.254570007324219,28.0,1.0,0.606075608724021,0.8925769319182191,0.9900304079055786,250.18860389527327,251.83848637256312,254.72690413657182
220481.0,3.6746833324432373,9200.0,9200.0,10.33916187286377,72.0,0.0,0.5653422472790545,0.7711941937210535,0.9897599816322327,250.37504942547048,252.82354902356226,254.40254120696818
220761.0,3.679349899291992,8871.0,8871.0,8.534991264343262,75.0,3.0,0.5635125225608323,0.7493480442020789,0.9901261329650879,250.59542835351013,252.9309234464844,254.3688994586847
221040.0,3.684000015258789,8249.0,8249.0,7.457988739013672,77.0,5.0,0.5622323763488278,0.7348416908761709,0.990818440914154,250.93821937021107,253.0943485023427,254.3791854960075
221319.0,3.688649892807007,9182.0,9182.0,6.128377914428711,78.0,4.0,0.5606705349386576,0.7378908396203967,0.9897800087928772,250.47088657953577,252.9168732374524,254.3169179048316
221599.0,3.693316698074341,8457.0,8457.0,8.126301765441895,75.0,4.0,0.5639733438250351,0.7442409931612047,0.9905869364738464,250.81324392524533,253.01469080301524,254.38609367641635
221878.0,3.6979665756225586,8934.0,8934.0,10.187911987304688,72.0,4.0,0.5672188977378395,0.7509061551388774,0.990056037902832,250.56020916718822,252.8324878558726,254.36837016325612
222157.0,3.7026166915893555,8842.0,8842.0,8.667181968688965,29.0,1.0,0.6052953529783691,0.8891589362957657,0.9901584386825562,250.2589702549623,251.90232092602727,254.72183347314134
222437.0,3.7072832584381104,8973.0,8973.0,7.924674987792969,77.0,4.0,0.5617777520620542,0.7399720476448116,0.9900126457214355,250.5686820949699,252.9406935837349,254.33776722296224
222716.0,3.7119333744049072,9104.0,9104.0,9.88138198852539,72.0,4.0,0.5672188977378395,0.7509061551388774,0.9898667931556702,250.47571497006672,252.79123766971165,254.35634953932507
222995.0,3.716583251953125,8337.0,8337.0,9.996169090270996,28.0,1.0,0.606075608724021,0.8925769319182191,0.9907205104827881,250.52165231093568,252.05732869645297,254.74580803528625
223275.0,3.721250057220459,9187.0,9187.0,10.734615325927734,74.0,4.0,0.5650616185125749,0.7464281213938389,0.9897744059562683,250.44614242603777,252.81922719894376,254.33880461165907
223554.0,3.7258999347686768,8018.0,8018.0,8.743417739868164,76.0,5.0,0.5633396726488251,0.736973246157356,0.9910755753517151,251.04712085288833,253.12666033765785,254.40142257648637
223833.0,3.7305500507354736,8026.0,8026.0,9.489295959472656,78.0,5.0,0.5611186917656086,0.7327459113156406,0.9910666942596436,251.0528170059855,253.16697253496716,254.3911970664327
224113.0,3.7352166175842285,8021.0,8021.0,9.844536781311035,77.0,4.0,0.5617777520620542,0.7399720476448116,0.9910722374916077,251.03881541078346,253.15917227890048,254.40802570993645
224392.0,3.7398667335510254,8360.0,8360.0,9.13615608215332,76.0,4.0,0.5628787055125736,0.7420888667791858,0.9906949400901794,250.866388475229,253.05941304237922,254.38803097076251
224671.0,3.744516611099243,8472.0,8472.0,11.411215782165527,74.0,4.0,0.5650616185125749,0.7464281213938389,0.9905702471733093,250.80056169384696,252.98895317013526,254.3902643645408
224950.0,3.74916672706604,8455.0,8455.0,9.854225158691406,73.0,4.0,0.5661434840304798,0.7486499447108067,0.9905892014503479,250.80367094729888,252.97084069913475,254.39682179237855
225230.0,3.753833293914795,8776.0,8776.0,9.596230506896973,29.0,2.0,0.6059082501712737,0.8847896636730757,0.9902318716049194,250.30522880471779,251.9120933672893,254.71302571379113
225509.0,3.758483409881592,7578.0,7578.0,10.401065826416016,28.0,0.0,0.6054672165574752,0.896942561843535,0.9915653467178345,250.91998653464012,252.3367613041031,254.77834029145546
225788.0,3.7631332874298096,8618.0,8618.0,10.205381393432617,75.0,4.0,0.5639733438250351,0.7442409931612047,0.9904077649116516,250.73355173743016,252.9769017294288,254.37440836751216
226068.0,3.7678000926971436,7647.0,7647.0,10.363439559936523,74.0,4.0,0.5650616185125749,0.7464281213938389,0.991488516330719,251.20950291912172,253.1847888735637,254.44964040954497
226347.0,3.7724499702453613,7849.0,7849.0,10.525664329528809,70.0,4.0,0.5693502134320475,0.7555205003514893,0.9912636876106262,251.0891222482598,253.05466324584668,254.45535843315957
226626.0,3.777100086212158,7193.0,7193.0,8.978300094604492,77.0,0.0,0.5600206951179266,0.7605518140792705,0.9919938445091248,251.4057108488184,253.39280620555098,254.51114985083524
226906.0,3.781766653060913,7771.0,7771.0,6.611618995666504,79.0,3.0,0.5591216959684246,0.7410104596735705,0.991350531578064,251.16000217673223,253.269238723691,254.4287689280804
227185.0,3.78641676902771,7107.0,7107.0,9.726283073425293,76.0,4.0,0.5628787055125736,0.7420888667791858,0.992089569568634,251.48592843959196,253.3502655250963,254.4797520404114
227464.0,3.7910666465759277,7762.0,7762.0,7.745779037475586,79.0,7.0,0.5609007603575511,0.720384791875851,0.9913605451583862,251.20988738649933,253.22415883316518,254.38399064427765
227744.0,3.7957334518432617,8146.0,8146.0,9.253946304321289,164.0,78.0,0.3988775317692249,0.34108630767160053,0.9909331202507019,251.89933558730243,253.47655574055554,252.5196013715139
228023.0,3.8003833293914795,7827.0,7827.0,8.730834007263184,79.0,8.0,0.5613615407523108,0.7152429462260396,0.9912881851196289,251.18956584929217,253.19742461110064,254.36740856171858
228302.0,3.8050334453582764,7761.0,7761.0,8.823160171508789,28.0,0.0,0.6054672165574752,0.896942561843535,0.9913616180419922,250.8214388275904,252.2724340490499,254.7729863738256
228582.0,3.8097000122070312,6993.0,6993.0,9.349930763244629,73.0,4.0,0.5661434840304798,0.7486499447108067,0.9922164678573608,251.5292783720254,253.32171238630926,254.50112023522863
228861.0,3.814349889755249,8060.0,8060.0,9.376174926757812,75.0,4.0,0.5639733438250351,0.7442409931612047,0.9910288453102112,251.00979677969036,253.10789379422272,254.41491432851734
229140.0,3.819000005722046,7930.0,7930.0,9.861351013183594,30.0,1.0,0.604509094425152,0.8857624757228615,0.991173505783081,250.7556087454551,252.24264305486463,254.74287920391623
229420.0,3.823666572570801,7173.0,7173.0,8.119817733764648,79.0,7.0,0.5609007603575511,0.720384791875851,0.9920161366462708,251.49749414098645,253.35891575639187,254.43073554861164
229699.0,3.8283166885375977,7362.0,7362.0,8.661397933959961,75.0,3.0,0.5635125225608323,0.7493480442020789,0.9918057322502136,251.344670303252,253.28288478927618,254.47625314435695
229978.0,3.8329665660858154,7353.0,7353.0,8.428231239318848,75.0,3.0,0.5635125225608323,0.7493480442020789,0.9918157458305359,251.34913719872583,253.28498314285824,254.47689317484748
230258.0,3.8376333713531494,7210.0,7210.0,7.5811662673950195,77.0,0.0,0.5600206951179266,0.7605518140792705,0.991974949836731,251.39722826112975,253.38901319900074,254.50999615560303
230537.0,3.842283248901367,7925.0,7925.0,9.335476875305176,29.0,2.0,0.6059082501712737,0.8847896636730757,0.9911791086196899,250.76049115101222,252.21153450302742,254.74085424502965
230816.0,3.846933364868164,7081.0,7081.0,9.456788063049316,77.0,4.0,0.5617777520620542,0.7399720476448116,0.9921185374259949,251.50305123380147,253.37491031202964,254.4774028534559
231096.0,3.851599931716919,7522.0,7522.0,11.790868759155273,118.0,16.0,0.5135276158785586,0.6206122412728301,0.9916276335716248,251.54006832182714,253.97493923973602,254.1900247997015
231375.0,3.856250047683716,7505.0,7505.0,9.319978713989258,72.0,4.0,0.5672188977378395,0.7509061551388774,0.9916465878486633,251.27035960819222,253.17918430239388,254.46940019462608
231654.0,3.8608999252319336,7160.0,7160.0,10.463323593139648,75.0,4.0,0.5639733438250351,0.7442409931612047,0.9920305609703064,251.4553413267369,253.31916564076081,254.48024476811935
231934.0,3.8655667304992676,7598.0,7598.0,9.110278129577637,75.0,3.0,0.5635125225608323,0.7493480442020789,0.9915430545806885,251.22749406305493,253.22784047834665,254.4594637730962
232213.0,3.8702166080474854,7078.0,7078.0,10.47300910949707,74.0,4.0,0.5650616185125749,0.7464281213938389,0.9921218752861023,251.49156247122934,253.319862882692,254.49059392468283
232492.0,3.8748667240142822,7751.0,7751.0,9.385887145996094,76.0,5.0,0.5633396726488251,0.736973246157356,0.9913727641105652,251.1787541282996,253.18904368572754,254.42135556808864
232772.0,3.879533290863037,7396.0,7396.0,7.669694900512695,76.0,5.0,0.5633396726488251,0.736973246157356,0.9917678833007812,251.35376355122398,253.27198376080867,254.44785693217446
233051.0,3.884183406829834,7695.0,7695.0,10.708917617797852,70.0,5.0,0.5698466267518859,0.7504964395688093,0.9914351105690002,251.17683384416222,253.0812290559511,254.4550725460279
233330.0,3.8888332843780518,8475.0,8475.0,10.130752563476562,78.0,7.0,0.5620341358351354,0.7224738567339135,0.9905669093132019,250.8566957154665,253.03874372952043,254.33242803426648
233609.0,3.8934834003448486,7420.0,7420.0,7.524230003356934,125.0,7.0,0.503301496136691,0.6684290430710765,0.9917411804199219,251.48629011553393,254.24594127378603,254.30171189862622
233889.0,3.8981499671936035,7226.0,7226.0,10.551929473876953,74.0,3.0,0.5645947490624071,0.751520309675953,0.9919571280479431,251.40775033910154,253.295652904548,254.49038496534945
234168.0,3.9028000831604004,6906.0,6906.0,7.740842819213867,77.0,5.0,0.5622323763488278,0.7348416908761709,0.9923132658004761,251.59950692621547,253.40460248608565,254.48025863202733
234447.0,3.907449960708618,7374.0,7374.0,9.318310737609863,78.0,5.0,0.5611186917656086,0.7327459113156406,0.9917923808097839,251.3734617586619,253.3158763580394,254.4406524543279
234727.0,3.912116765975952,7146.0,7146.0,11.282482147216797,28.0,1.0,0.606075608724021,0.8925769319182191,0.9920461773872375,251.16142859464165,252.4777184119163,254.7821218728495
235006.0,3.91676664352417,7627.0,7627.0,7.133003234863281,57.0,229.0,0.9033802211936854,0.6853775651176717,0.991510808467865,254.3189230219442,251.35158929666696,253.07180806575178
235285.0,3.921416759490967,7753.0,7753.0,9.934502601623535,28.0,1.0,0.606075608724021,0.8925769319182191,0.9913705587387085,250.8353702260518,252.2634691684121,254.76361473068954
235565.0,3.9260833263397217,7348.0,7348.0,10.143606185913086,29.0,1.0,0.6052953529783691,0.8891589362957657,0.9918213486671448,251.06005307566076,252.42572989488977,254.76883474458307
235844.0,3.9307334423065186,7543.0,7543.0,10.87801456451416,77.0,4.0,0.5617777520620542,0.7399720476448116,0.9916042685508728,251.2748737995415,253.2688725001441,254.44330316140363
236123.0,3.9353833198547363,7058.0,7058.0,10.768233299255371,74.0,0.0,0.5632313981042658,0.7668346438516908,0.9921441078186035,251.46058407156397,253.367305785111,254.53291091592382
236403.0,3.940049886703491,7073.0,7073.0,10.154706001281738,78.0,2.0,0.5597927288940685,0.7481978861862031,0.9921274185180664,251.49047827208605,253.4167913759797,254.49450517212782
236682.0,3.944700002670288,6586.0,6586.0,9.49319076538086,78.0,4.0,0.5606705349386576,0.7378908396203967,0.9926694631576538,251.75138342890762,253.50582674968547,254.51004278149583
236961.0,3.949350118637085,7084.0,7084.0,8.170891761779785,28.0,1.0,0.606075608724021,0.8925769319182191,0.9921151399612427,251.19471042370725,252.49958752305298,254.78401095652652
237241.0,3.95401668548584,6941.0,6941.0,7.656859874725342,120.0,3.0,0.5095760745885144,0.6917206868747812,0.9922743439674377,251.66723870685905,254.23608273053205,254.3926767165342
237520.0,3.9586665630340576,6858.0,6858.0,10.916688919067383,77.0,2.0,0.5608871744018228,0.7502505028278649,0.9923667311668396,251.59316618356786,253.4468674969947,254.51386671152034
237799.0,3.9633166790008545,7465.0,7465.0,9.395292282104492,75.0,3.0,0.5635125225608323,0.7493480442020789,0.9916911125183105,251.29354030327494,253.25886613488146,254.46892708106344
238079.0,3.9679832458496094,7217.0,7217.0,8.22046184539795,78.0,4.0,0.5606705349386576,0.7378908396203967,0.9919671416282654,251.44014110004758,253.36267351754154,254.46310113036776
238358.0,3.9726333618164062,7106.0,7106.0,8.00774097442627,28.0,0.0,0.6054672165574752,0.896942561843535,0.9920907020568848,251.17411160483783,252.50264206069724,254.7921464441734
238637.0,3.977283239364624,6997.0,6997.0,8.239069938659668,76.0,3.0,0.562424054010831,0.7472106273638784,0.9922119975090027,251.53014341685724,253.38639072135442,254.49797531273413
238917.0,3.981950044631958,7208.0,7208.0,9.857381820678711,29.0,0.0,0.6046884587075049,0.8935412658901208,0.9919771552085876,251.1261451409954,252.48572100436226,254.7822040153843
239196.0,3.986599922180176,6776.0,6776.0,8.483095169067383,160.0,75.0,0.41177922198663114,0.34243625875633293,0.9924579858779907,252.4182083285334,253.73536446924186,253.03816123225155
239475.0,3.9912500381469727,7677.0,7677.0,9.792890548706055,70.0,4.0,0.5693502134320475,0.7555205003514893,0.9914551377296448,251.1748263734864,253.0972939275937,254.46729386863242
239755.0,3.9959166049957275,7380.0,7380.0,9.407013893127441,77.0,0.0,0.5600206951179266,0.7605518140792705,0.9917857050895691,251.31226858948494,253.35102330689617,254.4984410061953
240034.0,4.000566482543945,6602.0,6602.0,6.7373270988464355,78.0,4.0,0.5606705349386576,0.7378908396203967,0.992651641368866,251.7434854864202,253.5021941589691,254.50885161170143
240313.0,4.005216598510742,7190.0,7190.0,7.8401594161987305,55.0,229.0,0.9012842283556267,0.6917651505045034,0.9919971823692322,254.37097944157028,251.54758356673813,253.2198657813877
240593.0,4.009883403778076,7408.0,7408.0,8.298774719238281,72.0,4.0,0.5672188977378395,0.7509061551388774,0.9917545318603516,251.31855456598345,253.2027131487364,254.47625668279585
240872.0,4.014533519744873,6979.0,6979.0,7.6457977294921875,57.0,228.0,0.9026406296887545,0.6808299433520134,0.9922320246696472,254.36777719281167,251.6705553887084,253.24615428733196
241151.0,4.019183158874512,7421.0,7421.0,9.410411834716797,74.0,1.0,0.5636797561122978,0.7617236973845878,0.9917400479316711,251.28930290900087,253.27210081063814,254.49812153615142
241431.0,4.023849964141846,6629.0,6629.0,10.033068656921387,75.0,3.0,0.5635125225608323,0.7493480442020789,0.9926216006278992,251.7086159297138,253.45385064541495,254.52840039051478
241710.0,4.028500080108643,6930.0,6930.0,9.47145938873291,78.0,4.0,0.5606705349386576,0.7378908396203967,0.9922865629196167,251.58169653078346,253.42778072038118,254.48445055822106
241989.0,4.0331501960754395,6651.0,6651.0,9.40737533569336,77.0,2.0,0.5608871744018228,0.7502505028278649,0.9925971031188965,251.69598438292374,253.49374101531834,254.52853820771347
242268.0,4.037799835205078,6844.0,6844.0,7.877656936645508,77.0,4.0,0.5617777520620542,0.7399720476448116,0.992382287979126,251.62007547425122,253.42929340400843,254.49489139510302
242548.0,4.042466640472412,7541.0,7541.0,9.367897987365723,75.0,3.0,0.5635125225608323,0.7493480442020789,0.9916065335273743,251.25581098971932,253.24114254123296,254.46352110924155
242827.0,4.047116756439209,7371.0,7371.0,11.17087173461914,74.0,3.0,0.5645947490624071,0.751520309675953,0.9917957186698914,251.33565882912492,253.2614490024716,254.48015769251967
243106.0,4.051766872406006,7587.0,7587.0,8.127838134765625,127.0,8.0,0.5006659163780023,0.6627450980392157,0.9915553331375122,251.4194612503052,254.26235430950985,254.27375864982602
243386.0,4.056433200836182,7020.0,7020.0,8.379573822021484,117.0,15.0,0.5148115524490543,0.6266293640275659,0.992186427116394,251.75900429193706,254.0341607048332,254.2560735374239
243665.0,4.0610833168029785,7346.0,7346.0,11.306696891784668,68.0,4.0,0.5714552809625892,0.7602686750651212,0.9918235540390015,251.32985086688038,253.14094898809122,254.50016169301037
243944.0,4.065733432769775,6867.0,6867.0,10.218137741088867,69.0,4.0,0.5704060442831853,0.7578780145691787,0.9923567175865173,251.5738306809799,253.28010677960648,254.52809528814393
244224.0,4.070400238037109,7023.0,7023.0,8.45706558227539,77.0,5.0,0.5622323763488278,0.7348416908761709,0.9921830892562866,251.54191882372683,253.37758407624096,254.47145669697935
244503.0,4.075049877166748,7378.0,7378.0,9.569913864135742,79.0,8.0,0.5613615407523108,0.7152429462260396,0.9917879104614258,251.40813919302187,253.3008235715586,254.40369514230528
244782.0,4.079699993133545,6744.0,6744.0,9.344654083251953,73.0,4.0,0.5661434840304798,0.7486499447108067,0.9924936294555664,251.6528663184368,253.38147405604155,254.51888470390207
245062.0,4.084366798400879,7134.0,7134.0,9.346251487731934,75.0,5.0,0.5644405292045783,0.7391402676459123,0.9920595288276672,251.47855374422917,253.31448541773807,254.47180595788112
245341.0,4.089016437530518,6664.0,6664.0,10.294615745544434,73.0,3.0,0.5656706878414983,0.7537271224809404,0.9925826787948608,251.68297086973055,253.41074409232493,254.53419531564847
245620.0,4.0936665534973145,6441.0,6441.0,9.486735343933105,75.0,3.0,0.5635125225608323,0.7493480442020789,0.9928308725357056,251.8019687273838,253.49770373724013,254.54177626582603
245900.0,4.098333358764648,6759.0,6759.0,9.648299217224121,75.0,3.0,0.5635125225608323,0.7493480442020789,0.9924768805503845,251.64405865465176,253.42352444007415,254.51915042604435
246179.0,4.102983474731445,6562.0,6562.0,8.203124046325684,76.0,3.0,0.562424054010831,0.7472106273638784,0.9926961660385132,251.74585923890717,253.48670640981874,254.52918544073455
246458.0,4.107633113861084,6569.0,6569.0,7.951726913452148,58.0,228.0,0.9037069518519272,0.6776602213681718,0.9926884174346924,254.39901245408484,251.87208043760828,253.3320363555852
246738.0,4.112299919128418,6539.0,6539.0,8.772054672241211,77.0,4.0,0.5617777520620542,0.7399720476448116,0.9927217960357666,251.77071277902,253.4992970405986,254.51740319922098
247017.0,4.116950035095215,6361.0,6361.0,9.101566314697266,77.0,5.0,0.5622323763488278,0.7348416908761709,0.992919921875,251.86788224999287,253.53051520375922,254.52127790625713
247296.0,4.121600151062012,6734.0,6734.0,11.021596908569336,75.0,0.0,0.5621670418109989,0.7647058823529411,0.9925047159194946,251.62712216377258,253.45993740033535,254.55028295516968
247576.0,4.1262664794921875,7015.0,7015.0,8.980592727661133,77.0,3.0,0.5613293919502536,0.7451083590616604,0.9921919703483582,251.5254062577152,253.4006787973318,254.49249861994747
247855.0,4.130916595458984,7796.0,7796.0,10.008125305175781,28.0,3.0,0.6073103773635875,0.8838853794982323,0.9913226962089539,250.83150333491884,252.22456044722892,254.74307173164763
248134.0,4.135566711425781,8459.0,8459.0,8.043763160705566,64.0,39.0,0.5990554828533186,0.6040870667047412,0.9905847311019897,251.1487576774444,252.32547523149168,254.04945518457038
248414.0,4.140233516693115,8712.0,8712.0,6.022769927978516,65.0,41.0,0.5995826200610697,0.5918451328549736,0.990303099155426,251.06382907463083,252.24192787483858,253.99075149463644
248693.0,4.144883155822754,9046.0,9046.0,7.2595014572143555,62.0,40.0,0.6022707694504961,0.6061710080842756,0.9899313449859619,250.87614464764263,252.07881400792917,253.98884129519794
248972.0,4.149533271789551,9107.0,9107.0,7.1505022048950195,66.0,41.0,0.5983671304866149,0.588614257014022,0.9898634552955627,250.8937198442461,252.14070102155503,253.9366423564909
249252.0,4.154200077056885,7780.0,7780.0,12.019392013549805,62.0,38.0,0.6005508102133116,0.6150865069205882,0.9913405179977417,251.4336178026139,252.5112118124496,254.15004637623437
249531.0,4.158850193023682,7823.0,7823.0,9.387674331665039,26.0,2.0,0.608235326676077,0.8951576339072821,0.9912926554679871,250.7920434324692,252.18568958800387,254.7672108562042
249810.0,4.16349983215332,8342.0,8342.0,10.455306053161621,65.0,38.0,0.5970208948960029,0.6054094226322534,0.990714967250824,251.19889883843103,252.39687671464037,254.0657344594892
250090.0,4.168166637420654,7426.0,7426.0,8.714317321777344,78.0,5.0,0.5611186917656086,0.7327459113156406,0.991734504699707,251.34788918742174,253.30400074307403,254.43670820942884
250369.0,4.172816753387451,7810.0,7810.0,11.113859176635742,27.0,4.0,0.6087152671702931,0.8830498337255676,0.9913070797920227,250.8258535021836,252.18709838840624,254.74075719174797
250648.0,4.177466869354248,7444.0,7444.0,11.659214973449707,26.0,1.0,0.6076182380607049,0.8994765447716726,0.9917144775390625,250.98677032818892,252.33337312786892,254.78761321673295
250927.0,4.182116508483887,7289.0,7289.0,7.421730995178223,77.0,4.0,0.5617777520620542,0.7399720476448116,0.9918869733810425,251.40030791761,253.32716380076684,254.46204850672166
251207.0,4.186783313751221,6679.0,6679.0,9.799806594848633,76.0,5.0,0.5633396726488251,0.736973246157356,0.992565929889679,251.70724087262013,253.4395029439827,254.50138337111613
251486.0,4.191433429718018,6978.0,6978.0,7.3219895362854,57.0,227.0,0.9018911079427363,0.6762972213197262,0.992233157157898,254.35889210456182,251.68001804596614,253.25694624106472
251765.0,4.1960835456848145,7060.0,7060.0,6.514770030975342,78.0,6.0,0.561573182839118,0.7276068751089989,0.9921419024467468,251.53819564363928,253.37689797003924,254.4541746042016
252045.0,4.20074987411499,6258.0,6258.0,7.680858135223389,79.0,8.0,0.5613615407523108,0.7152429462260396,0.9930345416069031,251.9533993891224,253.558765992596,254.49421683039816
252324.0,4.205399990081787,7131.0,7131.0,9.833158493041992,129.0,9.0,0.49798548805816895,0.6572460105159257,0.9920628666877747,251.64578545826228,254.3062765525028,254.2741190060199
252603.0,4.210050106048584,6983.0,6983.0,8.655231475830078,79.0,7.0,0.5609007603575511,0.720384791875851,0.9922276139259338,251.59026882640518,253.40238494119123,254.44581427582108
252883.0,4.21471643447876,6487.0,6487.0,8.999872207641602,78.0,6.0,0.561573182839118,0.7276068751089989,0.9927796721458435,251.81915854944768,253.50863027372168,254.4984742449325
253162.0,4.219366550445557,6380.0,6380.0,8.54839038848877,129.0,8.0,0.4980023441207082,0.6627915055106008,0.9928987622261047,251.98899114849377,254.38937758681965,254.3606067103331
253441.0,4.2240166664123535,6775.0,6775.0,8.155962944030762,76.0,4.0,0.5628787055125736,0.7420888667791858,0.9924591183662415,251.65009408533305,253.42733559060812,254.5040562814501
253721.0,4.2286834716796875,6787.0,6787.0,9.851123809814453,79.0,7.0,0.5609007603575511,0.720384791875851,0.9924457669258118,251.68597213774464,253.44722632122668,254.46136899441936
254000.0,4.233333110809326,6743.0,6743.0,7.3765482902526855,25.0,4.0,0.6102536101256308,0.8900924185996625,0.9924947023391724,251.3826449169436,252.5358434481266,254.7896532760343
254279.0,4.237983226776123,6864.0,6864.0,9.290287017822266,29.0,4.0,0.6071523382290955,0.8760910701775848,0.9923600554466248,251.345025902924,252.56396617070746,254.75860237485463
254559.0,4.242650032043457,6846.0,6846.0,8.193113327026367,78.0,6.0,0.561573182839118,0.7276068751089989,0.9923800826072693,251.64312347276177,253.42609444532104,254.47071865694556
254838.0,4.247300148010254,7126.0,7126.0,10.521562576293945,77.0,5.0,0.5622323763488278,0.7348416908761709,0.9920684099197388,251.49118644772489,253.35378214375876,254.4637026113419
255117.0,4.251949787139893,6598.0,6598.0,10.474845886230469,77.0,0.0,0.5600206951179266,0.7605518140792705,0.9926561117172241,251.70302956114764,253.52575287993642,254.55158741463666
255397.0,4.256616592407227,6724.0,6724.0,8.11095142364502,77.0,5.0,0.5622323763488278,0.7348416908761709,0.9925158619880676,251.6891323659403,253.44665174206645,254.49395724797418
255676.0,4.261266708374023,7055.0,7055.0,8.306299209594727,78.0,5.0,0.5611186917656086,0.7327459113156406,0.9921474456787109,251.5303472446326,253.38873221627685,254.46485005150998
255955.0,4.26591682434082,6442.0,6442.0,10.36510181427002,57.0,91.0,0.6739667204661657,0.4402823182914309,0.9928297400474548,252.43708456589317,252.36656435006302,253.97660307413895
256235.0,4.270583152770996,7386.0,7386.0,8.90506362915039,76.0,4.0,0.5628787055125736,0.7420888667791858,0.9917790293693542,251.3479763405095,253.28550180875487,254.45932863786118
256514.0,4.275233268737793,7244.0,7244.0,9.741756439208984,74.0,4.0,0.5650616185125749,0.7464281213938389,0.9919371008872986,251.4092751936523,253.2804567629576,254.47864625887
256793.0,4.27988338470459,6587.0,6587.0,10.599130630493164,78.0,6.0,0.561573182839118,0.7276068751089989,0.9926683306694031,251.77010820290096,253.4856325220134,254.4907404384946
257073.0,4.284550189971924,6508.0,6508.0,8.278541564941406,73.0,4.0,0.5661434840304798,0.7486499447108067,0.9927563071250916,251.76999579797123,253.43811269658138,254.53572083582546
257352.0,4.2891998291015625,6766.0,6766.0,6.975308418273926,79.0,7.0,0.5609007603575511,0.720384791875851,0.9924691319465637,251.69622232846737,253.45202900455288,254.46303496428013
257631.0,4.293849945068359,6218.0,6218.0,9.081158638000488,77.0,5.0,0.5622323763488278,0.7348416908761709,0.9930790662765503,251.93828528737603,253.56354595205838,254.53203851366462
257911.0,4.298516750335693,6428.0,6428.0,9.39357852935791,76.0,3.0,0.562424054010831,0.7472106273638784,0.992845356464386,251.8123293487916,253.51761742400393,254.53880244804526
258190.0,4.30316686630249,6507.0,6507.0,10.747220993041992,69.0,5.0,0.5709079327694399,0.7528696861485491,0.9927573800086975,251.76268089708284,253.36045483065712,254.54358290735289
258469.0,4.307816505432129,6944.0,6944.0,9.112375259399414,75.0,4.0,0.5639733438250351,0.7442409931612047,0.9922710061073303,251.56228686421076,253.3698779238106,254.4959262505277
258749.0,4.312483310699463,6623.0,6623.0,10.472843170166016,69.0,5.0,0.5709079327694399,0.7528696861485491,0.992628276348114,251.7049739143659,253.33122904174255,254.53544702317225
259028.0,4.31713342666626,6299.0,6299.0,8.279271125793457,77.0,5.0,0.5622323763488278,0.7348416908761709,0.9929888844490051,251.8983902328589,253.54482852802218,254.5259408361337
259307.0,4.321783542633057,6226.0,6226.0,11.424752235412598,97.0,23.0,0.5451964755987356,0.6037305529339589,0.9930701851844788,252.1660432848144,253.72113470397386,254.29975115926976
259586.0,4.326433181762695,5695.0,5695.0,8.345054626464844,76.0,5.0,0.5633396726488251,0.736973246157356,0.9936611652374268,252.19235146942748,253.66940547522645,254.57484280166017
259866.0,4.331099987030029,5751.0,5751.0,9.672441482543945,69.0,3.0,0.5699107504160601,0.7628937805587517,0.9935988783836365,252.1224531410477,253.5682893914617,254.6129748346069
260145.0,4.335750102996826,6313.0,6313.0,9.788002967834473,77.0,3.0,0.5613293919502536,0.7451083590616604,0.9929733276367188,251.87311230722483,253.56072445979564,254.54328478750173
260424.0,4.340400218963623,6418.0,6418.0,8.370162010192871,73.0,3.0,0.5656706878414983,0.7537271224809404,0.9928564429283142,251.80539830416046,253.46940155832476,254.55138758927978
260704.0,4.345066547393799,6799.0,6799.0,9.970959663391113,74.0,4.0,0.5650616185125749,0.7464281213938389,0.9924324154853821,251.62985818612492,253.38609058714886,254.51067371141994
260983.0,4.349716663360596,6428.0,6428.0,8.37606430053711,58.0,228.0,0.9037069518519272,0.6776602213681718,0.992845356464386,254.4119123155678,251.93921948126905,253.3678382621602
261262.0,4.354366779327393,6025.0,6025.0,7.411427021026611,57.0,229.0,0.9033802211936854,0.6853775651176717,0.9932938814163208,254.46197668386128,252.11790283846233,253.476806217151
261542.0,4.359033107757568,6648.0,6648.0,11.160404205322266,74.0,0.0,0.5632313981042658,0.7668346438516908,0.9926004409790039,251.66618170698206,253.46214574648573,254.56004319230993
261821.0,4.363683223724365,6295.0,6295.0,9.192316055297852,76.0,4.0,0.5628787055125736,0.7420888667791858,0.9929933547973633,251.88741935674875,253.53875155789564,254.53919158990652
262100.0,4.368333339691162,6839.0,6839.0,10.223018646240234,73.0,4.0,0.5661434840304798,0.7486499447108067,0.9923878908157349,251.6057168524295,253.35867465773939,254.51210746359527
262380.0,4.373000144958496,6068.0,6068.0,7.440657615661621,124.0,5.0,0.5045460473378242,0.679654343701801,0.9932460188865662,252.10718980281294,254.3844235928397,254.4482798293358
262659.0,4.377649784088135,6397.0,6397.0,9.174717903137207,76.0,3.0,0.562424054010831,0.7472106273638784,0.9928798079490662,251.82767881883282,253.52475548481058,254.54102323519092
262938.0,4.382299900054932,5865.0,5865.0,11.035991668701172,75.0,5.0,0.5644405292045783,0.7391402676459123,0.9934719800949097,252.10494871734113,253.6143048057823,254.5657611310628
263218.0,4.386966705322266,6153.0,6153.0,8.27843189239502,123.0,6.0,0.5058919344351707,0.6742931708662164,0.9931514263153076,252.07603736163412,254.34793162750051,254.43119005917276
263497.0,4.3916168212890625,6502.0,6502.0,8.95535659790039,77.0,4.0,0.5617777520620542,0.7399720476448116,0.9927629828453064,251.78898707283935,253.50778940592232,254.52013417826691
263776.0,4.396266460418701,5433.0,5433.0,7.358172416687012,78.0,5.0,0.5611186917656086,0.7327459113156406,0.9939528107643127,252.32804818211227,253.75917557537625,254.58788530768723
264056.0,4.400933265686035,6597.0,6597.0,9.73888874053955,74.0,4.0,0.5650616185125749,0.7464281213938389,0.9926572442054749,251.729983221938,253.43403893670956,254.52521132285418
264335.0,4.405583381652832,6359.0,6359.0,10.516803741455078,77.0,3.0,0.5613293919502536,0.7451083590616604,0.9929221272468567,251.85032799899926,253.550237067618,254.53995689689765
264614.0,4.410233497619629,6116.0,6116.0,10.350948333740234,73.0,0.0,0.5642898143413986,0.7689975099563768,0.9931926131248474,251.92922613997905,253.56916843091324,254.59900655369313
264894.0,4.414899826049805,6523.0,6523.0,10.431900024414062,75.0,1.0,0.5626094888847314,0.759580612345581,0.9927396178245544,251.742316932896,253.49832627663298,254.55488815762678
265173.0,4.419549942016602,6437.0,6437.0,8.875957489013672,75.0,4.0,0.5639733438250351,0.7442409931612047,0.992835283279419,251.8132668848516,253.4888896202985,254.53272758765206
265452.0,4.424200057983398,7235.0,7235.0,9.189799308776855,74.0,4.0,0.5650616185125749,0.7464281213938389,0.9919471144676208,251.4137346332113,253.28259232041418,254.47929374527533
265732.0,4.428866863250732,6915.0,6915.0,9.618362426757812,75.0,5.0,0.5644405292045783,0.7391402676459123,0.9923032522201538,251.58664038156957,253.36622029885015,254.48801825070888
266011.0,4.433516502380371,7173.0,7173.0,13.692617416381836,28.0,1.0,0.606075608724021,0.8925769319182191,0.9920161366462708,251.14693071923193,252.46819202296825,254.78129897036615
266290.0,4.438166618347168,7874.0,7874.0,12.203234672546387,74.0,3.0,0.5645947490624071,0.751520309675953,0.9912358522415161,251.08560138702364,253.14280895365195,254.44468325614957
266570.0,4.442833423614502,7858.0,7858.0,12.949193954467773,73.0,3.0,0.5656706878414983,0.7537271224809404,0.991253674030304,251.08863938584554,253.1259878285761,254.45073436960948
266849.0,4.447483539581299,7802.0,7802.0,11.165427207946777,118.0,15.0,0.5134079410586749,0.6261383328319704,0.991316020488739,251.39905524897878,253.94902905400295,254.1721152002781
267128.0,4.4521331787109375,7769.0,7769.0,9.60901927947998,78.0,6.0,0.561573182839118,0.7276068751089989,0.9913527369499207,251.1905368704708,253.21389463352006,254.39935897398874
267408.0,4.4567999839782715,7374.0,7374.0,10.564202308654785,67.0,5.0,0.5730103669390735,0.7577156628705277,0.9917923808097839,251.32120149459254,253.1035059167487,254.49291271839726
267687.0,4.461450099945068,7898.0,7898.0,10.618266105651855,69.0,5.0,0.5709079327694399,0.7528696861485491,0.9912091493606567,251.07065002170307,253.00997474429718,254.44601615223186
267966.0,4.466100215911865,7344.0,7344.0,9.865524291992188,59.0,227.0,0.9040412085493152,0.6699457993650603,0.9918257594108582,254.312024676921,251.51911262261666,253.12713941477122
268245.0,4.470749855041504,7018.0,7018.0,9.696723937988281,76.0,4.0,0.5628787055125736,0.7420888667791858,0.9921886324882507,251.52993542398255,253.37092527491578,254.48626714502532
268525.0,4.475416660308838,6219.0,6219.0,8.491788864135742,76.0,2.0,0.5619755965026633,0.7523384025127421,0.9930779337882996,251.90690037588783,253.57522302364004,254.56284585614495
268804.0,4.480066776275635,6285.0,6285.0,7.915354251861572,96.0,21.0,0.5457691149824665,0.6159360053039258,0.9930045008659363,252.1174088739195,253.71142691227755,254.31488656770802
269083.0,4.484716892242432,5940.0,5940.0,10.10409927368164,28.0,3.0,0.6073103773635875,0.8838853794982323,0.9933884739875793,251.82388391630226,252.88530040656389,254.8042378173632
269363.0,4.489383220672607,6681.0,6681.0,9.667377471923828,120.0,18.0,0.5108840246224093,0.6087027444836014,0.9925637245178223,251.94949702188654,254.10724750057653,254.2580024822028
269642.0,4.494033336639404,13501.0,13501.0,2.7830095291137695,120.0,21.0,0.5111896212957919,0.5921049191605467,0.9849727153778076,248.89912148900237,253.13230296188394,253.43696335367952
269921.0,4.498683452606201,40048.0,40048.0,1.1321823596954346,122.0,18.0,0.5079873713444034,0.6080455071093598,0.9554246664047241,236.721812946475,249.8823125211586,250.5447669199343
270201.0,4.503349781036377,99278.0,99278.0,0.940567135810852,123.0,18.0,0.5065369357391899,0.6077925342630348,0.8894988298416138,209.6959461159644,242.60501832387956,243.94845710325862
270480.0,4.507999897003174,174654.0,174654.0,0.9689838886260986,124.0,18.0,0.5050854129111816,0.6075900801509891,0.8056017160415649,175.30924801306142,233.70960498151345,235.5476271681367
270759.0,4.512650012969971,204309.0,204309.0,1.0087337493896484,124.0,19.0,0.5051322507388736,0.6020470015538398,0.7725943326950073,162.09978530221,229.77321291234603,231.92332437224374
271039.0,4.517316818237305,174081.0,174081.0,1.0911848545074463,125.0,20.0,0.5037006107051936,0.596349267676296,0.8062395453453064,176.12611322737519,233.74759426069835,235.05605489873108
271318.0,4.521966457366943,112818.0,112818.0,1.1092548370361328,124.0,18.0,0.5050854129111816,0.6075900801509891,0.8744281530380249,203.52364584181117,241.24743917187553,242.43471220758153
271597.0,4.52661657333374,64495.0,64495.0,1.252589464187622,124.0,18.0,0.5050854129111816,0.6075900801509891,0.9282139539718628,225.57235345053564,247.1380310276757,247.81676307511438
271877.0,4.531283378601074,40058.0,40058.0,1.3680399656295776,122.0,18.0,0.5079873713444034,0.6080455071093598,0.9554135203361511,236.71724248317489,249.88103284266887,250.5436528882622
272156.0,4.535933494567871,25043.0,25043.0,1.8403178453445435,120.0,20.0,0.5110858697178605,0.5976372805540459,0.9721259474754333,243.6441805042908,251.57494791382877,252.1400527081802
272435.0,4.54058313369751,18977.0,18977.0,2.057448387145996,120.0,19.0,0.5109840214320032,0.6031698912611209,0.9788776636123657,246.36501309891517,252.43437784761417,252.86259534339135
272715.0,4.545249938964844,15446.0,15446.0,2.6904067993164062,119.0,20.0,0.512558216387726,0.5980488588100717,0.9828078746795654,247.9941666565457,252.8427416124044,253.23784943003267
272994.0,4.549900054931641,13589.0,13589.0,3.1243138313293457,119.0,20.0,0.512558216387726,0.5980488588100717,0.9848747849464417,248.83643767282302,253.10209637084876,253.44970264986222
273273.0,4.5545501708984375,12385.0,12385.0,3.1083984375,121.0,17.0,0.5093512796206384,0.6138852138207836,0.9862148761749268,249.3268600844466,253.40057350796766,253.64272676476605
273553.0,4.559216499328613,11297.0,11297.0,3.6199867725372314,120.0,20.0,0.5110858697178605,0.5976372805540459,0.9874259233474731,249.8773525247016,253.45494775356195,253.7098683825097
273832.0,4.56386661529541,10451.0,10451.0,3.6759450435638428,120.0,21.0,0.5111896212957919,0.5921049191605467,0.9883675575256348,250.2773824342513,253.55423791445713,253.79007190382242
274111.0,4.568516731262207,10398.0,10398.0,3.2855725288391113,129.0,18.0,0.49781993165835636,0.6073369176066026,0.9884265065193176,250.25636164901906,253.84115667583293,253.7942660869375
274391.0,4.573183536529541,9601.0,9601.0,3.94547963142395,119.0,22.0,0.5127952718073383,0.5869921504570508,0.9893136024475098,250.6753965967213,253.62893714511767,253.87454065150868
274670.0,4.57783317565918,9697.0,9697.0,3.6218714714050293,121.0,17.0,0.5093512796206384,0.6138852138207836,0.9892067909240723,250.55815486298442,253.74771204458216,253.93730850829243
274949.0,4.582483291625977,8593.0,8593.0,5.097850799560547,119.0,23.0,0.5129171801385731,0.581464298550026,0.9904356002807617,251.1429320432755,253.75940272738583,253.97922409991298
275229.0,4.5871500968933105,9073.0,9073.0,4.59609317779541,128.0,13.0,0.4993050046661153,0.6350156736691304,0.9899013042449951,250.78956091002252,254.060104254925,254.04646618074116
275508.0,4.591800212860107,8378.0,8378.0,4.246319770812988,122.0,16.0,0.5078443341367843,0.6191236628959585,0.9906749129295349,251.1498903707394,253.95573290901748,254.0943152233234
275787.0,4.596449851989746,7583.0,7583.0,4.576727390289307,121.0,16.0,0.5092676019505924,0.619421664756492,0.9915597438812256,251.51457492821658,254.0326321231354,254.18089445120847
276067.0,4.60111665725708,8168.0,8168.0,5.7793731689453125,124.0,16.0,0.5049942551580571,0.6186763909668086,0.9909086227416992,251.2474205790071,254.03001920247206,254.1159770192595
276346.0,4.605766773223877,8342.0,8342.0,6.011061191558838,121.0,25.0,0.5100792559873234,0.5696002496878354,0.990714967250824,251.28368362102606,253.81783106663607,253.98094967689417
276625.0,4.610416889190674,8165.0,8165.0,6.821505069732666,119.0,20.0,0.512558216387726,0.5980488588100717,0.9909119606018066,251.29660159777848,253.85963783690846,254.0684983091429
276904.0,4.6150665283203125,8430.0,8430.0,5.854162216186523,119.0,18.0,0.5123297676880687,0.6091068457650615,0.990617036819458,251.14996147672025,253.84909698831734,254.06472730120333
277184.0,4.6197333335876465,7554.0,7554.0,5.831759929656982,124.0,15.0,0.5049498905286853,0.6242196204571188,0.9915920495986938,251.51762870754393,254.11482071586988,254.19431658778993
277463.0,4.624383449554443,8015.0,8015.0,6.736649513244629,119.0,18.0,0.5123297676880687,0.6091068457650615,0.9910789132118225,251.33947963525725,253.90575019272296,254.11076610277223
277742.0,4.62903356552124,7839.0,7839.0,5.3636155128479,76.0,5.0,0.5633396726488251,0.736973246157356,0.9912748336791992,251.1353779807864,253.16848695871622,254.41478719560521
278022.0,4.633699893951416,7108.0,7108.0,6.1208391189575195,118.0,23.0,0.5144289691881522,0.5819401719302997,0.9920884370803833,251.80851710264955,253.95330454230898,254.15658580834594
278301.0,4.638350009918213,7691.0,7691.0,6.398531436920166,123.0,16.0,0.5064198095910036,0.6188752183984364,0.9914395213127136,251.4661215648587,254.0639597127004,254.16803430462525
278580.0,4.64300012588501,7465.0,7465.0,6.962923049926758,119.0,22.0,0.5127952718073383,0.5869921504570508,0.9916911125183105,251.63753450081964,253.93397125312012,254.12493288351874
278860.0,4.6476664543151855,7670.0,7670.0,8.015192031860352,128.0,15.0,0.4992926493547988,0.6239239102259456,0.9914629459381104,251.46480081543146,254.18130161300482,254.16977250145368
279139.0,4.652316570281982,7348.0,7348.0,8.638813972473145,119.0,22.0,0.5127952718073383,0.5869921504570508,0.9918213486671448,251.6902388560256,253.9506805272373,254.13864896421825
279418.0,4.656966686248779,7571.0,7571.0,7.521457672119141,129.0,17.0,0.49783965834926813,0.6128823375720699,0.9915730953216553,251.5341405423931,254.1681380716511,254.13399606422882
279698.0,4.661633491516113,7615.0,7615.0,9.028975486755371,119.0,23.0,0.5129171801385731,0.581464298550026,0.9915241599082947,251.581919181161,253.90059968115585,254.0954023720693
279977.0,4.666283130645752,6640.0,6640.0,7.096914291381836,120.0,16.0,0.5106893873914583,0.6197691524944579,0.9926093816757202,251.9473706272202,254.13358879019057,254.2834140273971
280256.0,4.670933246612549,6155.0,6155.0,7.562175750732422,127.0,16.0,0.500713694512507,0.6183780299523262,0.9931491613388062,252.1727520721138,254.324068296931,254.33332021067733
280536.0,4.675600051879883,6327.0,6327.0,6.374460220336914,123.0,14.0,0.5063068046407364,0.6299582259146549,0.9929577708244324,252.0729724597594,254.2498750989644,254.3354906607011
280815.0,4.68025016784668,6277.0,6277.0,6.116844177246094,77.0,5.0,0.5622323763488278,0.7348416908761709,0.9930133819580078,251.90922755434372,253.5499130364682,254.52759724424027
281094.0,4.684899806976318,6282.0,6282.0,8.425636291503906,119.0,18.0,0.5123297676880687,0.6091068457650615,0.9930078387260437,252.1309606839828,254.14234988313123,254.30303706629948
281374.0,4.689566612243652,6498.0,6498.0,7.608185768127441,120.0,21.0,0.5111896212957919,0.5921049191605467,0.9927673935890198,252.0636575974552,254.10108060695822,254.24771313294488
281653.0,4.694216728210449,7096.0,7096.0,7.658536911010742,122.0,17.0,0.5079152071129923,0.6135845230575767,0.992101788520813,251.75016989032378,254.1043642123101,254.22174225529085
281932.0,4.698866844177246,7126.0,7126.0,8.359660148620605,123.0,16.0,0.5064198095910036,0.6188752183984364,0.9920684099197388,251.72573507102544,254.13272515139877,254.22915398804133
282212.0,4.703533172607422,6201.0,6201.0,7.075634956359863,73.0,4.0,0.5661434840304798,0.7486499447108067,0.9930979609489441,251.9223411977197,253.51178020000197,254.55761888624178
282491.0,4.708183288574219,6137.0,6137.0,9.775001525878906,27.0,3.0,0.6080874217939023,0.8873583516768506,0.9931692481040955,251.71252045706316,252.7990280057776,254.80379607602552
282770.0,4.712833404541016,7537.0,7537.0,8.402450561523438,76.0,2.0,0.5619755965026633,0.7523384025127421,0.9916109442710876,251.25138154877885,253.27327085722587,254.47020002947585
283050.0,4.71750020980835,6531.0,6531.0,9.217029571533203,25.0,3.0,0.6096233150795641,0.8943670102907986,0.9927306771278381,251.48845481377515,252.6232988802225,254.8041905214223
283329.0,4.722149848937988,6995.0,6995.0,9.823589324951172,25.0,3.0,0.6096233150795641,0.8943670102907986,0.9922142028808594,251.23896491111415,252.45443790888893,254.79027855812413
283608.0,4.726799964904785,6433.0,6433.0,9.708169937133789,27.0,0.0,0.606240072123525,0.9003651700539992,0.9928397536277771,251.53019388223166,252.7222486199403,254.81808046793466
283888.0,4.731466770172119,6691.0,6691.0,8.011839866638184,74.0,4.0,0.5650616185125749,0.7464281213938389,0.9925525784492493,251.6833714608331,253.41171727662774,254.51844354828404
284167.0,4.736116886138916,7013.0,7013.0,8.043370246887207,76.0,5.0,0.5633396726488251,0.736973246157356,0.9921941757202148,251.54258047576093,253.3614674562348,254.47644914154864
284446.0,4.740766525268555,6608.0,6608.0,9.532858848571777,118.0,17.0,0.5136494410065964,0.6150865069205882,0.9926449656486511,251.97085073160574,254.08912726722636,254.27808174920634
284726.0,4.745433330535889,5637.0,5637.0,8.629398345947266,80.0,7.0,0.5597608505437552,0.7183324702879926,0.9937257766723633,252.25079357422226,253.7251694998218,254.54935252868302
285005.0,4.7500834465026855,5935.0,5935.0,9.440164566040039,118.0,19.0,0.5138997776451119,0.6040361490489946,0.9933940768241882,252.29798440918012,254.16327762193413,254.33299477115588
285284.0,4.754733562469482,5812.0,5812.0,9.221515655517578,76.0,3.0,0.562424054010831,0.7472106273638784,0.9935309886932373,252.1178050475532,253.6596747137251,254.58299918599783
285563.0,4.759383201599121,6729.0,6729.0,8.100383758544922,73.0,4.0,0.5661434840304798,0.7486499447108067,0.9925103187561035,251.66030817327447,253.3850726081975,254.51995439233832
285843.0,4.764050006866455,5924.0,5924.0,8.814229965209961,121.0,18.0,0.5094364803314995,0.6083489356675771,0.9934062957763672,252.2957308216024,254.2256519916557,254.34148002434486
286122.0,4.768700122833252,6223.0,6223.0,8.989274978637695,119.0,18.0,0.5123297676880687,0.6091068457650615,0.9930735230445862,252.15791242107247,254.15040664287508,254.30958433166649
286401.0,4.773349761962891,6232.0,6232.0,5.823375225067139,78.0,4.0,0.5606705349386576,0.7378908396203967,0.9930635094642639,251.9260098429018,253.58614466682914,254.5363799838728
286681.0,4.778016567230225,6302.0,6302.0,10.996408462524414,79.0,7.0,0.5609007603575511,0.720384791875851,0.9929855465888977,251.92277246219558,253.5581781074564,254.49985629814225
286960.0,4.7826666831970215,6423.0,6423.0,8.211549758911133,126.0,7.0,0.5019810795417153,0.6683370078163535,0.9928508996963501,251.9585873046616,254.36640676009407,254.39537154047696
287239.0,4.787316799163818,6591.0,6591.0,8.936017036437988,25.0,4.0,0.6102536101256308,0.8900924185996625,0.9926639199256897,251.464203320673,252.59140135446856,254.79439584142875
287519.0,4.791983127593994,6165.0,6165.0,8.246122360229492,122.0,15.0,0.5077747180932678,0.6246629233287522,0.9931380748748779,252.15717958997183,254.24126264116313,254.3432385962159
287798.0,4.796633243560791,6472.0,6472.0,9.381913185119629,26.0,2.0,0.608235326676077,0.8951576339072821,0.9927963614463806,251.5187321978159,252.67170405269113,254.80741213983822
288077.0,4.801283359527588,5888.0,5888.0,6.692924976348877,77.0,5.0,0.5622323763488278,0.7348416908761709,0.9934463500976562,252.10076600511195,253.6397764655487,254.55687254469274
288357.0,4.805950164794922,5804.0,5804.0,9.810380935668945,122.0,16.0,0.5078443341367843,0.6191236628959585,0.9935398697853088,252.3327638275211,254.2765642469945,254.37256976298642
288636.0,4.8105998039245605,6149.0,6149.0,7.072892189025879,76.0,5.0,0.5633396726488251,0.736973246157356,0.9931558966636658,251.96855378076702,253.563343774146,254.54095351770252
288915.0,4.815249919891357,6033.0,6033.0,9.345298767089844,78.0,7.0,0.5620341358351354,0.7224738567339135,0.9932850003242493,252.05056509568837,253.60386848196362,254.52478506967876
289195.0,4.819916725158691,6549.0,6549.0,8.01437759399414,23.0,3.0,0.6111351853957652,0.9014576601872892,0.9927106499671936,251.46560043329512,252.58219323464243,254.81683104997362
289474.0,4.824566841125488,5706.0,5706.0,8.866731643676758,76.0,4.0,0.5628787055125736,0.7420888667791858,0.9936489462852478,252.17865450795946,253.67547634024476,254.58230809751691
289753.0,4.829216480255127,6395.0,6395.0,11.099435806274414,26.0,2.0,0.608235326676077,0.8951576339072821,0.9928820729255676,251.56015357266003,252.69940695423784,254.80970361937946
290033.0,4.833883285522461,5747.0,5747.0,9.672799110412598,73.0,5.0,0.566622732507295,0.7435794638568151,0.9936032891273499,252.15594070298545,253.6120577842333,254.58173675196298
290312.0,4.838533401489258,6419.0,6419.0,7.087954521179199,120.0,16.0,0.5106893873914583,0.6197691524944579,0.9928553700447083,252.0489739420698,254.1624263070292,254.3072647807314
290591.0,4.843183517456055,6406.0,6406.0,9.644378662109375,73.0,4.0,0.5661434840304798,0.7486499447108067,0.9928697943687439,251.82060041086746,253.46258285124168,254.54299471719193
290871.0,4.8478498458862305,5819.0,5819.0,9.931745529174805,77.0,5.0,0.5622323763488278,0.7348416908761709,0.9935231804847717,252.13475458757895,253.65572277062643,254.56206745965463
291150.0,4.852499961853027,5563.0,5563.0,7.18390417098999,76.0,5.0,0.5633396726488251,0.736973246157356,0.9938080906867981,252.25742889098558,253.7002468215947,254.58469735928145
291429.0,4.857150077819824,5593.0,5593.0,8.7754545211792,79.0,7.0,0.5609007603575511,0.720384791875851,0.9937747120857239,252.26897788354387,253.7203911871474,254.5561252801753
291709.0,4.861816883087158,6284.0,6284.0,6.952208518981934,75.0,4.0,0.5639733438250351,0.7442409931612047,0.993005633354187,251.88903543866925,253.5248181540011,254.54383757196612
291988.0,4.866466522216797,6417.0,6417.0,9.049190521240234,75.0,4.0,0.5639733438250351,0.7442409931612047,0.9928575754165649,251.82318201400759,253.4935912548698,254.53418144844053
292267.0,4.871116638183594,6255.0,6255.0,10.60171890258789,78.0,7.0,0.5620341358351354,0.7224738567339135,0.9930378794670105,251.9420219955963,253.55248899808944,254.50729653257906
292547.0,4.875783443450928,6106.0,6106.0,11.011533737182617,118.0,19.0,0.5138997776451119,0.6040361490489946,0.9932037591934204,252.22013893749408,254.13917152557698,254.31377825115032
292826.0,4.880433559417725,5923.0,5923.0,9.920402526855469,118.0,21.0,0.5141594437166084,0.5929873412882475,0.9934074282646179,252.32201975314547,254.146386409066,254.31576866180967
293105.0,4.885083198547363,5995.0,5995.0,9.511594772338867,31.0,4.0,0.605564537896849,0.8692181411216954,0.993327260017395,251.81943431024933,252.90388735222766,254.77746829862213
293385.0,4.889750003814697,6593.0,6593.0,8.180429458618164,79.0,7.0,0.5609007603575511,0.720384791875851,0.9926616549491882,251.78068180814674,253.49160213502128,254.47676221593926
293664.0,4.894400119781494,6122.0,6122.0,6.86414909362793,80.0,7.0,0.5597608505437552,0.7183324702879926,0.9931859374046326,252.01424962189031,253.6154820488403,254.5105784544723
293943.0,4.899050235748291,5712.0,5712.0,8.580636978149414,75.0,1.0,0.5626094888847314,0.759580612345581,0.993642270565033,252.14733094966175,253.68502304671296,254.61022703850506
294222.0,4.90369987487793,6212.0,6212.0,7.442625045776367,78.0,0.0,0.5589388043799406,0.7585270738736409,0.9930857419967651,251.8994779769188,253.62836309515086,254.57425044143142
294502.0,4.908366680145264,6268.0,6268.0,9.828097343444824,78.0,6.0,0.561573182839118,0.7276068751089989,0.9930233955383301,251.92652839261126,253.55897171201678,254.51540333193708
294781.0,4.9130167961120605,5999.0,5999.0,6.949792861938477,127.0,8.0,0.5006659163780023,0.6627450980392157,0.9933228492736816,252.16888809204104,254.4167476896097,254.4257650375366
295060.0,4.917666435241699,5802.0,5802.0,8.701896667480469,77.0,2.0,0.5608871744018228,0.7502505028278649,0.9935420751571655,252.11773851813408,253.68601339811337,254.58871981202034
295340.0,4.922333240509033,5791.0,5791.0,6.342526435852051,78.0,5.0,0.5611186917656086,0.7327459113156406,0.9935543537139893,252.15198985179262,253.67741606348812,254.5607305423419
295619.0,4.92698335647583,5407.0,5407.0,6.736899375915527,121.0,3.0,0.5083017568200819,0.6914093614035931,0.9939817786216736,252.4042846255334,254.42071763750369,254.52642247152014
295898.0,4.931633472442627,6009.0,6009.0,7.121441841125488,75.0,5.0,0.5644405292045783,0.7391402676459123,0.9933117032051086,252.0338689991195,253.58028301676043,254.5550996354859
296178.0,4.936299800872803,5910.0,5910.0,6.975821018218994,76.0,5.0,0.5633396726488251,0.736973246157356,0.9934219121932983,252.08637955456572,253.6191835018707,254.55879566401643
296457.0,4.9409499168396,5769.0,5769.0,7.201385498046875,77.0,5.0,0.5622323763488278,0.7348416908761709,0.9935788512229919,252.15938246657362,253.66727734699774,254.56583165715227
296736.0,4.9456000328063965,6055.0,6055.0,9.081241607666016,74.0,4.0,0.5650616185125749,0.7464281213938389,0.9932605028152466,251.99863791108547,253.5626935618166,254.5642185246903
297016.0,4.9502668380737305,5039.0,5039.0,8.359309196472168,77.0,3.0,0.5613293919502536,0.7451083590616604,0.9943913221359253,252.50412359091035,253.8511727251107,254.63545069841155
297295.0,4.954916477203369,5344.0,5344.0,7.371817111968994,79.0,5.0,0.5599986734577987,0.73068621531532,0.9940518736839294,252.37494324334472,253.79356510453272,254.5915123354593
297574.0,4.959566593170166,5893.0,5893.0,7.748134136199951,78.0,5.0,0.5611186917656086,0.7327459113156406,0.9934408068656921,252.10181915332458,253.65411735441606,254.5529923481784
297854.0,4.9642333984375,5649.0,5649.0,8.08610725402832,74.0,3.0,0.5645947490624071,0.751520309675953,0.9937123656272888,252.1917055775768,253.66760139359752,254.60160089234049
298133.0,4.968883514404297,5808.0,5808.0,9.699052810668945,124.0,14.0,0.5049063069055807,0.6297628975968198,0.9935353994369507,252.31337963291244,254.32855245323182,254.3896740799324
298412.0,4.9735331535339355,6150.0,6150.0,8.820906639099121,76.0,4.0,0.5628787055125736,0.7420888667791858,0.993154764175415,251.95912267427568,253.57241377360629,254.549807055186
298692.0,4.9781999588012695,5931.0,5931.0,7.987830638885498,75.0,4.0,0.5639733438250351,0.7442409931612047,0.9933984875679016,252.063769706763,253.60767503490868,254.56945895286682
298971.0,4.982850074768066,5831.0,5831.0,9.277511596679688,76.0,4.0,0.5628787055125736,0.7420888667791858,0.993509829044342,252.11685408583693,253.64646318977628,254.5731587267775
299250.0,4.987500190734863,5821.0,5821.0,9.193422317504883,80.0,7.0,0.5597608505437552,0.7183324702879926,0.993520975112915,252.16105469598304,253.68355681553643,254.53464261160363
299530.0,4.992166519165039,5524.0,5524.0,9.383056640625,26.0,2.0,0.608235326676077,0.8951576339072821,0.9938515424728394,252.02866446406497,253.01275027388814,254.8356221970831
299809.0,4.996816635131836,6198.0,6198.0,7.431291580200195,58.0,229.0,0.9044428436567596,0.682228972286198,0.9931013584136963,254.44099195118923,252.04070083979587,253.4168907978001
300088.0,5.001466751098633,5504.0,5504.0,7.108220100402832,79.0,6.0,0.5604465148576151,0.7255325901762925,0.9938737750053406,252.30439477482543,253.7490965698649,254.57123047789827
300368.0,5.006133556365967,5245.0,5245.0,7.988373756408691,76.0,5.0,0.5633396726488251,0.736973246157356,0.9941620826721191,252.41422191598906,253.77455382203314,254.6084402467917
300647.0,5.0107831954956055,5497.0,5497.0,10.407919883728027,75.0,4.0,0.5639733438250351,0.7442409931612047,0.9938815832138062,252.2786416902101,253.7095647359792,254.60096574883104
300926.0,5.015433311462402,6489.0,6489.0,8.31963062286377,65.0,1.0,0.5730351349237924,0.7825175511136129,0.992777407169342,251.71702838627525,253.33634128115014,254.5994492700892
301206.0,5.020100116729736,5186.0,5186.0,7.6221537590026855,120.0,15.0,0.5105946523174733,0.6253026948667441,0.9942277073860168,252.6076607010281,254.3314536546229,254.4484700658405
301485.0,5.024750232696533,6142.0,6142.0,7.489750862121582,78.0,6.0,0.561573182839118,0.7276068751089989,0.9931636452674866,251.98831397367363,253.58794050739667,254.52514511274453
301764.0,5.029399871826172,5751.0,5751.0,9.909271240234375,79.0,7.0,0.5609007603575511,0.720384791875851,0.9935988783836365,252.19183996866641,253.68424854476916,254.5435880069882
302044.0,5.034066677093506,5285.0,5285.0,9.25330924987793,77.0,3.0,0.5613293919502536,0.7451083590616604,0.9941175580024719,252.38229783109665,253.79509753038218,254.61765675016403
302323.0,5.038716793060303,5319.0,5319.0,10.00812816619873,123.0,15.0,0.506362805673996,0.6244166828101458,0.9940797090530396,252.54766005776023,254.36101557143814,254.43299155928995
302602.0,5.043366432189941,5950.0,5950.0,7.273310661315918,77.0,3.0,0.5613293919502536,0.7451083590616604,0.9933773875236511,252.05292002021784,253.6434881752463,254.56954761684423
302881.0,5.048016548156738,5141.0,5141.0,12.069112777709961,27.0,4.0,0.6087152671702931,0.8830498337255676,0.994277834892273,252.25234387606284,253.14839121167128,254.82935191899637
303161.0,5.052683353424072,5233.0,5233.0,9.832475662231445,76.0,2.0,0.5619755965026633,0.7523384025127421,0.9941754341125488,252.39731432695064,253.8011227977414,254.63215707044927
303440.0,5.057333469390869,5377.0,5377.0,10.09188461303711,79.0,8.0,0.5613615407523108,0.7152429462260396,0.9940151572227478,252.3823078637218,253.76166671986869,254.5654223198796
303719.0,5.061983108520508,5711.0,5711.0,8.873880386352539,77.0,1.0,0.5604509807351349,0.7553983598376205,0.9936434030532837,252.15461823712425,253.71528721234486,254.60351732005043
303999.0,5.066649913787842,5410.0,5410.0,10.459098815917969,76.0,5.0,0.5633396726488251,0.736973246157356,0.9939784407615662,252.3328817391856,253.7360052669985,254.59612304921313
304278.0,5.071300029754639,5825.0,5825.0,7.601233959197998,78.0,6.0,0.561573182839118,0.7276068751089989,0.9935165047645569,252.1437626094106,253.66082417448075,254.5496548205134
304557.0,5.0759501457214355,5822.0,5822.0,8.313543319702148,77.0,3.0,0.5613293919502536,0.7451083590616604,0.9935198426246643,252.11631291504796,253.6726672990001,254.57880682353084
304837.0,5.080616474151611,5139.0,5139.0,8.743688583374023,77.0,3.0,0.5613293919502536,0.7451083590616604,0.9942800402641296,252.4546028651163,253.82837882383524,254.62821766958982
305116.0,5.085266590118408,5695.0,5695.0,7.358616828918457,77.0,0.0,0.5600206951179266,0.7605518140792705,0.9936611652374268,252.15423900469872,253.72751211164254,254.61295526638892
305395.0,5.089916706085205,5148.0,5148.0,9.423888206481934,29.0,0.0,0.6046884587075049,0.8935412658901208,0.9942700266838074,252.23326506370165,253.20428390065717,254.8444485450401
305675.0,5.094583511352539,4919.0,4919.0,8.604833602905273,79.0,7.0,0.5609007603575511,0.720384791875851,0.9945248961448669,252.5980822213905,253.87459162679932,254.60961481249163
305954.0,5.099233150482178,5201.0,5201.0,8.973118782043457,74.0,0.0,0.5632313981042658,0.7668346438516908,0.9942110180854797,252.39181568120262,253.79687283586748,254.65580354239205
306233.0,5.103883266448975,5321.0,5321.0,9.525766372680664,76.0,0.0,0.5610967913167303,0.762611511060009,0.9940774440765381,252.33801286237437,253.79707558478736,254.64148361666005
306513.0,5.108550071716309,5939.0,5939.0,8.055883407592773,27.0,2.0,0.6074656534593109,0.8916805451172305,0.9933896064758301,251.81128802956349,252.87908128062824,254.81741127310985
306792.0,5.1132001876831055,4890.0,4890.0,9.926715850830078,77.0,0.0,0.5600206951179266,0.7605518140792705,0.9945572018623352,252.55650632559207,253.90738677243237,254.6676666241989
307071.0,5.117849826812744,5532.0,5532.0,8.738921165466309,128.0,9.0,0.4993284641409216,0.6571992114550208,0.993842601776123,252.397970952288,254.46175595353475,254.45344051973214
307351.0,5.122516632080078,5799.0,5799.0,7.941479206085205,79.0,7.0,0.5609007603575511,0.720384791875851,0.993545413017273,252.16838481285453,253.6732587311375,254.53977582595468
307630.0,5.127166748046875,4775.0,4775.0,10.793084144592285,28.0,2.0,0.6066899724026912,0.888224472946247,0.994685173034668,252.4409254819193,253.30732024054026,254.84851276576137
307909.0,5.131816864013672,5290.0,5290.0,7.857571601867676,75.0,1.0,0.5626094888847314,0.759580612345581,0.994111955165863,252.35807516863392,253.78216848703454,254.63902196595623
308189.0,5.136483192443848,5192.0,5192.0,6.978141784667969,127.0,8.0,0.5006659163780023,0.6627450980392157,0.994221031665802,252.54971742630008,254.495204351265,254.50300872325894
308468.0,5.1411333084106445,5424.0,5424.0,7.651952743530273,77.0,5.0,0.5622323763488278,0.7348416908761709,0.993962824344635,252.3292462743722,253.7469717591861,254.59179414139166
308747.0,5.145783424377441,5345.0,5345.0,10.994184494018555,80.0,7.0,0.5597608505437552,0.7183324702879926,0.9940507411956787,252.3931848327089,253.7911975425237,254.57269317708725
309027.0,5.150450229644775,5004.0,5004.0,7.984922409057617,79.0,6.0,0.5604465148576151,0.7255325901762925,0.9944303035736084,252.54927336121256,253.862733188765,254.61018146132773
309306.0,5.155099868774414,5750.0,5750.0,8.809527397155762,77.0,5.0,0.5622323763488278,0.7348416908761709,0.9935999512672424,252.16871680186713,253.6716567046374,254.5672583444265
309585.0,5.159749984741211,5597.0,5597.0,8.454720497131348,76.0,0.0,0.5610967913167303,0.762611511060009,0.9937702417373657,252.19993587566566,253.73468002466493,254.62288741039086
309865.0,5.164416790008545,5432.0,5432.0,11.330543518066406,71.0,4.0,0.5682878198571557,0.7531964436569046,0.9939539432525635,252.29701907712288,253.66791231370553,254.6194919816845
310144.0,5.169066429138184,5060.0,5060.0,7.895350456237793,75.0,4.0,0.5639733438250351,0.7442409931612047,0.9943679571151733,252.49497178088606,253.81214585389841,254.63268634785234
310423.0,5.1737165451049805,5072.0,5072.0,7.714968681335449,78.0,6.0,0.561573182839118,0.7276068751089989,0.9943546056747437,252.5129793775014,253.83393519523577,254.60786951661785
310703.0,5.1783833503723145,5247.0,5247.0,8.939741134643555,78.0,5.0,0.5611186917656086,0.7327459113156406,0.9941598176956177,252.4195142376396,253.80165138461896,254.60199278712543
310982.0,5.183033466339111,5211.0,5211.0,9.26070785522461,75.0,1.0,0.5626094888847314,0.759580612345581,0.9941999316215515,252.39754959340584,253.80036476494251,254.64441553358543
311261.0,5.18768310546875,5139.0,5139.0,8.140478134155273,75.0,0.0,0.5621670418109989,0.7647058823529411,0.9942800402641296,252.42601811885834,253.8247148518742,254.65680241584778
311540.0,5.192333221435547,5959.0,5959.0,10.089897155761719,77.0,6.0,0.5626933894351623,0.729717414350133,0.9933673739433289,252.07449495776038,253.6143625639924,254.54286575333734
311820.0,5.197000026702881,5588.0,5588.0,10.2337646484375,77.0,4.0,0.5617777520620542,0.7399720476448116,0.9937803149223328,252.24037006402492,253.71755451640698,254.5875905463648
312099.0,5.201650142669678,5377.0,5377.0,9.58743953704834,121.0,14.0,0.5091046554227507,0.6304950667685917,0.9940151572227478,252.51164456095765,254.33095738615546,254.43608562264373
312378.0,5.206299781799316,5355.0,5355.0,8.975041389465332,129.0,8.0,0.4980023441207082,0.6627915055106008,0.9940396547317505,252.4727430721013,254.48748084109144,254.46333232459472
312658.0,5.21096658706665,5851.0,5851.0,7.747649192810059,79.0,7.0,0.5609007603575511,0.720384791875851,0.993487536907196,252.14299467205927,253.66136228851062,254.5356491506107
312937.0,5.215616703033447,5394.0,5394.0,10.671028137207031,25.0,4.0,0.6102536101256308,0.8900924185996625,0.9939962029457092,252.10632851974285,253.0288195730511,254.83173498256886
313216.0,5.220266819000244,5366.0,5366.0,9.004842758178711,75.0,4.0,0.5639733438250351,0.7442409931612047,0.9940273761749268,252.34348769533185,253.7403139289241,254.6104741538808
313496.0,5.22493314743042,5774.0,5774.0,8.740215301513672,73.0,3.0,0.5656706878414983,0.7537271224809404,0.9935732483863831,252.1259540033667,253.6229862929457,254.59640267368866
313775.0,5.229583263397217,5216.0,5216.0,9.375101089477539,119.0,15.0,0.5120022359860678,0.6256960752822461,0.9941943287849426,252.593244488282,254.3124497907906,254.44586319203873
314054.0,5.234233379364014,5410.0,5410.0,12.11650276184082,28.0,1.0,0.606075608724021,0.8925769319182191,0.9939784407615662,252.0939526522461,253.09046935818174,254.83505213615265
314334.0,5.238900184631348,5467.0,5467.0,8.97225570678711,57.0,227.0,0.9018911079427363,0.6762972213197262,0.9939149618148804,254.49771533893082,252.39891518665817,253.63438093219267
314613.0,5.243549823760986,5526.0,5526.0,9.782289505004883,78.0,8.0,0.5625016816523644,0.7173469853732346,0.9938492774963379,252.30645418886948,253.7128209501819,254.55667733426284
314892.0,5.248199939727783,5623.0,5623.0,7.806452751159668,79.0,8.0,0.5613615407523108,0.7152429462260396,0.9937413334846497,252.26254093372486,253.70500941734676,254.54553914344646
315172.0,5.252866744995117,5421.0,5421.0,8.425067901611328,78.0,8.0,0.5625016816523644,0.7173469853732346,0.9939661622047424,252.35764074728127,253.73728174284696,254.56510197713737
315451.0,5.257516860961914,5301.0,5301.0,7.5670647621154785,76.0,5.0,0.5633396726488251,0.736973246157356,0.9940997362136841,252.386606912764,253.76146658134303,254.6042585562149
315730.0,5.262166500091553,5573.0,5573.0,9.213971138000488,78.0,0.0,0.5589388043799406,0.7585270738736409,0.9937970042228699,252.21842531663216,253.7694618967712,254.61804683703147
316010.0,5.266833305358887,5415.0,5415.0,8.398713111877441,75.0,0.0,0.5621670418109989,0.7647058823529411,0.9939728379249573,252.28777706623077,253.76159371757066,254.63837027549744
316289.0,5.271483421325684,5714.0,5714.0,10.659647941589355,115.0,15.0,0.5176116437386385,0.6277572781796911,0.9936400651931763,252.36013030650827,254.18114085973053,254.39630294201163
316568.0,5.2761335372924805,4844.0,4844.0,11.745359420776367,75.0,3.0,0.5635125225608323,0.7493480442020789,0.9946084022521973,252.59489585131305,253.87018647845653,254.65538929730755
316848.0,5.280799865722656,5092.0,5092.0,8.315592765808105,80.0,0.0,0.5567578574427741,0.7545835845056413,0.9943323731422424,252.46419711283016,253.90254033756617,254.64531318971348
317127.0,5.285449981689453,5809.0,5809.0,8.617593765258789,29.0,2.0,0.6059082501712737,0.8847896636730757,0.9935343265533447,251.89245920735996,252.95606741503076,254.81004733484585
317406.0,5.29010009765625,5459.0,5459.0,6.970526695251465,76.0,5.0,0.5633396726488251,0.736973246157356,0.9939238429069519,252.30869881093116,253.72454454761785,254.5924610716143
317686.0,5.294766902923584,5048.0,5048.0,9.724685668945312,74.0,4.0,0.5650616185125749,0.7464281213938389,0.994381308555603,252.49777661029788,253.80172345713456,254.63669075305967
317965.0,5.299416542053223,5774.0,5774.0,10.898555755615234,72.0,4.0,0.5672188977378395,0.7509061551388774,0.9935732483863831,252.13057706575322,253.59914367797398,254.59177961130214
318244.0,5.3040666580200195,4993.0,4993.0,9.093161582946777,73.0,5.0,0.566622732507295,0.7435794638568151,0.9944425821304321,252.52910108429037,253.79416546637913,254.63661580223
318524.0,5.3087334632873535,5188.0,5188.0,9.936115264892578,28.0,3.0,0.6073103773635875,0.8838853794982323,0.9942255020141602,252.22598445598626,253.15302420046254,254.82902157123542
318803.0,5.313383102416992,5802.0,5802.0,10.910440444946289,77.0,4.0,0.5617777520620542,0.7399720476448116,0.9935420751571655,252.13466477835766,253.66843152914385,254.57179355179676
319082.0,5.318033218383789,5237.0,5237.0,10.750246047973633,101.0,21.0,0.5388137034446872,0.6086522129589846,0.9941709637641907,252.60889252976105,253.99692039543004,254.4182989899762
319362.0,5.322700023651123,4800.0,4800.0,8.670818328857422,74.0,0.0,0.5632313981042658,0.7668346438516908,0.9946573972702026,252.59292862420762,253.8896440572279,254.68234398359573
319641.0,5.32735013961792,5194.0,5194.0,9.92978286743164,29.0,2.0,0.6059082501712737,0.8847896636730757,0.9942188262939453,252.22144440650706,253.1724518853817,254.83015700340505
319920.0,5.331999778747559,5712.0,5712.0,9.425111770629883,27.0,3.0,0.6080874217939023,0.8873583516768506,0.993642270565033,251.9401749945694,252.95144302611902,254.81738299359742
320199.0,5.3366498947143555,4814.0,4814.0,11.896376609802246,73.0,2.0,0.5652042226862516,0.7588108627407112,0.9946417808532715,252.59685601974607,253.85920884679695,254.6704522154224
320479.0,5.3413166999816895,4718.0,4718.0,9.467950820922852,75.0,5.0,0.5644405292045783,0.7391402676459123,0.9947486519813538,252.67112814634416,253.885302462554,254.65068436414626
320758.0,5.345966815948486,4950.0,4950.0,8.435389518737793,123.0,3.0,0.5057500851473361,0.6909198522365186,0.994490385055542,252.62433909162039,254.49877736713603,254.56575728670603
321037.0,5.350616455078125,5378.0,5378.0,9.704697608947754,75.0,4.0,0.5639733438250351,0.7442409931612047,0.9940140247344971,252.33754922225447,253.73749797666747,254.60960339233904
321317.0,5.355283260345459,4442.0,4442.0,9.464668273925781,82.0,10.0,0.558800276307088,0.6987988816321874,0.9950558543205261,252.85822716651626,253.99861094829177,254.62025853695206
321596.0,5.359933376312256,4989.0,4989.0,8.983196258544922,126.0,15.0,0.5021219401692496,0.6239732049965232,0.9944469928741455,252.70042663121666,254.44504148493152,254.46753973459755
321875.0,5.364583492279053,5273.0,5273.0,12.333637237548828,76.0,4.0,0.5628787055125736,0.7420888667791858,0.9941309094429016,252.39275828400181,253.7759906224591,254.614005531878
322155.0,5.3692498207092285,4591.0,4591.0,8.56613826751709,123.0,15.0,0.506362805673996,0.6244166828101458,0.9948899745941162,252.88329331768017,254.44846854771697,254.5105937253191
322434.0,5.373899936676025,5366.0,5366.0,9.82453441619873,76.0,2.0,0.5619755965026633,0.7523384025127421,0.9940273761749268,252.3311551864282,253.77064785944413,254.62280666278446
322713.0,5.378550052642822,4666.0,4666.0,6.110410690307617,120.0,15.0,0.5105946523174733,0.6253026948667441,0.9948065280914307,252.84755420837828,254.39849261004514,254.50377511825135
322993.0,5.383216857910156,4848.0,4848.0,7.169602394104004,126.0,8.0,0.5019976558792918,0.6627915055106008,0.9946039319038391,252.71200327066947,254.51413966957222,254.53600200028848
323272.0,5.387866497039795,4414.0,4414.0,7.38707160949707,76.0,4.0,0.5628787055125736,0.7420888667791858,0.9950870275497437,252.81749717486196,253.97539077098736,254.6768868755073
323551.0,5.392516613006592,4637.0,4637.0,8.154984474182129,77.0,2.0,0.5608871744018228,0.7502505028278649,0.9948387742042542,252.69647329872583,253.9498512742144,254.67130154544378
323831.0,5.397183418273926,5484.0,5484.0,6.816693305969238,77.0,4.0,0.5617777520620542,0.7399720476448116,0.9938960671424866,252.29172849904262,253.74142162705624,254.59526574362553
324110.0,5.401833534240723,5046.0,5046.0,10.167506217956543,78.0,7.0,0.5620341358351354,0.7224738567339135,0.9943835735321045,252.53309232139932,253.83227544464683,254.60253017997397
324389.0,5.406483173370361,5170.0,5170.0,7.8282551765441895,76.0,5.0,0.5633396726488251,0.736973246157356,0.9942455291748047,252.45118272336487,253.792070205366,254.61403715578552
324669.0,5.411149978637695,4648.0,4648.0,7.2683024406433105,123.0,5.0,0.5058438804079195,0.6798353375051365,0.9948265552520752,252.78391349743043,254.51473610394825,254.57762968112792
324948.0,5.415800094604492,4835.0,4835.0,8.518631935119629,27.0,1.0,0.606849893066166,0.8960162161436949,0.9946184158325195,252.39808943322828,253.28070263146415,254.85730264135668
325227.0,5.420450210571289,5373.0,5373.0,8.281305313110352,77.0,5.0,0.5622323763488278,0.7348416908761709,0.9940195679664612,252.3543487805852,253.75874901475942,254.59563088231
325507.0,5.425116539001465,4630.0,4630.0,11.460103988647461,28.0,1.0,0.606075608724021,0.8925769319182191,0.9948465824127197,252.5129239922118,253.36577065784104,254.85883303827526
325786.0,5.429766654968262,4829.0,4829.0,7.975821495056152,79.0,7.0,0.5609007603575511,0.720384791875851,0.9946250915527344,252.64203775864777,253.89518680708335,254.61675893324676
326065.0,5.434416770935059,4721.0,4721.0,8.501178741455078,119.0,17.0,0.5122186259860988,0.6146362971528592,0.9947453141212463,252.8364763297571,254.36287786037968,254.48363387207854
326345.0,5.439083099365234,4953.0,4953.0,12.358396530151367,27.0,2.0,0.6074656534593109,0.8916805451172305,0.9944870471954346,252.34066988053078,253.2311908119443,254.84772418914085
326624.0,5.443733215332031,4827.0,4827.0,11.834868431091309,75.0,0.0,0.5621670418109989,0.7647058823529411,0.9946272969245911,252.58228361606598,253.8960659827342,254.67763781547546
326903.0,5.448383331298828,4942.0,4942.0,10.367115020751953,29.0,5.0,0.6077836732404699,0.8717621479503456,0.9944993257522583,252.37453176949228,253.23855464554194,254.82012436415945
327183.0,5.453050136566162,4951.0,4951.0,10.729726791381836,27.0,4.0,0.6087152671702931,0.8830498337255676,0.994489312171936,252.35389055142096,253.21682216082849,254.83565865626642
327462.0,5.457699775695801,4666.0,4666.0,9.175793647766113,74.0,6.0,0.5660147107381835,0.7362634134042815,0.9948065280914307,252.70060500783507,253.87830494548695,254.65072431879457
327741.0,5.462349891662598,5210.0,5210.0,10.14150619506836,77.0,1.0,0.5604509807351349,0.7553983598376205,0.9942010045051575,252.40421546901013,253.82798237323712,254.63829682862018
328021.0,5.467016696929932,5770.0,5770.0,10.510490417480469,77.0,5.0,0.5622323763488278,0.7348416908761709,0.9935777187347412,252.15888147117653,253.66704229672894,254.5657550835415
328300.0,5.4716668128967285,5336.0,5336.0,8.995059967041016,125.0,13.0,0.5034744467076817,0.635160964017356,0.994060754776001,252.52353640376748,254.40734135103432,254.44744853199302
328579.0,5.476316452026367,4766.0,4766.0,9.23448371887207,73.0,4.0,0.5661434840304798,0.7486499447108067,0.9946951866149902,252.63455328373837,253.8561744932958,254.65999188990665
328858.0,5.480966567993164,5127.0,5127.0,7.498482704162598,75.0,2.0,0.5630579438224146,0.7544612923135188,0.9942933917045593,252.44693404198978,253.81193442532384,254.64269572733548
329138.0,5.485633373260498,5074.0,5074.0,7.996291160583496,77.0,5.0,0.5622323763488278,0.7348416908761709,0.994352400302887,252.50158869097754,253.82782905165166,254.6181354634948
329417.0,5.490283489227295,5023.0,5023.0,7.362569332122803,78.0,0.0,0.5589388043799406,0.7585270738736409,0.9944091439247131,252.49292369749665,253.89089696696658,254.65573970410705
329696.0,5.494933128356934,4917.0,4917.0,7.926499366760254,74.0,3.0,0.5645947490624071,0.751520309675953,0.9945271611213684,252.5556239458856,253.8402628933702,254.6532282260123
329976.0,5.499599933624268,4980.0,4980.0,8.37368392944336,126.0,8.0,0.5019976558792918,0.6627915055106008,0.9944570064544678,252.64970514143417,254.50091054679103,254.5233681503444
330255.0,5.5042500495910645,5173.0,5173.0,10.451507568359375,77.0,4.0,0.5617777520620542,0.7399720476448116,0.9942421913146973,252.44530132713112,253.81278944968244,254.6182162433645
330534.0,5.508900165557861,5022.0,5022.0,10.086661338806152,161.0,59.0,0.4276083451673335,0.42289349499875795,0.9944102764129639,252.9718367606371,254.17740420997447,253.6537660739549
330814.0,5.513566493988037,4849.0,4849.0,11.557622909545898,73.0,0.0,0.5642898143413986,0.7689975099563768,0.9946028590202332,252.5653801167068,253.86558530633104,254.68207798361212
331093.0,5.518216609954834,4838.0,4838.0,10.526691436767578,29.0,3.0,0.6065272213426133,0.8804336424131067,0.9946150779724121,252.41787292167587,253.29035575964707,254.8358168442543
331372.0,5.522866725921631,4784.0,4784.0,9.150741577148438,27.0,3.0,0.6080874217939023,0.8873583516768506,0.9946751594543457,252.43728001982703,253.2842555119427,254.84705130188928
331652.0,5.527533531188965,4846.0,4846.0,6.733088970184326,57.0,227.0,0.9018911079427363,0.6762972213197262,0.9946061968803406,254.55477279034054,252.69438761863316,253.789509586609
331931.0,5.5321831703186035,5380.0,5380.0,6.322414398193359,78.0,4.0,0.5606705349386576,0.7378908396203967,0.9940118193626404,252.3462649097068,253.7794373701653,254.5997629652398
332210.0,5.5368332862854,4913.0,4913.0,9.401225090026855,124.0,12.0,0.504821401635912,0.6408495898784412,0.9945315718650818,252.71191864407265,254.44748029117628,254.49918300711906
332490.0,5.541500091552734,4679.0,4679.0,7.406734943389893,28.0,3.0,0.6073103773635875,0.8838853794982323,0.9947920441627502,252.49814607598887,253.33423296361906,254.84579644701375
332769.0,5.546150207519531,4511.0,4511.0,9.612924575805664,74.0,1.0,0.5636797561122978,0.7617236973845878,0.9949790239334106,252.7443790072696,253.94966212836385,254.69492319876983
333048.0,5.55079984664917,4696.0,4696.0,10.418672561645508,78.0,4.0,0.5606705349386576,0.7378908396203967,0.9947731494903564,252.68365761670245,253.93461824381166,254.65064862337934
333328.0,5.555466651916504,5436.0,5436.0,8.156389236450195,122.0,12.0,0.5075730860941843,0.6412813969431512,0.9939494729042053,252.4676925211728,254.35662282691428,254.4465386599719
333607.0,5.560116767883301,5493.0,5493.0,10.542678833007812,77.0,0.0,0.5600206951179266,0.7605518140792705,0.9938860535621643,252.25520052945961,253.77265726531513,254.62668678724418
333886.0,5.564766883850098,5075.0,5075.0,9.231293678283691,76.0,1.0,0.5615332142455102,0.757472070077391,0.9943512678146362,252.4684902929834,253.8450021646829,254.65065629248107
334166.0,5.569433212280273,4732.0,4732.0,7.0332489013671875,75.0,3.0,0.5635125225608323,0.7493480442020789,0.9947330355644226,252.65049274676392,253.89630348643328,254.6633553910916
334445.0,5.57408332824707,4786.0,4786.0,10.404026985168457,124.0,15.0,0.5049498905286853,0.6242196204571188,0.994672954082489,252.79366541293422,254.4391747730745,254.48954116913518
334724.0,5.578733444213867,4479.0,4479.0,9.031952857971191,28.0,5.0,0.6085695934265805,0.8752480836865193,0.9950146675109863,252.61607252487644,253.39178536050647,254.84140790572658
335004.0,5.583399772644043,4958.0,4958.0,8.29389762878418,77.0,5.0,0.5622323763488278,0.7348416908761709,0.9944815039634705,252.5587021662479,253.85462478229434,254.62686485512202
335283.0,5.58804988861084,4296.0,4296.0,7.374975681304932,117.0,14.0,0.5146817965260627,0.6321515107057047,0.9952183365821838,253.0098782113759,254.41567312021678,254.55147344553785
335562.0,5.592700004577637,4566.0,4566.0,9.266974449157715,31.0,4.0,0.605564537896849,0.8692181411216954,0.9949178099632263,252.57757093759187,253.40352795969352,254.83051214365355
335842.0,5.597366809844971,5003.0,5003.0,7.740602970123291,124.0,13.0,0.5048634838515079,0.6353062211386371,0.9944314360618591,252.67789165103324,254.42949112265018,254.48214074051492
336121.0,5.602016448974609,4748.0,4748.0,9.746170997619629,78.0,2.0,0.5597927288940685,0.7481978861862031,0.9947152733802795,252.64411928405485,253.93721966814422,254.6606701398877
336400.0,5.606666564941406,4907.0,4907.0,9.609583854675293,121.0,1.0,0.5081707360941973,0.7024863844504969,0.9945382475852966,252.62886742407562,254.48970926719159,254.58563884442566
336680.0,5.61133337020874,5495.0,5495.0,8.855036735534668,77.0,3.0,0.5613293919502536,0.7451083590616604,0.9938837885856628,252.2782698254382,253.74721446621376,254.60246235324985
336959.0,5.615983486175537,4658.0,4658.0,12.488853454589844,78.0,0.0,0.5589388043799406,0.7585270738736409,0.9948154091835022,252.67510295396914,253.971491070029,254.68075572961698
337238.0,5.620633125305176,4638.0,4638.0,7.743882179260254,79.0,0.0,0.5578511729624649,0.7565375711102164,0.9948377013206482,252.68771824618864,253.98814469058587,254.67950942734194
337517.0,5.625283241271973,5453.0,5453.0,10.59299373626709,72.0,0.0,0.5653422472790545,0.7711941937210535,0.9939305782318115,252.25871822825982,253.70998288681133,254.64587666996405
337797.0,5.629950046539307,4900.0,4900.0,9.133825302124023,75.0,0.0,0.5621670418109989,0.7647058823529411,0.9945460557937622,252.545725107193,253.87937329626627,254.67276334762573
338076.0,5.6346001625061035,4981.0,4981.0,8.892478942871094,121.0,4.0,0.5083688541782873,0.6858710298508166,0.9944559335708618,252.61662184998463,254.45852684039517,254.5559042711549
338355.0,5.639249801635742,5190.0,5190.0,10.60214614868164,68.0,0.0,0.5694913707725001,0.7803133273813083,0.9942232966423035,252.37749279611097,253.7178680126654,254.6763884914638
338635.0,5.643916606903076,4559.0,4559.0,8.759528160095215,75.0,4.0,0.5639733438250351,0.7442409931612047,0.9949256181716919,252.7430090760287,253.92976214547346,254.66905619153417
338914.0,5.648566722869873,4805.0,4805.0,7.880581855773926,78.0,3.0,0.5602285878145693,0.7430415376300296,0.9946517944335938,252.62285316422225,253.91716713148577,254.64956199691056
339193.0,5.65321683883667,4798.0,4798.0,10.053735733032227,76.0,4.0,0.5628787055125736,0.7420888667791858,0.9946596026420593,252.6276210707314,253.88625053876393,254.64877627671885
339473.0,5.657883167266846,4969.0,4969.0,8.50239086151123,73.0,5.0,0.566622732507295,0.7435794638568151,0.9944692850112915,252.5409735259369,253.79995939021987,254.63836182982178
339752.0,5.662533283233643,4368.0,4368.0,7.422877788543701,81.0,0.0,0.5556589171366472,0.7526653906693322,0.9951382279396057,252.82712979496804,254.07013018477917,254.69336645423087
340031.0,5.6671833992004395,3909.0,3909.0,8.544352531433105,124.0,12.0,0.504821401635912,0.6408495898784412,0.9956490993499756,253.17951074546542,254.5603931694883,254.60152992302213
340311.0,5.671850204467773,4551.0,4551.0,8.186532020568848,77.0,1.0,0.5604509807351349,0.7553983598376205,0.9949344992637634,252.73254722054276,253.97622680401636,254.6840474039766
340590.0,5.676499843597412,4810.0,4810.0,7.625011444091797,29.0,1.0,0.6052953529783691,0.8891589362957657,0.9946462512016296,252.42090899179334,253.314881644783,254.84867912103778
340869.0,5.681149959564209,4430.0,4430.0,11.309280395507812,118.0,16.0,0.5135276158785586,0.6206122412728301,0.9950692057609558,252.9623190967369,254.3963040515941,254.52297584135056
341149.0,5.685816764831543,4499.0,4499.0,7.1353559494018555,78.0,6.0,0.561573182839118,0.7276068751089989,0.9949923753738403,252.79394228330978,253.96566749891818,254.6521691573488
341428.0,5.69046688079834,4170.0,4170.0,9.099740982055664,78.0,7.0,0.5620341358351354,0.7224738567339135,0.9953585863113403,252.96134799706417,254.03499266539296,254.6715310217194
341707.0,5.6951165199279785,5151.0,5151.0,13.809385299682617,74.0,0.0,0.5632313981042658,0.7668346438516908,0.9942666888237,252.41689773338138,253.80844291474995,254.6591135667056
341987.0,5.6997833251953125,5276.0,5276.0,11.308931350708008,76.0,0.0,0.5610967913167303,0.762611511060009,0.9941275715827942,252.36054346885905,253.8072569324907,254.644518038366
342266.0,5.704433441162109,5094.0,5094.0,10.197676658630371,121.0,3.0,0.5083017568200819,0.6914093614035931,0.994330108165741,252.5545224277141,254.45424600884962,254.5538327368138
342545.0,5.709083557128906,5092.0,5092.0,7.505641937255859,59.0,227.0,0.9040412085493152,0.6699457993650603,0.9943323731422424,254.52299086673122,252.58651943581242,253.7014481849509
342825.0,5.713749885559082,4646.0,4646.0,10.38941764831543,75.0,2.0,0.5630579438224146,0.7544612923135188,0.9948287606239319,252.68645147375727,253.92339351799825,254.676216444448
343104.0,5.718400001525879,5160.0,5160.0,8.70666790008545,75.0,1.0,0.5626094888847314,0.759580612345581,0.9942566752433777,252.42301006249997,253.8121011176311,254.64789431162265
343383.0,5.723050117492676,6064.0,6064.0,8.06305980682373,125.0,5.0,0.5032476092441873,0.6795185667122924,0.9932504892349243,252.10933819522685,254.402832941673,254.44841131458455
343663.0,5.727716445922852,4884.0,4884.0,10.266145706176758,77.0,1.0,0.5604509807351349,0.7553983598376205,0.99456387758255,252.5666471042556,253.90132156506095,254.66093046284493
343942.0,5.732366561889648,4739.0,4739.0,9.786983489990234,74.0,4.0,0.5650616185125749,0.7464281213938389,0.9947252869606018,252.65096366800663,253.87508239809816,254.6589326819003
344221.0,5.737016677856445,4681.0,4681.0,8.12161636352539,28.0,0.0,0.6054672165574752,0.896942561843535,0.9947898387908936,252.47973897933687,253.35489349950012,254.86307880401884
344501.0,5.741683483123779,4824.0,4824.0,8.159449577331543,78.0,6.0,0.561573182839118,0.7276068751089989,0.9946306347846985,252.63458117346389,253.89094942872674,254.62704256673234
344780.0,5.746333122253418,4724.0,4724.0,8.457314491271973,75.0,2.0,0.5630579438224146,0.7544612923135188,0.9947419762611389,252.64762522340615,253.90532577819266,254.6707826697747
345059.0,5.750983238220215,4785.0,4785.0,8.486316680908203,118.0,20.0,0.5140284122912023,0.5985115460390237,0.9946740865707397,252.82904880198146,254.31790054226073,254.4547353490958
345338.0,5.755633354187012,4821.0,4821.0,7.31402063369751,77.0,6.0,0.5626933894351623,0.729717414350133,0.9946339726448059,252.6331637046496,253.87897066373594,254.6301623442014
345618.0,5.760300159454346,4581.0,4581.0,9.350972175598145,77.0,2.0,0.5608871744018228,0.7502505028278649,0.9949011206626892,252.72429938838334,253.96253683700004,254.67527214958815
345897.0,5.764949798583984,4504.0,4504.0,8.823741912841797,78.0,2.0,0.5597927288940685,0.7481978861862031,0.9949868321418762,252.7651775895695,253.99183125575047,254.67810680278737
346176.0,5.769599914550781,4915.0,4915.0,9.503695487976074,75.0,1.0,0.5626094888847314,0.759580612345581,0.9945293664932251,252.54536473277884,253.8685021822848,254.66461217876596
346456.0,5.774266719818115,5096.0,5096.0,9.661272048950195,29.0,1.0,0.6052953529783691,0.8891589362957657,0.9943279027938843,252.26754925325972,253.21467994211642,254.83968117162127
346735.0,5.778916835784912,4343.0,4343.0,7.29683780670166,78.0,6.0,0.561573182839118,0.7276068751089989,0.9951660633087158,252.87045872326547,254.0015430066687,254.6642335641796
347014.0,5.783566474914551,4699.0,4699.0,7.225227355957031,77.0,0.0,0.5600206951179266,0.7605518140792705,0.994769811630249,252.65195550630293,253.9500670701133,254.68064842512408
347294.0,5.788233280181885,4716.0,4716.0,11.624841690063477,74.0,0.0,0.5632313981042658,0.7668346438516908,0.9947508573532104,252.63503639488886,253.90906791556588,254.68790085524847
347573.0,5.792883396148682,4830.0,4830.0,8.96251106262207,121.0,2.0,0.5082357258587785,0.6969478138902714,0.9946239590644836,252.67367046720815,254.49012384221993,254.5845486556785
347852.0,5.7975335121154785,4940.0,4940.0,9.593231201171875,126.0,5.0,0.5019487386454041,0.6794280336450136,0.994501531124115,252.6452578930671,254.52824579800094,254.55052298023153
348132.0,5.802199840545654,4963.0,4963.0,8.307716369628906,78.0,7.0,0.5620341358351354,0.7224738567339135,0.9944759607315063,252.5736716279943,253.8514838865197,254.60906834507395
348411.0,5.806849956512451,4807.0,4807.0,8.923480033874512,75.0,1.0,0.5626094888847314,0.759580612345581,0.9946495890617371,252.59930776446245,253.89336796313867,254.67198265702345
348690.0,5.811500072479248,4613.0,4613.0,8.314685821533203,123.0,3.0,0.5057500851473361,0.6909198522365186,0.9948655366897583,252.78609868482368,254.53290579384475,254.59532502695305
348970.0,5.816166877746582,4754.0,4754.0,7.765842437744141,126.0,12.0,0.5020668311191361,0.6406095712970344,0.9947085976600647,252.7863130422572,254.49363345042966,254.5150717643758
349249.0,5.820816516876221,4579.0,4579.0,8.027752876281738,56.0,227.0,0.9008312268946206,0.6795185667122924,0.9949033260345459,254.58348570875057,252.81721056886784,253.86816660040006
349528.0,5.825466632843018,5011.0,5011.0,10.238485336303711,78.0,0.0,0.5589388043799406,0.7585270738736409,0.9944224953651428,252.4989108092117,253.89354559946156,254.65656182701113
349808.0,5.830133438110352,4903.0,4903.0,9.622781753540039,129.0,11.0,0.49795090795157765,0.6461550432127579,0.9945427179336548,252.70919923908409,254.50758690707985,254.485476535857
350087.0,5.834783554077148,4465.0,4465.0,7.901012420654297,123.0,12.0,0.5061977072445313,0.6410415400388366,0.9950302243232727,252.92031987580302,254.4846752632305,254.54509452906606
350366.0,5.839433193206787,4575.0,4575.0,9.4403076171875,29.0,3.0,0.6065272213426133,0.8804336424131067,0.994907796382904,252.55823449612075,253.3832901312088,254.84474165916032
350646.0,5.844099998474121,4237.0,4237.0,9.331838607788086,29.0,2.0,0.6059082501712737,0.8847896636730757,0.9952840209007263,252.73339969159562,253.50918184616552,254.8614509677748
350925.0,5.848750114440918,4685.0,4685.0,10.30672836303711,73.0,4.0,0.5661434840304798,0.7486499447108067,0.9947853684425354,252.6747658779148,253.8756195269098,254.66577202777825
351204.0,5.853400230407715,4210.0,4210.0,8.640663146972656,76.0,0.0,0.5610967913167303,0.762611511060009,0.9953140616416931,252.8938303329303,254.0482437426958,254.7163411043332
351484.0,5.858066558837891,4913.0,4913.0,11.308930397033691,27.0,2.0,0.6074656534593109,0.8916805451172305,0.9945315718650818,252.36214762562489,253.24547637678748,254.84895402556683
351763.0,5.8627166748046875,4721.0,4721.0,7.994141578674316,75.0,1.0,0.5626094888847314,0.759580612345581,0.9947453141212463,252.64225893396363,253.9131668942499,254.677851267872
352042.0,5.867366790771484,4559.0,4559.0,11.30268383026123,28.0,2.0,0.6066899724026912,0.888224472946247,0.9949256181716919,252.55669915191228,253.38389782610528,254.85536611565058
352322.0,5.87203311920166,4586.0,4586.0,8.817482948303223,78.0,3.0,0.5602285878145693,0.7430415376300296,0.9948955774307251,252.73120875621507,253.9665250401901,254.66553573345473
352601.0,5.876683235168457,4554.0,4554.0,9.399738311767578,75.0,2.0,0.5630579438224146,0.7544612923135188,0.994931161403656,252.73226431586107,253.9447124582359,254.6826280000035
352880.0,5.881333351135254,4273.0,4273.0,9.263856887817383,77.0,5.0,0.5622323763488278,0.7348416908761709,0.9952439665794373,252.89600390939592,254.0128754685274,254.67841904611709
353160.0,5.886000156402588,4529.0,4529.0,8.628148078918457,79.0,7.0,0.5609007603575511,0.720384791875851,0.9949589967727661,252.78852135157777,253.96382107237255,254.64056700253295
353439.0,5.890649795532227,4998.0,4998.0,11.329534530639648,69.0,87.0,0.6536245735243501,0.39460023132349226,0.9944369792938232,253.0216615592587,253.10926814113284,254.14119788059116
353718.0,5.895299911499023,5232.0,5232.0,7.278478145599365,79.0,7.0,0.5609007603575511,0.720384791875851,0.9941765069961548,252.44524455615027,253.8029801879176,254.58477401188867
353998.0,5.899966716766357,5012.0,5012.0,9.752386093139648,77.0,3.0,0.5613293919502536,0.7451083590616604,0.9944214224815369,252.51751832391838,253.857338188498,254.63740714166542
354277.0,5.904616832733154,5149.0,5149.0,9.06295394897461,27.0,1.0,0.606849893066166,0.8960162161436949,0.9942688941955566,252.22910126687674,253.16903818248872,254.84803477285715
354556.0,5.909266471862793,4974.0,4974.0,7.6241455078125,77.0,3.0,0.5613293919502536,0.7451083590616604,0.9944636821746826,252.5363239985772,253.86599425491704,254.64015391051095
354835.0,5.91391658782959,4044.0,4044.0,8.611248970031738,165.0,58.0,0.42125029305167516,0.43797092521547853,0.9954988360404968,253.34950155963475,254.35490482101864,253.8798535478254
355115.0,5.918583393096924,4340.0,4340.0,8.03687858581543,77.0,0.0,0.5600206951179266,0.7605518140792705,0.9951694011688232,252.83134751849403,254.0302825777256,254.70504707760583
355394.0,5.923233509063721,4262.0,4262.0,9.14008617401123,77.0,1.0,0.5604509807351349,0.7553983598376205,0.9952561855316162,252.87654254502038,254.04124185300998,254.70411207610388
355673.0,5.927883148193359,4044.0,4044.0,9.946126937866211,78.0,3.0,0.5602285878145693,0.7430415376300296,0.9954988360404968,252.99934248398014,254.08866474532377,254.70506389667324
355953.0,5.932549953460693,4326.0,4326.0,9.062772750854492,73.0,3.0,0.5656706878414983,0.7537271224809404,0.9951849579811096,252.84671120497453,253.9683156812835,254.69761736539138
356232.0,5.93720006942749,4464.0,4464.0,8.528377532958984,78.0,6.0,0.561573182839118,0.7276068751089989,0.9950313568115234,252.81111515624426,253.97371917430212,254.6548768176327
356511.0,5.941850185394287,4081.0,4081.0,8.841460227966309,78.0,4.0,0.5606705349386576,0.7378908396203967,0.995457649230957,252.98700200307508,254.07413888523922,254.696399104713
356791.0,5.946516513824463,4019.0,4019.0,8.91987419128418,71.0,4.0,0.5682878198571557,0.7531964436569046,0.9955266714096069,253.00013093712363,254.01442110437713,254.7184714817759
357070.0,5.95116662979126,4224.0,4224.0,8.167207717895508,74.0,4.0,0.5650616185125749,0.7464281213938389,0.9952985048294067,252.90624003847705,253.9973303508355,254.69599742452039
357349.0,5.955816745758057,4305.0,4305.0,9.936878204345703,75.0,0.0,0.5621670418109989,0.7647058823529411,0.9952083230018616,252.8437453508377,254.0154499208776,254.7124993801117
357629.0,5.960483551025391,4074.0,4074.0,9.247154235839844,121.0,4.0,0.5083688541782873,0.6858710298508166,0.9954654574394226,253.05061324619174,254.5571241580487,254.63677004791379
357908.0,5.965133190155029,4263.0,4263.0,9.1281099319458,77.0,2.0,0.5608871744018228,0.7502505028278649,0.9952550530433655,252.882264321831,254.0345510548023,254.6978127302854
358187.0,5.969783306121826,4158.0,4158.0,7.565827369689941,80.0,0.0,0.5567578574427741,0.7545835845056413,0.99537193775177,252.92931787755225,254.10383803307144,254.71037037585046
358467.0,5.97445011138916,4656.0,4656.0,9.213790893554688,30.0,2.0,0.6051204540748308,0.8813763658884833,0.9948176741600037,252.5137741342959,253.3739928272014,254.84323968730598
358746.0,5.979100227355957,4319.0,4319.0,8.184917449951172,119.0,15.0,0.5120022359860678,0.6256960752822461,0.9951927661895752,253.00714920966416,254.43069207854833,254.5411615470192
359025.0,5.983749866485596,4870.0,4870.0,11.871004104614258,73.0,4.0,0.5661434840304798,0.7486499447108067,0.9945794343948364,252.58293870482848,253.83121596370006,254.6525728365381
359305.0,5.98841667175293,5367.0,5367.0,8.622335433959961,98.0,20.0,0.5426257700324165,0.6182287954485155,0.994026243686676,252.53493935678065,253.936729672593,254.41844492342412
359584.0,5.993066787719727,4933.0,4933.0,8.708526611328125,76.0,4.0,0.5628787055125736,0.7420888667791858,0.9945093393325806,252.5608692009067,253.85491285567434,254.6388938587094
359863.0,5.997716903686523,4744.0,4744.0,11.175071716308594,76.0,0.0,0.5610967913167303,0.762611511060009,0.9947196841239929,252.62667788600382,253.92752031903632,254.68036101723257
360143.0,6.002383232116699,4555.0,4555.0,6.972321033477783,78.0,4.0,0.5606705349386576,0.7378908396203967,0.99493008852005,252.75320705673374,253.96660691055484,254.66113808849178
360422.0,6.007033348083496,4861.0,4861.0,9.097485542297363,74.0,2.0,0.5641341678060844,0.7566188777088133,0.9945894479751587,252.57640915445626,253.86081335864122,254.66420931287468
360701.0,6.011683464050293,4470.0,4470.0,8.557352066040039,71.0,3.0,0.5678035336372295,0.7582431787924724,0.9950246810913086,252.76930576395142,253.91056743371954,254.69328159261596
360981.0,6.016349792480469,4376.0,4376.0,7.842137813568115,56.0,230.0,0.9030607678860292,0.6930977330164161,0.9951292872428894,254.6188176393193,252.8971188545543,253.89851980331434
361260.0,6.020999908447266,4394.0,4394.0,8.990968704223633,78.0,1.0,0.5593628396370643,0.7533597692639324,0.9951092600822449,252.8133172135001,254.02311735423882,254.69240542844477
361539.0,6.0256500244140625,4585.0,4585.0,7.9789018630981445,126.0,7.0,0.5019810795417153,0.6683370078163535,0.994896650314331,252.8289026781705,254.54771261775903,254.56838898213834
361819.0,6.0303168296813965,4338.0,4338.0,10.268123626708984,77.0,2.0,0.5608871744018228,0.7502505028278649,0.9951716065406799,252.8450209895934,254.01757229007967,254.69249834615337
362098.0,6.034966468811035,4551.0,4551.0,6.838005065917969,57.0,227.0,0.9018911079427363,0.6762972213197262,0.9949344992637634,254.58187225074968,252.83472237376967,253.8631880059006
362377.0,6.039616584777832,3872.0,3872.0,8.476663589477539,57.0,227.0,0.9018911079427363,0.6762972213197262,0.9956902861595154,254.64425808190217,253.15778785945068,254.03280353905564
362657.0,6.044283390045166,4334.0,4334.0,6.913922309875488,124.0,5.0,0.5045460473378242,0.679654343701801,0.9951760768890381,252.93385653121229,254.56033438542536,254.60594268219714
362936.0,6.048933506011963,4677.0,4677.0,10.640117645263672,87.0,35.0,0.5656822850975052,0.5600159277132926,0.9947942495346069,252.9291313213629,253.82999559170594,254.41593594128665
363215.0,6.053583145141602,4835.0,4835.0,8.848077774047852,71.0,34.0,0.586510134717504,0.6058664887827281,0.9946184158325195,252.79626305386427,253.5960004678613,254.4591290207207
363494.0,6.058233261108398,4732.0,4732.0,8.324281692504883,76.0,1.0,0.5615332142455102,0.757472070077391,0.9947330355644226,252.6395815631474,253.92306232227716,254.67426657470813
363774.0,6.062900066375732,5206.0,5206.0,10.347949028015137,78.0,0.0,0.5589388043799406,0.7585270738736409,0.9942054748535156,252.40159351566473,253.85049349716544,254.64319865962824
364053.0,6.067550182342529,4906.0,4906.0,11.50509262084961,77.0,2.0,0.5608871744018228,0.7502505028278649,0.9945393800735474,252.56284954313344,253.88893389192734,254.65223429437572
364332.0,6.072199821472168,3937.0,3937.0,7.600438117980957,57.0,228.0,0.9026406296887545,0.6808299433520134,0.9956179261207581,254.64335017409033,253.12179214749628,254.0106197356636
364612.0,6.076866626739502,4074.0,4074.0,11.45435619354248,28.0,5.0,0.6085695934265805,0.8752480836865193,0.9954654574394226,252.831634976985,253.53720534279356,254.85574831712054
364891.0,6.081516742706299,4801.0,4801.0,7.6085405349731445,95.0,21.0,0.5471397750492129,0.61753189091231,0.9946562647819519,252.79586615639508,254.0028219764798,254.4788288824004
365170.0,6.086166858673096,4449.0,4449.0,10.138927459716797,28.0,0.0,0.6054672165574752,0.896942561843535,0.9950480461120605,252.60463911594871,253.4364223669344,254.86986440120216
365450.0,6.0908331871032715,4738.0,4738.0,9.459367752075195,74.0,3.0,0.5645947490624071,0.751520309675953,0.9947263598442078,252.64459360110783,253.88247465139804,254.66584991943813
365729.0,6.095483303070068,3942.0,3942.0,8.905339241027832,121.0,14.0,0.5091046554227507,0.6304950667685917,0.995612382888794,253.17573304605378,254.50951045334259,254.58658222723113
366008.0,6.100133419036865,4301.0,4301.0,5.566564083099365,57.0,226.0,0.9011314885339081,0.6717797006213114,0.9952127933502197,254.5993291080565,252.95919550055555,253.93214091083033
366288.0,6.104800224304199,4223.0,4223.0,8.768999099731445,79.0,7.0,0.5609007603575511,0.720384791875851,0.9952995777130127,252.93793357042856,254.03382753289782,254.66485106320792
366567.0,6.109449863433838,4855.0,4855.0,9.441327095031738,79.0,9.0,0.5618289901887671,0.7101071825352823,0.9945961236953735,252.64349204107114,253.87452057186238,254.60053104356936
366846.0,6.114099979400635,4271.0,4271.0,9.07448959350586,28.0,0.0,0.6054672165574752,0.896942561843535,0.995246171951294,252.70047661689463,253.4989805283729,254.87507107826528
367126.0,6.118766784667969,4112.0,4112.0,9.410234451293945,74.0,0.0,0.5632313981042658,0.7668346438516908,0.9954231381416321,252.93792768667058,254.04878838635295,254.72787276556178
367405.0,6.123416900634766,4594.0,4594.0,7.261063098907471,83.0,10.0,0.5576190267064174,0.6968154066038083,0.9948866367340088,252.78750943982953,253.97645532704828,254.60467529451495
367684.0,6.128066539764404,3842.0,3842.0,9.64009952545166,78.0,8.0,0.5625016816523644,0.7173469853732346,0.9957236647605896,253.12729238487907,254.10507926070625,254.69177664302163
367964.0,6.132733345031738,4198.0,4198.0,7.207348823547363,78.0,0.0,0.5589388043799406,0.7585270738736409,0.9953274130821228,252.9046979969707,254.0730613965118,254.71228267491193
368243.0,6.137383460998535,4335.0,4335.0,8.794715881347656,75.0,3.0,0.5635125225608323,0.7493480442020789,0.9951749444007874,252.84762109820954,253.98890582844183,254.691600546192
368522.0,6.142033100128174,4159.0,4159.0,8.260345458984375,58.0,227.0,0.9029610862034295,0.6731061546478658,0.9953708052635193,254.61411990658553,253.0249907778093,253.9502349650429
368802.0,6.146699905395508,4094.0,4094.0,6.248846530914307,79.0,5.0,0.5599986734577987,0.73068621531532,0.9954431653022766,252.9889549958108,254.07575527147824,254.68705930835029
369081.0,6.151350021362305,3845.0,3845.0,10.38862419128418,79.0,8.0,0.5613615407523108,0.7152429462260396,0.9957203269004822,253.12812683049415,254.11448607349232,254.68923988875176
369360.0,6.156000137329102,4398.0,4398.0,7.22379207611084,96.0,22.0,0.5461791059554583,0.6106198437799408,0.9951047897338867,252.98949768751027,254.09155937169854,254.51394507677196
369640.0,6.160666465759277,4336.0,4336.0,8.738903999328613,82.0,10.0,0.558800276307088,0.6987988816321874,0.9951738119125366,252.90932565399004,254.02250212158296,254.62931842140364
369919.0,6.165316581726074,4037.0,4037.0,8.859881401062012,76.0,3.0,0.562424054010831,0.7472106273638784,0.9955066442489624,252.99803607521142,254.06901409693805,254.7103524917594
370198.0,6.169966697692871,4231.0,4231.0,11.550602912902832,28.0,3.0,0.6073103773635875,0.8838853794982323,0.9952906966209412,252.73769411522522,253.49372717851307,254.86056116145477
370478.0,6.174633502960205,4949.0,4949.0,7.498600959777832,122.0,14.0,0.5077063258647243,0.6302023011760077,0.9944915175437927,252.7101151020953,254.39869714678002,254.480558845239
370757.0,6.179283142089844,4502.0,4502.0,10.873659133911133,75.0,0.0,0.5621670418109989,0.7647058823529411,0.9949890375137329,252.7450668811798,253.97039313913473,254.69934225082397
371036.0,6.183933258056641,4551.0,4551.0,8.053619384765625,29.0,1.0,0.6052953529783691,0.8891589362957657,0.9949344992637634,252.55976832441812,253.40560911793324,254.85682630010123
371316.0,6.188600063323975,4745.0,4745.0,11.3934965133667,74.0,4.0,0.5650616185125749,0.7464281213938389,0.994718611240387,252.6479907083006,253.87365869312714,254.65850102429675
371595.0,6.1932501792907715,4141.0,4141.0,8.623785972595215,28.0,0.0,0.6054672165574752,0.896942561843535,0.9953908920288086,252.77048066391527,253.54467584003737,254.87887427077712
371874.0,6.19789981842041,4793.0,4793.0,10.662458419799805,78.0,0.0,0.5589388043799406,0.7585270738736409,0.9946651458740234,252.60772121899745,253.94168213020794,254.6715031767545
372153.0,6.202549934387207,4489.0,4489.0,9.57450008392334,77.0,0.0,0.5600206951179266,0.7605518140792705,0.9950035214424133,252.7568773559153,253.9969830911974,254.6949185797155
372433.0,6.207216739654541,4609.0,4609.0,7.940311431884766,77.0,4.0,0.5617777520620542,0.7399720476448116,0.9948699474334717,252.72383224247952,253.94222735357422,254.65984094859104
372712.0,6.211866855621338,4367.0,4367.0,10.069997787475586,75.0,0.0,0.5621670418109989,0.7647058823529411,0.9951393008232117,252.81268537044525,254.00126787324012,254.7083580493927
372991.0,6.216516494750977,4607.0,4607.0,9.8961820602417,79.0,0.0,0.5578511729624649,0.7565375711102164,0.9948722124099731,252.70317635256853,253.99490916337913,254.68165197651777
373271.0,6.2211833000183105,4031.0,4031.0,7.247776031494141,118.0,16.0,0.5135276158785586,0.6206122412728301,0.9955133199691772,253.14585201194043,254.4506786482888,254.56594117233996
373550.0,6.225833415985107,4513.0,4513.0,10.453558921813965,75.0,1.0,0.5626094888847314,0.759580612345581,0.994976818561554,252.74613336879713,253.96104924072316,254.69204409759539
373829.0,6.230483531951904,4344.0,4344.0,7.289759159088135,77.0,0.0,0.5600206951179266,0.7605518140792705,0.9951649308204651,252.82934059711658,254.0293851786995,254.7047741213206
374109.0,6.23514986038208,4762.0,4762.0,8.157997131347656,120.0,13.0,0.5104101249299056,0.6363704269224316,0.9946996569633484,252.78830222758117,254.4010765558493,254.5085228237265
374388.0,6.239799976348877,4258.0,4258.0,9.902732849121094,74.0,4.0,0.5650616185125749,0.7464281213938389,0.9952606558799744,252.88938441871528,253.98925845211573,254.69355008007165
374667.0,6.244450092315674,4229.0,4229.0,8.963678359985352,78.0,8.0,0.5625016816523644,0.7173469853732346,0.9952929019927979,252.93865125400615,254.0149323210885,254.66072876232076
374947.0,6.249116897583008,4503.0,4503.0,7.3747992515563965,76.0,6.0,0.563807080039609,0.7318638942507033,0.994987964630127,252.78655841108338,253.9411028412983,254.65730355028137
375226.0,6.2537665367126465,4387.0,4387.0,11.578079223632812,78.0,4.0,0.5606705349386576,0.7378908396203967,0.9951170682907104,252.8360694165431,254.0047187402447,254.67363541171923
375505.0,6.258416652679443,4783.0,4783.0,7.7451090812683105,76.0,4.0,0.5628787055125736,0.7420888667791858,0.9946762919425964,252.63503500311973,253.8897311223677,254.64987388760446
375785.0,6.263083457946777,4350.0,4350.0,10.40546703338623,24.0,3.0,0.6103822350011247,0.8979022072043381,0.9951582551002502,252.65676462535137,253.4055212097467,254.87394547577625
376064.0,6.267733097076416,4422.0,4422.0,9.591660499572754,76.0,5.0,0.5633396726488251,0.736973246157356,0.9950780868530273,252.81994597866856,253.96683366421843,254.6698783163754
376343.0,6.272383213043213,4618.0,4618.0,8.723748207092285,72.0,4.0,0.5672188977378395,0.7509061551388774,0.9948599338531494,252.70505776914288,253.87960596731463,254.67350849596332
376623.0,6.277050018310547,4790.0,4790.0,12.139890670776367,76.0,2.0,0.5619755965026633,0.7523384025127421,0.9946684837341309,252.6176317224425,253.9026077774496,254.66329498196424
376902.0,6.281700134277344,4862.0,4862.0,7.175982475280762,80.0,0.0,0.5567578574427741,0.7545835845056413,0.9945883750915527,252.5787372013848,253.95211166961107,254.6613340953071
377181.0,6.286349773406982,4088.0,4088.0,6.886290550231934,57.0,226.0,0.9011314885339081,0.6717797006213114,0.9954498410224915,254.6191690918363,253.06024982963433,253.9850179913327
377461.0,6.291016578674316,3909.0,3909.0,11.487723350524902,162.0,62.0,0.4228428783086985,0.4105678216548308,0.9956490993499756,253.43500368470393,254.34603698378362,253.92428074105212
377740.0,6.295666694641113,4180.0,4180.0,7.431291580200195,118.0,17.0,0.5136494410065964,0.6150865069205882,0.9953474402427673,253.08385694593022,254.4238110091646,254.54333757788112
378019.0,6.30031681060791,4094.0,4094.0,11.325126647949219,77.0,1.0,0.5604509807351349,0.7553983598376205,0.9954431653022766,252.96023966061912,254.07903177494683,254.71577464354195
378299.0,6.304983139038086,4075.0,4075.0,7.674894332885742,77.0,5.0,0.5622323763488278,0.7348416908761709,0.9954643249511719,252.9934870664017,254.05861130240825,254.69331865869594
378578.0,6.309633255004883,4153.0,4153.0,10.01799488067627,74.0,3.0,0.5645947490624071,0.751520309675953,0.9953775405883789,252.93543545727266,254.02046491365238,254.70711024280058
378857.0,6.31428337097168,4127.0,4127.0,11.312451362609863,79.0,8.0,0.5613615407523108,0.7152429462260396,0.995406448841095,252.99084066302268,254.04954106803294,254.66644824593575
379137.0,6.318950176239014,4744.0,4744.0,7.422914981842041,77.0,5.0,0.5622323763488278,0.7348416908761709,0.9947196841239929,252.66406940871346,253.90405956514198,254.64296949452293
379416.0,6.323599815368652,4322.0,4322.0,7.6620612144470215,76.0,3.0,0.562424054010831,0.7472106273638784,0.9951894283294678,252.85670410365535,254.0032895993378,254.68990434437322
379695.0,6.328249931335449,4715.0,4715.0,7.393884658813477,79.0,7.0,0.5609007603575511,0.720384791875851,0.9947519898414612,252.69770779958816,253.92127076831162,254.62580701955704
379974.0,6.332900047302246,4531.0,4531.0,10.896976470947266,164.0,70.0,0.40998147210028646,0.3777144484087373,0.9949567914009094,253.2282341549069,254.19972945955692,253.67501399644044
380254.0,6.33756685256958,4342.0,4342.0,7.927853584289551,56.0,226.0,0.9000681684061743,0.6750226048872765,0.9951671361923218,254.59950426975578,252.93573518832832,253.93331613826567
380533.0,6.342216491699219,4625.0,4625.0,11.373090744018555,76.0,2.0,0.5619755965026633,0.7523384025127421,0.9948521256446838,252.69969142934656,253.9404070064729,254.6748926494422
380812.0,6.346866607666016,3925.0,3925.0,8.079339981079102,129.0,7.0,0.4980189204582847,0.6683370078163535,0.9956312775611877,253.1414321630052,254.63051939320056,254.61281939171513
381092.0,6.35153341293335,4724.0,4724.0,8.372090339660645,78.0,0.0,0.5589388043799406,0.7585270738736409,0.9947419762611389,252.64217383953633,253.95692359130646,254.67623405364452
381371.0,6.3561835289001465,4106.0,4106.0,9.513916015625,76.0,0.0,0.5610967913167303,0.762611511060009,0.9954298138618469,252.9458570128271,254.07175406046022,254.72334805671483
381650.0,6.360833168029785,4367.0,4367.0,10.158609390258789,76.0,2.0,0.5619755965026633,0.7523384025127421,0.9951393008232117,252.82801459321016,253.9995166090157,254.6930288266278
381930.0,6.365499973297119,4104.0,4104.0,10.184671401977539,77.0,5.0,0.5622323763488278,0.7348416908761709,0.9954320788383484,252.9792218816735,254.05191855528096,254.69113832588417
382209.0,6.370150089263916,4052.0,4052.0,8.016268730163574,97.0,23.0,0.5451964755987356,0.6037305529339589,0.9954899549484253,253.15561125369868,254.1676920302322,254.54426576999822
382488.0,6.374800205230713,4104.0,4104.0,11.473682403564453,73.0,0.0,0.5642898143413986,0.7689975099563768,0.9954320788383484,252.9394365040371,254.03987742682187,254.73092370352057
382768.0,6.379466533660889,4648.0,4648.0,7.905230522155762,27.0,0.0,0.606240072123525,0.9003651700539992,0.9948265552520752,252.49298427692045,253.3542715848491,254.8685589016379
383047.0,6.3841166496276855,4685.0,4685.0,11.738911628723145,74.0,0.0,0.5632313981042658,0.7668346438516908,0.9947853684425354,252.65058511888404,253.91624037345983,254.68995278680902
383326.0,6.388766765594482,4648.0,4648.0,7.388367176055908,76.0,1.0,0.5615332142455102,0.757472070077391,0.9948265552520752,252.6814929141056,253.94218431872764,254.68005026445275
383606.0,6.393433570861816,3817.0,3817.0,9.281238555908203,76.0,5.0,0.5633396726488251,0.736973246157356,0.9957515001296997,253.11821969419125,254.1081908777146,254.7150453719556
383885.0,6.398083209991455,4293.0,4293.0,10.32871150970459,30.0,4.0,0.6063615644228975,0.8726437489886587,0.9952216744422913,252.71823412099963,253.48769793793954,254.84481984456892
384164.0,6.402733325958252,4878.0,4878.0,8.92431640625,82.0,10.0,0.558800276307088,0.6987988816321874,0.9945705533027649,252.64799781582815,253.90031790486742,254.58298436858195
384444.0,6.407400131225586,4253.0,4253.0,12.2494478225708,75.0,5.0,0.5644405292045783,0.7391402676459123,0.9952661991119385,252.9006503454213,253.99516159013922,254.68511120166733
384723.0,6.412049770355225,3869.0,3869.0,6.634304046630859,77.0,2.0,0.5608871744018228,0.7502505028278649,0.9956936240196228,253.0780046351196,254.12378659110897,254.72574361488802
385002.0,6.4166998863220215,4049.0,4049.0,7.561028957366943,125.0,7.0,0.503301496136691,0.6684290430710765,0.9954932928085327,253.08262410245035,254.5885220822096,254.61895522990133
385282.0,6.4213666915893555,4216.0,4216.0,8.158628463745117,77.0,0.0,0.5600206951179266,0.7605518140792705,0.9953073859214783,252.89329449167758,254.05798229433094,254.71347232827634
385561.0,6.426016807556152,4754.0,4754.0,7.168213844299316,79.0,7.0,0.5609007603575511,0.720384791875851,0.9947085976600647,252.67867173110315,253.91235149927724,254.62271307552984
385840.0,6.430666446685791,4556.0,4556.0,9.596185684204102,66.0,0.0,0.5715290947981063,0.7850682645036646,0.9949289560317993,252.69169928783788,253.85068554809038,254.72206828837977
386120.0,6.435333251953125,4141.0,4141.0,8.716750144958496,97.0,20.0,0.5439993033993415,0.6197195233181696,0.9953908920288086,253.09630714766487,254.1684743468347,254.5530477870275
386399.0,6.439983367919922,4407.0,4407.0,9.107176780700684,94.0,22.0,0.5489347037812038,0.6138852138207836,0.9950947761535645,252.98130059975793,254.06613092074207,254.51703523855994
386678.0,6.444633483886719,4393.0,4393.0,8.184566497802734,125.0,14.0,0.503505048719128,0.629616361591362,0.9951103925704956,252.96811301143583,254.50516808038572,254.53818719951693
386958.0,6.4492998123168945,4396.0,4396.0,9.044044494628906,76.0,4.0,0.5628787055125736,0.7420888667791858,0.9951070547103882,252.82639389372792,253.97956747131187,254.67820400857005
387237.0,6.453949928283691,4052.0,4052.0,8.18039321899414,79.0,3.0,0.5591216959684246,0.7410104596735705,0.9954899549484253,252.9977309198604,254.0975386059705,254.7021461038365
387516.0,6.458600044250488,4457.0,4457.0,9.563166618347168,82.0,9.0,0.558347510871579,0.7039734537653428,0.995039165019989,252.84445156581543,254.00199622716596,254.62552259437896
387796.0,6.463266849517822,3865.0,3865.0,8.646283149719238,118.0,15.0,0.5134079410586749,0.6261383328319704,0.995698094367981,253.21614911862474,254.47936567263775,254.58987900904555
388075.0,6.467916488647461,4166.0,4166.0,9.697216987609863,78.0,0.0,0.5589388043799406,0.7585270738736409,0.9953630566596985,252.92068144699573,254.0801322993333,254.7144774494505
388354.0,6.472566604614258,4947.0,4947.0,8.979879379272461,74.0,1.0,0.5636797561122978,0.7617236973845878,0.9944937229156494,252.52636259991414,253.84814201925798,254.66543608706706
388634.0,6.477233409881592,4413.0,4413.0,6.9216742515563965,77.0,4.0,0.5617777520620542,0.7399720476448116,0.9950881004333496,252.8206251735634,253.98720862287195,254.6743060474449
388913.0,6.481883525848389,4415.0,4415.0,8.034313201904297,122.0,15.0,0.5077747180932678,0.6246629233287522,0.9950858950614929,252.96414015579052,254.45663717774482,254.52966632557087
389192.0,6.486533164978027,4425.0,4425.0,10.258890151977539,30.0,0.0,0.6039037684205792,0.8901615264953856,0.9950747489929199,252.62607240971158,253.46809085417675,254.86204957667758
389471.0,6.491183280944824,4060.0,4060.0,9.633554458618164,29.0,3.0,0.6065272213426133,0.8804336424131067,0.995481014251709,252.83309852817868,253.56527951245687,254.8622187401929
389751.0,6.495850086212158,4373.0,4373.0,9.146686553955078,121.0,15.0,0.5091854068895626,0.6249582838827067,0.9951326251029968,252.98313330428977,254.4490055892072,254.53450549823862
390030.0,6.500500202178955,4628.0,4628.0,10.922698974609375,28.0,5.0,0.6085695934265805,0.8752480836865193,0.9948487877845764,252.5367507869129,253.33827434494322,254.83613098322107
390309.0,6.505149841308594,4450.0,4450.0,9.760211944580078,28.0,4.0,0.6079368940212373,0.8795598493808306,0.9950469136238098,252.62604631778345,253.40897290960527,254.84787963035956
390589.0,6.509816646575928,4275.0,4275.0,9.589676856994629,75.0,6.0,0.5649142032318947,0.7340459995203058,0.9952417016029358,252.895967383512,253.9834975400126,254.67730043398527
390868.0,6.514466762542725,4087.0,4087.0,8.802803039550781,26.0,2.0,0.608235326676077,0.8951576339072821,0.9954509735107422,252.80161381911935,253.5297041404419,254.87838267135916
391147.0,6.5191168785095215,3853.0,3853.0,7.762857913970947,74.0,0.0,0.5632313981042658,0.7668346438516908,0.9957114458084106,253.06782263997744,254.1087075207795,254.745014722312
391427.0,6.523783206939697,4347.0,4347.0,8.106490135192871,78.0,0.0,0.5589388043799406,0.7585270738736409,0.9951615929603577,252.83034020772388,254.04016632686393,254.70207220205853
391706.0,6.528433322906494,4183.0,4183.0,8.866377830505371,83.0,9.0,0.5571737062533902,0.7020045993555454,0.9953441023826599,252.97928841449547,254.07438141683375,254.64620380066108
391985.0,6.533083438873291,4188.0,4188.0,8.643356323242188,100.0,20.0,0.5398592556748532,0.6153864637833417,0.9953385591506958,253.07984274532834,254.19294273576233,254.54282242152652
392265.0,6.537749767303467,4491.0,4491.0,8.62752628326416,107.0,16.0,0.5289384881924075,0.6287364283605322,0.9950013160705566,252.92390765451506,254.24845818451638,254.52676354146882
392544.0,6.542399883270264,3628.0,3628.0,9.404266357421875,118.0,17.0,0.5136494410065964,0.6150865069205882,0.9959618449211121,253.336897705905,254.49990099619373,254.60364320386216
392823.0,6.5470499992370605,4059.0,4059.0,7.194966793060303,78.0,5.0,0.5611186917656086,0.7327459113156406,0.9954821467399597,253.00378560011399,254.07298044538757,254.69210923726547
393103.0,6.5517168045043945,3702.0,3702.0,8.241593360900879,77.0,3.0,0.5613293919502536,0.7451083590616604,0.9958794713020325,253.16635388598294,254.15599079321163,254.73217647805362
393382.0,6.556366443634033,3858.0,3858.0,9.017313957214355,85.0,36.0,0.5692054639966491,0.5595214080574458,0.9957058429718018,253.29230839716595,254.00886057821467,254.51767151845294
393661.0,6.56101655960083,3693.0,3693.0,9.572382926940918,28.0,3.0,0.6073103773635875,0.8838853794982323,0.9958894848823547,253.02534647025374,253.68524987547997,254.87829081974718
393941.0,6.565683364868164,3724.0,3724.0,7.6299662590026855,121.0,3.0,0.5083017568200819,0.6914093614035931,0.9958550333976746,253.21223699496102,254.60102729778092,254.673830037853
394220.0,6.570333480834961,3787.0,3787.0,9.584735870361328,77.0,5.0,0.5622323763488278,0.7348416908761709,0.9957848787307739,253.13529513196218,254.1251428995441,254.71499302073252
394499.0,6.5749831199646,3970.0,3970.0,11.182361602783203,75.0,0.0,0.5621670418109989,0.7647058823529411,0.9955812096595764,253.0115443468094,254.09206726977223,254.73487257957458
394779.0,6.579649925231934,4216.0,4216.0,7.7373809814453125,80.0,0.0,0.5567578574427741,0.7545835845056413,0.9953073859214783,252.9004361741984,254.09133843991552,254.70633064575551
395058.0,6.5843000411987305,4110.0,4110.0,12.062536239624023,96.0,25.0,0.5474530192982299,0.5946965405936705,0.9954253435134888,253.1397268372718,254.1321600784802,254.52719835460746
395337.0,6.588950157165527,4209.0,4209.0,8.704002380371094,57.0,227.0,0.9018911079427363,0.6762972213197262,0.9953151941299438,254.61329640718273,252.99745259908863,253.94862447358685
395617.0,6.593616485595703,4176.0,4176.0,8.901914596557617,123.0,13.0,0.5062517802695489,0.6354998456533658,0.9953519105911255,253.06150287474668,254.51146286075644,254.56797152672732
395896.0,6.5982666015625,4389.0,4389.0,9.869623184204102,79.0,9.0,0.5618289901887671,0.7101071825352823,0.995114803314209,252.86967646518048,253.9825473304123,254.6388732250661
396175.0,6.602916717529297,4140.0,4140.0,10.561798095703125,73.0,4.0,0.5661434840304798,0.7486499447108067,0.9953919649124146,252.94525072321136,254.0064140458056,254.70465138212006
396455.0,6.607583522796631,4457.0,4457.0,6.4629740715026855,58.0,227.0,0.9029610862034295,0.6731061546478658,0.995039165019989,254.58647506219285,252.88349909800155,253.87502872472228
396734.0,6.6122331619262695,4165.0,4165.0,8.308633804321289,77.0,1.0,0.5604509807351349,0.7553983598376205,0.9953641295433044,252.9248611539937,254.06305809420462,254.71084491309156
397013.0,6.616883277893066,3744.0,3744.0,11.058241844177246,74.0,0.0,0.5632313981042658,0.7668346438516908,0.9958327412605286,253.12247143674804,254.1339164185587,254.75222660612152
397293.0,6.6215500831604,4290.0,4290.0,8.818817138671875,78.0,2.0,0.5597927288940685,0.7481978861862031,0.9952250123023987,252.8713560331245,254.03973026893632,254.69340024109883
397572.0,6.626200199127197,3944.0,3944.0,10.195470809936523,78.0,0.0,0.5589388043799406,0.7585270738736409,0.9956101179122925,253.03146974190162,254.1291438247432,254.72969039336755
397851.0,6.630849838256836,3874.0,3874.0,8.307429313659668,78.0,3.0,0.5602285878145693,0.7430415376300296,0.9956880807876587,253.0834571550259,254.12698048129843,254.71746404668002
398130.0,6.635499954223633,3989.0,3989.0,6.93628454208374,56.0,226.0,0.9000681684061743,0.6750226048872765,0.9955600500106812,254.6320647376003,253.10356076784709,254.0200379756223
398410.0,6.640166759490967,4082.0,4082.0,9.185673713684082,75.0,1.0,0.5626094888847314,0.759580612345581,0.9954565167427063,252.96137061172706,254.0602658021074,254.72145292705315
398689.0,6.644816875457764,4696.0,4696.0,11.474332809448242,76.0,5.0,0.5633396726488251,0.736973246157356,0.9947731494903564,252.68488062828672,253.9028237948392,254.64942561179507
398968.0,6.649466514587402,4377.0,4377.0,9.295520782470703,77.0,7.0,0.5631609190440955,0.7245993470628695,0.9951282143592834,252.85752102457243,253.9755987680819,254.65786829866212
399248.0,6.654133319854736,4327.0,4327.0,9.332138061523438,79.0,1.0,0.5582688450050841,0.7513565842178022,0.9951838254928589,252.84911607187505,254.0494174158755,254.694634929483
399527.0,6.658783435821533,3911.0,3911.0,11.986820220947266,74.0,1.0,0.5636797561122978,0.7617236973845878,0.9956468939781189,253.04441264082627,254.089373848154,254.73550328801437
399806.0,6.66343355178833,4190.0,4190.0,8.995893478393555,78.0,0.0,0.5589388043799406,0.7585270738736409,0.9953363537788391,252.90870722356564,254.07483503434327,254.7128332036423
400086.0,6.668099880218506,4367.0,4367.0,10.41920280456543,75.0,4.0,0.5639733438250351,0.7442409931612047,0.9951393008232117,252.8380511563073,253.9748299527946,254.68299226353065
400365.0,6.672749996185303,3846.0,3846.0,9.00268268585205,30.0,4.0,0.6063615644228975,0.8726437489886587,0.9957191944122314,252.95581192473452,253.64515905425947,254.86097722550352
400644.0,6.6774001121521,3980.0,3980.0,7.342146396636963,80.0,3.0,0.5580087737348088,0.7390154198997969,0.9955700635910034,253.03554943027274,254.1240626249445,254.705183001139
400924.0,6.682066440582275,3721.0,3721.0,10.363883972167969,75.0,3.0,0.5635125225608323,0.7493480442020789,0.995858371257782,253.15248671429742,254.1321184604178,254.7352826271714
401203.0,6.686716556549072,3615.0,3615.0,7.7830939292907715,78.0,7.0,0.5620341358351354,0.7224738567339135,0.9959763288497925,253.23267956709665,254.1634289825352,254.7152481462975
401482.0,6.691366672515869,3793.0,3793.0,8.856101989746094,77.0,5.0,0.5622323763488278,0.7348416908761709,0.9957782030105591,253.13234189593712,254.12375734006486,254.71454163944802
401762.0,6.696033477783203,4051.0,4051.0,13.647279739379883,40.0,9.0,0.6012278746570604,0.8169390831574638,0.9954910278320312,252.91090542200286,253.64851055179523,254.78951877233308
402041.0,6.700683116912842,3717.0,3717.0,11.165448188781738,25.0,1.0,0.6083806763810665,0.9029576758621128,0.9958627820014954,252.99239755952286,253.65868466054388,254.89762126123978
402320.0,6.705333232879639,3647.0,3647.0,8.662226676940918,77.0,0.0,0.5600206951179266,0.7605518140792705,0.9959406852722168,253.17760835348105,254.18511382302728,254.75214113534952
402600.0,6.710000038146973,3906.0,3906.0,8.97317123413086,56.0,227.0,0.9008312268946206,0.6795185667122924,0.995652437210083,254.6447051456737,253.13803783146864,254.0345239256348
402879.0,6.7146501541137695,4233.0,4233.0,10.882523536682129,74.0,0.0,0.5632313981042658,0.7668346438516908,0.9952884912490845,252.87726349408834,254.02080465166833,254.71986704294474
403158.0,6.719299793243408,4322.0,4322.0,9.88705825805664,75.0,5.0,0.5644405292045783,0.7391402676459123,0.9951894283294678,252.86660397983206,253.97886554541623,254.6800044681965
403438.0,6.723966598510742,4713.0,4713.0,11.756876945495605,77.0,3.0,0.5613293919502536,0.7451083590616604,0.9947541952133179,252.6656030652726,253.92550013323336,254.65903649351952
403717.0,6.728616714477539,4427.0,4427.0,9.979459762573242,76.0,0.0,0.5610967913167303,0.762611511060009,0.9950725436210632,252.78527620989118,253.99918925887428,254.70172103685107
403996.0,6.733266830444336,4413.0,4413.0,7.707528114318848,125.0,6.0,0.5032743310275307,0.6739737952345194,0.9950881004333496,252.90329025435392,254.55847165191855,254.59164096665438
404276.0,6.737933158874512,3725.0,3725.0,9.842781066894531,76.0,4.0,0.5628787055125736,0.7420888667791858,0.9958539009094238,253.15816736810473,254.13532358758013,254.72732209570142
404555.0,6.742583274841309,3895.0,3895.0,7.66465950012207,123.0,5.0,0.5058438804079195,0.6798353375051365,0.995664656162262,253.14292073638882,254.5933491234697,254.64605390636478
404834.0,6.7472333908081055,4117.0,4117.0,6.694729328155518,125.0,8.0,0.5033291156947738,0.6628843107066325,0.995417594909668,253.05689756984611,254.5751314720437,254.60607583408455
405114.0,6.7519001960754395,3756.0,3756.0,9.378655433654785,78.0,0.0,0.5589388043799406,0.7585270738736409,0.9958193898200989,253.1253123723997,254.17065877425202,254.74257643585074
405393.0,6.756549835205078,3791.0,3791.0,9.46653938293457,28.0,1.0,0.606075608724021,0.8925769319182191,0.9957804083824158,252.96359505182338,253.66190148254154,254.88441322320867
405672.0,6.761199951171875,4262.0,4262.0,9.331154823303223,77.0,5.0,0.5622323763488278,0.7348416908761709,0.9952561855316162,252.90140938604893,254.01541153721703,254.67924523507534
405952.0,6.765866756439209,4007.0,4007.0,10.218472480773926,76.0,4.0,0.5628787055125736,0.7420888667791858,0.9955400228500366,253.01873248254458,254.06986375451797,254.7066791709741
406231.0,6.770516872406006,3775.0,3775.0,9.003957748413086,65.0,1.0,0.5730351349237924,0.7825175511136129,0.9957982301712036,253.09011924127987,254.03216044789272,254.76697814603398
406510.0,6.7751665115356445,3939.0,3939.0,11.513559341430664,30.0,3.0,0.6057379197186956,0.8770033911547239,0.9956157207489014,252.90152670936922,253.6184012450116,254.86249087257048
406789.0,6.779816627502441,4038.0,4038.0,10.052968978881836,78.0,6.0,0.561573182839118,0.7276068751089989,0.9955055117607117,253.01999926051582,254.07165660194642,254.68781173744713
407069.0,6.784483432769775,3958.0,3958.0,8.549561500549316,82.0,10.0,0.558800276307088,0.6987988816321874,0.9955945611000061,253.09159155751584,254.1077208139844,254.66163460348727
407348.0,6.789133548736572,3811.0,3811.0,11.210264205932617,97.0,23.0,0.5451964755987356,0.6037305529339589,0.9957581758499146,253.26530053763537,254.21719095794023,254.57136914582105
407627.0,6.793783187866211,4061.0,4061.0,10.170611381530762,28.0,1.0,0.606075608724021,0.8925769319182191,0.995479941368103,252.81858753210028,253.56661869149568,254.87618256563226
407907.0,6.798449993133545,3629.0,3629.0,10.11394214630127,77.0,1.0,0.5604509807351349,0.7553983598376205,0.9959607720375061,253.19193419420512,254.1836437233368,254.748059544923
408186.0,6.803100109100342,4011.0,4011.0,8.71872615814209,26.0,2.0,0.608235326676077,0.8951576339072821,0.9955355525016785,252.84248790180632,253.55704100921434,254.8806438740497
408465.0,6.807750225067139,4954.0,4954.0,10.893741607666016,74.0,6.0,0.5660147107381835,0.7362634134042815,0.9944859743118286,252.5586807289494,253.8090711851788,254.62916617008318
408745.0,6.8124165534973145,4369.0,4369.0,12.141145706176758,74.0,4.0,0.5650616185125749,0.7464281213938389,0.995137095451355,252.83435811987104,253.96290719849978,254.68556056032
409024.0,6.817066669464111,3754.0,3754.0,9.715574264526367,28.0,2.0,0.6066899724026912,0.888224472946247,0.9958215951919556,252.98810961481144,253.66925089160185,254.8809039330859
409303.0,6.821716785430908,3748.0,3748.0,8.551881790161133,76.0,3.0,0.562424054010831,0.7472106273638784,0.9958282709121704,253.14133320383155,254.135652463915,254.73108496137536
409583.0,6.826383113861084,3695.0,3695.0,8.107842445373535,75.0,4.0,0.5639733438250351,0.7442409931612047,0.995887279510498,253.17073820384311,254.13258613524175,254.7317743465109
409862.0,6.831033229827881,3803.0,3803.0,8.167860984802246,122.0,2.0,0.5069704576106991,0.69668297415283,0.9957670569419861,253.16859958364188,254.60969805259816,254.67259945677102
410141.0,6.835683345794678,4093.0,4093.0,7.440619945526123,57.0,226.0,0.9011314885339081,0.6717797006213114,0.9954442977905273,254.61870514451635,253.0578867286526,253.98378148932449
410421.0,6.840350151062012,4173.0,4173.0,8.161389350891113,80.0,1.0,0.5571690536884042,0.7493890886258487,0.9953552484512329,252.92800319190826,254.09426467207447,254.70317351822052
410700.0,6.84499979019165,4367.0,4367.0,11.285829544067383,76.0,2.0,0.5619755965026633,0.7523384025127421,0.9951393008232117,252.82801459321016,253.9995166090157,254.6930288266278
410979.0,6.849649906158447,4176.0,4176.0,10.603933334350586,28.0,2.0,0.6066899724026912,0.888224472946247,0.9953519105911255,252.7619577755588,253.5196645320946,254.8675166259152
411259.0,6.854316711425781,3928.0,3928.0,7.849738597869873,123.0,9.0,0.5060409558739172,0.6576670522058204,0.9956279397010803,253.15190782151703,254.56518946185244,254.61834142603394
411538.0,6.858966827392578,3632.0,3632.0,10.238524436950684,74.0,2.0,0.5641341678060844,0.7566188777088133,0.9959574341773987,253.18918190321773,254.14884156722323,254.7491095272556
411817.0,6.863616466522217,4217.0,4217.0,6.538327693939209,56.0,226.0,0.9000681684061743,0.6750226048872765,0.9953062534332275,254.61103280918982,252.99515644175622,253.96402135191713
412097.0,6.868283271789551,4269.0,4269.0,7.138358116149902,125.0,6.0,0.5032743310275307,0.6739737952345194,0.9952483773231506,252.9717065792986,254.57287886636365,254.60496585550823
412376.0,6.872933387756348,4168.0,4168.0,11.408403396606445,27.0,3.0,0.6080874217939023,0.8873583516768506,0.995360791683197,252.76725861671886,253.5051766282466,254.86674514171162
412655.0,6.8775835037231445,4230.0,4230.0,8.991312026977539,77.0,5.0,0.5622323763488278,0.7348416908761709,0.9952918291091919,252.91717755696843,254.0228094351507,254.68165528871944
412935.0,6.88224983215332,4150.0,4150.0,7.162656307220459,170.0,21.0,0.4395693995756788,0.6359352852637168,0.9953808784484863,253.07307109707398,254.57117691165405,254.0279883084086
413214.0,6.886899948120117,3571.0,3571.0,10.131208419799805,73.0,0.0,0.5642898143413986,0.7689975099563768,0.9960253238677979,253.2070459939091,254.1645704598326,254.7658691786678
413493.0,6.891550064086914,4078.0,4078.0,9.945328712463379,61.0,92.0,0.6719587724962102,0.41806570198990883,0.9954609870910645,253.38939180464865,253.35866227560203,254.32644114084084
413773.0,6.896216869354248,3734.0,3734.0,8.018379211425781,74.0,5.0,0.5655348976164014,0.7413424443276063,0.9958438873291016,253.15451007370302,254.10799802388595,254.72587246413877
414052.0,6.900866508483887,3459.0,3459.0,6.348793029785156,80.0,5.0,0.5588723791153953,0.7286629088651783,0.9961499571800232,253.3028663137887,254.2282234869685,254.73361184802312
414331.0,6.905516624450684,3872.0,3872.0,8.768026351928711,40.0,7.0,0.5999581737540374,0.82588831161845,0.9956902861595154,252.99339068742088,253.7199520682388,254.80865525393196
414610.0,6.9101667404174805,3949.0,3949.0,9.833842277526855,58.0,229.0,0.9044428436567596,0.682228972286198,0.9956045746803284,254.6438316006268,253.11450148634066,253.99133210732825
414890.0,6.9148335456848145,4146.0,4146.0,12.467484474182129,37.0,9.0,0.6038040160406034,0.8269304189131951,0.9953852891921997,252.8501573349392,253.58421059824758,254.79634015308264
415169.0,6.919483184814453,4449.0,4449.0,7.544345855712891,57.0,228.0,0.9026406296887545,0.6808299433520134,0.9950480461120605,254.59696857225242,252.87753494489846,253.88195279640544
415448.0,6.92413330078125,4112.0,4112.0,11.435148239135742,75.0,0.0,0.5621670418109989,0.7647058823529411,0.9954231381416321,252.94041216373444,254.05958817621908,254.72538828849792
415728.0,6.928800106048584,3975.0,3975.0,11.790940284729004,61.0,91.0,0.6701078934158118,0.4207059115965541,0.9955756068229675,253.4167313020888,253.39713080683146,254.34642867288198
416007.0,6.933450222015381,4486.0,4486.0,8.494743347167969,57.0,231.0,0.9048302697247373,0.6945163361480208,0.9950068593025208,254.61104265682943,252.84245558745616,253.85235131361958
416286.0,6.9380998611450195,3892.0,3892.0,9.914579391479492,76.0,1.0,0.5615332142455102,0.757472070077391,0.9956679940223694,253.058588224161,254.1142335372691,254.73208872724737
416566.0,6.9427666664123535,3672.0,3672.0,9.522356033325195,28.0,1.0,0.606075608724021,0.8925769319182191,0.9959129095077515,253.02754103800558,253.70391966236596,254.88804281094767
416845.0,6.94741678237915,3540.0,3540.0,5.9716033935546875,57.0,226.0,0.9011314885339081,0.6717797006213114,0.9960598349571228,254.6702232517565,253.32029257637612,254.12108639511976
417124.0,6.952066898345947,4309.0,4309.0,8.322746276855469,78.0,8.0,0.5625016816523644,0.7173469853732346,0.9952038526535034,252.8996544573375,253.99629671464197,254.65431039594924
417404.0,6.956733226776123,4021.0,4021.0,9.19327163696289,66.0,2.0,0.5725185964418821,0.7750928557437426,0.9955244064331055,252.97412848771918,253.9735236064277,254.7433187931646
417683.0,6.96138334274292,3722.0,3722.0,8.981338500976562,73.0,0.0,0.5642898143413986,0.7689975099563768,0.9958572387695312,253.13122375323402,254.1292409759493,254.7559680192269
417962.0,6.966033458709717,4377.0,4377.0,9.762351036071777,76.0,5.0,0.5633396726488251,0.736973246157356,0.9951282143592834,252.84214886367073,253.97735600592054,254.67324045956383
418242.0,6.970699787139893,4179.0,4179.0,10.372930526733398,64.0,3.0,0.5750650212085512,0.7750928557437426,0.9953485727310181,252.89453759488373,253.90510356579344,254.73323449793548
418521.0,6.9753499031066895,4609.0,4609.0,8.219636917114258,73.0,4.0,0.5661434840304798,0.7486499447108067,0.9948699474334717,252.71248013511004,253.8938564751571,254.67119305596052
418800.0,6.980000019073486,3937.0,3937.0,8.930928230285645,77.0,6.0,0.5626933894351623,0.729717414350133,0.9956179261207581,253.06716387752712,254.08453068776257,254.6979784440595
419080.0,6.98466682434082,3735.0,3735.0,9.04237174987793,77.0,3.0,0.5613293919502536,0.7451083590616604,0.9958427548408508,253.15001496413552,254.14847014876295,254.7297900046984
419359.0,6.989316463470459,3846.0,3846.0,5.943680763244629,124.0,5.0,0.5045460473378242,0.679654343701801,0.9957191944122314,253.1664802064902,254.60983560966307,254.65030894374783
419638.0,6.993966579437256,3968.0,3968.0,8.760173797607422,76.0,0.0,0.5610967913167303,0.762611511060009,0.9955834150314331,253.0148955061815,254.10295184052146,254.7326461598494
419918.0,6.99863338470459,3943.0,3943.0,8.043795585632324,58.0,228.0,0.9037069518519272,0.6776602213681718,0.9956112504005432,254.63925951353832,253.12247819073872,253.99881117241736
420197.0,7.003283500671387,3593.0,3593.0,8.935243606567383,77.0,4.0,0.5617777520620542,0.7399720476448116,0.9960008263587952,253.22559516090956,254.17540484602944,254.73482628207597
420476.0,7.007933139801025,3720.0,3720.0,6.575842380523682,123.0,5.0,0.5058438804079195,0.6798353375051365,0.9958594441413879,253.22635972770632,254.6116200393218,254.66195678440153
420756.0,7.012599945068359,4190.0,4190.0,10.220040321350098,77.0,2.0,0.5608871744018228,0.7502505028278649,0.9953363537788391,252.91854996838245,254.05109322271784,254.7029904588255
421035.0,7.017250061035156,4142.0,4142.0,9.136714935302734,29.0,3.0,0.6065272213426133,0.8804336424131067,0.9953897595405579,252.789340928815,253.53630730254827,254.85943643686952
421314.0,7.021900177001953,4238.0,4238.0,7.775595188140869,58.0,227.0,0.9029610862034295,0.6731061546478658,0.9952828884124756,254.60679133982075,252.9874817505418,253.9302980124058
421594.0,7.026566505432129,3931.0,3931.0,9.957009315490723,28.0,1.0,0.606075608724021,0.8925769319182191,0.9956246018409729,252.8884017059483,253.61249279065623,254.88014523294788
421873.0,7.031216621398926,4301.0,4301.0,9.228317260742188,73.0,0.0,0.5642898143413986,0.7689975099563768,0.9952127933502197,252.84051805600748,253.99378623135854,254.71800655260458
422152.0,7.035866737365723,4601.0,4601.0,9.693924903869629,74.0,1.0,0.5636797561122978,0.7617236973845878,0.994878888130188,252.69939404480863,253.9287147219161,254.68883890158725
422432.0,7.040533542633057,4673.0,4673.0,9.560708999633789,74.0,0.0,0.5632313981042658,0.7668346438516908,0.9947987198829651,252.65660051469564,253.91901521036525,254.69074662561655
422711.0,7.045183181762695,4691.0,4691.0,11.789775848388672,57.0,229.0,0.9033802211936854,0.6853775651176717,0.9947786927223206,254.58110119571208,252.7560320926714,253.81405873092356
422990.0,7.049833297729492,4417.0,4417.0,11.968341827392578,73.0,5.0,0.566622732507295,0.7435794638568151,0.9950836896896362,252.81414568775003,253.93327137001958,254.67853605396445
423270.0,7.054500102996826,5113.0,5113.0,8.519237518310547,79.0,6.0,0.5604465148576151,0.7255325901762925,0.9943090081214905,252.4959020510168,253.83796607733072,254.60169209094335
423549.0,7.059150218963623,5229.0,5229.0,5.255155086517334,229.0,21.0,0.3788251033160354,0.8159219116656804,0.9941798448562622,252.30491845002416,254.72680242666956,252.96597318276622
423828.0,7.063799858093262,5251.0,5251.0,4.46835994720459,219.0,33.0,0.3775667926465909,0.7295066351965881,0.9941554069519043,252.42239307354015,254.59686447193104,252.99949942631153
424107.0,7.068449974060059,5239.0,5239.0,4.248973846435547,219.0,32.0,0.378403864728817,0.7335010817890963,0.994168758392334,252.422341773059,254.60372500703133,253.01223838225297
424387.0,7.073116779327393,5482.0,5482.0,5.678085803985596,221.0,27.0,0.38074021384901174,0.7612794022796463,0.9938982725143433,252.25955403060325,254.6285649517118,252.93339853666723
424666.0,7.0777668952941895,5128.0,5128.0,5.964766025543213,219.0,33.0,0.3775667926465909,0.7295066351965881,0.9942923188209534,252.48277451995932,254.6063080787269,253.04636193159183
424945.0,7.082416534423828,5577.0,5577.0,10.990339279174805,27.0,1.0,0.606849893066166,0.8960162161436949,0.9937925338745117,251.99878860905244,253.0168515733121,254.83540366694854
425225.0,7.087083339691162,5441.0,5441.0,10.366198539733887,219.0,33.0,0.3775667926465909,0.7295066351965881,0.9939439296722412,252.32912647715565,254.58227765568736,252.92711450304887
425504.0,7.091733455657959,4735.0,4735.0,12.363940238952637,74.0,0.0,0.5632313981042658,0.7668346438516908,0.9947296977043152,252.62550306670528,253.9046702945774,254.68664276249547
425783.0,7.096383571624756,3980.0,3980.0,8.312541961669922,77.0,1.0,0.5604509807351349,0.7553983598376205,0.9955700635910034,253.0170427078329,254.10467880835563,254.72368972357884
426063.0,7.101049900054932,4369.0,4369.0,10.354567527770996,77.0,1.0,0.5604509807351349,0.7553983598376205,0.995137095451355,252.8232346594717,254.01717291324914,254.69668402071935
426342.0,7.1057000160217285,4572.0,4572.0,6.594809055328369,57.0,227.0,0.9018911079427363,0.6762972213197262,0.9949111342430115,254.57994360360362,252.82473486033223,253.8579443711217
426621.0,7.110350131988525,4703.0,4703.0,10.191810607910156,77.0,0.0,0.5600206951179266,0.7605518140792705,0.9947653412818909,252.64994858492548,253.94916967108725,254.68037546883886
426901.0,7.115016460418701,4299.0,4299.0,11.384397506713867,71.0,5.0,0.5687786350843935,0.7481567764122057,0.9952149987220764,252.8669422356685,253.93926541527216,254.69270711259048
427180.0,7.119666576385498,3946.0,3946.0,6.9784440994262695,57.0,226.0,0.9011314885339081,0.6717797006213114,0.9956079125404358,254.63239907347676,253.1276363221455,254.02027824214795
427459.0,7.124316692352295,4214.0,4214.0,10.799025535583496,71.0,4.0,0.5682878198571557,0.7531964436569046,0.995309591293335,252.90308199472528,253.96659327842298,254.70480956487555
427739.0,7.128983497619629,4245.0,4245.0,11.21788501739502,71.0,4.0,0.5682878198571557,0.7531964436569046,0.9952751398086548,252.88767993851818,253.95900281071255,254.70264136389576
428018.0,7.133633136749268,4213.0,4213.0,12.484088897705078,74.0,3.0,0.5645947490624071,0.751520309675953,0.9953107237815857,252.90559255377053,254.00630591282976,254.70287657483817
428297.0,7.1382832527160645,8752.0,8752.0,6.655205249786377,28.0,11.0,0.6124996841432759,0.8496782302515908,0.9902586340904236,250.4053099237561,251.7772350737271,254.62659346235992
428577.0,7.142950057983398,19519.0,19519.0,3.259232521057129,28.0,11.0,0.6124996841432759,0.8496782302515908,0.978274405002594,244.752733172979,247.81245708148387,254.16721337834394
428856.0,7.147600173950195,26952.0,26952.0,2.33844256401062,28.0,9.0,0.61116366129081,0.8581428048019134,0.9700011610984802,240.78575770239593,245.15797700881694,253.914834457829
429135.0,7.152249813079834,27716.0,27716.0,2.117948293685913,30.0,11.0,0.6109063757498251,0.8425168716231308,0.9691507816314697,240.50574764329718,244.94049852387312,253.76115098875238
429415.0,7.156916618347168,26254.0,26254.0,2.6631603240966797,29.0,11.0,0.6117064014100696,0.846086951539587,0.9707780480384827,241.2437026252582,245.40179819000264,253.85310187436795
429694.0,7.161566734313965,22653.0,22653.0,3.3244829177856445,28.0,10.0,0.6118283617930026,0.8539029961285917,0.974786102771759,243.08024949804383,246.69313304981335,254.06066291555328
429973.0,7.166216850280762,20758.0,20758.0,3.019009828567505,30.0,11.0,0.6109063757498251,0.8425168716231308,0.9768953323364258,244.14446130423786,247.4658889022536,254.07215818733928
430253.0,7.1708831787109375,17687.0,17687.0,3.033752918243408,29.0,11.0,0.6117064014100696,0.846086951539587,0.9803135395050049,245.73255595033842,248.53381249122782,254.22734919721407
430532.0,7.175533294677734,15322.0,15322.0,3.3566806316375732,28.0,7.0,0.6098538278116319,0.8666666666666667,0.9829458594322205,246.88222908973694,249.4517363487209,254.4201592206955
430811.0,7.180183410644531,14714.0,14714.0,4.08453893661499,28.0,10.0,0.6118283617930026,0.8539029961285917,0.9836226105690002,247.2576667096017,249.6043725901155,254.38986468058843
431091.0,7.184850215911865,13752.0,13752.0,3.5647530555725098,28.0,9.0,0.61116366129081,0.8581428048019134,0.9846933484077454,247.74730414695173,249.97819174323556,254.4463035409984
431370.0,7.189499855041504,12852.0,12852.0,4.98691463470459,28.0,11.0,0.6124996841432759,0.8496782302515908,0.9856951236724854,248.25284832599147,250.26747541043855,254.45166474697606
431649.0,7.194149971008301,12356.0,12356.0,5.177489757537842,25.0,8.0,0.6128361983117989,0.8731370567539612,0.986247181892395,248.43096712580126,250.40895536269,254.5550956393202
431929.0,7.198816776275635,11058.0,11058.0,5.664151668548584,29.0,11.0,0.6117064014100696,0.846086951539587,0.9876919388771057,249.20595348537967,250.95731131503825,254.51693534194425
432208.0,7.203466892242432,10326.0,10326.0,3.925480604171753,29.0,8.0,0.6097157210383819,0.8588593420771993,0.9885066747665405,249.5520588796543,251.2723030962208,254.58634525128136
432487.0,7.20811653137207,10172.0,10172.0,4.7099785804748535,26.0,6.0,0.6107641018167249,0.8780198615947498,0.9886780977249146,249.57799687737042,251.2784979204806,254.647832962336
432766.0,7.212766647338867,9723.0,9723.0,4.8823957443237305,26.0,6.0,0.6107641018167249,0.8780198615947498,0.9891778230667114,249.8173128772658,251.4427573226111,254.66337688675702
433046.0,7.217433452606201,9170.0,9170.0,5.419244766235352,29.0,11.0,0.6117064014100696,0.846086951539587,0.9897933602333069,250.1952021544489,251.64754125899336,254.5994115645376
433325.0,7.222083568572998,8882.0,8882.0,4.399501323699951,29.0,7.0,0.6090652905920245,0.8631460743774412,0.9901139140129089,250.30309831405935,251.80715071887224,254.6549978325242
433604.0,7.226733207702637,9621.0,9621.0,6.147080421447754,17.0,3.0,0.6155296221653052,0.923202556538838,0.9892913699150085,249.7483094870965,251.29530112347842,254.79028916955787
433884.0,7.231400012969971,11159.0,11159.0,5.304504871368408,17.0,1.0,0.6142716415170412,0.9315273349191924,0.9875795245170593,248.88242558346164,250.73743152495754,254.78313192023862
434163.0,7.236050128936768,13241.0,13241.0,4.992465972900391,18.0,2.0,0.6141806161980364,0.9237021611048849,0.9852621555328369,247.7704380708651,249.95684627779187,254.71326125088171
434442.0,7.240699768066406,13497.0,13497.0,5.636685371398926,19.0,2.0,0.6134577394289313,0.9200655243035241,0.9849771857261658,247.644579119873,249.89506340813264,254.69378560047156
434722.0,7.24536657333374,12988.0,12988.0,5.295834064483643,25.0,6.0,0.6115324867544587,0.8815857230915126,0.9855437278747559,248.06381761380376,250.213940137685,254.56348360232172
435001.0,7.250016689300537,12362.0,12362.0,5.60366153717041,18.0,2.0,0.6141806161980364,0.9237021611048849,0.9862405061721802,248.25036215686697,250.2916287949654,254.73229599094492
435280.0,7.254666805267334,11498.0,11498.0,6.659952640533447,17.0,2.0,0.614897808663342,0.9273577037204953,0.9872021675109863,248.7101697351506,250.59023842430796,254.76293569545243
435560.0,7.25933313369751,10524.0,10524.0,7.088332176208496,17.0,2.0,0.614897808663342,0.9273577037204953,0.9882862567901611,249.24297383020388,250.96378412058337,254.7830171327783
435839.0,7.263983249664307,9606.0,9606.0,7.264002323150635,17.0,0.0,0.6136510645000698,0.9357112565078799,0.9893080592155457,249.72238991675212,251.3454086177254,254.82472028317616
436118.0,7.2686333656311035,7892.0,7892.0,7.352239608764648,16.0,2.0,0.6156093548241189,0.9310319294587402,0.9912158250808716,250.67455682808918,251.952303982851,254.84551396315533
436398.0,7.2733001708984375,7124.0,7124.0,7.678462028503418,16.0,0.0,0.6143611502543121,0.9393528083619435,0.9920706748962402,251.07867147836018,252.27082965880052,254.87737271872234
436677.0,7.277949810028076,7583.0,7583.0,7.222151756286621,26.0,8.0,0.6120657045863998,0.8695365490150766,0.9915597438812256,250.97626133924027,252.20247228456066,254.71920804018478
436956.0,7.282599925994873,7817.0,7817.0,7.00731897354126,26.0,8.0,0.6120657045863998,0.8695365490150766,0.9912993311882019,250.8521143221443,252.11615834859307,254.71054458383867
437236.0,7.287266731262207,7305.0,7305.0,7.509714126586914,25.0,7.0,0.6121812039503098,0.8773540312307673,0.9918692111968994,251.10758587017034,252.2969357315709,254.74571184024836
437515.0,7.291916847229004,7254.0,7254.0,8.052478790283203,18.0,0.0,0.6129354445786406,0.9320884761306943,0.9919259548187256,251.02205873912283,252.25941983998013,254.86017821842722
437794.0,7.296566486358643,7309.0,7309.0,6.845578193664551,28.0,6.0,0.60920854725804,0.8709502868436396,0.9918647408485413,251.11873031204289,252.36449952155695,254.73228752071316
438074.0,7.301233291625977,6446.0,6446.0,6.174988746643066,27.0,6.0,0.6099894684437508,0.8744746321952062,0.9928252696990967,251.57054326481918,252.65867780387188,254.77034428172013
438353.0,7.305883407592773,7640.0,7640.0,6.1905999183654785,26.0,7.0,0.6114117439431187,0.8737709003583013,0.9914963245391846,250.93684539573547,252.19315493261738,254.72628011924866
438632.0,7.31053352355957,7187.0,7187.0,6.139512538909912,27.0,6.0,0.6099894684437508,0.8744746321952062,0.9920005202293396,251.1763204152803,252.38953817648488,254.7439449016829
438912.0,7.315199851989746,6437.0,6437.0,9.715096473693848,16.0,2.0,0.6156093548241189,0.9310319294587402,0.992835283279419,251.47199932799296,252.5141798957389,254.8739951445107
439191.0,7.319849967956543,6460.0,6460.0,10.287464141845703,17.0,2.0,0.614897808663342,0.9273577037204953,0.9928097128868103,251.46614490881004,252.5224357830002,254.86680866346322
439470.0,7.32450008392334,6117.0,6117.0,7.401858806610107,25.0,6.0,0.6115324867544587,0.8815857230915126,0.9931914806365967,251.73324272845917,252.74589320367897,254.79441239620513
439750.0,7.329166889190674,6276.0,6276.0,8.160487174987793,19.0,3.0,0.6140880354850065,0.915877294599017,0.9930145144462585,251.5872500431385,252.6166036569248,254.85015232445335
440029.0,7.3338165283203125,6506.0,6506.0,6.729730606079102,26.0,5.0,0.6101227082142912,0.8822832216464108,0.9927585124969482,251.52421474117713,252.62967578072005,254.78262663226647
440308.0,7.338466644287109,6765.0,6765.0,6.923285484313965,28.0,6.0,0.60920854725804,0.8709502868436396,0.9924702048301697,251.40759252961868,252.56064577621876,254.75221193376785
440588.0,7.343133449554443,6131.0,6131.0,10.143006324768066,15.0,1.0,0.615687757646936,0.938861532148102,0.9931759238243103,251.62611060867926,252.6255520995297,254.893610541719
440867.0,7.34778356552124,5946.0,5946.0,9.121930122375488,26.0,6.0,0.6107641018167249,0.8780198615947498,0.9933817982673645,251.83057585300776,252.82460129823934,254.79414126334814
441146.0,7.352433204650879,5802.0,5802.0,8.143013000488281,28.0,6.0,0.60920854725804,0.8709502868436396,0.9935420751571655,251.91897363403547,252.90788914081642,254.78748469611895
441425.0,7.357083320617676,5360.0,5360.0,9.570596694946289,16.0,1.0,0.6149824760483426,0.9351851788408366,0.9940340518951416,252.05597034068487,252.93835151270557,254.90139612583735
441705.0,7.36175012588501,5514.0,5514.0,8.165227890014648,29.0,8.0,0.6097157210383819,0.8588593420771993,0.9938626289367676,252.09083006814564,253.00943080918373,254.77911068960583
441984.0,7.366399765014648,5513.0,5513.0,6.680851936340332,29.0,6.0,0.6084212994513418,0.8674470800890935,0.9938637614250183,252.07792929355725,253.02662741395886,254.7925890332021
442263.0,7.371049880981445,6030.0,6030.0,7.299318313598633,19.0,7.0,0.6166676241486221,0.8992713526974999,0.9932883381843567,251.74944691106154,252.67287682294298,254.82760556296037
442543.0,7.375716686248779,5488.0,5488.0,8.749631881713867,25.0,7.0,0.6121812039503098,0.8773540312307673,0.9938915967941284,252.0757529773539,252.96927372696575,254.8089613876516
442822.0,7.380366802215576,5334.0,5334.0,8.470295906066895,27.0,5.0,0.609349259289535,0.878755192415298,0.9940630197525024,252.1556962208505,253.07073915658287,254.81644385292574
443101.0,7.385016441345215,5111.0,5111.0,7.002952575683594,20.0,4.0,0.6139938592320335,0.9080527433459981,0.9943112134933472,252.23210130141615,253.064705513228,254.8666175801909
443381.0,7.389683246612549,5531.0,5531.0,7.901392936706543,17.0,0.0,0.6136510645000698,0.9357112565078799,0.9938437342643738,251.96122801496114,252.89573884124724,254.8990764598695
443660.0,7.394333362579346,5389.0,5389.0,7.704336166381836,25.0,4.0,0.6102536101256308,0.8900924185996625,0.9940018057823181,252.10902893888712,253.03065910922444,254.83189201009512
443939.0,7.398983478546143,5210.0,5210.0,9.815074920654297,26.0,8.0,0.6120657045863998,0.8695365490150766,0.9942010045051575,252.23543432357863,253.07791962823924,254.80707797405168
444219.0,7.403649806976318,5965.0,5965.0,9.717005729675293,29.0,6.0,0.6084212994513418,0.8674470800890935,0.993360698223114,251.83837109714565,252.86484571014256,254.7755849966425
444498.0,7.408299922943115,5560.0,5560.0,10.86245346069336,18.0,3.0,0.614811699845746,0.9195304955138414,0.9938114285469055,251.97081633489026,252.87377596412566,254.87301222403156
444777.0,7.412950038909912,6027.0,6027.0,9.95307731628418,17.0,0.0,0.6136510645000698,0.9357112565078799,0.9932916760444641,251.6887285607768,252.70704090009056,254.8900262218999
445057.0,7.417616844177246,5775.0,5775.0,9.95504379272461,18.0,0.0,0.6129354445786406,0.9320884761306943,0.9935721755027771,251.83312296239293,252.81819795484495,254.8886865440234
445336.0,7.422266483306885,5220.0,5220.0,7.601840972900391,29.0,6.0,0.6084212994513418,0.8674470800890935,0.9941899180412292,252.2332447498089,253.131517163163,254.803613451218
445615.0,7.426916599273682,4679.0,4679.0,9.978869438171387,25.0,6.0,0.6115324867544587,0.8815857230915126,0.9947920441627502,252.5012000857856,253.27579418944083,254.84274243721703
445895.0,7.431583404541016,5845.0,5845.0,8.891870498657227,24.0,6.0,0.612294663166942,0.8851719673400791,0.9934942126274109,251.87254536502857,252.83067501432325,254.80950307495098
446174.0,7.4362335205078125,5844.0,5844.0,10.215333938598633,26.0,7.0,0.6114117439431187,0.8737709003583013,0.9934953451156616,251.89200057501762,252.85298033053337,254.7906254339698
446453.0,7.440883159637451,5292.0,5292.0,7.053530216217041,27.0,4.0,0.6087152671702931,0.8830498337255676,0.9941097497940063,252.17163315889545,253.09400133663652,254.8243392360478
446733.0,7.445549964904785,5592.0,5592.0,8.120468139648438,27.0,5.0,0.609349259289535,0.878755192415298,0.9937758445739746,252.01811559711354,252.97741969045046,254.80756513561352
447012.0,7.450200080871582,5336.0,5336.0,9.37936782836914,26.0,6.0,0.6107641018167249,0.8780198615947498,0.994060754776001,252.15572477414423,253.04777387095746,254.81526016161627
447291.0,7.454850196838379,5653.0,5653.0,8.068754196166992,23.0,7.0,0.6137013345372774,0.8845810647593125,0.9937079548835754,251.97624338331863,252.87831827143478,254.81481360730484
447571.0,7.459516525268555,5430.0,5430.0,7.683282852172852,28.0,5.0,0.6085695934265805,0.8752480836865193,0.9939561486244202,252.10990121891373,253.05031855296505,254.80773457954055
447850.0,7.464166641235352,5247.0,5247.0,7.0123395919799805,24.0,3.0,0.6103822350011247,0.8979022072043381,0.9941598176956177,252.17355580407946,253.07671676051507,254.84795122068556
448129.0,7.468816757202148,5511.0,5511.0,8.60889720916748,24.0,5.0,0.6116511076570306,0.8894010443037561,0.993865966796875,252.04463957135653,252.96307941113787,254.82700349504972
448409.0,7.473483562469482,5211.0,5211.0,11.311118125915527,16.0,1.0,0.6149824760483426,0.9351851788408366,0.9941999316215515,252.13782737762963,252.9956744530019,254.90413774936164
448688.0,7.478133201599121,5421.0,5421.0,10.015104293823242,28.0,5.0,0.6085695934265805,0.8752480836865193,0.9939661622047424,252.1146895954778,253.05354882627248,254.80805312894083
448967.0,7.482783317565918,5402.0,5402.0,10.149337768554688,30.0,11.0,0.6109063757498251,0.8425168716231308,0.9939873218536377,252.17499246328038,253.0393491995081,254.75854168207485
449246.0,7.487433433532715,5065.0,5065.0,7.929274559020996,27.0,5.0,0.609349259289535,0.878755192415298,0.9943624138832092,252.29913073164974,253.16802925172254,254.82570034878697
449526.0,7.492099761962891,5116.0,5116.0,10.786417961120605,18.0,3.0,0.614811699845746,0.9195304955138414,0.9943056702613831,252.2127379058794,253.0435839110515,254.88315392742595
449805.0,7.4967498779296875,5995.0,5995.0,8.265893936157227,26.0,6.0,0.6107641018167249,0.8780198615947498,0.993327260017395,251.80445775425963,252.806674610149,254.79244485461183
450084.0,7.501399993896484,5539.0,5539.0,11.451969146728516,30.0,10.0,0.6102373731390424,0.8467773679093797,0.9938348531723022,252.0966583240362,252.99810222702152,254.75911679383793
450364.0,7.506066799163818,4942.0,4942.0,9.294581413269043,27.0,5.0,0.609349259289535,0.878755192415298,0.9944993257522583,252.3647228222939,253.21251966552626,254.82993331135782
450643.0,7.510716438293457,5169.0,5169.0,7.8703389167785645,25.0,6.0,0.6115324867544587,0.8815857230915126,0.9942466616630554,252.23952318489793,253.0952335809531,254.82627426326033
450922.0,7.515366554260254,5073.0,5073.0,8.309452056884766,24.0,7.0,0.612944386872321,0.8809575022228932,0.9943535327911377,252.29170496132093,253.10943062811663,254.8285967621593
451202.0,7.520033359527588,4776.0,4776.0,9.66593074798584,25.0,6.0,0.6115324867544587,0.8815857230915126,0.994684100151062,252.4494080784077,253.24005700234017,254.8394829986339
451481.0,7.524683475494385,4783.0,4783.0,8.834228515625,29.0,4.0,0.6071523382290955,0.8760910701775848,0.9946762919425964,252.45312090758455,253.30250954905387,254.83178798313963
451760.0,7.529333114624023,4587.0,4587.0,7.4506940841674805,28.0,5.0,0.6085695934265805,0.8752480836865193,0.9948944449424744,252.55858350386586,253.3530028529998,254.83758341679606
452040.0,7.533999919891357,4878.0,4878.0,8.445026397705078,28.0,5.0,0.6085695934265805,0.8752480836865193,0.9945705533027649,252.40370232381062,253.2485188937577,254.82727986059948
452319.0,7.538650035858154,5325.0,5325.0,12.101408004760742,27.0,6.0,0.6099894684437508,0.8744746321952062,0.9940730333328247,252.1669630908109,253.06585919866257,254.8102839089297
452598.0,7.543300151824951,4689.0,4689.0,8.900933265686035,27.0,4.0,0.6087152671702931,0.8830498337255676,0.9947808980941772,252.49390361113115,253.311175092981,254.84435441689925
452878.0,7.547966480255127,4732.0,4732.0,10.48988151550293,28.0,5.0,0.6085695934265805,0.8752480836865193,0.9947330355644226,252.4813994340113,253.3009339237345,254.83244870384422
453157.0,7.552616596221924,6460.0,6460.0,6.27121114730835,26.0,5.0,0.6101227082142912,0.8822832216464108,0.9928097128868103,251.54879001804582,252.64643497889242,254.78416355422743
453436.0,7.557266712188721,11830.0,11830.0,2.271608352661133,123.0,21.0,0.5067208589351564,0.5911691541835817,0.9868326187133789,249.65735960911536,253.46718844905578,253.62727593470788
453716.0,7.561933517456055,30814.0,30814.0,1.2186369895935059,122.0,24.0,0.5084495615461622,0.5748142136711389,0.9657025337219238,241.22690496615667,250.77165143170302,251.28138723202449
453995.0,7.566583156585693,73391.0,73391.0,1.0726686716079712,124.0,24.0,0.5053800010728362,0.5743324359814416,0.9183123111724854,222.2060875739136,245.3608240674362,246.13319112405392
454274.0,7.57123327255249,136218.0,136218.0,1.0615448951721191,124.0,25.0,0.5054324483264524,0.5687896996381492,0.848382830619812,194.34685932895746,236.894820117223,238.32838428714666
454554.0,7.575900077819824,208956.0,208956.0,1.0058271884918213,124.0,24.0,0.5053800010728362,0.5743324359814416,0.7674219608306885,161.6304365048916,227.5557098042344,229.75476351875952
454833.0,7.580550193786621,231662.0,231662.0,0.9835407733917236,124.0,24.0,0.5053800010728362,0.5743324359814416,0.7421491146087646,151.48453180792143,224.57350508591827,227.01151664254854
455112.0,7.58519983291626,211957.0,211957.0,0.9702309370040894,124.0,24.0,0.5053800010728362,0.5743324359814416,0.7640817165374756,160.28947949649032,227.1615598060871,229.39219593762223
455392.0,7.589866638183594,152167.0,152167.0,1.0592972040176392,124.0,24.0,0.5053800010728362,0.5743324359814416,0.8306308388710022,187.00594217481114,235.01437958270085,236.61578564939998
455671.0,7.594516754150391,95708.0,95708.0,1.1587533950805664,124.0,25.0,0.5054324483264524,0.5687896996381492,0.89347243309021,212.38456582762393,242.27914015766916,243.28637504838315
455950.0,7.5991668701171875,58479.0,58479.0,1.4499948024749756,120.0,25.0,0.5116247670142178,0.5699781119117111,0.9349100589752197,228.94160540779507,246.54281700088944,247.862524669567
456230.0,7.603833198547363,36845.0,36845.0,1.4212034940719604,124.0,25.0,0.5054324483264524,0.5687896996381492,0.9589897394180298,238.59419903297982,250.10280960981223,250.49056807021537
456509.0,7.60848331451416,25371.0,25371.0,1.6545016765594482,121.0,25.0,0.5100792559873234,0.5696002496878354,0.9717608690261841,243.69734250799544,251.40459821260163,251.90070069535844
456788.0,7.613133430480957,20028.0,20028.0,2.1479363441467285,119.0,25.0,0.5131680849274756,0.5704096479499912,0.9777078628540039,246.07301425188837,252.04562707669308,252.55799580365363
457068.0,7.617800235748291,16669.0,16669.0,1.9615185260772705,119.0,24.0,0.5130414285534749,0.5759367943449643,0.9814466238021851,247.54406820658755,252.5672832532616,252.99370993252683
457347.0,7.62244987487793,14937.0,14937.0,2.4419825077056885,121.0,26.0,0.5101782897798355,0.5640655410858945,0.9833744168281555,248.36910705641742,252.85976493743797,253.1518455259419
457626.0,7.627099990844727,13336.0,13336.0,2.3810436725616455,120.0,23.0,0.5114030514254516,0.5810409727999222,0.9851564168930054,249.01558016579358,253.11324683719928,253.41419244963916
457905.0,7.631750106811523,11389.0,11389.0,3.1654937267303467,122.0,27.0,0.5087012922182446,0.5582005471392921,0.987323522567749,249.96311401196326,253.38347680274023,253.57188249758875
458185.0,7.636416435241699,10722.0,10722.0,3.403502941131592,119.0,26.0,0.5132972197804169,0.5648828698681801,0.9880658984184265,250.2377548612709,253.40155042616453,253.67585333212662
458464.0,7.641066551208496,10084.0,10084.0,3.0620388984680176,119.0,24.0,0.5130414285534749,0.5759367943449643,0.9887760281562805,250.4894910971616,253.52831398565874,253.78628326254147
458743.0,7.645716667175293,10232.0,10232.0,3.939455986022949,119.0,26.0,0.5132972197804169,0.5648828698681801,0.9886112809181213,250.45538709275195,253.47459877574124,253.73636617548993
459023.0,7.650383472442627,9894.0,9894.0,3.4137916564941406,120.0,27.0,0.5118552591674745,0.5589164009515154,0.9889875054359436,250.62227261021926,253.53806733890727,253.76135516211198
459302.0,7.655033111572266,9227.0,9227.0,4.709108829498291,120.0,27.0,0.5118552591674745,0.5589164009515154,0.9897298812866211,250.91738459198857,253.63661935149617,253.8448548641882
459581.0,7.6596832275390625,8679.0,8679.0,3.567042350769043,120.0,24.0,0.5115128437252895,0.5755094027592944,0.9903398752212524,251.11899755771006,253.7584817609923,253.95433880512869
459861.0,7.6643500328063965,8226.0,8226.0,4.610494136810303,120.0,25.0,0.5116247670142178,0.5699781119117111,0.9908440709114075,251.33447489285695,253.81036352760518,253.99600127196086
460140.0,7.669000148773193,8499.0,8499.0,4.595075607299805,119.0,25.0,0.5131680849274756,0.5704096479499912,0.9905402064323425,251.21178347300253,253.74629526126972,253.96372180749216
460419.0,7.673649787902832,7871.0,7871.0,5.068255424499512,119.0,24.0,0.5130414285534749,0.5759367943449643,0.9912391901016235,251.47934691988618,253.8512835223337,254.05264003194182
460699.0,7.678316593170166,7457.0,7457.0,4.178773880004883,129.0,15.0,0.49787805983075034,0.6239732049965232,0.9916999936103821,251.56285806559993,254.20413867569494,254.170510839146
460978.0,7.682966709136963,7105.0,7105.0,6.813041687011719,119.0,27.0,0.5134289064062868,0.5593564710169974,0.9920917749404907,251.85540581019484,253.92962624806952,254.11139940945543
461257.0,7.68761682510376,6892.0,6892.0,5.376391410827637,120.0,25.0,0.5116247670142178,0.5699781119117111,0.9923288822174072,251.92891081179533,254.00328613187068,254.15881911908235
461537.0,7.6922831535339355,6949.0,6949.0,7.76305627822876,118.0,26.0,0.5148530044452759,0.5653726999851553,0.9922654032707214,251.91258072582121,253.94402443458432,254.14277494224672
461816.0,7.696933269500732,6490.0,6490.0,4.921942710876465,119.0,20.0,0.512558216387726,0.5980488588100717,0.9927763342857361,252.05633845846822,254.0935784168139,254.25959202725718
462095.0,7.701583385467529,7189.0,7189.0,6.072500228881836,119.0,25.0,0.5131680849274756,0.5704096479499912,0.9919983148574829,251.79568949534493,253.93953810838968,254.12345108197135
462375.0,7.706250190734863,7033.0,7033.0,5.551996231079102,23.0,4.0,0.611767661970205,0.8972168509688376,0.9921719431877136,251.21286206987418,252.39274057125192,254.79482895585977
462654.0,7.710899829864502,6305.0,6305.0,9.108148574829102,19.0,0.0,0.6122142548158723,0.9284846869592002,0.9929822087287903,251.54890573428497,252.6346154884131,254.87202071739807
462933.0,7.715549945831299,6428.0,6428.0,6.345722675323486,21.0,1.0,0.6113720361509783,0.91708546582856,0.992845356464386,251.502403900496,252.61260639411213,254.84872789634085
463213.0,7.720216751098633,6031.0,6031.0,6.460816383361816,118.0,24.0,0.5145676058630977,0.5764172310907671,0.993287205696106,252.30154802459623,254.10244244807672,254.2749268804178
463492.0,7.72486686706543,5968.0,5968.0,9.564942359924316,119.0,26.0,0.5132972197804169,0.5648828698681801,0.9933573007583618,252.34926320550392,254.1102790855821,254.2629601812606
463771.0,7.729516506195068,5919.0,5919.0,4.581872940063477,123.0,16.0,0.5064198095910036,0.6188752183984364,0.9934118986129761,252.28034491170393,254.2796280978741,254.35972338091386
464051.0,7.734183311462402,5897.0,5897.0,6.2428364753723145,119.0,24.0,0.5130414285534749,0.5759367943449643,0.993436336517334,252.3623007090519,254.13937313058324,254.29023091478842
464330.0,7.738833427429199,5321.0,5321.0,8.88297176361084,18.0,3.0,0.614811699845746,0.9195304955138414,0.9940774440765381,252.1010256898498,252.96517163068742,254.87847078918463
464609.0,7.743483543395996,5761.0,5761.0,5.767540454864502,79.0,8.0,0.5613615407523108,0.7152429462260396,0.9935877323150635,252.19535778644533,253.67322755652853,254.53438569423705
464889.0,7.748149871826172,5612.0,5612.0,6.690381050109863,117.0,22.0,0.5157880731538457,0.5879868756496002,0.9937535524368286,252.47058442881382,254.16628741257816,254.34372731396877
465168.0,7.752799987792969,5792.0,5792.0,5.821931838989258,79.0,7.0,0.5609007603575511,0.720384791875851,0.9935532212257385,252.17181025924398,253.67486370949396,254.54033256588266
465447.0,7.757450103759766,6311.0,6311.0,6.481262683868408,117.0,23.0,0.5159381518612678,0.5824684641474241,0.9929755330085754,252.16542063969968,254.05255420524702,254.2521011946738
465727.0,7.762116432189941,6306.0,6306.0,7.150574207305908,22.0,4.0,0.6125156731871334,0.9008091539678961,0.9929811358451843,251.59791208483767,252.6455892616984,254.82246719620633
466006.0,7.766766548156738,5811.0,5811.0,8.038642883300781,28.0,5.0,0.6085695934265805,0.8752480836865193,0.9935320615768433,251.9071077709761,252.91351263283119,254.79424363321397
466285.0,7.771416664123535,5565.0,5565.0,6.387421607971191,119.0,20.0,0.512558216387726,0.5980488588100717,0.9938058853149414,252.47588303453185,254.2227659111937,254.36511847608827
466565.0,7.776083469390869,5655.0,5655.0,6.44365119934082,20.0,2.0,0.6127291406901804,0.9164480183818401,0.993705689907074,251.92400688330946,252.87607587365707,254.86589496929827
466844.0,7.780733108520508,6053.0,6053.0,9.195489883422852,118.0,24.0,0.5145676058630977,0.5764172310907671,0.9932627081871033,252.29170035929204,254.09916692327835,254.27228081613063
467123.0,7.785383224487305,5786.0,5786.0,10.319757461547852,26.0,4.0,0.6094874936750363,0.8865607727869957,0.9935598969459534,251.90184032241012,252.90082913450695,254.8137071200261
467402.0,7.790033340454102,5123.0,5123.0,7.706033229827881,24.0,4.0,0.611013653668176,0.8936445256669553,0.9942978620529175,252.24655531143685,253.11434128665383,254.84535433555106
467682.0,7.7947001457214355,5355.0,5355.0,6.241092205047607,26.0,3.0,0.6088583892825594,0.8908523105950726,0.9940396547317505,252.12611618128446,253.06538214155816,254.8341077319083
467961.0,7.799349784851074,4968.0,4968.0,6.547237396240234,27.0,3.0,0.6080874217939023,0.8873583516768506,0.9944703578948975,252.33871386674343,253.21826533932511,254.84116865965427
468240.0,7.803999900817871,5177.0,5177.0,10.594959259033203,21.0,2.0,0.6119947826766695,0.9128498707794639,0.9942377805709839,252.18932352399992,253.06930720277828,254.87194456720187
468520.0,7.808666706085205,5101.0,5101.0,7.862215518951416,18.0,4.0,0.6154485255879745,0.9153734192841881,0.9943223595619202,252.22692559726548,253.04146373084498,254.8774777793138
468799.0,7.813316822052002,5288.0,5288.0,8.50865364074707,121.0,22.0,0.5097933755477067,0.5862056487856497,0.9941142201423645,252.61930539928898,254.27554989461007,254.37894687331692
469078.0,7.817966461181641,4714.0,4714.0,11.310927391052246,28.0,7.0,0.6098538278116319,0.8666666666666667,0.9947531223297119,252.50248622894287,253.29302095024553,254.8216061592102
469358.0,7.822633266448975,4989.0,4989.0,7.537029266357422,26.0,4.0,0.6094874936750363,0.8865607727869957,0.9944469928741455,252.32859821926584,253.18998070735148,254.83936814654837
469637.0,7.8272833824157715,5230.0,5230.0,6.817022323608398,24.0,5.0,0.6116511076570306,0.8894010443037561,0.9941787719726562,252.19534824993164,253.06695222723656,254.83582545612305
469916.0,7.831933498382568,4780.0,4780.0,8.991893768310547,26.0,5.0,0.6101227082142912,0.8822832216464108,0.9946796298027039,252.4463168933939,253.2585066495148,254.84029430598505
470196.0,7.836599826812744,5307.0,5307.0,7.190824031829834,24.0,4.0,0.611013653668176,0.8936445256669553,0.9940930604934692,252.14766086670306,253.04661478675774,254.83979998496625
470475.0,7.841249942779541,4842.0,4842.0,8.064374923706055,27.0,1.0,0.606849893066166,0.8960162161436949,0.994610607624054,252.3943142883115,253.2782080811886,254.857095599956
470754.0,7.845900058746338,5434.0,5434.0,7.910374641418457,25.0,4.0,0.6102536101256308,0.8900924185996625,0.993951678276062,252.0848688059049,253.0142011313331,254.83048711488672
471034.0,7.850566864013672,5503.0,5503.0,7.860323905944824,22.0,4.0,0.6125156731871334,0.9008091539678961,0.9938749074935913,252.03112886420416,252.94539639860602,254.8450739575274
471313.0,7.8552165031433105,4526.0,4526.0,8.427797317504883,23.0,6.0,0.613050671460947,0.888778347605648,0.9949623346328735,252.57366651668258,253.30824563654494,254.85712414608292
471592.0,7.859866619110107,5224.0,5224.0,8.090277671813965,119.0,26.0,0.5132972197804169,0.5648828698681801,0.9941854476928711,252.67973120814852,254.22120080897207,254.35484711521573
471872.0,7.864533424377441,5057.0,5057.0,7.262940406799316,25.0,4.0,0.6102536101256308,0.8900924185996625,0.9943712949752808,252.28711296309228,253.15197064899687,254.8422474743009
472151.0,7.869183540344238,5451.0,5451.0,9.991515159606934,28.0,4.0,0.6079368940212373,0.8795598493808306,0.9939327836036682,252.0920574343072,253.05109281028206,254.81366220356358
472430.0,7.873833179473877,4572.0,4572.0,7.6702094078063965,26.0,5.0,0.6101227082142912,0.8822832216464108,0.9949111342430115,252.55743490894446,253.33428397862025,254.8472435549914
472710.0,7.878499984741211,4843.0,4843.0,9.499435424804688,28.0,4.0,0.6079368940212373,0.8795598493808306,0.994609534740448,252.4164159718093,253.26847835745284,254.83444674581918
472989.0,7.883150100708008,5316.0,5316.0,10.202460289001465,18.0,0.0,0.6129354445786406,0.9320884761306943,0.994083046913147,252.0848203974068,252.99160348084177,254.89753352829817
473268.0,7.887800216674805,5062.0,5062.0,9.055840492248535,20.0,0.0,0.6114874598951097,0.9249001109859416,0.9943657517433167,252.23443190087391,253.114320499017,254.89210148821758
473548.0,7.8924665451049805,4680.0,4680.0,8.294093132019043,28.0,3.0,0.6073103773635875,0.8838853794982323,0.9947909116744995,252.4976020390841,253.3338707367385,254.84576291491067
473827.0,7.897116661071777,5665.0,5665.0,8.010857582092285,26.0,2.0,0.608235326676077,0.8951576339072821,0.9936946034431458,251.9528212930186,252.96202583732872,254.83142646298575
474106.0,7.901766777038574,5032.0,5032.0,8.944950103759766,24.0,3.0,0.6103822350011247,0.8979022072043381,0.9943991303443909,252.2893747651807,253.15552697266153,254.85418171045865
474386.0,7.90643310546875,5032.0,5032.0,7.615164756774902,25.0,4.0,0.6102536101256308,0.8900924185996625,0.9943991303443909,252.30052887522388,253.16110962126234,254.84302760041547
474665.0,7.911083221435547,4685.0,4685.0,7.720024108886719,21.0,3.0,0.6126233254629825,0.9086283818658648,0.9947853684425354,252.46203758315463,253.24559990513768,254.87850032253843
474944.0,7.915733337402344,5254.0,5254.0,9.282092094421387,27.0,4.0,0.6087152671702931,0.8830498337255676,0.9941520690917969,252.19195394229575,253.10769524134386,254.82560129452065
475224.0,7.920400142669678,5133.0,5133.0,9.089216232299805,19.0,2.0,0.6134577394289313,0.9200655243035241,0.9942867159843445,252.2026806844013,253.05855600025288,254.8835444676144
475503.0,7.925049781799316,4687.0,4687.0,10.669554710388184,19.0,1.0,0.6128331654026009,0.9242680531446609,0.9947831630706787,252.44015887640268,253.2344491726256,254.89925428964347
475782.0,7.929699897766113,4736.0,4736.0,10.18878173828125,26.0,1.0,0.6076182380607049,0.8994765447716726,0.9947286248207092,252.44672235450264,253.3034514995943,254.86487630405907
476061.0,7.93435001373291,4871.0,4871.0,9.774444580078125,27.0,6.0,0.6099894684437508,0.8744746321952062,0.9945783615112305,252.40850542790642,253.23076241185814,254.82645894282112
476341.0,7.939016819000244,4462.0,4462.0,9.260231971740723,118.0,24.0,0.5145676058630977,0.5764172310907671,0.9950335621833801,253.0035595714286,254.33594512707197,254.46355714209525
476620.0,7.943666458129883,4405.0,4405.0,8.5281343460083,26.0,5.0,0.6101227082142912,0.8822832216464108,0.9950970411300659,252.6466669095887,253.39513606139062,254.85282406674492
476899.0,7.94831657409668,4830.0,4830.0,7.439278602600098,78.0,6.0,0.561573182839118,0.7276068751089989,0.9946239590644836,252.63164025332833,253.88957054853864,254.62657886955833
477179.0,7.952983379364014,5078.0,5078.0,8.535106658935547,27.0,2.0,0.6074656534593109,0.8916805451172305,0.9943479299545288,252.27356270911227,253.18655559327757,254.84388156769742
477458.0,7.9576334953308105,8414.0,8414.0,4.484647274017334,40.0,195.0,0.854576724000299,0.6128823375720699,0.9906347990036011,254.07551414693708,251.14823334489947,253.7024019289195
477737.0,7.962283134460449,21125.0,21125.0,1.8425626754760742,34.0,197.0,0.8517333181182591,0.6461074408078596,0.97648686170578,252.87811320517707,245.13018626477074,252.0227427782679
478017.0,7.966949939727783,61927.0,61927.0,0.9298429489135742,35.0,199.0,0.8547307051278468,0.648388414118609,0.9310722947120667,248.81987615929884,226.02699414385515,245.89362953478127
478296.0,7.97160005569458,148718.0,148718.0,0.8753659725189209,35.0,199.0,0.8547307051278468,0.648388414118609,0.834469735622406,240.15839851386116,185.4211666535659,233.1310011071578
478575.0,7.976250171661377,260998.0,260998.0,0.8051571249961853,35.0,198.0,0.8536479953292545,0.6450116158809076,0.7094967365264893,228.70305255914496,133.14028306936456,217.05510038967086
478855.0,7.980916500091553,337375.0,337375.0,0.7902709245681763,35.0,198.0,0.8536479953292545,0.6450116158809076,0.6244854927062988,221.00766151984564,97.47993976036676,205.95111803182556
479134.0,7.98556661605835,321814.0,321814.0,0.8453159928321838,35.0,198.0,0.8536479953292545,0.6450116158809076,0.6418056488037109,222.57551734740187,104.74536354249072,208.2134388625568
479413.0,7.9902167320251465,247303.0,247303.0,0.8291201591491699,35.0,198.0,0.8536479953292545,0.6450116158809076,0.7247399091720581,230.08289561185114,139.5344580658985,219.04613019382228
479693.0,7.9948835372924805,167519.0,167519.0,0.7973344326019287,35.0,198.0,0.8536479953292545,0.6450116158809076,0.8135433197021484,238.12156130997812,176.78553173811758,230.64543705643308
479972.0,7.999533176422119,105470.0,105470.0,0.8684081435203552,35.0,198.0,0.8536479953292545,0.6450116158809076,0.8826068639755249,244.3733340856797,205.756166541838,239.6663658503217
480251.0,8.004183769226074,68281.0,68281.0,0.9574874639511108,35.0,198.0,0.8536479953292545,0.6450116158809076,0.9239999651908875,248.12032196478017,223.11966028257243,245.0730420142896
480531.0,8.00885009765625,51588.0,51588.0,1.0397770404815674,35.0,199.0,0.8547307051278468,0.648388414118609,0.9425801038742065,249.85167731182653,230.8641756640188,247.41398151858405
480810.0,8.013500213623047,37632.0,37632.0,1.1622755527496338,35.0,198.0,0.8536479953292545,0.6450116158809076,0.9581137895584106,251.20837486880933,237.4296578059801,249.52891498959647
481089.0,8.018150329589844,30303.0,30303.0,1.4004237651824951,35.0,197.0,0.8525539406066636,0.6416649814984088,0.9662712812423706,251.91802382968723,240.88032960392178,250.64511671418796
481369.0,8.02281665802002,26515.0,26515.0,1.4239537715911865,35.0,198.0,0.8536479953292545,0.6450116158809076,0.9704875349998474,252.3284715232473,242.6201713266749,251.14514650095745
481648.0,8.027466773986816,23914.0,23914.0,1.6697862148284912,34.0,196.0,0.8506312852846405,0.6428143617945501,0.9733825922012329,252.57562427304578,243.849497749583,251.66995956910245
481927.0,8.032116889953613,21375.0,21375.0,1.6313655376434326,34.0,200.0,0.8549723282066227,0.65616878765537,0.9762086272239685,252.91404478104386,244.95235510318008,251.88034700831176
482207.0,8.036783218383789,18465.0,18465.0,1.6047604084014893,34.0,199.0,0.8539037684205794,0.6527851194299494,0.9794475436210632,253.18028973480642,246.33795751193583,252.33579122979083
482486.0,8.041433334350586,16898.0,16898.0,1.8666414022445679,36.0,198.0,0.854483213468702,0.6406095712970344,0.9811916947364807,253.27632115258277,247.1314431630224,252.4965405550288
482765.0,8.046083450317383,15822.0,15822.0,1.9488810300827026,33.0,197.0,0.8509239245001237,0.6505668424191395,0.9823893308639526,253.43079331055318,247.58776543006266,252.81409942282195
483045.0,8.050749778747559,14402.0,14402.0,3.074784755706787,35.0,194.0,0.8492029791319528,0.6318108331403555,0.9839698672294617,253.49495908649436,248.3296732005311,253.00313154174128
483324.0,8.055399894714355,13635.0,13635.0,2.6608657836914062,33.0,198.0,0.85201140881368,0.6538679167807178,0.9848235845565796,253.66047370522574,248.59955441862985,253.09330431061588
483603.0,8.060050010681152,12808.0,12808.0,3.181410789489746,35.0,195.0,0.850331502359666,0.635064107478496,0.985744059085846,253.67336134708364,249.0561087866978,253.2024523103314
483882.0,8.06470012664795,11616.0,11616.0,3.5800206661224365,35.0,194.0,0.8492029791319528,0.6318108331403555,0.9870708584785461,253.78610568952644,249.6200321345321,253.3894210193939
484162.0,8.069366455078125,11913.0,11913.0,3.0195343494415283,34.0,193.0,0.8472571622916291,0.6331238650749862,0.986740231513977,253.7595033839011,249.4780146882272,253.40181508618846
484441.0,8.074016571044922,11256.0,11256.0,3.147932529449463,33.0,194.0,0.8475949807136545,0.6408495898784412,0.9874715209007263,253.8525998562906,249.75787580307983,253.50221479289092
484720.0,8.078666687011719,10256.0,10256.0,3.3531079292297363,36.0,194.0,0.8500243131192611,0.6273161619865862,0.988584578037262,253.915142466248,250.2629923327556,253.54939468192825
485000.0,8.083333015441895,10423.0,10423.0,2.975280284881592,35.0,197.0,0.8525539406066636,0.6416649814984088,0.9883987307548523,253.9399290374515,250.14342364752318,253.50210220278615
485279.0,8.087983131408691,9685.0,9685.0,3.7372636795043945,38.0,193.0,0.8505508102133116,0.6150865069205882,0.989220142364502,253.94192527236854,250.56034733352746,253.59259183248952
485558.0,8.092633247375488,10046.0,10046.0,4.125796318054199,33.0,199.0,0.8530879182086448,0.6571992114550208,0.988818347454071,254.022564775955,250.27479242562123,253.5783506540269
485838.0,8.097299575805664,9722.0,9722.0,4.05467414855957,35.0,194.0,0.8492029791319528,0.6318108331403555,0.9891789555549622,253.98403120861374,250.49723612441696,253.6520259908623
486117.0,8.101949691772461,9219.0,9219.0,4.16137170791626,34.0,193.0,0.8472571622916291,0.6331238650749862,0.9897388219833374,254.04003176071467,250.7267674507874,253.76323180744436
486396.0,8.106599807739258,8553.0,8553.0,5.013696670532227,33.0,193.0,0.8464629704399187,0.6376740702862373,0.9904801249504089,254.120429117584,251.02443460712456,253.8765334111461
486676.0,8.11126708984375,8616.0,8616.0,4.756704330444336,33.0,193.0,0.8464629704399187,0.6376740702862373,0.9904099702835083,254.11394730958233,250.9951375350069,253.86825426631447
486955.0,8.11591625213623,8308.0,8308.0,4.089826583862305,33.0,198.0,0.85201140881368,0.6538679167807178,0.9907528162002563,254.1838095169082,251.10012674522252,253.83822595950625
487234.0,8.120566368103027,8349.0,8349.0,5.700037002563477,39.0,194.0,0.8525601537134333,0.6139353146299604,0.9907071590423584,254.08515238127103,251.17549873033175,253.74949205258156
487514.0,8.12523365020752,8165.0,8165.0,5.440869331359863,38.0,193.0,0.8505508102133116,0.6150865069205882,0.9909119606018066,254.10798220754953,251.25711769937186,253.8134740450045
487793.0,8.129883766174316,8053.0,8053.0,5.241032123565674,33.0,191.0,0.8441650832735963,0.6314212622786125,0.9910366535186768,254.15755677237942,251.27113652214572,253.96996687814115
488072.0,8.134532928466797,8852.0,8852.0,6.725640296936035,36.0,192.0,0.8477241648923391,0.6208599906804123,0.9901472926139832,254.0474333296098,250.92768590352162,253.77805877131692
488352.0,8.139200210571289,8134.0,8134.0,5.931706428527832,32.0,195.0,0.8479247496135904,0.6485781331275684,0.9909464716911316,254.18869000587836,251.19401055659876,253.92651031905612
488631.0,8.143850326538086,7574.0,7574.0,6.819169998168945,34.0,200.0,0.8549723282066227,0.65616878765537,0.9915697574615479,254.26086196934938,251.43971433604003,253.89458117430553
488910.0,8.148500442504883,6971.0,6971.0,7.3535284996032715,34.0,193.0,0.8472571622916291,0.6331238650749862,0.9922409653663635,254.27411581752986,251.76877651931554,254.06481232230487
489190.0,8.153166770935059,7555.0,7555.0,7.590652942657471,31.0,197.0,0.8493380751908525,0.6595350965923366,0.9915909171104431,254.26993561359632,251.44143211272967,253.99831880334955
489469.0,8.157816886901855,6669.0,6669.0,7.474081039428711,36.0,190.0,0.8453761791181895,0.6145362057468863,0.992577075958252,254.27037654127588,251.94393219743262,254.10227447851614
489748.0,8.162467002868652,7023.0,7023.0,7.953988552093506,34.0,192.0,0.8461095777088304,0.6299582259146549,0.9921830892562866,254.26239120253499,251.7509843181712,254.06987311404936
490028.0,8.167133331298828,7755.0,7755.0,8.574491500854492,38.0,192.0,0.849386599887117,0.6118275483057467,0.991368293762207,254.1455994039797,251.45223041474588,253.8861751821085
490307.0,8.171783447265625,6858.0,6858.0,8.869241714477539,35.0,193.0,0.8480628319512987,0.6285896530659416,0.9923667311668396,254.27705586848091,251.82997702660728,254.06079040196434
490586.0,8.176433563232422,7175.0,7175.0,6.94365119934082,39.0,192.0,0.8502363140079225,0.6073369176066026,0.9920138716697693,254.20035626953293,251.7267182820494,253.94948513894275
490866.0,8.181099891662598,6820.0,6820.0,7.453422546386719,38.0,191.0,0.8482099843330332,0.6086016772387914,0.9924089908599854,254.24236739740599,251.88621794118654,254.03205771842613
491145.0,8.185750007629395,7014.0,7014.0,6.955551624298096,32.0,191.0,0.843391072458676,0.6360320091374673,0.9921931028366089,254.2754275277654,251.74305491890513,254.12260786935693
491424.0,8.190400123596191,6242.0,6242.0,7.605525016784668,36.0,189.0,0.8441841027456727,0.6114252451852368,0.9930523633956909,254.31158257153427,252.1451227602681,254.1705360364154
491704.0,8.195066452026367,6183.0,6183.0,8.196063995361328,31.0,199.0,0.851488762044548,0.6660781716277409,0.9931180477142334,254.4140013070414,252.07620302721764,254.15933892697814
491983.0,8.199716567993164,6515.0,6515.0,7.266968727111816,32.0,201.0,0.8543974618912822,0.6683370078163535,0.992748498916626,254.38671109048062,251.91502335699863,254.07432740144162
492262.0,8.204366683959961,6785.0,6785.0,8.461675643920898,35.0,189.0,0.8433848256990005,0.6160358692752852,0.9924479722976685,254.26057452325665,251.88789134855426,254.11748048235663
492541.0,8.209016799926758,6236.0,6236.0,10.08259391784668,37.0,190.0,0.8461923846436538,0.6099646720850719,0.9930590391159058,254.3096589116095,252.15045103750245,254.14306672255276
492821.0,8.213683128356934,6021.0,6021.0,8.48354434967041,32.0,192.0,0.8445411203190614,0.6391194442163327,0.993298351764679,254.38328389234348,252.19887550764278,254.2363895891501
493100.0,8.21833324432373,6451.0,6451.0,8.482938766479492,36.0,190.0,0.8453761791181895,0.6145362057468863,0.9928197264671326,254.29422745266268,252.04383304557493,254.13162053586473
493379.0,8.222983360290527,6427.0,6427.0,9.606132507324219,33.0,191.0,0.8441650832735963,0.6314212622786125,0.9928464293479919,254.32765321951496,252.02402574796093,254.1779393191506
493659.0,8.227649688720703,6609.0,6609.0,11.469907760620117,35.0,190.0,0.8445720482127824,0.6191236628959585,0.9926438927650452,254.28554936935652,251.96283594081652,254.12892348553635
493938.0,8.2322998046875,6463.0,6463.0,8.623756408691406,34.0,185.0,0.8377511225914054,0.6087532718136862,0.9928063750267029,254.28230703017655,252.04894423344192,254.22310787313978
494217.0,8.236949920654297,6830.0,6830.0,8.552216529846191,35.0,190.0,0.8445720482127824,0.6191236628959585,0.9923979043960571,254.2616581263742,251.86127311561495,254.09979466995324
494497.0,8.241616249084473,6231.0,6231.0,8.449740409851074,38.0,190.0,0.8470208948960031,0.6054094226322534,0.9930645823478699,254.30215413381168,252.16078286360195,254.12629322727452
494776.0,8.24626636505127,5872.0,5872.0,9.45640754699707,39.0,191.0,0.8490554828533186,0.6040870667047412,0.9934641718864441,254.34015718561233,252.32657047647416,254.15020971773717
495055.0,8.250916481018066,6196.0,6196.0,10.326406478881836,36.0,191.0,0.8465561815859997,0.6176812937913296,0.993103563785553,254.3276576744057,252.1551598562263,254.1552980205315
495335.0,8.255583763122559,5923.0,5923.0,9.945572853088379,30.0,192.0,0.8430171355986471,0.6483409756919931,0.9934074282646179,254.40882397724303,252.2289644377121,254.2821680047612
495614.0,8.260232925415039,5672.0,5672.0,10.591815948486328,38.0,184.0,0.8396211105422282,0.5869921504570508,0.9936867952346802,254.3351122034185,252.44515336626839,254.26381036280662
495893.0,8.264883041381836,5378.0,5378.0,8.987566947937012,40.0,194.0,0.853430094393263,0.6095106791302809,0.9940140247344971,254.40394784887687,252.54320476571664,254.17957839405975
496173.0,8.269550323486328,5505.0,5505.0,11.823212623596191,32.0,188.0,0.8398738322318529,0.6269728570485219,0.9938726425170898,254.41715398279842,252.4578937009174,254.3402667445051
496452.0,8.274200439453125,5322.0,5322.0,9.730927467346191,34.0,198.0,0.8528241225585186,0.6494311828109488,0.9940763711929321,254.47045691618803,252.50849239220736,254.24101549416284
496731.0,8.278849601745605,5487.0,5487.0,8.889497756958008,36.0,191.0,0.8465561815859997,0.6176812937913296,0.9938927292823792,254.4045944209971,252.48069751301625,254.25195803978912
497011.0,8.283516883850098,6038.0,6038.0,8.378159523010254,40.0,191.0,0.8499136894543315,0.5995897610733577,0.9932793974876404,254.31379549528523,252.25869722341136,254.10934992801734
497290.0,8.288166999816895,5579.0,5579.0,10.619718551635742,38.0,188.0,0.8446050405305295,0.5991279065158065,0.993790328502655,254.36523257668765,252.46783495966642,254.2369111144333
497569.0,8.292817115783691,5302.0,5302.0,9.882423400878906,39.0,186.0,0.842959387073209,0.5883529294141171,0.9940986037254333,254.38053041535812,252.60975748461289,254.2782570830033
497849.0,8.297483444213867,5936.0,5936.0,12.021634101867676,37.0,190.0,0.8461923846436538,0.6099646720850719,0.9933929443359375,254.34286879376634,252.28753281756178,254.18429076909857
498128.0,8.302133560180664,5783.0,5783.0,11.248223304748535,39.0,193.0,0.8514045116949751,0.6106198437799408,0.9935632348060608,254.36088109762417,252.35636865346683,254.1435376861852
498407.0,8.306783676147461,5705.0,5705.0,11.871786117553711,36.0,185.0,0.8392941184194751,0.5993332191477542,0.9936500787734985,254.35122836339568,252.41031181108858,254.28181204476505
498687.0,8.311450004577637,5400.0,5400.0,13.127792358398438,38.0,187.0,0.8433781598025774,0.596039730425799,0.9939895272254944,254.38086198842433,252.5537968965778,254.27074667765064
498966.0,8.316100120544434,5357.0,5357.0,11.376594543457031,36.0,189.0,0.8441841027456727,0.6114252451852368,0.994037389755249,254.4091854474529,252.5498833277241,254.28813629603857
499245.0,8.32075023651123,5494.0,5494.0,11.39129638671875,39.0,189.0,0.8466556285507453,0.5976887433355547,0.9938849210739136,254.37265790272417,252.50865184497175,254.22366086879367
499525.0,8.325416564941406,5147.0,5147.0,9.355175971984863,41.0,192.0,0.8519738766971509,0.5984087575712974,0.9942711591720581,254.41333366202875,252.6649575157209,254.21778957379965
499804.0,8.330066680908203,5748.0,5748.0,12.845101356506348,36.0,191.0,0.8465561815859997,0.6176812937913296,0.9936022162437439,254.37627193588486,252.36085834842453,254.21637488768474
500083.0,8.334716796875,4728.0,4728.0,12.760098457336426,27.0,4.0,0.6087152671702931,0.8830498337255676,0.9947375059127808,252.47306765294044,253.29713401885854,254.84306036257775
500363.0,8.339383125305176,5313.0,5313.0,10.500078201293945,39.0,187.0,0.8442044083009455,0.5914292374140186,0.9940863847732544,254.38388677787796,252.60016945648178,254.26754122954642
500642.0,8.344033241271973,5765.0,5765.0,9.02392292022705,34.0,191.0,0.8449504622643306,0.62682566880241,0.9935832619667053,254.38938670936858,252.33807689365113,254.24640472572892
500921.0,8.34868335723877,5244.0,5244.0,12.797609329223633,34.0,191.0,0.8449504622643306,0.62682566880241,0.9941631555557251,254.44456906694188,252.57864026647792,254.31450865423557
501201.0,8.353349685668945,5019.0,5019.0,10.24160099029541,35.0,190.0,0.8445720482127824,0.6191236628959585,0.9944136142730713,254.45743085600267,252.69351242326368,254.33848579798575
501480.0,8.357999801635742,4880.0,4880.0,11.379961013793945,36.0,185.0,0.8392941184194751,0.5993332191477542,0.9945683479309082,254.44504794994577,252.7848094948174,254.38567000220917
501759.0,8.362649917602539,5822.0,5822.0,10.575675010681152,38.0,189.0,0.8458192670280075,0.6022513190421139,0.9935198426246643,254.34274411764798,252.35237562093081,254.1936344631801
502038.0,8.367300033569336,5806.0,5806.0,11.431312561035156,36.0,9.0,0.6046488703884179,0.8303082347573595,0.9935376644134521,251.98384315984487,253.00212174093883,254.72036569101573
502318.0,8.371966361999512,5037.0,5037.0,8.57822036743164,41.0,192.0,0.8519738766971509,0.5984087575712974,0.9943935871124268,254.4258709891423,252.71485843819534,254.23450576723056
502597.0,8.376616477966309,5081.0,5081.0,12.006814956665039,39.0,190.0,0.8478619443040798,0.6008708277441891,0.9943445920944214,254.42440423958877,252.69133772856614,254.2733299448383
502876.0,8.381266593933105,5303.0,5303.0,8.988905906677246,28.0,2.0,0.6066899724026912,0.888224472946247,0.9940975308418274,252.15797738760565,253.12016644379128,254.83176334172632
503156.0,8.385932922363281,4864.0,4864.0,12.919288635253906,38.0,190.0,0.8470208948960031,0.6054094226322534,0.9945861101150513,254.45525116644566,252.78366499223048,254.3179715344444
503435.0,8.390583038330078,5130.0,5130.0,9.840149879455566,40.0,191.0,0.8499136894543315,0.5995897610733577,0.9942900538444519,254.41698816937765,252.67093929129283,254.24328749615776
503714.0,8.395233154296875,4860.0,4860.0,8.164441108703613,117.0,15.0,0.5148115524490543,0.6266293640275659,0.9945905804634094,252.75622423155656,254.3313391926702,254.48497180478225
503994.0,8.399900436401367,5349.0,5349.0,11.695442199707031,35.0,187.0,0.8409746571673451,0.6099646720850719,0.9940463304519653,254.40785392911144,252.55577460139088,254.32293990165508
504273.0,8.404549598693848,5432.0,5432.0,11.564661979675293,36.0,187.0,0.8417635310062532,0.6053078055071817,0.9939539432525635,254.39148549155317,252.5250255672542,254.29707773489065
504552.0,8.409199714660645,5641.0,5641.0,10.988241195678711,34.0,190.0,0.8437797661119508,0.6237266921846756,0.9937213063240051,254.39756126625244,252.40030495899018,254.2723760437195
504832.0,8.413866996765137,4880.0,4880.0,12.415371894836426,38.0,190.0,0.8470208948960031,0.6054094226322534,0.9945683479309082,254.4534639248691,252.77639351989407,254.31573389839093
505111.0,8.418517112731934,4843.0,4843.0,8.304985046386719,78.0,8.0,0.5625016816523644,0.7173469853732346,0.994609534740448,252.63938868787105,253.87192212837817,254.61147402975743
505390.0,8.423166275024414,4893.0,4893.0,9.242966651916504,79.0,7.0,0.5609007603575511,0.720384791875851,0.9945538640022278,252.610790366011,253.88054597398434,254.61168027512517
505670.0,8.427833557128906,4901.0,4901.0,10.591212272644043,172.0,1.0,0.4461644894870802,0.7437035454235688,0.9945449233055115,252.57443067395204,254.64348021185882,253.97515018296042
505949.0,8.432483673095703,5293.0,5293.0,10.91928482055664,76.0,5.0,0.5633396726488251,0.736973246157356,0.9941086173057556,252.39054059869187,253.76333082499775,254.6048542272435
506228.0,8.4371337890625,5352.0,5352.0,10.014017105102539,79.0,9.0,0.5618289901887671,0.7101071825352823,0.9940429925918579,252.40228410545467,253.7593185126411,254.55964211639287
506508.0,8.441800117492676,4876.0,4876.0,12.966715812683105,20.0,4.0,0.6139938592320335,0.9080527433459981,0.9945727586746216,252.35935701157928,253.15368177323887,254.87274991247773
506787.0,8.446450233459473,4670.0,4670.0,11.714584350585938,27.0,4.0,0.6087152671702931,0.8830498337255676,0.9948020577430725,252.5040640028313,253.31802204533466,254.84498544613567
507066.0,8.45110034942627,4983.0,4983.0,8.575043678283691,75.0,5.0,0.5644405292045783,0.7391402676459123,0.9944536685943604,252.54030868725943,253.82268668201507,254.63106229586435
507346.0,8.455766677856445,4819.0,4819.0,10.815201759338379,22.0,6.0,0.6138005525053507,0.8924046197675946,0.9946362376213074,252.41164578028273,253.18598303712352,254.85283540658403
507625.0,8.460416793823242,4934.0,4934.0,10.771334648132324,37.0,189.0,0.8449955049008591,0.6068302756684911,0.9945082068443298,254.44940226571939,252.74978322488883,254.33047477259777
507904.0,8.465066909790039,5044.0,5044.0,8.29269027709961,27.0,2.0,0.6074656534593109,0.8916805451172305,0.9943857789039612,252.29182023004233,253.19869927959007,254.84492701097787
508184.0,8.469733238220215,4755.0,4755.0,11.126811981201172,19.0,1.0,0.6128331654026009,0.9242680531446609,0.994707465171814,252.4030147990414,253.20883049031258,254.89779243858374
508463.0,8.474383354187012,4680.0,4680.0,8.170663833618164,25.0,33.0,0.6314595956132647,0.7731857632736309,0.9947909116744995,252.64464627910488,253.07855351582828,254.69871867488988
508742.0,8.479033470153809,4787.0,4787.0,9.491262435913086,27.0,4.0,0.6087152671702931,0.8830498337255676,0.9946718215942383,252.44152750743743,253.27587953577756,254.8411015056241
509022.0,8.483699798583984,4950.0,4950.0,10.112142562866211,76.0,2.0,0.5619755965026633,0.7523384025127421,0.994490385055542,252.53804898819084,253.86594951833837,254.65204739013558
509301.0,8.488349914550781,4673.0,4673.0,9.951830863952637,76.0,5.0,0.5633396726488251,0.736973246157356,0.9947987198829651,252.6962064756897,253.90819131516048,254.6511406646225
509580.0,8.493000030517578,4781.0,4781.0,7.822066783905029,170.0,29.0,0.4351698633898518,0.5949550818373395,0.9946784973144531,252.83567277341237,254.45036085695872,253.82227816272422
509860.0,8.497666358947754,4713.0,4713.0,10.647787094116211,29.0,2.0,0.6059082501712737,0.8847896636730757,0.9947541952133179,252.47875414690577,253.3416930306875,254.84588541188634
510139.0,8.50231647491455,4468.0,4468.0,11.828441619873047,103.0,22.0,0.5363164412729177,0.6006660406798356,0.9950268864631653,252.97012504151158,254.16162674230125,254.49358705470272
510418.0,8.506966590881348,4730.0,4730.0,11.478853225708008,40.0,189.0,0.8475048334884652,0.5931429265650078,0.9947353005409241,254.4537950453192,252.86120823055208,254.318378979564
510697.0,8.511616706848145,4936.0,4936.0,9.043136596679688,117.0,16.0,0.5149436155531262,0.6211076412649242,0.9945060014724731,252.72887743651168,254.31314454254115,254.46918331444962
510977.0,8.51628303527832,4859.0,4859.0,12.48995590209961,27.0,4.0,0.6087152671702931,0.8830498337255676,0.9945917129516602,252.4030611230853,253.2499575527823,254.83871248226137
511256.0,8.520933151245117,4700.0,4700.0,8.583039283752441,80.0,7.0,0.5597608505437552,0.7183324702879926,0.9947686791419983,252.70776713433617,253.9370720425868,254.62425922808296
511535.0,8.525583267211914,5478.0,5478.0,9.981029510498047,30.0,2.0,0.6051204540748308,0.8813763658884833,0.9939027428627014,252.07483495391108,253.08692387438688,254.81556390606664
511815.0,8.53024959564209,5178.0,5178.0,12.201617240905762,97.0,23.0,0.5451964755987356,0.6037305529339589,0.9942366480827332,252.64306979295702,253.93640004069516,254.4176207292369
512094.0,8.534899711608887,4805.0,4805.0,9.771814346313477,31.0,201.0,0.8535972300032251,0.6727404975240027,0.9946517944335938,254.5536859713356,252.71872918979722,254.33058572364672
512373.0,8.539549827575684,4350.0,4350.0,11.25837230682373,28.0,3.0,0.6073103773635875,0.8838853794982323,0.9951582551002502,252.67407043088585,253.45136569805715,254.85663967024178
512653.0,8.544217109680176,4404.0,4404.0,9.845837593078613,79.0,9.0,0.5618289901887671,0.7101071825352823,0.9950981140136719,252.86239863953685,253.97907140621166,254.6376395074358
512932.0,8.548866271972656,4632.0,4632.0,9.608531951904297,30.0,2.0,0.6051204540748308,0.8813763658884833,0.994844377040863,252.52658486737815,253.38237112628028,254.844047423462
513211.0,8.553516387939453,4035.0,4035.0,11.826140403747559,39.0,190.0,0.8478619443040798,0.6008708277441891,0.9955088496208191,254.54289997100372,253.16661333561402,254.42292677234485
513491.0,8.558183670043945,4686.0,4686.0,8.705827713012695,26.0,2.0,0.608235326676077,0.8951576339072821,0.9947842359542847,252.4794027627864,253.3142071608164,254.86055757389877
513770.0,8.562833786010742,4992.0,4992.0,9.456094741821289,30.0,3.0,0.6057379197186956,0.8770033911547239,0.9944436550140381,252.3405340128256,253.2490532935448,254.82573004433382
514049.0,8.567482948303223,4910.0,4910.0,11.817681312561035,39.0,189.0,0.8466556285507453,0.5976887433355547,0.9945349097251892,254.43933982925785,252.77346413058865,254.30618010213874
514329.0,8.572150230407715,4580.0,4580.0,9.646303176879883,77.0,5.0,0.5622323763488278,0.7348416908761709,0.9949022531509399,252.7448351403631,253.94195214268512,254.65531396661626
514608.0,8.576800346374512,5018.0,5018.0,10.764408111572266,26.0,1.0,0.6076182380607049,0.8994765447716726,0.994414746761322,252.2946903315129,253.20243244235556,254.85683051676133
514887.0,8.581450462341309,4578.0,4578.0,10.637166023254395,28.0,1.0,0.606075608724021,0.8925769319182191,0.9949044585227966,252.54085541487615,253.38412407781834,254.86041843175013
515167.0,8.586116790771484,4640.0,4640.0,12.350475311279297,38.0,188.0,0.8446050405305295,0.5991279065158065,0.9948354363441467,254.4720659916132,252.89400654390164,254.36534144740693
515446.0,8.590766906738281,4490.0,4490.0,9.211874008178711,77.0,3.0,0.5613293919502536,0.7451083590616604,0.9950023889541626,252.7760499330854,253.9763377362923,254.67516843353752
515725.0,8.595417022705078,4596.0,4596.0,13.368426322937012,24.0,6.0,0.612294663166942,0.8851719673400791,0.9948844313621521,252.5408497187659,253.29423708054395,254.85021027593166
516005.0,8.600083351135254,4951.0,4951.0,10.625896453857422,28.0,5.0,0.6085695934265805,0.8752480836865193,0.994489312171936,252.36485376871025,253.22231137876932,254.82469543897713
516284.0,8.60473346710205,4776.0,4776.0,11.838150978088379,27.0,4.0,0.6087152671702931,0.8830498337255676,0.994684100151062,252.44742339670572,253.27985269686167,254.8414676803359
516563.0,8.609383583068848,4623.0,4623.0,14.844985008239746,23.0,3.0,0.6111351853957652,0.9014576601872892,0.9948543906211853,252.50503961573193,253.29325123474752,254.87069960107257
516843.0,8.614049911499023,4768.0,4768.0,13.680020332336426,29.0,5.0,0.6077836732404699,0.8717621479503456,0.9946929812431335,252.46696340897086,253.30056769147126,254.82645702502725
517122.0,8.61870002746582,4223.0,4223.0,10.736536026000977,29.0,1.0,0.6052953529783691,0.8891589362957657,0.9952995777130127,252.7356395842044,253.52051932741327,254.86714504943208
517401.0,8.623350143432617,4044.0,4044.0,7.904254913330078,27.0,1.0,0.606849893066166,0.8960162161436949,0.9954988360404968,252.8237586360214,253.56197745680797,254.88064774463197
517681.0,8.628016471862793,4662.0,4662.0,12.05587100982666,24.0,3.0,0.6103822350011247,0.8979022072043381,0.9948109984397888,252.48870453385055,253.29116297912026,254.86490467044175
517960.0,8.63266658782959,5332.0,5332.0,14.078583717346191,29.0,4.0,0.6071523382290955,0.8760910701775848,0.9940652251243591,252.16078457233544,253.10766789401507,254.8124802410877
518239.0,8.637316703796387,4811.0,4811.0,10.51503849029541,29.0,4.0,0.6071523382290955,0.8760910701775848,0.9946451187133789,252.43820753425882,253.29256981187234,254.83080300956442
518518.0,8.641966819763184,4453.0,4453.0,14.109292030334473,18.0,3.0,0.614811699845746,0.9195304955138414,0.9950435757637024,252.57392809507928,253.29710807686698,254.89829554440894
518798.0,8.64663314819336,4573.0,4573.0,10.371246337890625,27.0,2.0,0.6074656534593109,0.8916805451172305,0.9949100613594055,252.54472283492547,253.36691323991246,254.85940845837135
519077.0,8.651283264160156,4846.0,4846.0,12.365959167480469,37.0,184.0,0.838824778692764,0.5916892063221398,0.9946061968803406,254.43840125165383,252.81075915731986,254.38477260589937
519356.0,8.655933380126953,5049.0,5049.0,7.3072285652160645,26.0,36.0,0.6332390024721865,0.7578780145691787,0.9943802356719971,252.48089065938964,252.91654783256055,254.65302953332886
519636.0,8.660599708557129,4602.0,4602.0,9.760895729064941,25.0,2.0,0.6089990259976353,0.8986554953631593,0.9948777556419373,252.5200287632477,253.33231133905167,254.8676266141403
519915.0,8.665249824523926,4888.0,4888.0,11.398294448852539,35.0,183.0,0.8360104348113153,0.598254541756288,0.9945594072341919,254.44263797437668,252.7826597150612,254.4159743928681
520194.0,8.669899940490723,5148.0,5148.0,11.031923294067383,62.0,91.0,0.6690866072540472,0.4158527228723389,0.9942700266838074,252.9488812904892,252.9312364279621,254.14647718077967
520474.0,8.674566268920898,4282.0,4282.0,13.27672290802002,57.0,90.0,0.6721967313666282,0.44285953469926376,0.995233952999115,253.28214930973914,253.24643222869676,254.32288380085188
520753.0,8.679216384887695,4289.0,4289.0,9.285197257995605,27.0,1.0,0.606849893066166,0.8960162161436949,0.9952261447906494,252.69191674293506,253.47485862084915,254.87341710029614
521032.0,8.683866500854492,4897.0,4897.0,8.787178993225098,29.0,0.0,0.6046884587075049,0.8935412658901208,0.9945493936538696,252.36815824966726,253.29183470379056,254.85203251380625
521312.0,8.688533782958984,4731.0,4731.0,11.351800918579102,79.0,8.0,0.5613615407523108,0.7152429462260396,0.9947341680526733,252.6967938185657,253.910438387331,254.6176318882977
521591.0,8.693182945251465,4785.0,4785.0,14.20328140258789,36.0,186.0,0.8405349485349979,0.6023023875844802,0.9946740865707397,254.45988372103912,252.82390043003815,254.3891933882103
521870.0,8.697833061218262,4746.0,4746.0,11.943952560424805,28.0,4.0,0.6079368940212373,0.8795598493808306,0.9947174787521362,252.46815221554863,253.3031520606346,254.83776194804085
522150.0,8.702500343322754,4478.0,4478.0,8.313962936401367,68.0,7.0,0.5729973647924524,0.7453147259739045,0.9950157999992371,252.78175559707466,253.8465208568883,254.67630240253624
522429.0,8.70715045928955,4656.0,4656.0,8.095864295959473,28.0,1.0,0.606075608724021,0.8925769319182191,0.9948176741600037,252.49897266369248,253.3566033986351,254.85804115790938
522708.0,8.711799621582031,4368.0,4368.0,10.437505722045898,23.0,3.0,0.6111351853957652,0.9014576601872892,0.9951382279396057,252.6426642997881,253.38739732262218,254.87783194941082
522988.0,8.716466903686523,5261.0,5261.0,12.642217636108398,26.0,3.0,0.6088583892825594,0.8908523105950726,0.9941442608833313,252.1765538510563,253.09933536403824,254.83701919944266
523267.0,8.72111701965332,4392.0,4392.0,11.69517993927002,28.0,4.0,0.6079368940212373,0.8795598493808306,0.9951114654541016,252.65698522003066,253.4297082053236,254.84986216156113
523546.0,8.725767135620117,4632.0,4632.0,9.172975540161133,27.0,1.0,0.606849893066166,0.8960162161436949,0.994844377040863,252.50733809261416,253.35289225050676,254.863294198226
523826.0,8.730433464050293,4832.0,4832.0,8.806819915771484,25.0,0.0,0.6077682002730782,0.9072733569615117,0.994621753692627,252.38426459824655,253.26370063636566,254.8728297849932
524105.0,8.73508358001709,4192.0,4192.0,9.723882675170898,28.0,1.0,0.606075608724021,0.8925769319182191,0.9953340888023376,252.74819804573596,253.52036656102769,254.87218724345624
524384.0,8.739733695983887,4136.0,4136.0,11.516968727111816,77.0,0.0,0.5600206951179266,0.7605518140792705,0.9953964352607727,252.93327236551607,254.0758584829307,254.718909617478
524664.0,8.744400024414062,4627.0,4627.0,10.809388160705566,76.0,5.0,0.5633396726488251,0.736973246157356,0.9948499202728271,252.71888457107244,253.91893886750546,254.6545747680694
524943.0,8.74905014038086,4125.0,4125.0,9.47557258605957,69.0,0.0,0.5684632523664755,0.777984264346609,0.9954086542129517,252.91834815680573,253.9917413299232,254.7400654917996
525222.0,8.753700256347656,4007.0,4007.0,8.447929382324219,124.0,6.0,0.5045834427654943,0.6741106890332029,0.9955400228500366,253.09604366800264,254.58720056001445,254.62936798551604
525502.0,8.758366584777832,4848.0,4848.0,12.82699203491211,25.0,7.0,0.6121812039503098,0.8773540312307673,0.9946039319038391,252.41676580075355,253.20608809133248,254.8312394702044
525781.0,8.763016700744629,5118.0,5118.0,9.581554412841797,27.0,1.0,0.606849893066166,0.8960162161436949,0.9943034052848816,252.24578683105096,253.18006371385925,254.84894986423865
526060.0,8.767666816711426,4722.0,4722.0,9.390911102294922,26.0,1.0,0.6076182380607049,0.8994765447716726,0.9947441816329956,252.45425755351522,253.3084583309538,254.86527507931254
526340.0,8.772333145141602,4597.0,4597.0,12.711957931518555,24.0,5.0,0.6116511076570306,0.8894010443037561,0.9948832988739014,252.53478738498455,253.30090357751985,254.85569504070514
526619.0,8.776983261108398,4440.0,4440.0,9.092591285705566,28.0,2.0,0.6066899724026912,0.888224472946247,0.9950580596923828,252.620469378666,253.42607814219983,254.85914106444923
526898.0,8.781633377075195,4363.0,4363.0,10.033417701721191,26.0,1.0,0.6076182380607049,0.8994765447716726,0.9951437711715698,252.64780534730997,253.43706291882478,254.87551795019064
527178.0,8.786299705505371,4146.0,4146.0,10.80020809173584,72.0,0.0,0.5653422472790545,0.7711941937210535,0.9953852891921997,252.91574500793823,254.0191724777341,254.73075248008362
527457.0,8.790949821472168,3975.0,3975.0,9.154687881469727,27.0,0.0,0.606240072123525,0.9003651700539992,0.9955756068229675,252.85596951347443,253.592552945663,254.887589966239
527736.0,8.795599937438965,3986.0,3986.0,10.748979568481445,79.0,7.0,0.5609007603575511,0.720384791875851,0.9955633878707886,253.05366659119045,254.0880537482084,254.68366122291172
528015.0,8.800250053405762,3784.0,3784.0,10.386663436889648,75.0,6.0,0.5649142032318947,0.7340459995203058,0.9957882165908813,253.13762632628584,254.10024806368915,254.71436413506365
528295.0,8.804916381835938,5089.0,5089.0,10.409059524536133,27.0,3.0,0.6080874217939023,0.8873583516768506,0.9943357110023499,252.2739114977633,253.17488006576772,254.83730111343513
528574.0,8.809566497802734,4358.0,4358.0,9.321022033691406,27.0,4.0,0.6087152671702931,0.8830498337255676,0.9951493144035339,252.67080891000052,253.4303892126937,254.8553414358018
528853.0,8.814216613769531,4823.0,4823.0,11.065719604492188,24.0,3.0,0.6103822350011247,0.8979022072043381,0.9946317672729492,252.40196291092866,253.23213874302456,254.86023839827544
529133.0,8.818882942199707,4796.0,4796.0,8.323654174804688,27.0,3.0,0.6080874217939023,0.8873583516768506,0.994661808013916,252.43085428691356,253.27995347507823,254.8466678001836
529412.0,8.823533058166504,4698.0,4698.0,9.081530570983887,170.0,2.0,0.4480321251289199,0.7348416908761709,0.994770884513855,252.68671967429853,254.6464314277675,254.03537909664155
529691.0,8.8281831741333,4554.0,4554.0,11.942816734313965,25.0,76.0,0.6758979480139556,0.6361770673746744,0.994931161403656,252.9762428741378,252.8851530452618,254.52973927060276
529971.0,8.832850456237793,4384.0,4384.0,8.191959381103516,58.0,228.0,0.9037069518519272,0.6776602213681718,0.9951204061508179,254.59891376370453,252.91249337321258,253.8868367323698
530250.0,8.837499618530273,4671.0,4671.0,12.266012191772461,117.0,21.0,0.5156407854378756,0.5935058002649147,0.9948009252548218,252.88738728057464,254.31340142673847,254.46108459938446
530529.0,8.84214973449707,4310.0,4310.0,9.080291748046875,118.0,17.0,0.5136494410065964,0.6150865069205882,0.9952027797698975,253.0242789555869,254.40589575901723,254.5291387270608
530809.0,8.846817016601562,4313.0,4313.0,12.3726806640625,121.0,16.0,0.5092676019505924,0.619421664756492,0.99519944190979,253.01759741757692,254.44979090419287,254.534117956416
531088.0,8.85146713256836,4800.0,4800.0,10.381705284118652,30.0,5.0,0.6069914619641743,0.8682976402150796,0.9946573972702026,252.45469912146478,253.30180334361012,254.82057348633856
531367.0,8.85611629486084,4240.0,4240.0,12.963088989257812,36.0,101.0,0.7051334980149141,0.5283067625641481,0.9952806830406189,253.45427255581367,253.16079617395505,254.4323521767606
531647.0,8.860783576965332,4229.0,4229.0,8.105978965759277,77.0,5.0,0.5622323763488278,0.7348416908761709,0.9952929019927979,252.91765218418675,254.02303211435273,254.68172783214015
531926.0,8.865433692932129,3552.0,3552.0,7.857348442077637,27.0,1.0,0.606849893066166,0.8960162161436949,0.9960464835166931,253.088537502399,253.73693873872924,254.8951690911145
532205.0,8.870083808898926,4112.0,4112.0,9.776083946228027,77.0,7.0,0.5631609190440955,0.7245993470628695,0.9954231381416321,252.98722049200273,254.03761304954676,254.67857996022963
532485.0,8.874750137329102,4923.0,4923.0,6.895233154296875,58.0,227.0,0.9029610862034295,0.6731061546478658,0.9945204854011536,254.5432390025406,252.66220855204773,253.75740746245233
532764.0,8.879400253295898,3855.0,3855.0,7.662467002868652,170.0,21.0,0.4395693995756788,0.6359352852637168,0.9957091808319092,253.21002686765976,254.60165535661392,254.09707368568337
533043.0,8.884050369262695,4114.0,4114.0,10.27885627746582,26.0,3.0,0.6088583892825594,0.8908523105950726,0.9954209327697754,252.79212333757673,253.51371945081965,254.87255237500872
533323.0,8.888716697692871,4462.0,4462.0,10.207565307617188,22.0,3.0,0.6118822031113451,0.9050331305097408,0.9950335621833801,252.5873867117743,253.34089549632992,254.87973000174958
533602.0,8.893366813659668,3944.0,3944.0,12.301389694213867,36.0,182.0,0.8354978602772556,0.5906486441516133,0.9956101179122925,254.5417639329225,253.21939620234667,254.52459012942685
533881.0,8.898016929626465,4428.0,4428.0,8.39093017578125,62.0,88.0,0.6636327161384853,0.42420063006583414,0.9950714111328125,253.21007866065412,253.2294885840909,254.27634101708026
534161.0,8.90268325805664,4133.0,4133.0,9.463714599609375,73.0,6.0,0.5671085573900908,0.7385158178574663,0.9953997731208801,252.96062036525387,253.99561266723853,254.693263926395
534440.0,8.907333374023438,4539.0,4539.0,10.223755836486816,27.0,4.0,0.6087152671702931,0.8830498337255676,0.9949478507041931,252.57407053268642,253.3651985114109,254.84933332645207
534719.0,8.911983489990234,4293.0,4293.0,10.356213569641113,28.0,1.0,0.606075608724021,0.8925769319182191,0.9952216744422913,252.69394607545271,253.48471820873402,254.86910789011583
534999.0,8.91664981842041,3913.0,3913.0,8.129575729370117,171.0,29.0,0.4338127183873044,0.5971739159491498,0.9956446290016174,253.226147337011,254.55261345381388,254.0258423352787
535278.0,8.921299934387207,3753.0,3753.0,9.807951927185059,79.0,8.0,0.5613615407523108,0.7152429462260396,0.9958227276802063,253.17291559534715,254.1356739807045,254.69667552155806
535557.0,8.925950050354004,3891.0,3891.0,12.45257568359375,75.0,7.0,0.5653944934628461,0.728958324165283,0.9956691265106201,253.0905855585556,254.06892543030824,254.70066896186066
535837.0,8.93061637878418,4010.0,4010.0,6.425946235656738,26.0,1.0,0.6076182380607049,0.8994765447716726,0.9955366849899292,252.838119645743,253.56351898136137,254.88558969912089
536116.0,8.935266494750977,4333.0,4333.0,10.310017585754395,21.0,4.0,0.613257725929648,0.9044211966137654,0.995177149772644,252.6578917587271,253.37076103657333,254.88245462532137
536395.0,8.939916610717773,4017.0,4017.0,14.338119506835938,27.0,5.0,0.609349259289535,0.878755192415298,0.9955288767814636,252.8579627794978,253.54707905500425,254.86176437904865
536674.0,8.94456672668457,3929.0,3929.0,9.08406925201416,25.0,5.0,0.6108899781666262,0.8858319214177661,0.9956268072128296,252.89698782807721,253.55817451774647,254.87268385046588
536954.0,8.949233055114746,3988.0,3988.0,11.134737968444824,24.0,4.0,0.611013653668176,0.8936445256669553,0.9955611824989319,252.85658667236024,253.5321128714318,254.87961640209502
537233.0,8.953883171081543,4047.0,4047.0,8.992145538330078,79.0,7.0,0.5609007603575511,0.720384791875851,0.9954954981803894,253.02388351151401,254.07409901272746,254.67882056048458
537512.0,8.95853328704834,3809.0,3809.0,7.278722763061523,26.0,1.0,0.6076182380607049,0.8994765447716726,0.9957603812217712,252.94647061085516,253.63551376332435,254.89132381224817
537792.0,8.963199615478516,4145.0,4145.0,13.354689598083496,36.0,10.0,0.6053020187352012,0.8259255523774361,0.9953864216804504,252.85186711190218,253.56738166815248,254.79520794512754
538071.0,8.967849731445312,3958.0,3958.0,10.114124298095703,26.0,2.0,0.608235326676077,0.8951576339072821,0.9955945611000061,252.87100470368097,253.57611324324162,254.88222145732215
538350.0,8.97249984741211,4308.0,4308.0,8.665278434753418,29.0,2.0,0.6059082501712737,0.8847896636730757,0.9952049851417542,252.69541341729496,253.484197014427,254.85912900499966
538630.0,8.977167129516602,4236.0,4236.0,6.506633758544922,172.0,30.0,0.4318543266654683,0.5943861426565089,0.995285153388977,253.08309204415167,254.51233618422663,253.92795535851758
538909.0,8.981816291809082,4268.0,4268.0,11.023286819458008,23.0,5.0,0.6124061357055984,0.8929903454217923,0.9952495098114014,252.7068788239253,253.41123228771426,254.8703711798894
539188.0,8.986466407775879,4551.0,4551.0,10.123455047607422,31.0,1.0,0.6037168023472993,0.8823877988757365,0.9949344992637634,252.5685146208226,253.42950461017693,254.84808000369674
539468.0,8.991133689880371,4180.0,4180.0,13.42882251739502,20.0,4.0,0.6139938592320335,0.9080527433459981,0.9953474402427673,252.7362810008659,253.41722426443326,254.89091352294545
539747.0,8.995783805847168,4026.0,4026.0,11.784012794494629,24.0,4.0,0.611013653668176,0.8936445256669553,0.9955188632011414,252.8361515571795,253.51811816394456,254.8784686754026
540026.0,9.000432968139648,4164.0,4164.0,10.661815643310547,58.0,91.0,0.6730345816663269,0.4353647708073435,0.9953652620315552,253.34292092075356,253.3036024015336,254.33268123455954
540306.0,9.00510025024414,4360.0,4360.0,10.013823509216309,29.0,4.0,0.6071523382290955,0.8760910701775848,0.9951471090316772,252.67836132039497,253.45263188939248,254.84666428576043
540585.0,9.009750366210938,3865.0,3865.0,9.24128246307373,77.0,4.0,0.5617777520620542,0.7399720476448116,0.995698094367981,253.0912751344137,254.1129841174056,254.71475299325658
540864.0,9.014399528503418,4415.0,4415.0,10.032059669494629,77.0,6.0,0.5626933894351623,0.729717414350133,0.9950858950614929,252.83249671353968,253.97338283372443,254.6613097678217
541144.0,9.01906681060791,5118.0,5118.0,10.683501243591309,75.0,6.0,0.5649142032318947,0.7340459995203058,0.9943034052848816,252.48106989445694,253.78305182687959,254.61366680083268
541423.0,9.023716926574707,4510.0,4510.0,9.512117385864258,78.0,140.0,0.7893676047225887,0.28314160009701483,0.9949801564216614,253.89115980539577,253.35750161905673,254.08237815599057
541702.0,9.028367042541504,4623.0,4623.0,11.526230812072754,74.0,4.0,0.5650616185125749,0.7464281213938389,0.9948543906211853,252.7084585851782,253.90261583530614,254.6672806316263
541982.0,9.03303337097168,4138.0,4138.0,12.029106140136719,24.0,3.0,0.6103822350011247,0.8979022072043381,0.995394229888916,252.77096817877597,253.48323220100144,254.8800890645712
542261.0,9.037683486938477,3997.0,3997.0,10.816411972045898,41.0,185.0,0.8433710311210856,0.5760435926944697,0.9955511689186096,254.5190418372963,253.2120543111946,254.44032696250008
542540.0,9.042333602905273,3721.0,3721.0,11.649627685546875,121.0,11.0,0.5088706924257869,0.6471063559487463,0.995858371257782,253.2604657285517,254.55455482210837,254.6273036129171
542820.0,9.04699993133545,3841.0,3841.0,11.126079559326172,75.0,2.0,0.5630579438224146,0.7544612923135188,0.9957247972488403,253.08732717535602,254.10994044965872,254.73231942155255
543099.0,9.051650047302246,4201.0,4201.0,14.068780899047852,28.0,4.0,0.6079368940212373,0.8795598493808306,0.9953240752220154,252.75888647978667,253.4980025726618,254.85639188344118
543378.0,9.056300163269043,4221.0,4221.0,9.979820251464844,27.0,3.0,0.6080874217939023,0.8873583516768506,0.9953018426895142,252.73888785845352,253.48618236726907,254.8650519131987
543658.0,9.060966491699219,4883.0,4883.0,12.78491497039795,27.0,4.0,0.6087152671702931,0.8830498337255676,0.9945650100708008,252.39023899496794,253.24131689178387,254.83791614114045
543937.0,9.065616607666016,4201.0,4201.0,12.71408462524414,28.0,5.0,0.6085695934265805,0.8752480836865193,0.9953240752220154,252.76402766025862,253.49159696014314,254.85125070296922
544216.0,9.070266723632812,4210.0,4210.0,10.164515495300293,26.0,3.0,0.6088583892825594,0.8908523105950726,0.9953140616416931,252.74059357011183,253.47903105884993,254.86957786715166
544496.0,9.074933052062988,4337.0,4337.0,8.069917678833008,56.0,226.0,0.9000681684061743,0.6750226048872765,0.9951727390289307,254.5999685725436,252.93812833221105,253.9345527664076
544775.0,9.079583168029785,4096.0,4096.0,10.632601737976074,27.0,1.0,0.606849893066166,0.8960162161436949,0.9954409599304199,252.79577645499697,253.54348731697934,254.8791131095172
545054.0,9.084233283996582,4432.0,4432.0,10.889627456665039,24.0,5.0,0.6116511076570306,0.8894010443037561,0.9950670003890991,252.62329427282154,253.3619051055717,254.860875925619
545333.0,9.088883399963379,4221.0,4221.0,10.460433959960938,27.0,3.0,0.6080874217939023,0.8873583516768506,0.9953018426895142,252.73888785845352,253.48618236726907,254.8650519131987
545613.0,9.093549728393555,4057.0,4057.0,7.407913684844971,27.0,1.0,0.606849893066166,0.8960162161436949,0.9954843521118164,252.81675588629028,253.55735016125868,254.8802636907361
545892.0,9.098199844360352,4292.0,4292.0,8.329988479614258,82.0,9.0,0.558347510871579,0.7039734537653428,0.995222806930542,252.9242464056636,254.03894067710652,254.6393851289128
546171.0,9.102849960327148,4002.0,4002.0,10.13331127166748,23.0,7.0,0.6137013345372774,0.8845810647593125,0.9955455660820007,252.85934083689887,253.49796196943188,254.8688978649215
546451.0,9.107516288757324,3736.0,3736.0,9.13006591796875,77.0,6.0,0.5626933894351623,0.729717414350133,0.9958416819572449,253.16585764109522,254.13127604335963,254.71340015709967
546730.0,9.112166404724121,4165.0,4165.0,11.694446563720703,101.0,22.0,0.5391669953750361,0.6032718685037043,0.9953641295433044,253.1046970242419,254.19582290542786,254.53100904284338
547009.0,9.116816520690918,4160.0,4160.0,10.340599060058594,42.0,8.0,0.598841685338904,0.8149034705302212,0.9953697323799133,252.85711036283936,253.64022144485662,254.78145315091643
547289.0,9.12148380279541,4215.0,4215.0,10.811755180358887,30.0,2.0,0.6051204540748308,0.8813763658884833,0.995308518409729,252.74925714084108,253.52800017745727,254.8580872481207
547568.0,9.12613296508789,3732.0,3732.0,11.29015827178955,73.0,4.0,0.5661434840304798,0.7486499447108067,0.9958460927009583,253.14774890895515,254.10433322036266,254.73375836853356
547847.0,9.130783081054688,3850.0,3850.0,10.873710632324219,42.0,9.0,0.59947545534067,0.8103995340844481,0.9957147836685181,253.02172181925866,253.73573434601923,254.79281785168556
548127.0,9.13545036315918,4020.0,4020.0,9.877724647521973,24.0,3.0,0.6103822350011247,0.8979022072043381,0.9955255389213562,252.83451716291196,253.52647476572338,254.8835076869797
548406.0,9.14009952545166,3950.0,3950.0,12.688024520874023,57.0,88.0,0.668718892881804,0.4481754201515175,0.9956034421920776,253.38879225257554,253.37641832756933,254.38133719039027
548685.0,9.144749641418457,3684.0,3684.0,11.615951538085938,78.0,4.0,0.5606705349386576,0.7378908396203967,0.9958995580673218,253.18283927933481,254.1642125560459,254.7259353349993
548965.0,9.14941692352295,3918.0,3918.0,10.268224716186523,27.0,3.0,0.6080874217939023,0.8873583516768506,0.9956390857696533,252.90119498713423,253.59484720914048,254.87473875538896
549244.0,9.154067039489746,4079.0,4079.0,9.480511665344238,75.0,0.0,0.5621670418109989,0.7647058823529411,0.9954598546028137,252.95693457126617,254.06713233972917,254.72759127616882
549523.0,9.158716201782227,3782.0,3782.0,9.123944282531738,28.0,3.0,0.6073103773635875,0.8838853794982323,0.9957904815673828,252.9777861913664,253.65358362028766,254.87535940799884
549803.0,9.163383483886719,3707.0,3707.0,8.438410758972168,26.0,1.0,0.6076182380607049,0.8994765447716726,0.9958739280700684,253.00146890249877,253.6720578772704,254.8942344132361
550082.0,9.168033599853516,4142.0,4142.0,9.297971725463867,27.0,2.0,0.6074656534593109,0.8916805451172305,0.9953897595405579,252.77611894271305,253.52082251147618,254.87265842297145
550361.0,9.172683715820312,3835.0,3835.0,10.18915843963623,77.0,2.0,0.5608871744018228,0.7502505028278649,0.9957314729690552,253.09489714652736,254.1314876736796,254.72815406769078
550641.0,9.177350044250488,4142.0,4142.0,11.291858673095703,27.0,0.0,0.606240072123525,0.9003651700539992,0.9953897595405579,252.76590919935214,253.53343292632522,254.88286816633237
550920.0,9.182000160217285,3806.0,3806.0,9.757203102111816,28.0,2.0,0.6066899724026912,0.888224472946247,0.9957637190818787,252.96024242751267,253.65081835923112,254.87925430424545
551199.0,9.186650276184082,3617.0,3617.0,11.771854400634766,79.0,9.0,0.5618289901887671,0.7101071825352823,0.9959741234779358,253.24440650912257,254.16152018470032,254.70239646462468
551479.0,9.191316604614258,4047.0,4047.0,9.024660110473633,74.0,8.0,0.5669944514854288,0.7261258476572152,0.9954954981803894,253.01728905947957,254.01488391312412,254.68541501251903
551758.0,9.195966720581055,4117.0,4117.0,11.910640716552734,22.0,8.0,0.6151097762918976,0.8840593521369086,0.995417594909668,252.7984515927414,253.43757252729594,254.86452181118926
552037.0,9.200616836547852,4247.0,4247.0,9.040915489196777,58.0,226.0,0.9022050759956878,0.6685670721976312,0.9952728748321533,254.60048514171078,252.98868102268742,253.93443859066576
552317.0,9.205283164978027,3666.0,3666.0,9.63093090057373,28.0,0.0,0.6054672165574752,0.896942561843535,0.9959195852279663,253.02622032498334,253.71161052474235,254.89276814127948
552596.0,9.209933280944824,3769.0,3769.0,9.68775749206543,78.0,7.0,0.5620341358351354,0.7224738567339135,0.9958049058914185,253.1573853182146,254.12778802845366,254.7031166864088
552875.0,9.214583396911621,3382.0,3382.0,8.778777122497559,76.0,5.0,0.5633396726488251,0.736973246157356,0.9962356686592102,253.33267157870097,254.20982343615233,254.74751943749624
553154.0,9.219233512878418,3753.0,3753.0,9.896171569824219,27.0,0.0,0.606240072123525,0.9003651700539992,0.9958227276802063,252.97572258029652,253.67116474815637,254.8938685366087
553434.0,9.223899841308594,4077.0,4077.0,9.678787231445312,28.0,2.0,0.6066899724026912,0.888224472946247,0.9954621195793152,252.81502309926165,253.5547641740653,254.8706578861891
553713.0,9.22854995727539,3679.0,3679.0,7.892762184143066,128.0,13.0,0.4993050046661153,0.6350156736691304,0.9959051012992859,253.29271799277248,254.61888366986332,254.61335359611812
553992.0,9.233200073242188,3862.0,3862.0,7.8750810623168945,79.0,7.0,0.5609007603575511,0.720384791875851,0.9957014322280884,253.11422639148068,254.11642878541116,254.6935040448444
554272.0,9.237866401672363,3910.0,3910.0,7.793220043182373,27.0,0.0,0.606240072123525,0.9003651700539992,0.9956479668617249,252.89103469030078,253.61557145223003,254.8894284091789
554551.0,9.24251651763916,3294.0,3294.0,10.641803741455078,75.0,4.0,0.5639733438250351,0.7442409931612047,0.9963335990905762,253.36925287528692,254.22671939639116,254.76088266090693
554830.0,9.247166633605957,3770.0,3770.0,11.810009956359863,165.0,62.0,0.41724455330732035,0.4185803803265388,0.9958038330078125,253.48208695723878,254.3778678767456,253.9330833759502
555110.0,9.251832962036133,4280.0,4280.0,8.467665672302246,28.0,2.0,0.6066899724026912,0.888224472946247,0.9952361583709717,252.7062234009613,253.48279946735312,254.86421736823425
555389.0,9.25648307800293,3595.0,3595.0,11.514286041259766,30.0,4.0,0.6063615644228975,0.8726437489886587,0.9959986209869385,253.08924486398325,253.73359534434064,254.87005183935537
555668.0,9.261133193969727,4142.0,4142.0,9.799642562866211,79.0,7.0,0.5609007603575511,0.720384791875851,0.9953897595405579,252.97749616880466,254.05236442032776,254.67128119687985
555948.0,9.265800476074219,3996.0,3996.0,10.71670150756836,25.0,3.0,0.6096233150795641,0.8943670102907986,0.9955522418022156,252.85144996809353,253.54580790053285,254.8801933510364
556227.0,9.2704496383667,4057.0,4057.0,8.853625297546387,28.0,3.0,0.6073103773635875,0.8838853794982323,0.9954843521118164,252.83072442594468,253.55566797509334,254.8662951510817
556506.0,9.275099754333496,3692.0,3692.0,8.20146656036377,76.0,4.0,0.5628787055125736,0.7420888667791858,0.9958906173706055,253.17447801935896,254.1429808715084,254.72973683964983
556786.0,9.279767036437988,4002.0,4002.0,9.120288848876953,79.0,7.0,0.5609007603575511,0.720384791875851,0.9955455660820007,253.0458482059198,254.08439047699784,254.68239049590056
557065.0,9.284416198730469,4082.0,4082.0,10.722410202026367,64.0,92.0,0.6688677875801591,0.4034644281599869,0.9954565167427063,253.38630957633626,253.37396263145422,254.308860907326
557344.0,9.289066314697266,4011.0,4011.0,10.433277130126953,76.0,2.0,0.5619755965026633,0.7523384025127421,0.9955355525016785,253.00507818668572,254.0810775549901,254.7180535891703
557624.0,9.293733596801758,3893.0,3893.0,10.226848602294922,36.0,9.0,0.6046488703884179,0.8303082347573595,0.9956669211387634,252.97762816999858,253.66039701347566,254.81250161077077
557903.0,9.298383712768555,3818.0,3818.0,7.479987144470215,128.0,9.0,0.4993284641409216,0.6571992114550208,0.995750367641449,253.20416571464102,254.62852178249796,254.62278274544397
558182.0,9.303032875061035,3473.0,3473.0,9.42833423614502,78.0,7.0,0.5620341358351354,0.7224738567339135,0.9961344003677368,253.30210945167076,254.19629400695254,254.72643473587502
558462.0,9.307700157165527,3961.0,3961.0,9.92425537109375,40.0,10.0,0.6018731935265921,0.8124842884353201,0.9955912232398987,252.96233615472988,253.6725444929802,254.78918769761844
558741.0,9.312350273132324,3888.0,3888.0,9.9855318069458,118.0,17.0,0.5136494410065964,0.6150865069205882,0.9956724643707275,253.2177171772207,254.46406311425483,254.57523965185035
559020.0,9.317000389099121,4431.0,4431.0,7.783724784851074,33.0,6.0,0.6052082879197173,0.8536508204080817,0.9950680732727051,252.66877214381807,253.4605428026657,254.81594522526152
559300.0,9.321666717529297,4239.0,4239.0,11.35704231262207,28.0,3.0,0.6073103773635875,0.8838853794982323,0.9952818155288696,252.73342772055082,253.49088655718637,254.8602981991727
559579.0,9.326316833496094,3893.0,3893.0,7.554830551147461,27.0,2.0,0.6074656534593109,0.8916805451172305,0.9956669211387634,252.90981574952372,253.60974871833147,254.88031403124563
559858.0,9.33096694946289,3592.0,3592.0,9.263452529907227,26.0,1.0,0.6076182380607049,0.8994765447716726,0.9960019588470459,253.06348272425763,253.71326352386149,254.89751628773578
560138.0,9.335633277893066,3805.0,3805.0,10.543830871582031,81.0,9.0,0.5595147049946871,0.7059803853495293,0.9957648515701294,253.15760456164716,254.13795833195545,254.68246973911883
560417.0,9.340283393859863,4497.0,4497.0,7.828521728515625,28.0,3.0,0.6073103773635875,0.8838853794982323,0.9949946403503418,252.59547141490407,253.3990334460987,254.85179516377025
560696.0,9.34493350982666,4178.0,4178.0,11.609973907470703,23.0,4.0,0.611767661970205,0.8972168509688376,0.9953497052192688,252.7502325069062,253.45114500261553,254.8781171549209
560976.0,9.349599838256836,3717.0,3717.0,9.872626304626465,79.0,7.0,0.5609007603575511,0.720384791875851,0.9958627820014954,253.1850102340479,254.14959425419693,254.70500858671474
561255.0,9.354249954223633,3447.0,3447.0,12.43154525756836,29.0,5.0,0.6077836732404699,0.8717621479503456,0.9961633086204529,253.168749707111,253.7714011223684,254.87453768931996
561534.0,9.35890007019043,3620.0,3620.0,7.467144012451172,125.0,7.0,0.503301496136691,0.6684290430710765,0.9959707856178284,253.28577313452638,254.63211882337373,254.6593275305661
561813.0,9.363550186157227,4044.0,4044.0,10.44579029083252,23.0,3.0,0.6111351853957652,0.9014576601872892,0.9954988360404968,252.81751296390814,253.5070075350627,254.88689341674524
562093.0,9.368216514587402,4243.0,4243.0,12.844501495361328,26.0,2.0,0.608235326676077,0.8951576339072821,0.9952773451805115,252.71770528996706,253.4735855366828,254.8737407520938
562372.0,9.3728666305542,3739.0,3739.0,11.932137489318848,58.0,88.0,0.667745743979886,0.4433454308866203,0.9958382844924927,253.47436017195702,253.4682677690853,254.40925732208598
562651.0,9.377516746520996,4090.0,4090.0,9.51136302947998,24.0,36.0,0.6347818149358951,0.7661524778901146,0.9954476356506348,252.94975675814806,253.29005370483952,254.72853742367568
562931.0,9.382183074951172,4147.0,4147.0,8.18075180053711,78.0,7.0,0.5620341358351354,0.7224738567339135,0.9953842163085938,252.97260548211955,254.0403214589448,254.67334483526326
563210.0,9.386833190917969,3413.0,3413.0,11.321139335632324,29.0,5.0,0.6077836732404699,0.8717621479503456,0.9962011575698853,253.18681498598727,253.78352124676516,254.8757753746542
563489.0,9.391483306884766,3737.0,3737.0,10.728913307189941,75.0,2.0,0.5630579438224146,0.7544612923135188,0.9958405494689941,253.13911328674462,254.13403904217418,254.7395669424424
563769.0,9.396149635314941,4063.0,4063.0,9.330835342407227,57.0,229.0,0.9033802211936854,0.6853775651176717,0.9954776763916016,254.63717976142496,253.05643519829184,253.97282233852707
564048.0,9.400799751281738,3991.0,3991.0,12.768566131591797,75.0,2.0,0.5630579438224146,0.7544612923135188,0.9955578446388245,253.01263464291551,254.07518238702446,254.72186612288496
564327.0,9.405449867248535,4392.0,4392.0,10.409470558166504,64.0,3.0,0.5750650212085512,0.7750928557437426,0.9951114654541016,252.7872112993924,253.84929103836737,254.7196360821994
564607.0,9.410116195678711,3717.0,3717.0,9.268945693969727,25.0,2.0,0.6089990259976353,0.8986554953631593,0.9958627820014954,252.99693631946408,253.653013979484,254.89308250129855
564886.0,9.414766311645508,3523.0,3523.0,8.787907600402832,86.0,10.0,0.5540355196117186,0.6910978956866601,0.9960787296295166,253.30903072165458,254.24302946510647,254.6911213893989
565165.0,9.419416427612305,3112.0,3112.0,8.791387557983398,26.0,4.0,0.6094874936750363,0.8865607727869957,0.9965361952781677,253.3336570812352,253.8709624838598,254.89980251063034
565445.0,9.424083709716797,3839.0,3839.0,8.349650382995605,74.0,5.0,0.5655348976164014,0.7413424443276063,0.995727002620697,253.10260831622438,254.08291174756712,254.7181630203311
565724.0,9.428732872009277,3947.0,3947.0,11.23900032043457,81.0,10.0,0.5599747748840262,0.7008206317327998,0.9956067800521851,253.09461982261914,254.09979711231423,254.66483800399524
566003.0,9.433382987976074,3826.0,3826.0,10.07154655456543,102.0,19.0,0.5367383396492071,0.6181292857628766,0.9957414865493774,253.2428395412918,254.2893958893506,254.5853185988907
566283.0,9.438050270080566,4272.0,4272.0,10.489049911499023,79.0,8.0,0.5613615407523108,0.7152429462260396,0.9952450394630432,252.9202423072474,254.01614359845755,254.65472781890463
566562.0,9.442700386047363,4018.0,4018.0,8.511917114257812,27.0,1.0,0.606849893066166,0.8960162161436949,0.9955277442932129,252.83773531758357,253.57121300553803,254.881414271955
566841.0,9.447349548339844,3783.0,3783.0,7.786136627197266,75.0,4.0,0.5639733438250351,0.7442409931612047,0.9957893490791321,253.12718056426218,254.11193162828815,254.72538746609519
567121.0,9.452016830444336,3723.0,3723.0,9.558305740356445,76.0,4.0,0.5628787055125736,0.7420888667791858,0.9958561062812805,253.15914706631315,254.13578352184206,254.7274671371399
567400.0,9.456666946411133,3674.0,3674.0,12.397321701049805,75.0,1.0,0.5626094888847314,0.759580612345581,0.99591064453125,253.1651345970505,254.1541936079209,254.749294113887
567679.0,9.46131706237793,4343.0,4343.0,8.573183059692383,26.0,1.0,0.6076182380607049,0.8994765447716726,0.9951660633087158,252.6586029121786,253.44423745878058,254.87608937526647
567959.0,9.465983390808105,3749.0,3749.0,12.525750160217285,29.0,3.0,0.6065272213426133,0.8804336424131067,0.9958271980285645,252.99909731139513,253.67518845768808,254.87277368317274
568238.0,9.470633506774902,3317.0,3317.0,9.711228370666504,25.0,1.0,0.6083806763810665,0.9029576758621128,0.9963080286979675,253.20845539229236,253.80303678896354,254.90863924367108
568517.0,9.4752836227417,3645.0,3645.0,10.129632949829102,79.0,7.0,0.5609007603575511,0.720384791875851,0.9959429502487183,253.22017989354285,254.16607284877279,254.71072473330346
568797.0,9.479949951171875,3459.0,3459.0,9.822633743286133,20.0,6.0,0.615282098430494,0.8997158763789719,0.9961499571800232,253.13493319518855,253.67959269388524,254.90154496662328
569076.0,9.484600067138672,3840.0,3840.0,9.215208053588867,28.0,4.0,0.6079368940212373,0.8795598493808306,0.9957258701324463,252.95146186302622,253.62706686484765,254.86873190452138
569355.0,9.489250183105469,3969.0,3969.0,10.688628196716309,28.0,4.0,0.6079368940212373,0.8795598493808306,0.9955823421478271,252.88267065655228,253.58096290169922,254.86432383883957
569635.0,9.493916511535645,5431.0,5431.0,12.15079116821289,30.0,186.0,0.8360104348113153,0.6305926250944657,0.9939550161361694,254.43056928677655,252.48648894266987,254.3993422846014
569914.0,9.498566627502441,15407.0,15407.0,1.7978383302688599,2.0,201.0,0.8343213537856786,0.8065952669365024,0.9828512668609619,254.15425523044112,247.09989086864945,254.11243609283463
570193.0,9.503216743469238,58380.0,58380.0,0.9942289590835571,3.0,199.0,0.8329684169120797,0.7962329609508608,0.9350202679634094,251.56584040143764,225.23672219814094,251.62361446319787
570473.0,9.507883071899414,147152.0,147152.0,1.058354139328003,3.0,199.0,0.8329684169120797,0.7962329609508608,0.8362127542495728,246.34389255715624,179.97898740292953,246.48951726435257
570752.0,9.512533187866211,259690.0,259690.0,0.9747146964073181,4.0,200.0,0.8344856436868251,0.7942217312568418,0.710952639579773,239.83268531992624,122.75316086575796,239.02321363066358
571031.0,9.517183303833008,341605.0,341605.0,1.0576891899108887,4.0,200.0,0.8344856436868251,0.7942217312568418,0.6197773218154907,235.04840106430768,81.03803306159259,233.98359461473996
571310.0,9.521833419799805,352782.0,352782.0,1.0825204849243164,3.0,199.0,0.8329684169120797,0.7962329609508608,0.6073367595672607,234.24786400511215,75.14476297013994,234.59698440916304
571590.0,9.52649974822998,288166.0,288166.0,1.1273151636123657,4.0,200.0,0.8344856436868251,0.7942217312568418,0.6792574524879456,238.16952923447832,108.25177153437392,237.27129577067666
571869.0,9.531149864196777,200344.0,200344.0,1.1077756881713867,3.0,199.0,0.8329684169120797,0.7962329609508608,0.7770075798034668,243.2149166174869,152.86068452419954,243.41318117556852
572148.0,9.535799980163574,134206.0,134206.0,1.0695606470108032,4.0,200.0,0.8344856436868251,0.7942217312568418,0.850622296333313,247.16163526141335,186.65573586857627,246.7433058155071
572428.0,9.54046630859375,87625.0,87625.0,1.1210416555404663,3.0,199.0,0.8329684169120797,0.7962329609508608,0.9024691581726074,249.84552388691287,210.32703123608988,249.9322394319399
572707.0,9.545116424560547,60959.0,60959.0,1.0434069633483887,3.0,199.0,0.8329684169120797,0.7962329609508608,0.9321497082710266,251.41413217162696,223.92189274450303,251.47445847372055
572986.0,9.549766540527344,43568.0,43568.0,1.247832179069519,3.0,200.0,0.8339263820601556,0.7990093828288375,0.9515067338943481,252.51459367177878,232.75384061433877,252.4442791351282
573266.0,9.55443286895752,33864.0,33864.0,1.1550788879394531,3.0,199.0,0.8329684169120797,0.7962329609508608,0.9623077511787415,253.00797580993353,237.73546477519798,253.04148832596016
573545.0,9.559082984924316,27467.0,27467.0,1.4182933568954468,3.0,200.0,0.8339263820601556,0.7990093828288375,0.9694279432296753,253.43310237759283,240.97514866954157,253.38877333608062
573824.0,9.563733100891113,22995.0,22995.0,1.417675256729126,2.0,200.0,0.8333737894157728,0.8038067828143922,0.9744054675102234,253.71952421375963,243.2272642164543,253.71697735934708
574104.0,9.568400382995605,19446.0,19446.0,1.2862507104873657,3.0,200.0,0.8339263820601556,0.7990093828288375,0.9783556461334229,253.8906704293118,245.07070909873386,253.85928642828546
574383.0,9.573049545288086,17203.0,17203.0,1.5261588096618652,3.0,199.0,0.8329684169120797,0.7962329609508608,0.9808522462844849,253.9880468855117,246.22957428024569,254.0050713248416
574662.0,9.577699661254883,16180.0,16180.0,1.9075510501861572,3.0,200.0,0.8339263820601556,0.7990093828288375,0.9819908738136292,254.0769853263374,246.73836031861347,254.05087235303267
574942.0,9.582366943359375,14480.0,14480.0,1.8829898834228516,2.0,198.0,0.8314589720138623,0.7983161826072008,0.9838830828666687,254.0973212500463,247.60925521187474,254.1711170501263
575221.0,9.587017059326172,13660.0,13660.0,1.8965957164764404,2.0,199.0,0.8324196618685956,0.8010469888555096,0.9847957491874695,254.19459110886555,248.01718961335342,254.228642472256
575500.0,9.591666221618652,11536.0,11536.0,2.477384090423584,2.0,201.0,0.8343213537856786,0.8065952669365024,0.9871599078178406,254.3667496767447,249.084803310354,254.33543765051556
575780.0,9.596333503723145,12623.0,12623.0,2.849144220352173,0.0,201.0,0.8332282891567161,0.8161857445154094,0.9859499931335449,254.33775312360274,248.4930573437942,254.34143915431372
576059.0,9.600983619689941,11056.0,11056.0,3.152893304824829,0.0,200.0,0.8322881909754828,0.8134301377526094,0.9876941442489624,254.38253184766543,249.30946852910918,254.41454503786164
576338.0,9.605633735656738,10747.0,10747.0,3.1412723064422607,0.0,200.0,0.8322881909754828,0.8134301377526094,0.9880380630493164,254.3997885838489,249.46850507207213,254.43090708307923
576618.0,9.610300064086914,9613.0,9613.0,2.549245834350586,2.0,199.0,0.8324196618685956,0.8010469888555096,0.9893002510070801,254.4332063395914,250.0859585701719,254.45716944343894
576897.0,9.614950180053711,10299.0,10299.0,4.16351318359375,0.0,201.0,0.8332282891567161,0.8161857445154094,0.9885367155075073,254.45967824638353,249.69103926044963,254.4626856483791
577176.0,9.619600296020508,9472.0,9472.0,3.3460464477539062,0.0,199.0,0.8313417350035147,0.8107031042621488,0.9894571900367737,254.43900264922075,250.13207582434472,254.49109109440985
577456.0,9.624266624450684,9336.0,9336.0,4.107848167419434,2.0,201.0,0.8343213537856786,0.8065952669365024,0.9896085858345032,254.4875140858783,250.21286468971832,254.4621734396982
577735.0,9.62891674041748,8644.0,8644.0,3.9006056785583496,0.0,201.0,0.8332282891567161,0.8161857445154094,0.9903787970542908,254.5465047342295,250.54415763305292,254.54902886463537
578014.0,9.633566856384277,7814.0,7814.0,4.919771671295166,0.0,198.0,0.8303889241467761,0.8080049333502481,0.9913026690483093,254.51087272436783,250.99017159675267,254.57418961788508
578294.0,9.638233184814453,7766.0,7766.0,5.160648345947266,0.0,201.0,0.8332282891567161,0.8161857445154094,0.9913560748100281,254.59256870752583,250.99676170479546,254.59483644831886
578573.0,9.64288330078125,7380.0,7380.0,5.268349647521973,1.0,201.0,0.8337715915058025,0.8113857218957397,0.9917857050895691,254.60492000731006,251.20578958837018,254.59598182719773
578852.0,9.647533416748047,7483.0,7483.0,3.794534206390381,0.0,198.0,0.8303889241467761,0.8080049333502481,0.991671085357666,254.53159200786928,251.1600267154878,254.59222681692188
579132.0,9.652199745178223,6663.0,6663.0,5.154083251953125,0.0,197.0,0.8294297631724044,0.8053359151176562,0.9925837516784668,254.56052040348993,251.5858510401748,254.63186231584328
579411.0,9.65684986114502,6827.0,6827.0,5.491138935089111,0.0,200.0,0.8322881909754828,0.8134301377526094,0.9924012422561646,254.61871884417886,251.4861468429512,254.63848670769272
579690.0,9.661499977111816,6285.0,6285.0,4.715045928955078,0.0,201.0,0.8332282891567161,0.8161857445154094,0.9930045008659363,254.6702672465282,251.76019292022065,254.67210252140686
579969.0,9.666150093078613,7007.0,7007.0,4.236961364746094,3.0,197.0,0.8310324816770766,0.7907675644730779,0.9922008514404297,254.54046048737965,251.43855212089875,254.5838821137204
580249.0,9.670816421508789,6200.0,6200.0,5.721604824066162,0.0,200.0,0.8322881909754828,0.8134301377526094,0.9930990934371948,254.65373476571025,251.80885045560456,254.6716871973648
580528.0,9.675466537475586,6456.0,6456.0,6.518942356109619,0.0,201.0,0.8332282891567161,0.8161857445154094,0.9928141832351685,254.6612966276739,251.67205161739838,254.66318183253753
580807.0,9.680116653442383,7025.0,7025.0,6.138833999633789,0.0,200.0,0.8322881909754828,0.8134301377526094,0.9921808242797852,254.60765898102346,251.3842201296276,254.62800025306282
581087.0,9.684782981872559,6725.0,6725.0,6.861718654632568,0.0,202.0,0.8341620284547003,0.8189696361270764,0.9925147294998169,254.65445938320445,251.52805266170216,254.63891435521936
581366.0,9.689433097839355,6641.0,6641.0,5.845038414001465,0.0,198.0,0.8303889241467761,0.8080049333502481,0.9926082491874695,254.58429695763365,251.5920979065365,254.63810917907293
581645.0,9.694083213806152,6790.0,6790.0,6.7385053634643555,0.0,201.0,0.8332282891567161,0.8161857445154094,0.9924424290657043,254.64377400011543,251.49988208852193,254.6457567349873
581925.0,9.698749542236328,6257.0,6257.0,9.9586181640625,0.0,202.0,0.8341620284547003,0.8189696361270764,0.9930356740951538,254.6785076145656,251.76968617396284,254.66404445774506
582204.0,9.703399658203125,6487.0,6487.0,6.766366481781006,0.0,201.0,0.8332282891567161,0.8161857445154094,0.9927796721458435,254.65966994796307,251.65606858754117,254.66156420683902
582483.0,9.708049774169922,6248.0,6248.0,6.678732872009277,0.0,200.0,0.8322881909754828,0.8134301377526094,0.9930456876754761,254.65105503683324,251.7841543130578,254.669146401435
582763.0,9.712717056274414,6021.0,6021.0,8.022970199584961,0.0,201.0,0.8332282891567161,0.8161857445154094,0.993298351764679,254.68411790451498,251.89628331261454,254.68587608737172
583042.0,9.717366218566895,5940.0,5940.0,8.12856674194336,0.0,202.0,0.8341620284547003,0.8189696361270764,0.9933884739875793,254.69479382525512,251.93332790841035,254.68106334525646
583321.0,9.722016334533691,5360.0,5360.0,8.890607833862305,0.0,201.0,0.8332282891567161,0.8161857445154094,0.9940340518951416,254.71879511983556,252.23700617535658,254.72036029116563
583601.0,9.726683616638184,5638.0,5638.0,7.772623062133789,0.0,200.0,0.8322881909754828,0.8134301377526094,0.9937246441841125,254.68512288464365,252.0981205627789,254.7014479711185
583880.0,9.73133373260498,5897.0,5897.0,7.640890598297119,0.0,197.0,0.8294297631724044,0.8053359151176562,0.993436336517334,254.61104374423195,251.97834755789918,254.67418406594115
584159.0,9.735982894897461,5657.0,5657.0,7.502352714538574,0.0,201.0,0.8332282891567161,0.8161857445154094,0.9937034845352173,254.7032138319665,252.08391138504894,254.70486572791188
584439.0,9.740650177001953,5192.0,5192.0,9.146697044372559,0.0,200.0,0.8322881909754828,0.8134301377526094,0.994221031665802,254.71003000750952,252.32766238770006,254.72506376185896
584718.0,9.74530029296875,5258.0,5258.0,7.932322025299072,0.0,197.0,0.8294297631724044,0.8053359151176562,0.9941475987434387,254.65319244564927,252.3057847045718,254.70949065458194
584997.0,9.749950408935547,5366.0,5366.0,8.847382545471191,0.0,197.0,0.8294297631724044,0.8053359151176562,0.9940273761749268,254.64606817423734,252.2504389637825,254.70352288543015
585277.0,9.754616737365723,5254.0,5254.0,10.356228828430176,0.0,199.0,0.8313417350035147,0.8107031042621488,0.9941520690917969,254.6888235908183,252.2998390045065,254.7177162323099
585556.0,9.75926685333252,5281.0,5281.0,11.108163833618164,0.0,197.0,0.8294297631724044,0.8053359151176562,0.9941219687461853,254.65167363716782,252.29398566216258,254.70821839839192
585835.0,9.763916969299316,5418.0,5418.0,8.10096263885498,0.0,196.0,0.8284642587562863,0.8026963403681655,0.9939695000648499,254.62446809570932,252.22785415826016,254.69659087481327
586115.0,9.768583297729492,5356.0,5356.0,7.407764911651611,1.0,197.0,0.8299575186952108,0.8004708341498087,0.9940385222434998,254.64738577285712,252.26296595860208,254.6966803855828
586394.0,9.773233413696289,4995.0,4995.0,6.520913124084473,2.0,196.0,0.8295179185359715,0.7929427280293581,0.9944403171539307,254.65498084391155,252.45811080310253,254.7064509454021
586673.0,9.777883529663086,5834.0,5834.0,9.6012544631958,0.0,197.0,0.8294297631724044,0.8053359151176562,0.9935064911842346,254.6152010409359,252.01064400654025,254.6776664974194
586953.0,9.782549858093262,5369.0,5369.0,11.428153991699219,0.0,200.0,0.8322881909754828,0.8134301377526094,0.9940240383148193,254.7001455165067,252.2365677993998,254.71569174115805
587232.0,9.787199974060059,5572.0,5572.0,9.160873413085938,0.0,205.0,0.8369251083220006,0.8274881508238898,0.9937980771064758,254.72717417736357,252.1098451469391,254.67076903567204
587511.0,9.791850090026855,5225.0,5225.0,8.872872352600098,0.0,200.0,0.8322881909754828,0.8134301377526094,0.9941843152046204,254.70818769390655,252.3106837896992,254.7233169646572
587790.0,9.796500205993652,4589.0,4589.0,10.15664291381836,0.0,200.0,0.8322881909754828,0.8134301377526094,0.9948922395706177,254.74370905537126,252.63804549173915,254.75699668927587
588070.0,9.801166534423828,4579.0,4579.0,11.192682266235352,0.0,201.0,0.8332282891567161,0.8161857445154094,0.9949033260345459,254.75976834419234,252.63959081687238,254.76110546074602
588349.0,9.805816650390625,4915.0,4915.0,9.330856323242188,0.0,197.0,0.8294297631724044,0.8053359151176562,0.9945293664932251,254.67581562779782,252.48153555720216,254.72844135434264
588628.0,9.810466766357422,5163.0,5163.0,9.721776962280273,0.0,201.0,0.8332282891567161,0.8161857445154094,0.9942533373832703,254.7291311382399,252.33856328562376,254.73063877984407
588908.0,9.815133094787598,5001.0,5001.0,8.963930130004883,0.0,196.0,0.8284642587562863,0.8026963403681655,0.9944336414337158,254.65337115415963,252.44121417476254,254.71994295643253
589187.0,9.819783210754395,4630.0,4630.0,12.218934059143066,0.0,201.0,0.8332282891567161,0.8161857445154094,0.9948465824127197,254.7570937343742,252.6133112928239,254.75844573766315
589466.0,9.824433326721191,5100.0,5100.0,11.214957237243652,0.0,202.0,0.8341620284547003,0.8189696361270764,0.9943234324455261,254.7379540720664,252.36699647515192,254.72616526610523
589746.0,9.829099655151367,4896.0,4896.0,10.079503059387207,0.0,199.0,0.8313417350035147,0.8107031042621488,0.9945505261421204,254.71002603593593,252.48381829608016,254.73695003640123
590025.0,9.833749771118164,4870.0,4870.0,10.425795555114746,0.0,202.0,0.8341620284547003,0.8189696361270764,0.9945794343948364,254.74977182420557,252.485739717161,254.7385146700352
590304.0,9.838399887084961,4608.0,4608.0,11.859354972839355,0.0,197.0,0.8294297631724044,0.8053359151176562,0.9948710799217224,254.69606523017993,252.63884697611394,254.7454037839645
590584.0,9.843066215515137,5524.0,5524.0,9.110210418701172,0.0,196.0,0.8284642587562863,0.8026963403681655,0.9938515424728394,254.61712262856238,252.173630519804,254.69065614134408
590863.0,9.847716331481934,6535.0,6535.0,4.804093837738037,220.0,32.0,0.37753949100124723,0.7373487633201156,0.99272620677948,251.77753550763927,254.51282994989552,252.50303665193456
591142.0,9.85236644744873,6721.0,6721.0,4.734822750091553,220.0,30.0,0.37918732155215273,0.7453559924999299,0.992519199848175,251.6705518597111,254.51424006285816,252.45291853190173
591422.0,9.857033729553223,6519.0,6519.0,4.467537879943848,220.0,33.0,0.3767021270062889,0.7333752740444534,0.9927440285682678,251.7927830254209,254.5066715443957,252.49897145280582
591701.0,9.861682891845703,6667.0,6667.0,4.251147270202637,219.0,32.0,0.378403864728817,0.7335010817890963,0.9925792813301086,251.71972492031315,254.49570855804225,252.47041526649886
591980.0,9.8663330078125,6507.0,6507.0,4.336870193481445,220.0,27.0,0.3815933216728796,0.7575126743159661,0.9927573800086975,251.75410591035808,254.55215789407765,252.5643096470046
592260.0,9.871000289916992,5710.0,5710.0,5.5230817794799805,221.0,32.0,0.3766841164319927,0.7412179675072862,0.9936444759368896,252.17808006363882,254.5806026641749,252.8029874805116
592539.0,9.875650405883789,5607.0,5607.0,7.099759578704834,221.0,31.0,0.37751276398259076,0.7451909126845004,0.9937591552734375,252.22267629641067,254.59449289304246,252.85138933747257
592818.0,9.88029956817627,5370.0,5370.0,9.364686965942383,218.0,30.0,0.3809232456570945,0.7377657804409854,0.9940229058265686,252.3513686211291,254.6003133504209,252.993531116057
593098.0,9.884966850280762,5422.0,5422.0,10.969867706298828,0.0,197.0,0.8294297631724044,0.8053359151176562,0.9939650297164917,254.64237358430333,252.22173710713122,254.70042804827955
593377.0,9.889616966247559,5544.0,5544.0,9.936366081237793,219.0,34.0,0.37672052695338365,0.7255325901762925,0.9938292503356934,252.28480343884695,254.56811423235666,252.87920212380348
593656.0,9.894267082214355,5221.0,5221.0,8.73047161102295,1.0,195.0,0.8280117775447251,0.7951893035313011,0.9941887855529785,254.62125085007588,252.33978134596603,254.696499286053
593936.0,9.898933410644531,4943.0,4943.0,15.992074012756348,0.0,197.0,0.8294297631724044,0.8053359151176562,0.9944981932640076,254.67396833283078,252.46718462887654,254.72689393576732
594215.0,9.903583526611328,4731.0,4731.0,8.99731731414795,58.0,228.0,0.9037069518519272,0.6776602213681718,0.9947341680526733,254.56716628842548,252.74725941843792,253.79872569757825
594494.0,9.908233642578125,4621.0,4621.0,10.674605369567871,0.0,197.0,0.8294297631724044,0.8053359151176562,0.994856595993042,254.69520692678225,252.63217914517105,254.74468481128037
594774.0,9.9128999710083,4621.0,4621.0,11.063956260681152,0.0,200.0,0.8322881909754828,0.8134301377526094,0.994856595993042,254.74192057560734,252.62156302160193,254.7553009348495
595053.0,9.917550086975098,4388.0,4388.0,9.405174255371094,0.0,196.0,0.8284642587562863,0.8026963403681655,0.9951159358024597,254.6958590583693,252.7548564129676,254.75427084628686
595332.0,9.922200202941895,4482.0,4482.0,9.931246757507324,65.0,10.0,0.5778032686333717,0.738099224498773,0.9950113296508789,252.7889449634027,253.7901981202847,254.66683315854553
595612.0,9.92686653137207,4974.0,4974.0,9.458179473876953,0.0,196.0,0.8284642587562863,0.8026963403681655,0.9944636821746826,254.6552418542314,252.45502352988225,254.72145437920588
595891.0,9.931516647338867,4606.0,4606.0,13.421440124511719,0.0,196.0,0.8284642587562863,0.8026963403681655,0.9948732852935791,254.6807487012419,252.64331299095898,254.74206250876637
596170.0,9.936166763305664,4296.0,4296.0,9.649011611938477,1.0,194.0,0.8270292562163278,0.7925935507664994,0.9952183365821838,254.67399502752784,252.8142473537981,254.74710430311566
596449.0,9.940816879272461,4157.0,4157.0,10.467391014099121,0.0,198.0,0.8303889241467761,0.8080049333502481,0.9953730702400208,254.73978711852973,252.86679448276155,254.77347133964903
596729.0,9.945483207702637,4608.0,4608.0,11.142769813537598,29.0,2.0,0.6059082501712737,0.8847896636730757,0.9948710799217224,252.53493143491755,253.37864269512136,254.84931932516088
597008.0,9.950133323669434,4508.0,4508.0,9.574554443359375,28.0,2.0,0.6066899724026912,0.888224472946247,0.9949823617935181,252.58402104924332,253.40196968070566,254.8569834654509
597287.0,9.95478343963623,4654.0,4654.0,14.379138946533203,80.0,10.0,0.5611424533275537,0.7028803266248989,0.9948198795318604,252.75061306514078,253.9263084062454,254.607525496108
597567.0,9.959449768066406,4491.0,4491.0,12.518001556396484,21.0,2.0,0.6119947826766695,0.9128498707794639,0.9950013160705566,252.5617583633317,253.32513787837266,254.88891283265218
597846.0,9.964099884033203,4750.0,4750.0,14.235087394714355,115.0,19.0,0.518255340706433,0.605714171721212,0.9947130084037781,252.83520368038475,254.28953992172407,254.46843060554207
598125.0,9.96875,4989.0,4989.0,14.576895713806152,19.0,4.0,0.6147241125214246,0.9117035610954418,0.9944469928741455,252.29299560819248,253.09768191219786,254.87497075762172
598405.0,9.973416328430176,5238.0,5238.0,11.868106842041016,47.0,59.0,0.6377902421027264,0.5862056487856497,0.9941698312759399,252.64179912631326,252.94379149423344,254.3848148244161
598684.0,9.978066444396973,4956.0,4956.0,10.122658729553223,26.0,1.0,0.6076182380607049,0.8994765447716726,0.9944837093353271,252.32809349341932,253.22462747638997,254.85859826759753
598963.0,9.98271656036377,5061.0,5061.0,11.836453437805176,37.0,100.0,0.7030491193539887,0.5245675247697482,0.9943668842315674,253.13901877259943,252.8100433322257,254.31706762587368
599243.0,9.987382888793945,5136.0,5136.0,10.617305755615234,77.0,10.0,0.5646039325794964,0.7092837439630288,0.9942833781242371,252.50831114513062,253.77464465074894,254.57621169823028
599522.0,9.992033004760742,4740.0,4740.0,11.63874340057373,27.0,3.0,0.6080874217939023,0.8873583516768506,0.9947241544723511,252.4608601647149,253.3000424507936,254.84845861618416
599801.0,9.996683120727539,4783.0,4783.0,9.026168823242188,58.0,228.0,0.9037069518519272,0.6776602213681718,0.9946762919425964,254.56240906643535,252.72249982428883,253.78552263974143
600081.0,10.001350402832031,5039.0,5039.0,10.48738956451416,77.0,8.0,0.563635096085103,0.7194876215224478,0.9943913221359253,252.54076669910225,253.8130258110997,254.59880759021965
600360.0,10.005999565124512,4342.0,4342.0,8.053284645080566,66.0,12.0,0.5778718108096217,0.7257021418019358,0.9951671361923218,252.87327872689343,253.8262332913674,254.66196073119067
600639.0,10.010649681091309,4392.0,4392.0,8.460418701171875,173.0,1.0,0.4450476774913317,0.7455622908688124,0.9951114654541016,252.8240234019629,254.6828239796289,254.0699515266897
600919.0,10.0153169631958,4829.0,4829.0,9.983670234680176,78.0,9.0,0.5629759545055023,0.7122263937724852,0.9946250915527344,252.6532196725827,253.86786761463526,254.60557701931182
601198.0,10.019967079162598,4141.0,4141.0,10.20011043548584,24.0,1.0,0.6091372412847231,0.9064593697481587,0.9953908920288086,252.75929534514603,253.49478520077446,254.89005958954635
601477.0,10.024616241455078,4576.0,4576.0,9.340096473693848,25.0,33.0,0.6314595956132647,0.7731857632736309,0.9949066638946533,252.6969850772601,253.12125037227452,254.70541350901308
601757.0,10.02928352355957,4096.0,4096.0,15.037805557250977,27.0,3.0,0.6080874217939023,0.8873583516768506,0.9954409599304199,252.80584170050741,253.53100805495518,254.86904786400675
602036.0,10.033933639526367,4309.0,4309.0,11.652155876159668,78.0,9.0,0.5629759545055023,0.7122263937724852,0.9952038526535034,252.90591703085124,253.98977372559483,254.6480478224355
602315.0,10.038583755493164,4310.0,4310.0,9.09538745880127,27.0,1.0,0.606849893066166,0.8960162161436949,0.9952027797698975,252.68062012608482,253.46739401239103,254.8727975565629
602595.0,10.04325008392334,4253.0,4253.0,10.561033248901367,17.0,9.0,0.6194422621759206,0.8985870407158155,0.9952661991119385,252.7081790800523,253.32287177835548,254.87758246703632
602874.0,10.047900199890137,4231.0,4231.0,16.00132942199707,18.0,4.0,0.6154485255879745,0.9153734192841881,0.9952906966209412,252.69988099852344,253.37549743226427,254.89837427815655
603153.0,10.052550315856934,4451.0,4451.0,11.484420776367188,22.0,4.0,0.6125156731871334,0.9008091539678961,0.9950458407402039,252.59868762583503,253.338174738356,254.87469115166894
603433.0,10.05721664428711,3573.0,3573.0,7.09385347366333,170.0,2.0,0.4480321251289199,0.7348416908761709,0.9960230588912964,253.24066237442776,254.7310976601334,254.26636913354744
603712.0,10.061866760253906,4242.0,4242.0,11.598267555236816,28.0,3.0,0.6073103773635875,0.8838853794982323,0.9952784776687622,252.73182424335775,253.48981894111728,254.86019936771098
603991.0,10.066516876220703,4328.0,4328.0,11.313980102539062,20.0,5.0,0.6146350083356654,0.903876907577734,0.9951827526092529,252.6612812533402,253.35454315722868,254.8819225773788
604271.0,10.071183204650879,4049.0,4049.0,11.593637466430664,27.0,3.0,0.6080874217939023,0.8873583516768506,0.9954932928085327,252.83102827862365,253.54787050302218,254.87055105372804
604550.0,10.075833320617676,3825.0,3825.0,13.017332077026367,26.0,2.0,0.608235326676077,0.8951576339072821,0.9957426190376282,252.94255595202094,253.62396721225556,254.88617975716943
604829.0,10.080483436584473,4143.0,4143.0,10.44511604309082,30.0,2.0,0.6051204540748308,0.8813763658884833,0.9953886270523071,252.7876893400878,253.5531350746939,254.86051045658883
605109.0,10.085149765014648,4574.0,4574.0,9.713869094848633,79.0,7.0,0.5609007603575511,0.720384791875851,0.9949089288711548,252.766556657172,253.95352960810212,254.63699706711694
605388.0,10.089799880981445,3946.0,3946.0,10.381080627441406,27.0,1.0,0.606849893066166,0.8960162161436949,0.9956079125404358,252.87649539325596,253.5968249911915,254.8835400023663
605667.0,10.094449996948242,4129.0,4129.0,14.910539627075195,77.0,8.0,0.563635096085103,0.7194876215224478,0.9954042434692383,252.98490165112523,254.02739210332876,254.6712625181863
605946.0,10.099100112915039,3758.0,3758.0,10.69288158416748,122.0,3.0,0.507026372791216,0.6911423993827387,0.9958171844482422,253.19619713426437,254.60841010325456,254.67056693433915
606226.0,10.103766441345215,3773.0,3773.0,10.6379976272583,27.0,0.0,0.606240072123525,0.9003651700539992,0.9958004951477051,252.9649488480426,253.66409234045497,254.89330367728698
606505.0,10.108416557312012,4226.0,4226.0,13.746000289916992,22.0,7.0,0.6144520892210044,0.888224472946247,0.9952962398529053,252.73515246872356,253.40269831424888,254.86592985625813
606784.0,10.113066673278809,3510.0,3510.0,11.43779182434082,23.0,3.0,0.6111351853957652,0.9014576601872892,0.996093213558197,253.10570980334705,253.70415679761754,254.90182911133343
607064.0,10.117733001708984,3792.0,3792.0,8.819881439208984,57.0,226.0,0.9011314885339081,0.6717797006213114,0.9957793354988098,254.64674651962983,253.20071458476318,254.05851673435936
607343.0,10.122383117675781,3777.0,3777.0,13.039422988891602,61.0,92.0,0.6719587724962102,0.41806570198990883,0.9957960247993469,253.50827546714038,253.47981417376414,254.3761584739028
607622.0,10.127033233642578,4172.0,4172.0,8.512354850769043,28.0,1.0,0.606075608724021,0.8925769319182191,0.9953563809394836,252.75895638979,253.52743574647724,254.87279788934666
607902.0,10.131699562072754,4139.0,4139.0,15.110713005065918,119.0,17.0,0.5122186259860988,0.6146362971528592,0.9953930974006653,253.1031896006449,254.44142053229513,254.5472900736944
608181.0,10.13634967803955,3860.0,3860.0,13.087017059326172,39.0,7.0,0.6008195635933362,0.8291590956167013,0.9957036375999451,252.99602375765784,253.71381288543174,254.81283141831415
608460.0,10.140999794006348,4133.0,4133.0,6.790663242340088,28.0,35.0,0.6307999550908981,0.7534414187907404,0.9953997731208801,252.9431117718508,253.3235128411134,254.71077251979807
608740.0,10.14566707611084,3851.0,3851.0,10.31722354888916,24.0,5.0,0.6116511076570306,0.8894010443037561,0.9957136511802673,252.93484885625548,253.57663760973608,254.87911324568086
609019.0,10.15031623840332,4667.0,4667.0,9.913979530334473,128.0,8.0,0.4993340836219977,0.6627450980392157,0.9948053956031799,252.79748773574832,254.55326402187345,254.54624882076322
609298.0,10.154966354370117,3927.0,3927.0,11.024703025817871,125.0,13.0,0.5034744467076817,0.635160964017356,0.995629072189331,253.17747151420133,254.56383882576017,254.5933553023575
609578.0,10.15963363647461,3395.0,3395.0,10.56178092956543,0.0,195.0,0.8274924195304101,0.8000865005138497,0.9962211847305298,254.75332632528443,253.2654404396002,254.80736377296998
609857.0,10.164283752441406,3920.0,3920.0,9.641328811645508,77.0,4.0,0.5617777520620542,0.7399720476448116,0.9956368803977966,253.06411493216694,254.1003623240808,254.71069407070934
610136.0,10.168932914733887,4007.0,4007.0,13.362537384033203,77.0,2.0,0.5608871744018228,0.7502505028278649,0.9955400228500366,253.0094503014223,254.0925335363302,254.71596135209637
610416.0,10.173600196838379,3873.0,3873.0,6.466612815856934,78.0,7.0,0.5620341358351354,0.7224738567339135,0.9956891536712646,253.1065433740808,254.10372170966843,254.69492499826418
610695.0,10.178250312805176,4211.0,4211.0,11.622760772705078,71.0,5.0,0.5687786350843935,0.7481567764122057,0.9953129291534424,252.9105976612069,253.96097454122923,254.6989962070487
610974.0,10.182900428771973,4039.0,4039.0,9.94405746459961,76.0,4.0,0.5628787055125736,0.7420888667791858,0.9955043792724609,253.00289844122958,254.06243022239283,254.7043349877255
611254.0,10.187566757202148,4051.0,4051.0,9.022942543029785,58.0,227.0,0.9029610862034295,0.6731061546478658,0.9954910278320312,254.62414141110386,253.07628278323207,253.97749790298803
611533.0,10.192216873168945,4418.0,4418.0,10.362178802490234,37.0,183.0,0.837553083847409,0.5887709978983058,0.9950825572013855,254.4843402507836,253.00776392192302,254.4469555484469
611812.0,10.196866989135742,4218.0,4218.0,11.608574867248535,62.0,91.0,0.6690866072540472,0.4158527228723389,0.9953051805496216,253.3194281227744,253.30497090993583,254.30067117037117
612092.0,10.201533317565918,3605.0,3605.0,10.991466522216797,28.0,5.0,0.6085695934265805,0.8752480836865193,0.9959874749183655,253.0812576076298,253.70560256676154,254.8723546007366
612371.0,10.206183433532715,4231.0,4231.0,11.381120681762695,74.0,4.0,0.5650616185125749,0.7464281213938389,0.9952906966209412,252.90276273739232,253.9956651244854,254.69549253928767
612650.0,10.210833549499512,4638.0,4638.0,12.123976707458496,23.0,3.0,0.6111351853957652,0.9014576601872892,0.9948377013206482,252.4969474461528,253.28771555549406,254.87028022737778
612930.0,10.215499877929688,4538.0,4538.0,15.914572715759277,78.0,10.0,0.5634570920212915,0.707112218357348,0.9949489831924438,252.80122361063658,253.9292222347969,254.62275781750978
613209.0,10.220149993896484,4751.0,4751.0,11.181341171264648,33.0,5.0,0.604576724000299,0.858035272600898,0.9947119355201721,252.49452036653642,253.3565944097307,254.80856674875136
613488.0,10.224800109863281,4085.0,4085.0,10.145926475524902,27.0,0.0,0.606240072123525,0.9003651700539992,0.9954531788825989,252.79664177607634,253.55360730110885,254.88447945404909
613768.0,10.229466438293457,4002.0,4002.0,11.061307907104492,62.0,88.0,0.6636327161384853,0.42420063006583414,0.9955455660820007,253.3822780638867,253.3998206554139,254.34596063793367
614047.0,10.234116554260254,3938.0,3938.0,10.493505477905273,31.0,4.0,0.605564537896849,0.8692181411216954,0.9956167936325073,252.91074194110865,253.62310020641462,254.85382281147008
614326.0,10.23876667022705,4010.0,4010.0,11.088211059570312,34.0,104.0,0.7108102400199281,0.5346724825450871,0.9955366849899292,253.57567459110138,253.25331968464408,254.4703896602198
614605.0,10.243416786193848,4536.0,4536.0,11.667396545410156,57.0,90.0,0.6721967313666282,0.44285953469926376,0.9949511885643005,253.180231078669,253.1423949416811,254.28271122611218
614885.0,10.248083114624023,3898.0,3898.0,10.637008666992188,25.0,1.0,0.6083806763810665,0.9029576758621128,0.9956613183021545,252.89463645179046,253.59336870417727,254.89263588230835
615164.0,10.25273323059082,3870.0,3870.0,10.796506881713867,27.0,4.0,0.6087152671702931,0.8830498337255676,0.9956924915313721,252.9316304580666,253.60615337269078,254.87154022293316
615443.0,10.257383346557617,4043.0,4043.0,9.702425956726074,25.0,1.0,0.6083806763810665,0.9029576758621128,0.9954999685287476,252.8163407953906,253.54105796634164,254.88864315427065
615723.0,10.262049674987793,3904.0,3904.0,11.931549072265625,29.0,3.0,0.6065272213426133,0.8804336424131067,0.9956546425819397,252.91635514930636,253.62040429852064,254.8675125674829
616002.0,10.26669979095459,4067.0,4067.0,10.774574279785156,27.0,1.0,0.606849893066166,0.8960162161436949,0.9954732060432434,252.8113669389663,253.55378923834627,254.87996814308784
616281.0,10.271349906921387,3780.0,3780.0,10.387860298156738,78.0,7.0,0.5620341358351354,0.7224738567339135,0.9957926869392395,253.15201837766497,254.1252475571092,254.70225196134717
616561.0,10.276016235351562,3477.0,3477.0,10.203078269958496,38.0,9.0,0.6029522555538251,0.8235760957823032,0.9961299300193787,253.20037138805526,253.82178627170865,254.82589292182786
616840.0,10.28066635131836,3748.0,3748.0,9.904424667358398,29.0,2.0,0.6059082501712737,0.8847896636730757,0.9958282709121704,252.99497787458168,253.68123048764707,254.87744029062523
617119.0,10.285316467285156,4400.0,4400.0,11.965043067932129,29.0,102.0,0.7096825936286988,0.5642836111819302,0.99510258436203,253.41021865405185,253.04645850999628,254.45585951463903
617399.0,10.289983749389648,4148.0,4148.0,9.702162742614746,29.0,2.0,0.6059082501712737,0.8847896636730757,0.995383083820343,252.78101144716706,253.54049767599165,254.86436130120788
617678.0,10.294632911682129,3747.0,3747.0,9.393257141113281,26.0,2.0,0.608235326676077,0.8951576339072821,0.9958294034004211,252.9844958141719,253.65201688169367,254.88849992004288
617957.0,10.299283027648926,4079.0,4079.0,10.413287162780762,23.0,29.0,0.6297027178823025,0.7964260807598977,0.9954598546028137,252.9202109215034,253.32920311733974,254.7643149259316
618237.0,10.303950309753418,3397.0,3397.0,12.408885955810547,74.0,0.0,0.5632313981042658,0.7668346438516908,0.9962189793586731,253.29648824415523,254.21418848617995,254.77519122876805
618516.0,10.308600425720215,3443.0,3443.0,7.908620834350586,72.0,85.0,0.6459898446012208,0.38768033221279263,0.996167778968811,253.64393607281335,253.73793643692034,254.40163120128028
618795.0,10.313249588012695,3450.0,3450.0,9.570795059204102,58.0,227.0,0.9029610862034295,0.6731061546478658,0.9961599707603455,254.6799031092741,253.36168197850208,254.12919445854493
619075.0,10.317916870117188,3752.0,3752.0,10.765149116516113,26.0,3.0,0.6088583892825594,0.8908523105950726,0.995823860168457,252.98640176929055,253.644502233706,254.88376691662253
619354.0,10.322566986083984,3888.0,3888.0,10.885547637939453,25.0,2.0,0.6089990259976353,0.8986554953631593,0.9956724643707275,252.90479267750604,253.5910507983815,254.888164151565
619633.0,10.327217102050781,4010.0,4010.0,10.382720947265625,24.0,5.0,0.6116511076570306,0.8894010443037561,0.9955366849899292,252.8495870295235,253.5178726724272,254.8741223153404
619913.0,10.331883430480957,3814.0,3814.0,7.252497673034668,56.0,226.0,0.9000681684061743,0.6750226048872765,0.9957548379898071,254.64820666856448,253.18676070623715,254.06303053698178
620192.0,10.336533546447754,3632.0,3632.0,8.930197715759277,26.0,2.0,0.608235326676077,0.8951576339072821,0.9959574341773987,253.04636863278478,253.69339785006804,254.89192279768855
620471.0,10.34118366241455,3713.0,3713.0,10.272762298583984,78.0,140.0,0.7893676047225887,0.28314160009701483,0.9958672523498535,254.08711165255968,253.64776038968543,254.24453830873986
620751.0,10.345849990844727,3665.0,3665.0,12.164356231689453,29.0,5.0,0.6077836732404699,0.8717621479503456,0.9959206581115723,253.0529327774966,253.6936987185585,254.86660285940525
621030.0,10.350500106811523,3766.0,3766.0,7.820469856262207,58.0,227.0,0.9029610862034295,0.6731061546478658,0.9958082437515259,254.65058387369515,253.21162043958304,254.04943313141837
621309.0,10.35515022277832,3498.0,3498.0,12.341038703918457,78.0,6.0,0.561573182839118,0.7276068751089989,0.9961065649986267,253.28478710557857,254.19580506459442,254.72956104372105
621589.0,10.359816551208496,3994.0,3994.0,9.143989562988281,26.0,31.0,0.6290182102404831,0.7767181225560266,0.995554506778717,252.98591096566193,253.38369925366155,254.74688749148376
621868.0,10.364466667175293,4322.0,4322.0,12.807541847229004,24.0,2.0,0.6097567859441909,0.902173887868811,0.9951894283294678,252.666611326561,253.42239245604674,254.87999712146757
622147.0,10.36911678314209,3786.0,3786.0,11.068084716796875,23.0,2.0,0.6105086415782376,0.9057125721553423,0.9957860112190247,252.9521838932993,253.60805277254417,254.89868182840328
622426.0,10.373766899108887,4227.0,4227.0,9.411665916442871,28.0,2.0,0.6066899724026912,0.888224472946247,0.9952951669692993,252.7346358782278,253.50159267749424,254.86589927611485
622706.0,10.378433227539062,3316.0,3316.0,12.494091033935547,54.0,91.0,0.6766418547966119,0.45512165080548606,0.9963091611862183,253.68176578756834,253.63049203577037,254.48718016920094
622985.0,10.38308334350586,3888.0,3888.0,8.623861312866211,57.0,226.0,0.9011314885339081,0.6717797006213114,0.9956724643707275,254.63780181484802,253.15515501422303,254.03467750746955
623264.0,10.387733459472656,4556.0,4556.0,10.166419982910156,28.0,1.0,0.606075608724021,0.8925769319182191,0.9949289560317993,252.5526780870853,253.39189262118668,254.86108948913235
623544.0,10.392399787902832,4175.0,4175.0,12.202719688415527,27.0,0.0,0.606240072123525,0.9003651700539992,0.9953530430793762,252.74811665493283,253.5217530251347,254.88193531554904
623823.0,10.397049903869629,3924.0,3924.0,10.15226936340332,26.0,1.0,0.6076182380607049,0.8994765447716726,0.9956324100494385,252.88448565959064,253.59432729999514,254.88804346562299
624102.0,10.401700019836426,3660.0,3660.0,10.515519142150879,29.0,4.0,0.6071523382290955,0.8760910701775848,0.9959262609481812,253.0511101083755,253.70106830323047,254.8712829751969
624382.0,10.406366348266602,3556.0,3556.0,9.796989440917969,95.0,22.0,0.5475605791166792,0.6122295870682948,0.996042013168335,253.37279821381455,254.25596767684974,254.60862850203628
624661.0,10.411016464233398,3841.0,3841.0,13.617033004760742,77.0,4.0,0.5617777520620542,0.7399720476448116,0.9957247972488403,253.10312301231687,254.11849002140707,254.7165235845917
624940.0,10.415666580200195,4127.0,4127.0,10.534600257873535,26.0,1.0,0.6076182380607049,0.8994765447716726,0.995406448841095,252.77503761569506,253.52160355407946,254.88225129326338
625220.0,10.420332908630371,3629.0,3629.0,10.824743270874023,27.0,33.0,0.6298955306212792,0.7650677876653698,0.9959607720375061,253.18197465327302,253.52969231873732,254.7580190858551
625499.0,10.424983024597168,3717.0,3717.0,10.172908782958984,28.0,1.0,0.606075608724021,0.8925769319182191,0.9958627820014954,253.0033491466969,253.68802344588715,254.88666967406573
625778.0,10.429633140563965,3526.0,3526.0,10.507859230041504,77.0,8.0,0.563635096085103,0.7194876215224478,0.9960753917694092,253.2791796056844,254.16942837792564,254.7192701967143
626058.0,10.434300422668457,3664.0,3664.0,13.390328407287598,22.0,5.0,0.6131551018079091,0.8965995824371386,0.995921790599823,253.0276437874059,253.62638221365853,254.89246941850382
626337.0,10.438949584960938,3888.0,3888.0,11.38528060913086,27.0,0.0,0.606240072123525,0.9003651700539992,0.9956724643707275,252.90290601458054,253.62336437331658,254.8900508144905
626616.0,10.443599700927734,3801.0,3801.0,9.40202808380127,171.0,59.0,0.4099526735946581,0.45002456253183387,0.9957693219184875,253.43568028073867,254.40667389768998,253.8820616227113
626896.0,10.448266983032227,3845.0,3845.0,7.228388786315918,57.0,227.0,0.9018911079427363,0.6762972213197262,0.9957203269004822,254.6467377710899,253.170628948156,254.03954535519998
627175.0,10.452917098999023,3585.0,3585.0,11.254234313964844,77.0,4.0,0.5617777520620542,0.7399720476448116,0.9960097074508667,253.2295356381586,254.17723605070853,254.7354151617834
627454.0,10.457566261291504,3770.0,3770.0,13.889627456665039,75.0,5.0,0.5644405292045783,0.7391402676459123,0.9958038330078125,253.13908063860057,254.10928451203478,254.7208741953838
627734.0,10.462233543395996,3870.0,3870.0,12.131217002868652,76.0,2.0,0.5619755965026633,0.7523384025127421,0.9956924915313721,253.07520581027495,254.11338049884543,254.7279648707248
628013.0,10.466883659362793,3302.0,3302.0,11.611555099487305,96.0,23.0,0.5465962957053867,0.6053078055071817,0.9963247179985046,253.49551048446764,254.31289088699657,254.63009569476972
628292.0,10.47153377532959,3456.0,3456.0,12.73186206817627,96.0,22.0,0.5461791059554583,0.6106198437799408,0.9961532950401306,253.42012726790924,254.28613831057993,254.61805320255738
628572.0,10.476200103759766,3614.0,3614.0,11.397997856140137,81.0,9.0,0.5595147049946871,0.7059803853495293,0.9959774613380432,253.25009512556483,254.18123390588394,254.6984101568372
628851.0,10.480850219726562,3302.0,3302.0,11.573709487915039,80.0,9.0,0.5606752198245355,0.7080250703133567,0.9963247179985046,253.39924418124852,254.24322300640617,254.72636199798885
629130.0,10.48550033569336,4406.0,4406.0,6.988923072814941,78.0,140.0,0.7893676047225887,0.28314160009701483,0.9950959086418152,253.91672847348636,253.39537587374738,254.10353753357836
629410.0,10.490166664123535,4049.0,4049.0,11.095810890197754,98.0,23.0,0.543789431753611,0.6022002461689691,0.9954932928085327,253.158734920247,254.17918820330533,254.54284441210467
629689.0,10.494816780090332,3736.0,3736.0,11.044328689575195,95.0,21.0,0.5471397750492129,0.61753189091231,0.9958416819572449,253.28481592808834,254.22402903627443,254.59444187010655
629968.0,10.499466896057129,3637.0,3637.0,14.655035972595215,24.0,7.0,0.612944386872321,0.8809575022228932,0.9959518313407898,253.05831953149973,253.64457838924332,254.87711445230306
630248.0,10.504133224487305,4093.0,4093.0,10.48268985748291,0.0,193.0,0.8255297812397923,0.7949571935888123,0.9954442977905273,254.67532150591381,252.91479093455098,254.76180093861797
630527.0,10.508783340454102,3716.0,3716.0,13.088648796081543,37.0,181.0,0.8349719181115118,0.583049032713588,0.9958639144897461,254.5602410621587,253.3303553276118,254.54814942989753
630806.0,10.513433456420898,3790.0,3790.0,10.685686111450195,79.0,9.0,0.5618289901887671,0.7101071825352823,0.9957815408706665,253.16042559964228,254.12141050222795,254.68816024439764
631085.0,10.518083572387695,3535.0,3535.0,12.218637466430664,78.0,140.0,0.7893676047225887,0.28314160009701483,0.9960653781890869,254.13087594335943,253.71258738381093,254.2807554926234
631365.0,10.522749900817871,3689.0,3689.0,9.870739936828613,27.0,2.0,0.6074656534593109,0.8916805451172305,0.9958939552307129,253.0193321231026,253.68259171229099,254.88658504456097
631644.0,10.527400016784668,4237.0,4237.0,10.853677749633789,74.0,4.0,0.5650616185125749,0.7464281213938389,0.9952840209007263,252.89978977768632,253.9942414195144,254.6950608816841
631923.0,10.532050132751465,4153.0,4153.0,9.17225170135498,58.0,228.0,0.9037069518519272,0.6776602213681718,0.9953775405883789,254.62004935141346,253.02249634865979,253.94549583793935
632203.0,10.53671646118164,4105.0,4105.0,12.941017150878906,25.0,6.0,0.6115324867544587,0.8815857230915126,0.9954309463500977,252.80774814049764,253.48731650226927,254.86203449805217
632482.0,10.541366577148438,3708.0,3708.0,10.189326286315918,78.0,8.0,0.5625016816523644,0.7173469853732346,0.9958727955818176,253.19260027327593,254.13628828836968,254.70252547345106
632761.0,10.546016693115234,3671.0,3671.0,13.19001579284668,35.0,100.0,0.7040081350676759,0.5351899632923992,0.9959139823913574,253.65030659574688,253.4004326282309,254.51569839136138
633041.0,10.55068302154541,3730.0,3730.0,12.16781997680664,27.0,1.0,0.606849893066166,0.8960162161436949,0.9958483576774597,252.99274680237298,253.67364190578343,254.88991561313148
633320.0,10.555333137512207,3738.0,3738.0,9.548823356628418,57.0,228.0,0.9026406296887545,0.6808299433520134,0.9958394169807434,254.66137695292412,253.21672570725502,254.0606277208412
633599.0,10.559983253479004,3811.0,3811.0,12.886567115783691,112.0,15.0,0.5217908224986934,0.629811735355528,0.9957581758499146,253.2370894313234,254.42144147833886,254.59958025213302
633879.0,10.56464958190918,3970.0,3970.0,8.958051681518555,57.0,228.0,0.9026406296887545,0.6808299433520134,0.9955812096595764,254.64036188136654,253.10605504501743,254.00232992972457
634158.0,10.569299697875977,3615.0,3615.0,10.75688648223877,27.0,1.0,0.606849893066166,0.8960162161436949,0.9959763288497925,253.05461883394813,253.7145258709864,254.89330887944604
634437.0,10.573949813842773,3892.0,3892.0,9.328699111938477,56.0,226.0,0.9000681684061743,0.6750226048872765,0.9956679940223694,254.6410099753531,253.1496669760553,254.04386280078205
634717.0,10.578617095947266,3825.0,3825.0,8.95975399017334,69.0,87.0,0.6536245735243501,0.39460023132349226,0.9957426190376282,253.48597715888621,253.5530224951431,254.34275855030415
634996.0,10.583266258239746,3668.0,3668.0,10.834518432617188,28.0,4.0,0.6079368940212373,0.8795598493808306,0.9959173202514648,253.04322156202718,253.688564343931,254.87461176621989
635275.0,10.587916374206543,3780.0,3780.0,12.22842025756836,55.0,87.0,0.6689204748059401,0.4605631509292168,0.9957926869392395,253.44637703706272,253.43301316265266,254.4212571763595
635555.0,10.592583656311035,3585.0,3585.0,10.246724128723145,123.0,15.0,0.506362805673996,0.6244166828101458,0.9960097074508667,253.34711606454317,254.569322719585,254.61783473539884
635834.0,10.597233772277832,4054.0,4054.0,13.589973449707031,57.0,88.0,0.668718892881804,0.4481754201515175,0.9954876899719238,253.34637250466338,253.3336727999554,254.36504908572576
636113.0,10.601882934570312,3658.0,3658.0,11.540915489196777,18.0,12.0,0.6207568737716307,0.882666610913068,0.9959284663200378,253.04533816880942,253.5502104068895,254.87817965440988
636393.0,10.606550216674805,3299.0,3299.0,8.01015853881836,78.0,5.0,0.5611186917656086,0.7327459113156406,0.9963280558586121,253.3775507196198,254.24655277040122,254.74975776827236
636672.0,10.611200332641602,3287.0,3287.0,9.989731788635254,62.0,90.0,0.6672445533073202,0.4185803803265388,0.9963414072990417,253.679256056663,253.67654800457774,254.45756971793355
636951.0,10.615850448608398,3643.0,3643.0,10.900843620300293,171.0,0.0,0.44767101789449787,0.7471282969085848,0.995945155620575,253.19349499451218,254.73853437198105,254.25343234436585
637231.0,10.620516777038574,3614.0,3614.0,12.328926086425781,64.0,91.0,0.6669710420065013,0.40619955399093866,0.9959774613380432,253.55911636703064,253.55759452154948,254.39091076085256
637510.0,10.625166893005371,3839.0,3839.0,9.341108322143555,69.0,88.0,0.6554784451050323,0.3914699866919358,0.995727002620697,253.48383436033907,253.54110256682657,254.3369369762164
637789.0,10.629817008972168,3904.0,3904.0,8.32048225402832,57.0,226.0,0.9011314885339081,0.6717797006213114,0.9956546425819397,254.63631019927092,253.14755751751832,254.0307020870345
638069.0,10.634483337402344,3633.0,3633.0,10.819921493530273,58.0,228.0,0.9037069518519272,0.6776602213681718,0.995956301689148,254.6676215713146,253.27009229015084,254.0775264163075
638348.0,10.63913345336914,3369.0,3369.0,9.830235481262207,156.0,173.0,0.08906095467448209,0.2977552827094622,0.9962501525878906,254.32850581337115,254.06335791726136,253.75907200645307
638627.0,10.643783569335938,3314.0,3314.0,10.845646858215332,28.0,3.0,0.6073103773635875,0.8838853794982323,0.996311366558075,253.22801453404946,253.82018892078474,254.89078241056876
638907.0,10.648449897766113,3641.0,3641.0,12.667710304260254,29.0,3.0,0.6065272213426133,0.8804336424131067,0.9959474205970764,253.05674530480897,253.71335759379883,254.8764391997
639186.0,10.65310001373291,4185.0,4185.0,11.465568542480469,31.0,4.0,0.605564537896849,0.8692181411216954,0.9953418970108032,252.77971229429195,253.5367467313675,254.8446551812177
639465.0,10.657750129699707,3914.0,3914.0,8.400615692138672,33.0,6.0,0.6052082879197173,0.8536508204080817,0.9956435561180115,252.940791927143,253.64017467011547,254.83742169304284
639744.0,10.662400245666504,4060.0,4060.0,9.347745895385742,58.0,229.0,0.9044428436567596,0.682228972286198,0.995481014251709,254.6338192999081,253.06149796846347,253.96297730020748
640024.0,10.66706657409668,3613.0,3613.0,9.978859901428223,25.0,30.0,0.628978044956013,0.7845587852448062,0.9959785342216492,253.1699817684991,253.53384782923237,254.77907068454198
640303.0,10.671716690063477,3726.0,3726.0,7.9161858558654785,24.0,35.0,0.6339228048891923,0.7698369834978649,0.9958527684211731,253.1283194240288,253.44821510949959,254.75659247076948
640582.0,10.676366806030273,4457.0,4457.0,10.29136848449707,78.0,6.0,0.561573182839118,0.7276068751089989,0.995039165019989,252.81455498247425,253.97533197166499,254.65541917772015
640862.0,10.68103313446045,3587.0,3587.0,7.230996608734131,58.0,228.0,0.9037069518519272,0.6776602213681718,0.99600750207901,254.6718300715098,253.29199598878532,254.08920656737013
641141.0,10.685683250427246,3320.0,3320.0,9.284090995788574,31.0,4.0,0.605564537896849,0.8692181411216954,0.9963046908378601,253.23862857465414,253.8391898541854,254.8767637526545
641420.0,10.690333366394043,3411.0,3411.0,8.833836555480957,29.0,1.0,0.6052953529783691,0.8891589362957657,0.9962034225463867,253.1710537529227,253.80500886480996,254.89269174573454
641700.0,10.694999694824219,3659.0,3659.0,10.061334609985352,27.0,1.0,0.606849893066166,0.8960162161436949,0.9959273338317871,253.03093052004277,253.69887304406657,254.89200973416865
641979.0,10.699649810791016,3849.0,3849.0,9.150364875793457,26.0,33.0,0.6306816902469089,0.7691174908459083,0.995715856552124,253.06731595773275,253.43014274307762,254.7477708838505
642258.0,10.704299926757812,4125.0,4125.0,8.92164421081543,78.0,140.0,0.7893676047225887,0.28314160009701483,0.9954086542129517,253.98581127547985,253.4977065711531,254.16070707745226
642538.0,10.708966255187988,3971.0,3971.0,8.855441093444824,57.0,229.0,0.9033802211936854,0.6853775651176717,0.9955800771713257,254.64539524500088,253.10044411237521,253.99608113258037
642817.0,10.713616371154785,4216.0,4216.0,10.487275123596191,76.0,4.0,0.5628787055125736,0.7420888667791858,0.9953073859214783,252.91538756071756,254.0213469052127,254.69137925923636
643096.0,10.718266487121582,3841.0,3841.0,13.31331729888916,75.0,1.0,0.5626094888847314,0.759580612345581,0.9957247972488403,253.08174621192933,254.11575458724542,254.73790038497924
643376.0,10.722933769226074,3795.0,3795.0,9.526494026184082,10.0,36.0,0.6446979812647988,0.8259255523774361,0.9957759976387024,253.03325796957708,253.26778372899597,254.81250082616114
643655.0,10.727582931518555,3751.0,3751.0,9.63118839263916,54.0,226.0,0.897972115519392,0.6815975083571629,0.995824933052063,254.66101531165532,253.2097005448968,254.09814799710384
643934.0,10.732233047485352,4248.0,4248.0,8.876815795898438,24.0,36.0,0.6347818149358951,0.7661524778901146,0.9952718019485474,252.8705667303453,253.22400754412513,254.71805226341385
644214.0,10.736900329589844,3878.0,3878.0,12.827195167541504,29.0,1.0,0.6052953529783691,0.8891589362957657,0.9956836104393005,252.92064179266205,253.64139548736097,254.87799953138122
644493.0,10.74155044555664,3752.0,3752.0,8.806884765625,172.0,0.0,0.44655558677085594,0.7489374762485107,0.995823860168457,253.13752909835293,254.73263958756016,254.22114112277217
644772.0,10.746199607849121,3231.0,3231.0,10.117018699645996,60.0,88.0,0.6657346152455864,0.43373683635834803,0.9964037537574768,253.68520196881718,253.68965070885002,254.480712447496
645052.0,10.750866889953613,3512.0,3512.0,8.894533157348633,29.0,0.0,0.6046884587075049,0.8935412658901208,0.9960909485816956,253.1125027063833,253.77494253853308,254.89388107028142
645331.0,10.75551700592041,3639.0,3639.0,10.718171119689941,31.0,1.0,0.6037168023472993,0.8823877988757365,0.9959496259689331,253.05578446247432,253.74423199717555,254.87852478168156
645610.0,10.760167121887207,3351.0,3351.0,9.957635879516602,33.0,3.0,0.6033328114328286,0.8668440950488774,0.9962701797485352,253.22443680742958,253.8510308324762,254.87335486432335
645890.0,10.764833450317383,3395.0,3395.0,8.4680757522583,27.0,30.0,0.627411254027071,0.7765597096804352,0.9962211847305298,253.28811080569318,253.64060461104543,254.784693406877
646169.0,10.76948356628418,3290.0,3290.0,12.004505157470703,75.0,0.0,0.5621670418109989,0.7647058823529411,0.9963380694389343,253.35213124752045,254.247579913037,254.78028416633606
646448.0,10.774133682250977,3149.0,3149.0,10.751164436340332,28.0,2.0,0.6066899724026912,0.888224472946247,0.9964950084686279,253.31235624931344,253.8837212836974,254.9000980696868
646728.0,10.778800010681152,3544.0,3544.0,9.87082290649414,27.0,4.0,0.6087152671702931,0.8830498337255676,0.9960553646087646,253.10587402051874,253.72357378375875,254.88236192995123
647007.0,10.78345012664795,3153.0,3153.0,6.321045875549316,57.0,226.0,0.9011314885339081,0.6717797006213114,0.9964905381202698,254.70627145965014,253.50390298168745,254.21716127158697
647286.0,10.788100242614746,3443.0,3443.0,12.082645416259766,39.0,7.0,0.6008195635933362,0.8291590956167013,0.996167778968811,253.2125158013187,253.852761277673,254.83305147277494
647566.0,10.792766571044922,3245.0,3245.0,7.756572246551514,25.0,33.0,0.6314595956132647,0.7731857632736309,0.9963881373405457,253.36685162110578,253.6677129711267,254.7910984225725
647845.0,10.797416687011719,3821.0,3821.0,10.378548622131348,28.0,3.0,0.6073103773635875,0.8838853794982323,0.9957470297813416,252.95691235433515,253.63968554681674,254.87407283414905
648124.0,10.802066802978516,4088.0,4088.0,10.889544486999512,78.0,8.0,0.5625016816523644,0.7173469853732346,0.9954498410224915,253.00737854023672,254.04777539456487,254.67204038123393
648404.0,10.806733131408691,4352.0,4352.0,10.950340270996094,22.0,4.0,0.6125156731871334,0.9008091539678961,0.9951559901237488,252.65207772975427,253.37512329380817,254.8774772333576
648683.0,10.811383247375488,4377.0,4377.0,11.56148910522461,63.0,91.0,0.6680412461087184,0.41101706167796526,0.9951282143592834,253.25550843822506,253.24708597172838,254.26830335150618
648962.0,10.816033363342285,3593.0,3593.0,10.518024444580078,73.0,4.0,0.5661434840304798,0.7486499447108067,0.9960008263587952,253.2167455345216,254.1376969396369,254.74367590846393
649241.0,10.820683479309082,3782.0,3782.0,9.489322662353516,171.0,21.0,0.4382844603624491,0.6380116170802941,0.9957904815673828,253.24171377579015,254.6114318235751,254.10423449275302
649521.0,10.825349807739258,3395.0,3395.0,11.209944725036621,29.0,3.0,0.6065272213426133,0.8804336424131067,0.9962211847305298,253.1880181029001,253.80027422352458,254.8847861096701
649800.0,10.829999923706055,3229.0,3229.0,6.983169078826904,78.0,140.0,0.7893676047225887,0.28314160009701483,0.9964059591293335,254.20610733855492,253.82402584483174,254.34301331112835
650079.0,10.834650039672852,3523.0,3523.0,10.314970016479492,86.0,35.0,0.5671203462084902,0.5622632356597292,0.9960787296295166,253.43785558309355,254.1094593348973,254.56229652795992
650359.0,10.839316368103027,3292.0,3292.0,9.496807098388672,101.0,29.0,0.5418279374159084,0.5656990177651892,0.9963358640670776,253.53708182206063,254.32890419261776,254.59420885214897
650638.0,10.843966484069824,3569.0,3569.0,8.682219505310059,78.0,3.0,0.5602285878145693,0.7430415376300296,0.9960275292396545,253.23433370671273,254.19570744708602,254.73970620551108
650917.0,10.848616600036621,3434.0,3434.0,10.87301254272461,30.0,3.0,0.6057379197186956,0.8770033911547239,0.9961777925491333,253.1705544315217,253.79552447438164,254.88011976853628
651197.0,10.853282928466797,3549.0,3549.0,13.39265251159668,75.0,0.0,0.5621670418109989,0.7647058823529411,0.9960498213768005,253.22241961956024,254.18835333067534,254.76298928260803
651476.0,10.857933044433594,3940.0,3940.0,10.481293678283691,74.0,5.0,0.5655348976164014,0.7413424443276063,0.9956145882606506,253.05269158261672,254.05878491577857,254.7107484303151
651755.0,10.86258316040039,3892.0,3892.0,9.457592010498047,11.0,40.0,0.647474382977749,0.8080429983115616,0.9956679940223694,253.0027244654928,253.20830008119697,254.78795248591558
652035.0,10.867250442504883,3263.0,3263.0,9.544554710388184,120.0,2.0,0.5094999530412807,0.6972566664438733,0.9963681101799011,253.42811645171713,254.6460044164825,254.71961974003244
652314.0,10.871899604797363,3637.0,3637.0,9.639046669006348,28.0,2.0,0.6066899724026912,0.888224472946247,0.9959518313407898,253.05081796110164,253.7107288351962,254.88461602270115
652593.0,10.87654972076416,3610.0,3610.0,10.397965431213379,28.0,3.0,0.6073103773635875,0.8838853794982323,0.9959818720817566,253.06972842827625,253.71479996310674,254.8810263334196
652873.0,10.881217002868652,3737.0,3737.0,10.451726913452148,78.0,6.0,0.561573182839118,0.7276068751089989,0.9958405494689941,253.16759668981945,254.14085915138554,254.71108353936756
653152.0,10.88586711883545,3459.0,3459.0,7.68933629989624,78.0,6.0,0.561573182839118,0.7276068751089989,0.9961499571800232,253.30390308645977,254.20476778581693,254.73257507535206
653431.0,10.89051628112793,3250.0,3250.0,10.812640190124512,28.0,2.0,0.6066899724026912,0.888224472946247,0.9963825941085815,253.25822904514715,253.8479192692265,254.89689395022944
653711.0,10.895183563232422,3384.0,3384.0,9.081466674804688,127.0,4.0,0.5006443484758283,0.6849286523037533,0.9962334632873535,253.3816818650915,254.6922977858764,254.69738441145878
653990.0,10.899833679199219,3419.0,3419.0,9.269221305847168,54.0,225.0,0.8971925743511024,0.6771607732309722,0.9961944818496704,254.68671451303751,253.3724712302944,254.18315504174547
654269.0,10.904483795166016,3646.0,3646.0,14.397929191589355,46.0,19.0,0.6025336667373944,0.7525836569494585,0.9959418177604675,253.1863625131686,253.78572465902522,254.74396454466984
654549.0,10.909150123596191,3893.0,3893.0,11.553112030029297,58.0,89.0,0.6694873322396269,0.44063147165184763,0.9956669211387634,253.4246752486859,253.4081957069551,254.38193407381425
654828.0,10.913800239562988,3568.0,3568.0,7.640192985534668,25.0,37.0,0.634882921850328,0.7583243025179345,0.9960286617279053,253.21936034767734,253.51225965671665,254.75525713355435
655107.0,10.918450355529785,3464.0,3464.0,10.71501350402832,29.0,3.0,0.6065272213426133,0.8804336424131067,0.9961444139480591,253.15120570056146,253.7759004767171,254.88244541294867
655387.0,10.923116683959961,3674.0,3674.0,12.391580581665039,38.0,98.0,0.6993258838107682,0.5226290267264972,0.99591064453125,253.62581168821762,253.412224308983,254.5022044019545
655666.0,10.927766799926758,3995.0,3995.0,12.152111053466797,74.0,8.0,0.5669944514854288,0.7261258476572152,0.9955533742904663,253.0427639291188,254.02754118120075,254.68945695901903
655945.0,10.932416915893555,3260.0,3260.0,7.543521404266357,56.0,226.0,0.9000681684061743,0.6750226048872765,0.9963714480400085,254.69930467218276,253.4501338282216,254.19912541068547
656225.0,10.93708324432373,3396.0,3396.0,8.54661750793457,58.0,227.0,0.9029610862034295,0.6731061546478658,0.9962201118469238,254.6849163457932,253.38734069613795,254.1428326858065
656504.0,10.941733360290527,3768.0,3768.0,12.062344551086426,27.0,1.0,0.606849893066166,0.8960162161436949,0.9958060383796692,252.97228609328198,253.66012182413732,254.8887934803493
656783.0,10.946383476257324,3402.0,3402.0,8.433586120605469,28.0,35.0,0.6307999550908981,0.7534414187907404,0.996213436126709,253.30692292776712,253.62004073349294,254.76192949685446
657062.0,10.951033592224121,2994.0,2994.0,9.773523330688477,81.0,10.0,0.5599747748840262,0.7008206317327998,0.9966675639152527,253.55469160804836,254.31715948162125,254.7457659887305
657342.0,10.955699920654297,3330.0,3330.0,8.929051399230957,82.0,10.0,0.558800276307088,0.6987988816321874,0.9962935447692871,253.39438688980755,254.24929321882814,254.71532094252888
657621.0,10.960350036621094,3680.0,3680.0,9.805286407470703,28.0,1.0,0.606075608724021,0.8925769319182191,0.9959039688110352,253.02322619413363,253.70108442755998,254.8877978994943
657900.0,10.96500015258789,3583.0,3583.0,8.414463996887207,129.0,10.0,0.4979683451302846,0.6517005230189639,0.9960119724273682,253.32030805697985,254.6457978809779,254.6296402538438
658180.0,10.969666481018066,2857.0,2857.0,11.07630443572998,77.0,1.0,0.5604509807351349,0.7553983598376205,0.9968200325965881,253.57656206110696,254.35730630371336,254.801654563153
658459.0,10.974316596984863,3336.0,3336.0,9.665281295776367,57.0,226.0,0.9011314885339081,0.6717797006213114,0.9962868690490723,254.68922513715185,253.417078077875,254.17172979457501
658738.0,10.97896671295166,3206.0,3206.0,10.960238456726074,24.0,30.0,0.6297494834559486,0.7885864011703009,0.9964315891265869,253.37248515369637,253.69037314417238,254.80762530086295
659018.0,10.983633041381836,3806.0,3806.0,8.296432495117188,29.0,1.0,0.6052953529783691,0.8891589362957657,0.9957637190818787,252.95923297195233,253.66661007046974,254.88026375980579
659297.0,10.988283157348633,3564.0,3564.0,10.854879379272461,61.0,92.0,0.6719587724962102,0.41806570198990883,0.9960330724716187,253.59238867221595,253.56553221307934,254.41133474744618
659576.0,10.99293327331543,3243.0,3243.0,10.303377151489258,78.0,7.0,0.5620341358351354,0.7224738567339135,0.9963904023170471,253.41455340123554,254.24951997975515,254.7445517804585
659856.0,10.997599601745605,3153.0,3153.0,11.016260147094727,97.0,22.0,0.5447904350104775,0.6090563477674813,0.9964905381202698,253.56003491171887,254.35718196936273,254.6501395296187
660135.0,11.002249717712402,3244.0,3244.0,12.007966041564941,97.0,24.0,0.5456097409532823,0.5984087575712974,0.9963892698287964,253.52828720464592,254.3286816071435,254.63024040804024
660414.0,11.0068998336792,3203.0,3203.0,9.323144912719727,21.0,6.0,0.6145443475974841,0.8960505423213936,0.9964349269866943,253.27631255182516,253.7858147859173,254.90550021138895
660694.0,11.011567115783691,3061.0,3061.0,9.293869018554688,25.0,2.0,0.6089990259976353,0.8986554953631593,0.9965929388999939,253.35044700345605,253.89073680081378,254.91195183554083
660973.0,11.016216278076172,3304.0,3304.0,10.39902114868164,27.0,3.0,0.6080874217939023,0.8873583516768506,0.996322512626648,253.23011219064307,253.81505772114087,254.89436924894738
661252.0,11.020866394042969,3706.0,3706.0,10.976161003112793,27.0,2.0,0.6074656534593109,0.8916805451172305,0.9958750605583191,253.0102177386383,253.67652943109246,254.88606314610445
661532.0,11.025533676147461,4442.0,4442.0,11.353263854980469,24.0,3.0,0.6103822350011247,0.8979022072043381,0.9950558543205261,252.6072062255576,253.3717986831047,254.87127947791072
661811.0,11.030183792114258,3150.0,3150.0,7.856171131134033,28.0,3.0,0.6073103773635875,0.8838853794982323,0.9964938759803772,253.3156903762849,253.87856464227713,254.89618637370748
662090.0,11.034832954406738,3635.0,3635.0,12.361846923828125,30.0,5.0,0.6069914619641743,0.8682976402150796,0.9959540963172913,253.0724671627497,253.71397136310898,254.86412195906885
662370.0,11.03950023651123,3721.0,3721.0,11.05379581451416,173.0,60.0,0.40560308782997007,0.4514575480861432,0.995858371257782,253.46709343368798,254.42067590778083,253.8805844614579
662649.0,11.044150352478027,3818.0,3818.0,11.515617370605469,79.0,140.0,0.7901456340308138,0.2777677814425848,0.995750367641449,254.06135208761174,253.61533895576324,254.21734854137574
662928.0,11.048800468444824,3948.0,3948.0,9.411741256713867,23.0,3.0,0.6111351853957652,0.9014576601872892,0.9956057071685791,252.86933174982008,253.54245565256778,254.88957890615526
663208.0,11.053466796875,3413.0,3413.0,11.407503128051758,168.0,29.0,0.4379142426268224,0.5906486441516133,0.9962011575698853,253.45913099199407,254.6034593686474,254.17718040495856
663487.0,11.058116912841797,3596.0,3596.0,12.091508865356445,75.0,4.0,0.5639733438250351,0.7442409931612047,0.9959974884986877,253.21975711777202,254.15583031257415,254.73896201655873
663766.0,11.062767028808594,3369.0,3369.0,10.029449462890625,29.0,3.0,0.6065272213426133,0.8804336424131067,0.9962501525878906,253.2019084969502,253.80947114972676,254.885669322874
664046.0,11.06743335723877,3572.0,3572.0,13.8909273147583,163.0,65.0,0.4177872915624156,0.39863280379882643,0.9960241913795471,253.58202242866116,254.39031517490787,253.9916035596315
664325.0,11.072083473205566,3591.0,3591.0,11.437813758850098,28.0,4.0,0.6079368940212373,0.8795598493808306,0.9960030317306519,253.08430202502944,253.7160965279042,254.877244157603
664604.0,11.076733589172363,3104.0,3104.0,10.05481243133545,98.0,23.0,0.543789431753611,0.6022002461689691,0.9965450763702393,253.5884527300251,254.37075076069817,254.64953621879692
664884.0,11.081399917602539,3443.0,3443.0,10.317523956298828,77.0,3.0,0.5613293919502536,0.7451083590616604,0.996167778968811,253.29465155639855,254.21504494450753,254.75091571769508
665163.0,11.086050033569336,3498.0,3498.0,10.493069648742676,29.0,4.0,0.6071523382290955,0.8760910701775848,0.9961065649986267,253.1373681472097,253.75855913492111,254.8769800020899
665442.0,11.090700149536133,3322.0,3322.0,8.804582595825195,168.0,23.0,0.44115464209709415,0.6215531636599325,0.9963024258613586,253.47106767419282,254.64316951510008,254.22933300113903
665721.0,11.09535026550293,3134.0,3134.0,8.45565128326416,77.0,6.0,0.5626933894351623,0.729717414350133,0.996511697769165,253.46138683562614,254.2712506150875,254.75957902664803
666001.0,11.100016593933105,3521.0,3521.0,8.829667091369629,78.0,140.0,0.7893676047225887,0.28314160009701483,0.9960809350013733,254.13431230915327,253.7176775900284,254.283599260672
666280.0,11.104666709899902,3956.0,3956.0,11.18575382232666,20.0,6.0,0.615282098430494,0.8997158763789719,0.9955967664718628,252.86695237659436,253.48987089418478,254.88739852405567
666559.0,11.1093168258667,3962.0,3962.0,9.665200233459473,58.0,228.0,0.9037069518519272,0.6776602213681718,0.995590090751648,254.6375202614204,253.11342602192005,253.9939841018385
666839.0,11.113983154296875,3488.0,3488.0,10.68458366394043,77.0,8.0,0.563635096085103,0.7194876215224478,0.9961177110671997,253.2977353204035,254.17838448405033,254.72229732386836
667118.0,11.118633270263672,3294.0,3294.0,8.675603866577148,27.0,1.0,0.606849893066166,0.8960162161436949,0.9963335990905762,253.22735332731634,253.82866582786886,254.9027822088775
667397.0,11.123283386230469,3187.0,3187.0,12.195125579833984,28.0,2.0,0.6066899724026912,0.888224472946247,0.9964526891708374,253.29197962420315,253.87024332490932,254.89889185292392
667677.0,11.127949714660645,3406.0,3406.0,13.419332504272461,27.0,4.0,0.6087152671702931,0.8830498337255676,0.9962089657783508,253.1796298780153,253.77327687168943,254.88694266894362
667956.0,11.132599830627441,3817.0,3817.0,8.947519302368164,27.0,2.0,0.6074656534593109,0.8916805451172305,0.9957515001296997,252.95061483960208,253.6368855543589,254.88265022654477
668235.0,11.137249946594238,3037.0,3037.0,8.905384063720703,121.0,4.0,0.5083688541782873,0.6858710298508166,0.996619701385498,253.5468193858594,254.66985587301366,254.7292283207446
668515.0,11.141916275024414,3467.0,3467.0,9.293445587158203,96.0,21.0,0.5457691149824665,0.6159360053039258,0.9961410760879517,253.40987760674216,254.28918503092638,254.6220711981132
668794.0,11.146566390991211,3696.0,3696.0,8.628015518188477,24.0,36.0,0.6347818149358951,0.7661524778901146,0.9958861470222473,253.14724863426497,253.45476611310252,254.75468634708116
669073.0,11.151216506958008,3603.0,3603.0,10.667305946350098,25.0,32.0,0.6306243474487807,0.7769556813094002,0.9959896802902222,253.18282910000005,253.52647360098956,254.77190784801326
669353.0,11.1558837890625,3781.0,3781.0,10.006401062011719,27.0,35.0,0.6315933216728796,0.7575126743159661,0.9957915544509888,253.11391892015325,253.45606394530807,254.73977384985102
669632.0,11.16053295135498,3440.0,3440.0,9.976907730102539,65.0,91.0,0.6658751990294383,0.40140085343268256,0.9961711168289185,253.63172096336984,253.63544320870724,254.41554861937857
669911.0,11.165183067321777,3400.0,3400.0,9.799774169921875,63.0,90.0,0.6661846665843213,0.4137765975310347,0.9962156414985657,253.63568944107115,253.63799898769764,254.43428772319734
670191.0,11.16985034942627,3719.0,3719.0,9.129124641418457,30.0,1.0,0.604509094425152,0.8857624757228615,0.9958605766296387,253.0094778379458,253.7068628270052,254.8794162431699
670470.0,11.174500465393066,3594.0,3594.0,7.428565502166748,58.0,227.0,0.9029610862034295,0.6731061546478658,0.9959996938705444,254.66654275942292,253.29330111455474,254.0928483801441
670749.0,11.179149627685547,3708.0,3708.0,10.552047729492188,61.0,91.0,0.6701078934158118,0.4207059115965541,0.9958727955818176,253.5230802725422,253.50479635260382,254.39032939412317
671029.0,11.183816909790039,3001.0,3001.0,9.713624954223633,30.0,4.0,0.6063615644228975,0.8726437489886587,0.9966597557067871,253.40495266307605,253.94283922863684,254.89152274738538
671308.0,11.188467025756836,3342.0,3342.0,8.929335594177246,29.0,4.0,0.6071523382290955,0.8760910701775848,0.9962801933288574,253.220432499978,253.81392138044666,254.8824660977393
671587.0,11.193117141723633,3125.0,3125.0,8.441522598266602,29.0,5.0,0.6077836732404699,0.8717621479503456,0.9965217113494873,253.33981509590285,253.88617011134133,254.88625769233568
671867.0,11.197783470153809,3467.0,3467.0,10.406952857971191,29.0,1.0,0.6052953529783691,0.8891589362957657,0.9961410760879517,253.14101924880245,253.78538501515837,254.8909295560529
672146.0,11.202433586120605,3350.0,3350.0,10.751764297485352,124.0,8.0,0.504660109628204,0.6630234941440649,0.9962713122367859,253.4187716850991,254.6443440349883,254.6795975556617
672425.0,11.207083702087402,3162.0,3162.0,9.226594924926758,39.0,6.0,0.6001928052766139,0.8336354700262059,0.9964805245399475,253.35437406494304,253.95117082949977,254.85069345043019
672705.0,11.211750030517578,3312.0,3312.0,7.455836772918701,56.0,226.0,0.9000681684061743,0.6750226048872765,0.9963135719299316,254.6945085231723,253.42541316109285,254.1863513050918
672984.0,11.216400146484375,3421.0,3421.0,10.661684036254883,30.0,3.0,0.6057379197186956,0.8770033911547239,0.9961922764778137,253.17748695925056,253.80008873151172,254.88057404443444
673263.0,11.221050262451172,3461.0,3461.0,11.173524856567383,169.0,60.0,0.41226717633844695,0.4394432183753506,0.9961477518081665,253.5860014035155,254.44935201864942,253.99488689499557
673543.0,11.225716590881348,3724.0,3724.0,14.059674263000488,29.0,2.0,0.6059082501712737,0.8847896636730757,0.9958550333976746,253.00784049687505,253.68969066068675,254.87822653593898
673822.0,11.230366706848145,4004.0,4004.0,13.21103286743164,74.0,8.0,0.5669944514854288,0.7261258476572152,0.995543360710144,253.03835633066421,254.02535125222352,254.68875763150925
674101.0,11.235016822814941,3572.0,3572.0,9.033637046813965,57.0,227.0,0.9018911079427363,0.6762972213197262,0.9960241913795471,254.6718200240249,253.30051757954413,254.1077393605647
674380.0,11.239666938781738,3355.0,3355.0,11.975654602050781,77.0,10.0,0.5646039325794964,0.7092837439630288,0.996265709400177,253.37234463453458,254.19955647555574,254.7231671595557
674660.0,11.244333267211914,3519.0,3519.0,8.17110824584961,28.0,1.0,0.606075608724021,0.8925769319182191,0.9960831999778748,253.10972443095318,253.75792143463693,254.89270755776295
674939.0,11.248983383178711,4157.0,4157.0,9.66547679901123,27.0,1.0,0.606849893066166,0.8960162161436949,0.9953730702400208,252.762952866751,253.52179805924007,254.8773129556596
675218.0,11.253633499145508,3615.0,3615.0,12.959659576416016,97.0,29.0,0.5477912788199019,0.571863677923692,0.9959763288497925,253.38721105410528,254.2242166578446,254.5607166592889
675498.0,11.258299827575684,2999.0,2999.0,11.059041976928711,73.0,1.0,0.5647439701011419,0.7639010344705692,0.9966619610786438,253.49856757184676,254.29384897330414,254.79903257826157
675777.0,11.26294994354248,3252.0,3252.0,6.771668434143066,57.0,226.0,0.9011314885339081,0.6717797006213114,0.9963803887367249,254.69705237742102,253.45694587830866,254.19259078006863
676056.0,11.267600059509277,3126.0,3126.0,12.77209758758545,26.0,4.0,0.6094874936750363,0.8865607727869957,0.9965206384658813,253.3261731189239,253.86589169433404,254.8993524986756
676336.0,11.272266387939453,3340.0,3340.0,10.522168159484863,77.0,140.0,0.7886185753172793,0.2885219329712378,0.9962823987007141,254.17876498153595,253.77849624289607,254.32552709446813
676615.0,11.27691650390625,3643.0,3643.0,9.992067337036133,63.0,91.0,0.6680412461087184,0.41101706167796526,0.995945155620575,253.54803919427434,253.54102907653652,254.3910002899567
676894.0,11.281566619873047,3109.0,3109.0,11.47287368774414,76.0,2.0,0.5619755965026633,0.7523384025127421,0.9965395331382751,253.45370321203205,254.28772806250996,254.78145868848827
677174.0,11.286232948303223,3461.0,3461.0,9.26161003112793,58.0,227.0,0.9029610862034295,0.6731061546478658,0.9961477518081665,254.6788845627068,253.35646885945812,254.1264235600428
677453.0,11.29088306427002,2931.0,2931.0,8.525943756103516,58.0,230.0,0.9051689295045481,0.6868121143592355,0.9967376589775085,254.73945994979636,253.596746128733,254.24693477826133
677732.0,11.295533180236816,3539.0,3539.0,10.712508201599121,35.0,7.0,0.6041975022176664,0.8424803642623534,0.9960609078407288,253.14928651109838,253.78365711914802,254.8417764876733
678012.0,11.300200462341309,3370.0,3370.0,11.452937126159668,26.0,32.0,0.6298458606710803,0.772907252466318,0.9962490200996399,253.304214435353,253.63086757497902,254.78278581546334
678291.0,11.304849624633789,3816.0,3816.0,8.220674514770508,57.0,227.0,0.9018911079427363,0.6762972213197262,0.9957526326179504,254.64940442097043,253.1844382141843,254.046795482879
678570.0,11.309499740600586,3604.0,3604.0,14.18988037109375,73.0,0.0,0.5642898143413986,0.7689975099563768,0.9959885478019714,253.19045651784648,254.1568405692099,254.76370286115895
678850.0,11.314167022705078,3512.0,3512.0,12.530385971069336,19.0,5.0,0.6153660298363413,0.9075445237938492,0.9960909485816956,253.0985441453151,253.6554522092019,254.90783963134965
679129.0,11.318817138671875,3474.0,3474.0,9.556255340576172,73.0,4.0,0.5661434840304798,0.7486499447108067,0.9961332678794861,253.2758019682692,254.16625402138854,254.7521646502687
679408.0,11.323466300964355,3462.0,3462.0,10.628405570983887,66.0,0.0,0.5715290947981063,0.7850682645036646,0.9961466193199158,253.24597037141717,254.12665988855517,254.78880548173987
679688.0,11.328133583068848,3099.0,3099.0,12.653589248657227,26.0,5.0,0.6101227082142912,0.8822832216464108,0.9965506792068481,253.34438734296845,253.8709490125298,254.8964590525241
679967.0,11.332783699035645,3162.0,3162.0,8.734535217285156,57.0,226.0,0.9011314885339081,0.6717797006213114,0.9964805245399475,254.70543336126568,253.49963415410755,254.21492759053984
680246.0,11.337432861328125,3183.0,3183.0,8.338574409484863,57.0,226.0,0.9011314885339081,0.6717797006213114,0.9964571595191956,254.7034777983686,253.48967355642114,254.20971566809658
680526.0,11.342100143432617,2956.0,2956.0,7.779852867126465,59.0,227.0,0.9040412085493152,0.6699457993650603,0.9967098236083984,254.7230861825861,253.59892385769712,254.24616340624152
680805.0,11.346750259399414,3036.0,3036.0,8.654214859008789,55.0,225.0,0.8982385725667572,0.6738368736250816,0.996620774269104,254.71894439857556,253.55765047866748,254.26670004042384
681084.0,11.351400375366211,3356.0,3356.0,6.324657440185547,57.0,226.0,0.9011314885339081,0.6717797006213114,0.996264636516571,254.68736435919112,253.4076002642601,254.16677049082156
681364.0,11.356066703796387,3320.0,3320.0,11.214067459106445,23.0,4.0,0.611767661970205,0.8972168509688376,0.9963046908378601,253.2122452829524,253.76921822539578,254.90314704435625
681643.0,11.360716819763184,3491.0,3491.0,11.64723014831543,36.0,7.0,0.6033630958945508,0.8391148922428314,0.9961143732070923,253.1777409043637,253.8093264007953,254.84058943125336
681922.0,11.36536693572998,3477.0,3477.0,10.666977882385254,74.0,1.0,0.5636797561122978,0.7617236973845878,0.9961299300193787,253.26141153117368,254.19042014687597,254.76485277870944
682202.0,11.370033264160156,3372.0,3372.0,9.108076095581055,24.0,2.0,0.6097567859441909,0.902173887868811,0.9962468147277832,253.17950118960815,253.76915805338194,254.9063743215613
682481.0,11.374683380126953,3678.0,3678.0,9.423669815063477,24.0,37.0,0.6356491014919112,0.7624905064295768,0.9959062337875366,253.16011785832274,253.45638712870866,254.75206137332094
682760.0,11.37933349609375,3396.0,3396.0,13.905851364135742,55.0,88.0,0.6706034245289855,0.45788407257064456,0.9962201118469238,253.61563657334514,253.5947871227106,254.47746991922054
683040.0,11.383999824523926,3582.0,3582.0,11.103240966796875,75.0,5.0,0.5644405292045783,0.7391402676459123,0.9960130453109741,253.23186227153403,254.15369376434668,254.73479083706277
683319.0,11.388649940490723,3528.0,3528.0,9.241250038146973,26.0,1.0,0.6076182380607049,0.8994765447716726,0.9960731863975525,253.09798296494745,253.73618752184862,254.89934209780432
683598.0,11.39330005645752,2891.0,2891.0,13.144989013671875,40.0,9.0,0.6012278746570604,0.8169390831574638,0.9967821836471558,253.50912304505403,254.03551304263453,254.8497906149954
683877.0,11.397950172424316,2993.0,2993.0,10.310510635375977,177.0,56.0,0.40362457352435016,0.4822891716176017,0.9966686367988586,253.74079888205682,254.56020588536109,254.0863816889576
684157.0,11.402616500854492,2979.0,2979.0,9.000635147094727,26.0,1.0,0.6076182380607049,0.8994765447716726,0.9966842532157898,253.3939632725226,253.93285432299018,254.9150058675302
684436.0,11.407266616821289,2773.0,2773.0,10.353839874267578,26.0,1.0,0.6076182380607049,0.8994765447716726,0.996913492679596,253.50499919360473,254.00663314831115,254.9208820729892
684715.0,11.411916732788086,3638.0,3638.0,10.406768798828125,25.0,3.0,0.6096233150795641,0.8943670102907986,0.9959507584571838,253.04395885317047,253.67610270195652,254.8909279599933
684995.0,11.416583061218262,3291.0,3291.0,12.131965637207031,77.0,139.0,0.785635507976265,0.2872398443487057,0.9963369369506836,254.18065327174781,253.7976136190924,254.33422422575623
685274.0,11.421233177185059,3202.0,3202.0,11.354225158691406,27.0,4.0,0.6087152671702931,0.8830498337255676,0.9964359998703003,253.28864658783465,253.84674177736582,254.8937133460185
685553.0,11.425883293151855,3580.0,3580.0,9.12889289855957,128.0,5.0,0.4993503915947939,0.6793827625872845,0.9960153102874756,253.29358609954457,254.67422214706798,254.668840910382
685833.0,11.430549621582031,3871.0,3871.0,8.838685035705566,32.0,4.0,0.6047612246486661,0.8658145043039702,0.9956914186477661,252.95005153710724,253.6567097483947,254.85257197325348
686112.0,11.435199737548828,3391.0,3391.0,13.527183532714844,24.0,3.0,0.6103822350011247,0.8979022072043381,0.9962256550788879,253.1733489230851,253.7570363477587,254.90173516714776
686391.0,11.439849853515625,3454.0,3454.0,6.409246444702148,56.0,226.0,0.9000681684061743,0.6750226048872765,0.9961555600166321,254.68141419667714,253.35792141180522,254.151475760366
686671.0,11.444517135620117,2980.0,2980.0,8.179280281066895,28.0,0.0,0.6054672165574752,0.896942561843535,0.9966831207275391,253.39555798657094,253.9526965801055,254.912833584474
686950.0,11.449166297912598,3412.0,3412.0,10.993120193481445,29.0,5.0,0.6077836732404699,0.8717621479503456,0.996202290058136,253.18735552189065,253.78388389615654,254.8758124077587
687229.0,11.453816413879395,3110.0,3110.0,11.629693984985352,25.0,6.0,0.6115324867544587,0.8815857230915126,0.9965384006500244,253.33910954142584,253.85396307119848,254.8954747900866
687509.0,11.458483695983887,3237.0,3237.0,12.062480926513672,41.0,10.0,0.6009983155171557,0.8091841145130787,0.996397078037262,253.33782095889194,253.92366193171313,254.82468884011166
687788.0,11.463132858276367,3137.0,3137.0,9.327672958374023,100.0,21.0,0.5402178589954928,0.610015094890158,0.9965083599090576,253.56649372065303,254.39064363587522,254.65276983296636
688067.0,11.467782974243164,4066.0,4066.0,10.564226150512695,24.0,36.0,0.6347818149358951,0.7661524778901146,0.9954743385314941,252.9617829047432,253.3000837658565,254.73012974631882
688347.0,11.472450256347656,3263.0,3263.0,9.755640983581543,98.0,21.0,0.5430068936501342,0.6128823375720699,0.9963681101799011,253.50625820957447,254.3485443259965,254.6414779821751
688626.0,11.477100372314453,3214.0,3214.0,9.515402793884277,74.0,1.0,0.5636797561122978,0.7617236973845878,0.9964226484298706,253.39291221608192,254.25165390465278,254.78263848315208
688905.0,11.481749534606934,3437.0,3437.0,6.585803031921387,58.0,228.0,0.9037069518519272,0.6776602213681718,0.9961744546890259,254.68555301568517,253.36341887571803,254.12729283410644
689185.0,11.486416816711426,3363.0,3363.0,8.663442611694336,27.0,0.0,0.606240072123525,0.9003651700539992,0.9962568283081055,253.18608475725384,253.8092568266801,254.90489767987995
689464.0,11.491066932678223,3306.0,3306.0,9.32050609588623,57.0,90.0,0.6721967313666282,0.44285953469926376,0.9963202476501465,253.67368804524773,253.64611173035382,254.47721457122088
689743.0,11.49571704864502,3953.0,3953.0,10.79290771484375,26.0,2.0,0.608235326676077,0.8951576339072821,0.9956001043319702,252.87368355476616,253.57790487734724,254.88236965453865
690023.0,11.500383377075195,3773.0,3773.0,11.593159675598145,128.0,8.0,0.4993340836219977,0.6627450980392157,0.9958004951477051,253.21940994262698,254.6388425827026,254.63317124204764
690302.0,11.505033493041992,3031.0,3031.0,10.311027526855469,28.0,4.0,0.6079368940212373,0.8795598493808306,0.9966263771057129,253.38306383454125,253.91632711204295,254.89638848937233
690581.0,11.509683609008789,2914.0,2914.0,9.419551849365234,78.0,3.0,0.5602285878145693,0.7430415376300296,0.9967565536499023,253.55836726310983,254.34331052321383,254.78747509834037
690861.0,11.514349937438965,3377.0,3377.0,9.24969482421875,58.0,228.0,0.9037069518519272,0.6776602213681718,0.9962412118911743,254.69104023363465,253.39197783086425,254.1425219018482
691140.0,11.519000053405762,3271.0,3271.0,7.404791831970215,57.0,227.0,0.9018911079427363,0.6762972213197262,0.9963592290878296,254.699475446494,253.44373138829908,254.18292933784105
691419.0,11.523650169372559,3379.0,3379.0,9.950384140014648,31.0,1.0,0.6037168023472993,0.8823877988757365,0.9962390065193176,253.19468969887964,253.8339508312944,254.88720362597235
691698.0,11.528300285339355,3214.0,3214.0,10.605886459350586,57.0,92.0,0.6757573285194036,0.4377601934028545,0.9964226484298706,253.73200241339853,253.6884397102385,254.4871109889955
691978.0,11.532966613769531,2566.0,2566.0,12.836175918579102,103.0,21.0,0.5359869980035161,0.6060695186510443,0.9971439242362976,253.83030066210472,254.52248475954357,254.71310069840706
692257.0,11.537616729736328,3164.0,3164.0,7.780019283294678,125.0,4.0,0.5032213200235655,0.6850633570354158,0.9964783191680908,253.48676489211883,254.69339655956708,254.7171778836075
692536.0,11.542266845703125,3293.0,3293.0,12.13351058959961,118.0,21.0,0.5141594437166084,0.5929873412882475,0.9963347315788269,253.5111248196752,254.5254169291867,254.61958828552653
692816.0,11.5469331741333,3352.0,3352.0,11.371809959411621,172.0,62.0,0.4050228637231106,0.43916316212552386,0.9962690472602844,253.63079031562935,254.4664237871157,253.99022734252236
693095.0,11.551583290100098,3130.0,3130.0,8.400527000427246,125.0,3.0,0.5031954529481375,0.6906081657499701,0.9965161681175232,253.49810236970308,254.70161765953796,254.72514337023375
693374.0,11.556233406066895,2977.0,2977.0,9.959617614746094,42.0,9.0,0.59947545534067,0.8103995340844481,0.9966864585876465,253.47029737358096,254.02240720733167,254.83979650611874
693654.0,11.56089973449707,2950.0,2950.0,10.660400390625,79.0,140.0,0.7901456340308138,0.2777677814425848,0.9967164993286133,254.27474878048662,253.93013440109803,254.39528025649474
693933.0,11.565549850463867,3463.0,3463.0,9.03896713256836,30.0,0.0,0.6039037684205792,0.8901615264953856,0.996145486831665,253.1421586139901,253.80112425401663,254.89203967015908
694212.0,11.570199966430664,3487.0,3487.0,8.12563705444336,24.0,29.0,0.6289386745318087,0.7923994969121644,0.9961187839508057,253.22604412803426,253.58110035120785,254.79453568687663
694492.0,11.57486629486084,3459.0,3459.0,8.67221450805664,80.0,8.0,0.5602147313856393,0.713175827990645,0.9961499571800232,253.31807092454213,254.212481987747,254.7184072372697
694771.0,11.579516410827637,7729.0,7729.0,3.7989132404327393,209.0,84.0,0.3280298005262756,0.5123466002924375,0.9913972616195679,251.75389769472937,253.93023557240681,251.6823678535728
695050.0,11.584166526794434,22700.0,22700.0,1.446789026260376,212.0,86.0,0.3226577072862583,0.5220990963017391,0.974733829498291,245.62423851220706,251.92094494248093,245.1933081016475
695330.0,11.588833808898926,59392.0,59392.0,1.0370724201202393,214.0,88.0,0.3181769062131166,0.5273744386477444,0.9338938593864441,230.86983353427513,247.0329197868402,229.25294850024628
695609.0,11.593482971191406,139205.0,139205.0,0.9195530414581299,214.0,88.0,0.3181769062131166,0.5273744386477444,0.8450582027435303,198.44290370612677,236.32648925415708,194.65319414504336
695888.0,11.598133087158203,269100.0,269100.0,1.142249584197998,214.0,88.0,0.3181769062131166,0.5273744386477444,0.7004787921905518,145.66830195537287,218.90184836064927,138.34233565653213
696168.0,11.602800369262695,402840.0,402840.0,1.3639260530471802,213.0,87.0,0.3204060442831853,0.5246847793171237,0.551619827747345,89.97843123466498,200.6539102663553,80.67220188479062
696447.0,11.607449531555176,449217.0,449217.0,1.5772489309310913,213.0,88.0,0.3188788467546524,0.5223346873098603,0.5,72.45394935076165,194.0976726320072,60.9023273679928
696726.0,11.612099647521973,394510.0,394510.0,1.9230713844299316,212.0,87.0,0.32113314302560647,0.5196781306511985,0.5608915090560913,93.35670108282821,201.21708013963712,84.83758947896946
697006.0,11.616766929626465,296019.0,296019.0,2.125537633895874,212.0,87.0,0.32113314302560647,0.5196781306511985,0.6705167293548584,133.7116079431421,214.64420477876502,127.31932719221278
697285.0,11.621417045593262,213664.0,213664.0,2.8332619667053223,214.0,90.0,0.31510551813324594,0.5228643789598624,0.7621817588806152,169.58364273989392,226.06475368635145,162.64794334276232
697564.0,11.626066207885742,154528.0,154528.0,3.176990270614624,216.0,91.0,0.3122574707462063,0.5309201460304332,0.8280029296875,193.74419608143648,234.42650804052786,187.85498610009714
697844.0,11.630733489990234,119597.0,119597.0,3.4370839595794678,218.0,84.0,0.3213107523580278,0.5568765532670805,0.8668828010559082,204.87917348987506,239.9582252360379,202.1520033024753
698123.0,11.635383605957031,96184.0,96184.0,3.0512728691101074,61.0,127.0,0.7488033688416427,0.36881513786828174,0.8929426074028015,227.55578524955203,217.63184620002298,237.7688835754058
698402.0,11.640033721923828,79150.0,79150.0,2.793806552886963,61.0,127.0,0.7488033688416427,0.36881513786828174,0.9119022488594055,232.4160985740534,224.2496684797834,240.82047843851342
698682.0,11.644700050354004,74804.0,74804.0,2.621410846710205,61.0,127.0,0.7488033688416427,0.36881513786828174,0.9167395830154419,233.65615154169322,225.93812961580943,241.59905772206594
698961.0,11.6493501663208,67057.0,67057.0,2.4364118576049805,61.0,127.0,0.7488033688416427,0.36881513786828174,0.9253623485565186,235.86660168914307,228.94788747655267,242.9869102872718
699240.0,11.654000282287598,61025.0,61025.0,2.47627592086792,61.0,127.0,0.7488033688416427,0.36881513786828174,0.9320762753486633,237.5877200933216,231.2913692565976,244.0675311712207
699520.0,11.658666610717773,55379.0,55379.0,2.3995471000671387,61.0,127.0,0.7488033688416427,0.36881513786828174,0.9383605122566223,239.19868728634503,233.48486870203664,245.07899254884074
699799.0,11.66331672668457,54408.0,54408.0,2.408851146697998,61.0,127.0,0.7488033688416427,0.36881513786828174,0.9394413232803345,239.4757537188427,233.86212347709682,245.25295139587377
700078.0,11.667966842651367,49572.0,49572.0,2.313119649887085,61.0,127.0,0.7488033688416427,0.36881513786828174,0.9448239803314209,240.8556004763089,235.74092840273437,246.1193015662903
700357.0,11.672616958618164,44576.0,44576.0,2.3133678436279297,61.0,127.0,0.7488033688416427,0.36881513786828174,0.950384795665741,242.2811181964804,237.68191909590377,247.01432669362413
700637.0,11.67728328704834,43064.0,43064.0,2.253906488418579,61.0,127.0,0.7488033688416427,0.36881513786828174,0.9520677328109741,242.71253995358467,238.2693447052251,247.2851990283717
700916.0,11.681933403015137,40094.0,40094.0,2.4823012351989746,61.0,127.0,0.7488033688416427,0.36881513786828174,0.9553734660148621,243.55996627094822,239.4232038062902,247.81726386128946
701195.0,11.686583518981934,37820.0,37820.0,2.4354939460754395,61.0,127.0,0.7488033688416427,0.36881513786828174,0.9579045176506042,244.2088025908942,240.3066619636914,248.22464203811677
701475.0,11.69124984741211,36070.0,36070.0,2.290876865386963,60.0,127.0,0.7488210960573292,0.3743609189735865,0.9598523378372192,244.70812725973045,240.9297686445065,248.5949236524753
701754.0,11.695899963378906,34529.0,34529.0,2.436352014541626,61.0,127.0,0.7488033688416427,0.36881513786828174,0.9615675806999207,245.14783058822377,241.5852462826733,248.81421987428624
702033.0,11.700550079345703,32906.0,32906.0,2.389055013656616,60.0,127.0,0.7488210960573292,0.3743609189735865,0.9633740186691284,245.61091185542867,242.16398407314747,249.15676544810802
702313.0,11.705216407775879,32008.0,32008.0,2.3213253021240234,61.0,127.0,0.7488033688416427,0.36881513786828174,0.9643735885620117,245.86715207075247,242.56467732251826,249.2658528441077
702592.0,11.709866523742676,30975.0,30975.0,2.3330705165863037,61.0,127.0,0.7488033688416427,0.36881513786828174,0.965523362159729,246.16189709269477,242.96600333646583,249.45091136499596
702871.0,11.714516639709473,29924.0,29924.0,2.355034112930298,60.0,127.0,0.7488210960573292,0.3743609189735865,0.9666931629180908,246.46177609948887,243.327218118901,249.68629496932533
703151.0,11.719182968139648,27213.0,27213.0,2.5768485069274902,61.0,127.0,0.7488033688416427,0.36881513786828174,0.969710648059845,247.23530987322715,244.4275665197644,250.12486399075652
703430.0,11.723833084106445,27323.0,27323.0,2.4111032485961914,61.0,127.0,0.7488033688416427,0.36881513786828174,0.9695882201194763,247.20392541106696,244.38483330915537,250.10515895177755
703709.0,11.728483200073242,27062.0,27062.0,2.449012279510498,61.0,127.0,0.7488033688416427,0.36881513786828174,0.9698786735534668,247.2783832903788,244.48621545876483,250.15190805350323
703989.0,11.733149528503418,26859.0,26859.0,2.5592575073242188,60.0,127.0,0.7488210960573292,0.3743609189735865,0.9701046347618103,247.33630856741235,244.5228094813386,250.23055424718464
704268.0,11.737799644470215,24964.0,24964.0,2.356318712234497,61.0,127.0,0.7488033688416427,0.36881513786828174,0.972213864326477,247.87701058274044,245.30130880114106,250.52776200536223
704547.0,11.742449760437012,24925.0,24925.0,2.5749988555908203,61.0,127.0,0.7488033688416427,0.36881513786828174,0.9722572565078735,247.88813418958202,245.316454749205,250.5347460698105
704827.0,11.747117042541504,22295.0,22295.0,2.569373607635498,61.0,127.0,0.7488033688416427,0.36881513786828174,0.9751846194267273,248.63856510003578,246.33824451193215,251.00591139569877
705106.0,11.751766204833984,23334.0,23334.0,2.6787335872650146,61.0,127.0,0.7488033688416427,0.36881513786828174,0.9740281701087952,248.34210875396397,245.9345883521286,250.81977840335693
705385.0,11.756416320800781,22096.0,22096.0,2.9964957237243652,61.0,127.0,0.7488033688416427,0.36881513786828174,0.9754061102867126,248.69534438990294,246.41555542265425,251.0415608235692
705665.0,11.761083602905273,21224.0,21224.0,2.550844192504883,61.0,127.0,0.7488033688416427,0.36881513786828174,0.9763766527175903,248.94414341490486,246.7543211813431,251.19777170462797
705944.0,11.76573371887207,20251.0,20251.0,2.6808273792266846,60.0,127.0,0.7488210960573292,0.3743609189735865,0.9774596691131592,249.22177520398697,247.1004697827402,251.403961464971
706223.0,11.77038288116455,20914.0,20914.0,2.591639995574951,60.0,127.0,0.7488210960573292,0.3743609189735865,0.9767217040061951,249.0325974895577,246.84184103008286,251.28622801307662
706503.0,11.775050163269043,20396.0,20396.0,2.4944005012512207,60.0,127.0,0.7488210960573292,0.3743609189735865,0.9772982597351074,249.18039783134546,247.0439019237469,251.3782105411579
706782.0,11.77970027923584,19745.0,19745.0,2.690868377685547,61.0,127.0,0.7488033688416427,0.36881513786828174,0.9780228734016418,249.366152889297,247.32893098845653,251.4627344463808
707061.0,11.784350395202637,17739.0,17739.0,2.736355781555176,61.0,127.0,0.7488033688416427,0.36881513786828174,0.980255663394928,249.9385296918869,248.1082815577917,251.82210677362156
707341.0,11.789016723632812,19217.0,19217.0,2.762432813644409,61.0,128.0,0.7511966311583573,0.36881513786828174,0.9786105751991272,249.5745828201453,247.53406704327884,251.55732630827603
707620.0,11.79366683959961,17917.0,17917.0,3.0020663738250732,60.0,127.0,0.7488210960573292,0.3743609189735865,0.9800575375556946,249.88774004393534,248.01092404205434,251.8184201113499
707899.0,11.798316955566406,17171.0,17171.0,2.8950064182281494,60.0,127.0,0.7488210960573292,0.3743609189735865,0.9808878302574158,250.10058598222787,248.30191011139576,251.9508833198863
708179.0,11.802983283996582,16619.0,16619.0,2.9347033500671387,61.0,128.0,0.7511966311583573,0.36881513786828174,0.9815022349357605,250.3080509035313,248.54339468665114,252.0227451305867
708458.0,11.807633399963379,18042.0,18042.0,2.6918258666992188,61.0,127.0,0.7488033688416427,0.36881513786828174,0.979918360710144,249.8520619843093,247.99054677744286,251.7678171847306
708737.0,11.812283515930176,16230.0,16230.0,3.0265867710113525,61.0,127.0,0.7488033688416427,0.36881513786828174,0.9819352626800537,250.3690957869264,248.69454209418507,252.09244187264233
709016.0,11.816933631896973,16104.0,16104.0,2.911999225616455,60.0,128.0,0.7511789039426708,0.3743609189735865,0.9820754528045654,250.45344732997563,248.71812672529578,252.1403542050326
709296.0,11.821599960327148,16060.0,16060.0,3.193084239959717,61.0,127.0,0.7488033688416427,0.36881513786828174,0.9821244478225708,250.41759349038134,248.76057676335404,252.12289162615707
709575.0,11.826250076293945,15156.0,15156.0,3.2540059089660645,61.0,128.0,0.7511966311583573,0.36881513786828174,0.9831306338310242,250.72109348996207,249.111783836524,252.28483941729831
709854.0,11.830900192260742,15311.0,15311.0,2.908688545227051,61.0,127.0,0.7488033688416427,0.36881513786828174,0.9829581379890442,250.631310370729,249.05157453199502,252.25707584241752
710134.0,11.835566520690918,16139.0,16139.0,2.781583786010742,60.0,127.0,0.7488210960573292,0.3743609189735865,0.9820365309715271,250.39505596950525,248.70448610050903,252.1341446949698
710413.0,11.840216636657715,15019.0,15019.0,3.084120273590088,61.0,127.0,0.7488033688416427,0.36881513786828174,0.9832831621170044,250.71463046428275,249.16502350835873,252.3093891713135
710692.0,11.844866752624512,14616.0,14616.0,3.054715871810913,60.0,127.0,0.7488210960573292,0.3743609189735865,0.9837316870689392,250.82961006031934,249.29857395492897,252.40458645023003
710972.0,11.849533081054688,13563.0,13563.0,3.3055689334869385,61.0,127.0,0.7488033688416427,0.36881513786828174,0.9849037528038025,251.1300696763921,249.730687219775,252.57022671016426
711251.0,11.854183197021484,13794.0,13794.0,3.5583901405334473,61.0,127.0,0.7488033688416427,0.36881513786828174,0.9846466183662415,251.06415313804794,249.6409349945718,252.52884037221133
711530.0,11.858833312988281,13382.0,13382.0,2.808971881866455,61.0,127.0,0.7488033688416427,0.36881513786828174,0.9851052165031433,251.18171499387088,249.8010076929291,252.602652723674
711810.0,11.863499641418457,13672.0,13672.0,3.2409965991973877,61.0,127.0,0.7488033688416427,0.36881513786828174,0.9847823977470398,251.09896024846705,249.68832849689286,252.55069435409743
712089.0,11.868149757385254,13437.0,13437.0,3.310647964477539,60.0,127.0,0.7488210960573292,0.3743609189735865,0.985044002532959,251.16602276838728,249.7584907021429,252.6139505896662
712368.0,11.87279987335205,13200.0,13200.0,3.2865731716156006,60.0,127.0,0.7488210960573292,0.3743609189735865,0.9853077530860901,251.2336353510825,249.85092525755107,252.65602881635488
712648.0,11.877466201782227,12653.0,12653.0,3.547977924346924,61.0,127.0,0.7488033688416427,0.36881513786828174,0.9859166145324707,251.3897172740005,250.084224438801,252.73324897275907
712927.0,11.882116317749023,13080.0,13080.0,3.174492597579956,60.0,127.0,0.7488210960573292,0.3743609189735865,0.9854413270950317,251.26787711330175,249.89773787645947,252.6773389420067
713206.0,11.88676643371582,12908.0,12908.0,3.512615919113159,61.0,127.0,0.7488033688416427,0.36881513786828174,0.9856327772140503,251.31695543913844,249.98515163017382,252.68756474899183
713486.0,11.891433715820312,14441.0,14441.0,3.4159677028656006,61.0,128.0,0.7511966311583573,0.36881513786828174,0.9839264750480652,250.92295822693222,249.38957051035644,252.4129317641568
713765.0,11.896082878112793,12543.0,12543.0,3.4375388622283936,60.0,128.0,0.7511789039426708,0.3743609189735865,0.9860390424728394,251.4588099197632,250.10721442372122,252.77269723742685
714044.0,11.90073299407959,12823.0,12823.0,3.5174238681793213,61.0,128.0,0.7511966311583573,0.36881513786828174,0.9857273697853088,251.3797542996416,250.01816896475827,252.70278962574923
714324.0,11.905400276184082,12610.0,12610.0,3.585693359375,61.0,128.0,0.7511966311583573,0.36881513786828174,0.9859644770622253,251.4398964449133,250.10093075239348,252.74095254934144
714603.0,11.910050392150879,13298.0,13298.0,3.3443503379821777,61.0,128.0,0.7511966311583573,0.36881513786828174,0.9851986765861511,251.24565152725359,249.83362973491305,252.61769532402403
714882.0,11.91469955444336,12731.0,12731.0,3.272972583770752,61.0,127.0,0.7488033688416427,0.36881513786828174,0.985829770565033,251.36745478063764,250.05391173779933,252.71927125036748
715162.0,11.919366836547852,11017.0,11017.0,3.048861503601074,60.0,127.0,0.7488210960573292,0.3743609189735865,0.9877375364303589,251.85651149426238,250.70247207138476,253.04367150809827
715441.0,11.924016952514648,10812.0,10812.0,3.5678162574768066,60.0,128.0,0.7511789039426708,0.3743609189735865,0.9879657030105591,251.94750642721147,250.7824357952497,253.08007274013542
715720.0,11.928667068481445,10410.0,10410.0,4.4062604904174805,60.0,128.0,0.7511789039426708,0.3743609189735865,0.9884131550788879,252.06100242651274,250.9392507573851,253.15145833284774
716000.0,11.933333396911621,10864.0,10864.0,4.142705917358398,60.0,127.0,0.7488210960573292,0.3743609189735865,0.9879078269004822,251.90016553917997,250.76215241597257,253.07083930327335
716279.0,11.937983512878418,10660.0,10660.0,4.474376201629639,60.0,127.0,0.7488210960573292,0.3743609189735865,0.9881349205970764,251.95838111885652,250.8417401348664,253.10706936964257
716558.0,11.942633628845215,9925.0,9925.0,4.664862632751465,60.0,128.0,0.7511789039426708,0.3743609189735865,0.9889529943466187,252.19793239396597,251.1284439253697,253.2375831914058
716838.0,11.94729995727539,10277.0,10277.0,4.899906635284424,22.0,36.0,0.6362915202992853,0.7744973937948416,0.98856121301651,249.82398508895378,250.64743983882735,254.34223354946633
717117.0,11.951950073242188,10385.0,10385.0,3.941415309906006,60.0,128.0,0.7511789039426708,0.3743609189735865,0.988440990447998,252.06806285433657,250.94900599747,253.155899131009
717396.0,11.956600189208984,10056.0,10056.0,4.401602745056152,60.0,128.0,0.7511789039426708,0.3743609189735865,0.988807201385498,252.16095208035324,251.07734902762314,253.21432367898086
717675.0,11.961250305175781,9756.0,9756.0,4.302192687988281,60.0,127.0,0.7488210960573292,0.3743609189735865,0.9891411066055298,252.21631739195894,251.19437013031165,253.26759423850854
717955.0,11.965916633605957,9930.0,9930.0,4.321278095245361,61.0,127.0,0.7488033688416427,0.36881513786828174,0.9889474511146545,252.16667370846108,251.14213146229602,253.2210686061778
718234.0,11.970566749572754,9591.0,9591.0,4.6472015380859375,60.0,127.0,0.7488210960573292,0.3743609189735865,0.9893247485160828,252.26339408513044,251.25872964787382,253.2968920953284
718513.0,11.97521686553955,9971.0,9971.0,4.429250717163086,23.0,37.0,0.6364069365699179,0.7666741888202268,0.9889017939567566,250.0002368895043,250.7880987953141,254.33967802844157
718793.0,11.979883193969727,9411.0,9411.0,5.108494758605957,17.0,35.0,0.6390754492384811,0.7992018317412166,0.9895250797271729,250.19414358573547,250.90094838025195,254.46364707512268
719072.0,11.984533309936523,9686.0,9686.0,3.9955615997314453,61.0,128.0,0.7511966311583573,0.36881513786828174,0.9892190098762512,252.26540710758883,251.23691846693805,253.26477656995007
719351.0,11.98918342590332,9101.0,9101.0,5.2628583908081055,174.0,6.0,0.44182597069447704,0.7214940285393865,0.9898701310157776,250.55318021361256,254.280586604434,252.97955711275458
719631.0,11.993849754333496,9799.0,9799.0,4.453912734985352,60.0,128.0,0.7511789039426708,0.3743609189735865,0.9890932440757751,252.2335066694896,251.17759613076527,253.25995834788006
719910.0,11.998499870300293,8843.0,8843.0,4.382782936096191,61.0,127.0,0.7488033688416427,0.36881513786828174,0.9901573061943054,252.47682064756867,251.56442878894754,253.41579737014823
720189.0,12.00314998626709,8813.0,8813.0,5.326569557189941,27.0,35.0,0.6315933216728796,0.7575126743159661,0.9901906847953796,250.60380107138747,251.40129467284916,254.39344817425615
720469.0,12.007816314697266,9438.0,9438.0,4.264804363250732,60.0,127.0,0.7488210960573292,0.3743609189735865,0.989495038986206,252.30704813004803,251.31840999246165,253.32405989050343
720748.0,12.012466430664062,9043.0,9043.0,5.312159538269043,174.0,6.0,0.44182597069447704,0.7214940285393865,0.9899346828460693,250.5815172391591,254.28517101233626,252.99243223350635
721027.0,12.01711654663086,9252.0,9252.0,4.737430572509766,61.0,127.0,0.7488033688416427,0.36881513786828174,0.9897021055221558,252.3601297334902,251.40554196839193,253.3425318479075
721307.0,12.021782875061035,9039.0,9039.0,4.408447265625,61.0,127.0,0.7488033688416427,0.36881513786828174,0.9899391531944275,252.42089701976624,251.48828295115342,253.3806851780046
721586.0,12.026432991027832,8635.0,8635.0,5.427955627441406,60.0,127.0,0.7488210960573292,0.3743609189735865,0.990388810634613,252.53616692722656,251.6316430225962,253.46665040105646
721865.0,12.031083106994629,8695.0,8695.0,6.530056476593018,61.0,128.0,0.7511966311583573,0.36881513786828174,0.9903220534324646,252.54519356822163,251.62193345989368,253.44231379066326
722145.0,12.035750389099121,8886.0,8886.0,5.342602729797363,60.0,127.0,0.7488210960573292,0.3743609189735865,0.9901094436645508,252.46455106844857,251.53373550594128,253.42208076297962
722424.0,12.040399551391602,9399.0,9399.0,5.506288528442383,60.0,127.0,0.7488210960573292,0.3743609189735865,0.9895384907722473,252.31818701655308,251.3336381937933,253.33099210005284
722703.0,12.045049667358398,8377.0,8377.0,5.272797584533691,60.0,128.0,0.7511789039426708,0.3743609189735865,0.9906759858131409,252.63496834065594,251.73228701987455,253.5124657448273
722983.0,12.04971694946289,8560.0,8560.0,4.274675369262695,60.0,127.0,0.7488210960573292,0.3743609189735865,0.9904723167419434,252.55757375849345,251.6609087428509,253.47997279554022
723262.0,12.054367065429688,8253.0,8253.0,5.310626029968262,18.0,34.0,0.6375183524549121,0.7985473162089576,0.9908140301704407,250.78704264714875,251.44131796643734,254.528112739776
723541.0,12.059016227722168,8589.0,8589.0,4.290167808532715,60.0,127.0,0.7488210960573292,0.3743609189735865,0.9904400110244751,252.54929217209326,251.6495868153862,253.4748188070961
723821.0,12.06368350982666,7665.0,7665.0,5.230961799621582,21.0,35.0,0.6361784124118686,0.7823209979227513,0.9914684891700745,251.12249782147364,251.74517782262038,254.52643165526433
724100.0,12.068333625793457,7492.0,7492.0,5.203722953796387,22.0,36.0,0.6362915202992853,0.7744973937948416,0.9916610717773438,251.22666136847283,251.8269636613394,254.52048523797248
724379.0,12.072983741760254,7350.0,7350.0,5.530895233154297,22.0,37.0,0.6371565288596782,0.7708750651130647,0.9918190836906433,251.30571792098576,251.87519809889068,254.52201476124233
724659.0,12.07765007019043,8179.0,8179.0,6.537181854248047,24.0,32.0,0.6313947452567684,0.7810225062857504,0.9908964037895203,250.8655040165545,251.6329133552706,254.49166191610084
724938.0,12.082300186157227,7239.0,7239.0,5.5663347244262695,174.0,5.0,0.44226013040915424,0.7266762959268035,0.9919426441192627,251.45232642118557,254.4384220796384,253.40392143620926
725217.0,12.086950302124023,7624.0,7624.0,6.233315467834473,21.0,33.0,0.6344905227549205,0.7896387856258745,0.9915141463279724,251.12741372054538,251.78716377197256,254.54480090672055
725497.0,12.0916166305542,7777.0,7777.0,5.597118377685547,24.0,37.0,0.6356491014919112,0.7624905064295768,0.9913438558578491,251.10962517242913,251.73607753347082,254.47574131507392
725776.0,12.096266746520996,7432.0,7432.0,4.937716960906982,22.0,36.0,0.6362915202992853,0.7744973937948416,0.9917278289794922,251.25686879118635,251.85236537036346,254.52432398835467
726055.0,12.100916862487793,7137.0,7137.0,5.336508750915527,60.0,127.0,0.7488210960573292,0.3743609189735865,0.9920561909675598,252.96360068729803,252.21599652609635,253.73266086735916
726334.0,12.10556697845459,7430.0,7430.0,6.751436233520508,62.0,129.0,0.7536441327291781,0.36335401991838434,0.9917300343513489,252.9246668198831,252.12490281752272,253.6574147016652
726614.0,12.110233306884766,7917.0,7917.0,6.5895185470581055,172.0,4.0,0.44495749195453765,0.7280294724294303,0.9911879897117615,251.11700956019598,254.38886519280237,253.3083183529144
726893.0,12.114883422851562,7503.0,7503.0,6.304778099060059,16.0,34.0,0.6389388323295404,0.8070146141590988,0.99164879322052,251.15185806242187,251.7236894812575,254.58902648004334
727172.0,12.11953353881836,7900.0,7900.0,5.7936296463012695,59.0,130.0,0.7558059976491963,0.38014950821577237,0.9912069439888,252.81715787682774,251.90538835795928,253.61015307632874
727452.0,12.124199867248535,7163.0,7163.0,6.271183013916016,22.0,35.0,0.6354345904105668,0.7781423872138897,0.992027223110199,251.3849332044536,251.97784619647328,254.54895058174787
727731.0,12.128849983215332,6982.0,6982.0,8.999935150146484,175.0,3.0,0.44199122626519116,0.7390154198997969,0.9922286868095398,251.55381946487435,254.48281080799094,253.46336763142656
728010.0,12.133500099182129,7618.0,7618.0,5.290746688842773,20.0,36.0,0.6377689098047485,0.7829105094586726,0.9915208220481873,251.14500805212643,251.73202607040636,254.53061119244907
728290.0,12.138166427612305,7223.0,7223.0,7.694572925567627,16.0,33.0,0.6381044514015601,0.8105892787684074,0.9919604659080505,251.28814497053995,251.8577122748534,254.61169264256583
728569.0,12.142816543579102,7561.0,7561.0,6.996827602386475,39.0,103.0,0.707016631420116,0.509275744493352,0.9915842413902283,252.2902554622521,251.76106641298392,253.9468966960325
728848.0,12.147466659545898,6604.0,6604.0,6.3736443519592285,23.0,36.0,0.6355407563008771,0.7703162719202307,0.9926494359970093,251.68173011911722,252.2210336010365,254.5694822393575
729128.0,12.152132987976074,6903.0,6903.0,6.328273296356201,22.0,34.0,0.6345856755381976,0.7818097283641714,0.9923166036605835,251.50896066216526,252.09865031888774,254.57250720473232
729407.0,12.156783103942871,6543.0,6543.0,6.024722576141357,22.0,35.0,0.6354345904105668,0.7781423872138897,0.9927173256874084,251.69784386868935,252.2394358731147,254.58799223188896
729686.0,12.161433219909668,6604.0,6604.0,6.573379993438721,26.0,33.0,0.6306816902469089,0.7691174908459083,0.9926494359970093,251.6839771069553,252.30650096502058,254.56723525151943
729966.0,12.166099548339844,7013.0,7013.0,7.540950775146484,26.0,34.0,0.6315257740207781,0.7653491512618132,0.9921941757202148,251.4860986568595,252.1285090982025,254.53293096045007
730245.0,12.17074966430664,6497.0,6497.0,5.090060234069824,24.0,37.0,0.6356491014919112,0.7624905064295768,0.9927685260772705,251.74992194524253,252.27326973593443,254.56202635416543
730524.0,12.175399780273438,6917.0,6917.0,5.77827262878418,174.0,5.0,0.44226013040915424,0.7266762959268035,0.9923010468482971,251.61013202282348,254.46340186980805,253.47491729657378
730804.0,12.18006706237793,6374.0,6374.0,6.322397232055664,61.0,127.0,0.7488033688416427,0.36881513786828174,0.9929054379463196,253.181305561082,252.52365829641596,253.85811505620703
731083.0,12.18471622467041,7230.0,7230.0,6.201604843139648,174.0,4.0,0.44268813844876564,0.7318638942507033,0.991952657699585,251.44609009843484,254.4497653283535,253.41688801482167
731362.0,12.189366340637207,7076.0,7076.0,7.913839340209961,13.0,30.0,0.6377351746548103,0.8340412218276771,0.992124080657959,251.31658601306125,251.89812794269233,254.66669512249783
731642.0,12.1940336227417,6849.0,6849.0,6.267877578735352,61.0,127.0,0.7488033688416427,0.36881513786828174,0.9923767447471619,253.04577480189963,252.3391190665707,253.77302075448185
731921.0,12.198683738708496,7876.0,7876.0,5.161397933959961,23.0,36.0,0.6355407563008771,0.7703162719202307,0.9912336468696594,251.04259951402963,251.68577801910806,254.48656038949667
732200.0,12.203332901000977,6904.0,6904.0,8.260602951049805,26.0,33.0,0.6306816902469089,0.7691174908459083,0.9923155307769775,251.53334412786936,252.18414662764403,254.5475765683892
732480.0,12.208000183105469,6626.0,6626.0,6.977129936218262,24.0,35.0,0.6339228048891923,0.7698369834978649,0.9926249384880066,251.6715725620281,252.24044611367958,254.56714606685526
732759.0,12.212650299072266,7006.0,7006.0,6.946585655212402,24.0,36.0,0.6347818149358951,0.7661524778901146,0.9922019839286804,251.48801622121806,252.07093113216783,254.53499558240895
733038.0,12.217300415039062,6640.0,6640.0,6.595892906188965,24.0,35.0,0.6339228048891923,0.7698369834978649,0.9926093816757202,251.664551641487,252.23462516401918,254.5662330131303
733318.0,12.221966743469238,6477.0,6477.0,6.14465856552124,61.0,126.0,0.7464106475381946,0.3688985236115739,0.9927908182144165,253.13244872067773,252.48349723280316,253.83982005654926
733597.0,12.226616859436035,6795.0,6795.0,5.552125453948975,58.0,130.0,0.755722530621453,0.3856918069322195,0.9924368262290955,253.12247105955197,252.3275418781695,253.81523949866917
733876.0,12.231266975402832,6911.0,6911.0,5.631771564483643,60.0,128.0,0.7511789039426708,0.3743609189735865,0.992307722568512,253.0488575742874,252.3041488026664,253.7727897072747
734156.0,12.235933303833008,7138.0,7138.0,7.386722564697266,24.0,36.0,0.6347818149358951,0.7661524778901146,0.9920550584793091,251.42184557086765,252.01574340804544,254.52623425358
734435.0,12.240583419799805,6313.0,6313.0,7.00020694732666,26.0,34.0,0.6315257740207781,0.7653491512618132,0.9929733276367188,251.83684482635806,252.41513195303068,254.5795522683685
734714.0,12.245233535766602,5478.0,5478.0,8.89470386505127,24.0,32.0,0.6313947452567684,0.7810225062857504,0.9939027428627014,252.23086519202428,252.7448480137063,254.65953366795344
734993.0,12.249883651733398,5494.0,5494.0,9.86065673828125,26.0,2.0,0.608235326676077,0.8951576339072821,0.9938849210739136,252.04479518027688,253.02353860828742,254.83651456741904
735273.0,12.254549980163574,6676.0,6676.0,7.849546432495117,37.0,103.0,0.7079224340810629,0.5199739738555386,0.9925692677497864,252.60767224598067,252.11989749511147,254.09042905727958
735552.0,12.259200096130371,6503.0,6503.0,6.536006927490234,22.0,35.0,0.6354345904105668,0.7781423872138897,0.9927618503570557,251.7180325252953,252.25631335527493,254.59051115680307
735831.0,12.263850212097168,5860.0,5860.0,8.328583717346191,25.0,31.0,0.629797188195799,0.7807467910346353,0.9934775233268738,252.03820575165673,252.61273370432363,254.6353311450489
736111.0,12.268516540527344,6707.0,6707.0,7.575112342834473,12.0,41.0,0.6476939121186341,0.8002786904038457,0.9925348162651062,251.57295014454093,251.91979365142507,254.61980615066324
736390.0,12.27316665649414,6653.0,6653.0,7.51451301574707,26.0,33.0,0.6306816902469089,0.7691174908459083,0.9925948977470398,251.6593735411103,252.28651627764117,254.56402430987998
736669.0,12.277816772460938,6164.0,6164.0,6.712273597717285,25.0,34.0,0.6323030052378852,0.7694373484183749,0.9931391477584839,251.90433870947976,252.45943993647373,254.59662664734702
736949.0,12.282483100891113,6100.0,6100.0,7.166405200958252,23.0,35.0,0.6346827532864503,0.7739809562056497,0.9932104349136353,251.9286374131469,252.44294775586107,254.60868439280708
737228.0,12.28713321685791,5871.0,5871.0,7.635040283203125,25.0,35.0,0.633154648462281,0.7657107525398681,0.9934653043746948,252.05771250580497,252.57082444402963,254.6095927252894
737507.0,12.291783332824707,6585.0,6585.0,7.671438217163086,172.0,0.0,0.44655558677085594,0.7489374762485107,0.9926705956459045,251.7312391618686,254.53076461754273,253.63305064575138
737787.0,12.296449661254883,6243.0,6243.0,7.818026542663574,66.0,11.0,0.5773039962446163,0.730602022750983,0.9930512309074402,251.93348376896054,253.321729400032,254.52264399383395
738066.0,12.30109977722168,5476.0,5476.0,7.663924217224121,24.0,31.0,0.6305681500891831,0.7847939706170028,0.9939049482345581,252.2260050314024,252.7543819505017,254.66551856822224
738345.0,12.305749893188477,4994.0,4994.0,8.056623458862305,36.0,102.0,0.7067429344533048,0.5267908982879556,0.9944414496421814,253.19497454951616,252.83588025603183,254.32925906148068
738625.0,12.310416221618652,5740.0,5740.0,7.078582286834717,26.0,34.0,0.6315257740207781,0.7653491512618132,0.9936110973358154,252.12394580659327,252.6497452139442,254.6177138346726
738904.0,12.31506633758545,5716.0,5716.0,9.37292194366455,24.0,34.0,0.6330720027768149,0.7735437012522436,0.9936378002166748,252.12267196528472,252.62859433624806,254.63260614521943
739183.0,12.319716453552246,5663.0,5663.0,8.82013988494873,23.0,31.0,0.631331183392852,0.7888593763939942,0.9936968088150024,252.12474172361584,252.66238291394393,254.6606307720354
739463.0,12.324383735656738,5166.0,5166.0,9.719257354736328,23.0,3.0,0.6111351853957652,0.9014576601872892,0.9942499995231628,252.21198747454557,253.0927805646406,254.85551228226748
739742.0,12.329032897949219,5727.0,5727.0,10.480690956115723,15.0,14.0,0.6242957791839666,0.8862831857982421,0.9936255812644958,251.9338904855952,252.66638113675944,254.81515595929767
740021.0,12.333683013916016,6411.0,6411.0,8.979674339294434,36.0,104.0,0.7099889151862852,0.5239221556882938,0.9928642511367798,252.72265541325802,252.22704692352735,254.13372115623034
740301.0,12.338350296020508,5569.0,5569.0,10.669861793518066,35.0,99.0,0.7024319732959097,0.5367967131651404,0.9938014149665833,252.9350334898419,252.57087889806445,254.267842734893
740580.0,12.343000411987305,5599.0,5599.0,9.35851001739502,36.0,100.0,0.7035334335539798,0.5298763393707917,0.993768036365509,252.9413213268853,252.56879590338215,254.25290264302745
740859.0,12.347649574279785,5365.0,5365.0,13.957931518554688,30.0,74.0,0.6701267584596508,0.6167843336724309,0.9940285086631775,252.5770699815391,252.53807352128098,254.41646589693954
741139.0,12.352316856384277,5726.0,5726.0,8.505073547363281,36.0,101.0,0.7051334980149141,0.5283067625641481,0.9936267137527466,252.91254464431506,252.51621419978423,254.23340981411653
741418.0,12.356966972351074,5230.0,5230.0,8.09833812713623,173.0,0.0,0.4454455858831398,0.750783263944698,0.9941787719726562,252.4011143055008,254.63005940055388,253.90046663799825
741697.0,12.361617088317871,5908.0,5908.0,9.337383270263672,18.0,25.0,0.6302532075046816,0.8318256257100107,0.993424117565155,251.92830316126964,252.53779753293549,254.71799679695943
741977.0,12.366283416748047,5960.0,5960.0,12.866340637207031,15.0,7.0,0.6195375984214007,0.9142639160910002,0.9933662414550781,251.7618150242959,252.63647956371506,254.85496811779393
742256.0,12.370933532714844,5739.0,5739.0,7.75919246673584,173.0,3.0,0.44423491765399015,0.7351346232247156,0.9936122298240662,252.1736714946464,254.56856571562733,253.76725687496943
742535.0,12.37558364868164,5254.0,5254.0,9.958440780639648,56.0,89.0,0.6713867895388711,0.45036616312947464,0.9941520690917969,252.87522170952207,252.8371815160379,254.1803737207785
742815.0,12.380249977111816,5929.0,5929.0,7.278800010681152,20.0,28.0,0.6311478560455439,0.8123707125126132,0.9934007525444031,251.95012788264745,252.53280573741725,254.68425591499812
743094.0,12.384900093078613,5473.0,5473.0,9.080361366271973,78.0,8.0,0.5625016816523644,0.7173469853732346,0.9939082860946655,252.33229543967397,253.72516984601995,254.56093046860545
743373.0,12.38955020904541,5996.0,5996.0,6.974740982055664,25.0,35.0,0.633154648462281,0.7657107525398681,0.9933261871337891,251.99507409973157,252.5191096863118,254.60128133850085
743652.0,12.394200325012207,5634.0,5634.0,9.436275482177734,26.0,2.0,0.608235326676077,0.8951576339072821,0.9937291145324707,251.96949930138769,252.97318020450226,254.83234911017237
743932.0,12.398866653442383,6198.0,6198.0,9.159795761108398,29.0,2.0,0.6059082501712737,0.8847896636730757,0.9931013584136963,251.68436546941115,252.819197265899,254.79732732157396
744211.0,12.40351676940918,7137.0,7137.0,10.15677547454834,24.0,32.0,0.6313947452567684,0.7810225062857504,0.9920561909675598,251.39223381853498,252.06187613301438,254.55642357492053
744490.0,12.408166885375977,6068.0,6068.0,9.82897663116455,220.0,20.0,0.38691431480227506,0.7865165145149638,0.9932460188865662,251.92314480654275,254.632324825606,252.79410795292748
744770.0,12.412833213806152,6496.0,6496.0,9.585355758666992,220.0,23.0,0.3846827532864504,0.7739809562056497,0.9927696585655212,251.72924555703435,254.5832803113815,252.6085637320049
745049.0,12.41748332977295,7015.0,7015.0,8.520612716674805,242.0,1.0,0.3829181879333821,0.9462689029030317,0.9921919703483582,251.12488604749646,254.8930188301662,252.24593994435062
745328.0,12.422133445739746,6214.0,6214.0,6.169769287109375,221.0,31.0,0.37751276398259076,0.7451909126845004,0.9930835366249084,251.92200999731813,254.55059368138518,252.6187859807742
745608.0,12.426799774169922,5943.0,5943.0,7.608808517456055,25.0,35.0,0.633154648462281,0.7657107525398681,0.9933851361274719,252.02161625209087,252.54102309478776,254.60480317291982
745887.0,12.431449890136719,6000.0,6000.0,10.515416145324707,242.0,0.0,0.3835414359183775,0.9503879294557616,0.9933217167854309,251.67856304234846,254.9155125182213,252.65368959043184
746166.0,12.436100006103516,6610.0,6610.0,11.180427551269531,54.0,90.0,0.6749142770559916,0.45761530208886414,0.9926427602767944,252.3503434543376,252.26537357357145,253.9824341675937
746446.0,12.440766334533691,6094.0,6094.0,11.309694290161133,25.0,0.0,0.6077682002730782,0.9072733569615117,0.9932171106338501,251.7011098363248,252.81022924258733,254.83961658693875
746725.0,12.445416450500488,5897.0,5897.0,12.338197708129883,36.0,99.0,0.701942980022375,0.5314991528506596,0.993436336517334,252.81325425769504,252.43667750885854,254.2158541149818
747004.0,12.450066566467285,5438.0,5438.0,13.062339782714844,26.0,98.0,0.7049833369750158,0.5862056487856497,0.9939472675323486,252.96779260572134,252.55177600015188,254.36133044134593
747284.0,12.454732894897461,5436.0,5436.0,11.108924865722656,21.0,26.0,0.6288251033160354,0.8159219116656804,0.9939494729042053,252.198242393753,252.7698951516872,254.71598878739172
747563.0,12.459383010864258,6289.0,6289.0,16.80087661743164,26.0,101.0,0.7093545471781905,0.5817815907196352,0.9930000305175781,252.70849604404268,252.17653216996194,254.2534833940029
747842.0,12.464033126831055,5224.0,5224.0,9.206249237060547,24.0,34.0,0.6330720027768149,0.7735437012522436,0.9941854476928711,252.37034753192293,252.8327209545594,254.66423079144133
748122.0,12.468700408935547,5493.0,5493.0,10.05517578125,21.0,31.0,0.632833812423468,0.7970437497067266,0.9938860535621643,252.19830754580065,252.70281066348002,254.68357977090315
748401.0,12.473349571228027,5812.0,5812.0,8.093927383422852,26.0,33.0,0.6306816902469089,0.7691174908459083,0.9935309886932373,252.08166753192515,252.62953214135038,254.61913670162588
748680.0,12.477999687194824,5371.0,5371.0,12.150324821472168,35.0,100.0,0.7040081350676759,0.5351899632923992,0.9940218329429626,253.02529175857194,252.65970637346354,254.2914284274474
748960.0,12.482666969299316,5342.0,5342.0,10.93680191040039,19.0,6.0,0.6160138470617095,0.9034003856675612,0.9940540790557861,252.1140456043168,252.94662269045273,254.85353471413413
749239.0,12.487317085266113,5103.0,5103.0,10.166260719299316,25.0,32.0,0.6306243474487807,0.7769556813094002,0.9943200945854187,252.42630025008626,252.91301163549088,254.67694798847728
749518.0,12.491966247558594,4977.0,4977.0,11.616559982299805,18.0,24.0,0.6294820525913366,0.8356254520978712,0.9944603443145752,252.40697309213377,252.93369227656066,254.76780250829958
749798.0,12.496633529663086,5921.0,5921.0,12.396791458129883,21.0,3.0,0.6126233254629825,0.9086283818658648,0.9934096336364746,251.7924671264787,252.7827504693413,254.84644602812335
750077.0,12.501283645629883,5071.0,5071.0,12.381919860839844,36.0,100.0,0.7035334335539798,0.5298763393707917,0.9943557381629944,253.13546385203387,252.79806922739968,254.32335723572746
750356.0,12.50593376159668,4744.0,4744.0,12.049583435058594,20.0,4.0,0.6139938592320335,0.9080527433459981,0.9947196841239929,252.43084409579805,253.20366501866428,254.87619480743834
750636.0,12.510600090026855,5015.0,5015.0,11.211755752563477,23.0,32.0,0.632157143972969,0.785107441521729,0.9944180846214294,252.45909873654114,252.92187675388737,254.69412442038788
750915.0,12.515250205993652,5145.0,5145.0,10.723995208740234,30.0,4.0,0.6063615644228975,0.8726437489886587,0.9942733645439148,252.26539323715843,253.18756539203682,254.8140226802381
751194.0,12.51990032196045,5190.0,5190.0,9.100354194641113,58.0,122.0,0.7374311986865717,0.38664757539474015,0.9942232966423035,253.44103718607033,252.9573858152952,254.09649547227957
751474.0,12.524566650390625,4985.0,4985.0,11.700276374816895,24.0,28.0,0.6281356522129462,0.7962329609508608,0.9944514632225037,252.45855151557927,252.9794468776601,254.7116947278976
751753.0,12.529216766357422,5274.0,5274.0,11.140562057495117,29.0,3.0,0.6065272213426133,0.8804336424131067,0.9941297769546509,252.1851659497495,253.1362788601855,254.82102029712246
752032.0,12.533866882324219,5380.0,5380.0,11.773151397705078,27.0,73.0,0.670915360398996,0.634046220527711,0.9940118193626404,252.55419618613593,252.50483419572976,254.44119367921684
752311.0,12.538516998291016,5126.0,5126.0,9.123712539672852,173.0,0.0,0.4454455858831398,0.750783263944698,0.9942945241928101,252.45279185320229,254.63741548513084,253.9223303112966
752591.0,12.543183326721191,5229.0,5229.0,13.311840057373047,35.0,100.0,0.7040081350676759,0.5351899632923992,0.9941798448562622,253.07748625639366,252.72156384082496,254.31015703586877
752870.0,12.547833442687988,5560.0,5560.0,8.659351348876953,37.0,102.0,0.7062885127737251,0.5214506721992993,0.9938114285469055,252.99027530618545,252.59902041969767,254.24480813922415
753149.0,12.552483558654785,5302.0,5302.0,9.107926368713379,24.0,34.0,0.6330720027768149,0.7735437012522436,0.9940986037254333,252.33107203120548,252.80035128946585,254.65921586876553
753429.0,12.557149887084961,4990.0,4990.0,9.949944496154785,53.0,93.0,0.6809770750950329,0.4553243475127467,0.9944459199905396,253.04957858938457,252.9388380942206,254.22858110095456
753708.0,12.561800003051758,4782.0,4782.0,9.191813468933105,57.0,90.0,0.6721967313666282,0.44285953469926376,0.9946774244308472,253.0815568722388,253.04166912817703,254.24381733155502
753987.0,12.566450119018555,4440.0,4440.0,9.595773696899414,35.0,101.0,0.7055936326691734,0.5336360156088983,0.9950580596923828,253.38145365957885,253.0673199010985,254.41229054201673
754267.0,12.57111644744873,4965.0,4965.0,10.458314895629883,36.0,101.0,0.7051334980149141,0.5283067625641481,0.9944736957550049,253.18995837534663,252.84629852184872,254.33528631320377
754546.0,12.575766563415527,4985.0,4985.0,9.020345687866211,37.0,101.0,0.7046639896371684,0.5229820153591145,0.9944514632225037,253.18256374342155,252.84516796046017,254.3250782830167
754825.0,12.580416679382324,4286.0,4286.0,9.441329956054688,27.0,3.0,0.6080874217939023,0.8873583516768506,0.9952294826507568,252.70406268096707,253.46286686390533,254.86297347091892
755105.0,12.5850830078125,4140.0,4140.0,11.339986801147461,17.0,23.0,0.6294403808129888,0.8434655083769621,0.9953919649124146,252.83383779493462,253.27658338028263,254.8160643103968
755384.0,12.589733123779297,4376.0,4376.0,10.921880722045898,78.0,9.0,0.5629759545055023,0.7122263937724852,0.9951292872428894,252.8733604505017,253.97406779924978,254.6425760433719
755663.0,12.594383239746094,5279.0,5279.0,9.996993064880371,175.0,1.0,0.4428309463115958,0.7493890886258487,0.9941242337226868,252.37885463972387,254.62450455884638,253.85421447409632
755943.0,12.59904956817627,4811.0,4811.0,12.006237030029297,67.0,10.0,0.5756768046092943,0.7329557589375941,0.9946451187133789,252.6336580471603,253.7264614582078,254.63535249666293
756222.0,12.603699684143066,4675.0,4675.0,12.239960670471191,20.0,23.0,0.6272520422757288,0.8314557856963042,0.9947965145111084,252.5698618308736,253.09167174495482,254.77636056979168
756501.0,12.608349800109863,5038.0,5038.0,10.759713172912598,23.0,33.0,0.6329910140841682,0.7813768543685359,0.994392454624176,252.45276635670993,252.90427990457903,254.68738550161984
756781.0,12.613017082214355,4946.0,4946.0,13.010604858398438,18.0,22.0,0.6279606806321155,0.8432831611099624,0.9944948554039001,252.4123772149661,252.96222403897283,254.77999904102296
757060.0,12.617666244506836,4891.0,4891.0,14.872381210327148,36.0,100.0,0.7035334335539798,0.5298763393707917,0.9945560693740845,253.20164164382132,252.87622213227013,254.34737324851295
757339.0,12.622316360473633,4870.0,4870.0,12.51150894165039,69.0,7.0,0.5719319859696954,0.7428759435030869,0.9945794343948364,252.59091978467794,253.75824353582647,254.64459175668864
757619.0,12.626983642578125,4836.0,4836.0,11.39731502532959,66.0,11.0,0.5773039962446163,0.730602022750983,0.9946172833442688,252.6245882152625,253.69996326098328,254.6302262903146
757898.0,12.631633758544922,4692.0,4692.0,11.09289836883545,174.0,0.0,0.44434108286335283,0.7526653906693322,0.9947775602340698,252.6659366946867,254.6706190246889,254.00114833854354
758177.0,12.636282920837402,5341.0,5341.0,11.52508544921875,35.0,100.0,0.7040081350676759,0.5351899632923992,0.9940552115440369,253.03631737863236,252.6727732092698,254.295384678189
758457.0,12.640950202941895,5260.0,5260.0,11.400671005249023,38.0,102.0,0.7058246911098001,0.5161147850596515,0.994145393371582,253.09861953365112,252.73655480413657,254.27759581537026
758736.0,12.645600318908691,4748.0,4748.0,10.871332168579102,38.0,103.0,0.7074742403111578,0.5146227757369368,0.9947152733802795,253.29849106655143,252.95888633804816,254.3459030858944
759015.0,12.650250434875488,4668.0,4668.0,10.899847030639648,26.0,3.0,0.6088583892825594,0.8908523105950726,0.9948042631149292,252.49478537093307,253.31355988399392,254.85538881768082
759295.0,12.654916763305664,4828.0,4828.0,15.531500816345215,18.0,2.0,0.6141806161980364,0.9237021611048849,0.9946262240409851,252.36392617145913,253.1611436943577,254.89544808944328
759574.0,12.659566879272461,4693.0,4693.0,9.49389934539795,6.0,32.0,0.6439787824372694,0.8570668756715066,0.9947764873504639,252.52639485939335,252.83720328629903,254.80961368934322
759853.0,12.664216995239258,4228.0,4228.0,8.65347671508789,34.0,102.0,0.7076246702692839,0.5374838498865699,0.9952940344810486,253.47199779919498,253.15498677420473,254.44497081113005
760133.0,12.668883323669434,4884.0,4884.0,9.766950607299805,35.0,100.0,0.7040081350676759,0.5351899632923992,0.99456387758255,253.2043399529102,252.87190245350303,254.3556751135975
760412.0,12.67353343963623,4582.0,4582.0,12.498875617980957,36.0,100.0,0.7035334335539798,0.5298763393707917,0.9948999881744385,253.3152524318647,253.01039120727836,254.38860276168526
760691.0,12.678183555603027,4392.0,4392.0,13.578784942626953,35.0,100.0,0.7040081350676759,0.5351899632923992,0.9951114654541016,253.3852191877228,253.0862685616318,254.42057881995999
760970.0,12.682833671569824,4245.0,4245.0,9.74635124206543,25.0,2.0,0.6089990259976353,0.8986554953631593,0.9952751398086548,252.71242514938436,253.46169077168886,254.87789615302958
761250.0,12.6875,4679.0,4679.0,9.235079765319824,25.0,29.0,0.6281668445382955,0.7883913610008232,0.9947920441627502,252.6249648769081,253.1086795917974,254.71897764609452
761529.0,12.692150115966797,4770.0,4770.0,10.844185829162598,55.0,91.0,0.6757697489145003,0.4501612338773375,0.9946907758712769,253.10327076506073,253.03669609157268,254.25559960277852
761808.0,12.696800231933594,4232.0,4232.0,9.012041091918945,24.0,2.0,0.6097567859441909,0.902173887868811,0.9952895641326904,252.7151826326444,253.45523158815064,254.88249507502772
762088.0,12.70146656036377,4477.0,4477.0,13.020322799682617,25.0,5.0,0.6108899781666262,0.8858319214177661,0.995016872882843,252.60367825256563,253.3570814257484,254.8549269176843
762367.0,12.706116676330566,4512.0,4512.0,12.03828239440918,36.0,101.0,0.7051334980149141,0.5283067625641481,0.9949779510498047,253.35511813358218,253.04281600000954,254.39593903539085
762646.0,12.710766792297363,4889.0,4889.0,14.665199279785156,25.0,100.0,0.7082823315801371,0.5885620007766131,0.9945583343505859,253.2035238230353,252.79567206574444,254.4290784530544
762926.0,12.715433120727539,4774.0,4774.0,13.188993453979492,20.0,6.0,0.615282098430494,0.8997158763789719,0.9946863055229187,252.42590001111364,253.17762000630367,254.8641158055749
763205.0,12.720083236694336,4783.0,4783.0,10.017598152160645,22.0,4.0,0.6125156731871334,0.9008091539678961,0.9946762919425964,252.41956498281587,253.21421313456622,254.8653439079083
763484.0,12.724733352661133,4430.0,4430.0,11.91676139831543,36.0,100.0,0.7035334335539798,0.5298763393707917,0.9950692057609558,253.3711520899678,253.07640611264202,254.40888882544544
763764.0,12.729399681091309,4732.0,4732.0,15.147829055786133,26.0,80.0,0.6803370336680149,0.6215036769430021,0.9947330355644226,252.95912967181778,252.8221974393527,254.49165069850284
764043.0,12.734049797058105,4782.0,4782.0,11.519576072692871,35.0,98.0,0.7008653715326866,0.5384557925427823,0.9946774244308472,253.21183876660365,252.91192046001945,254.3735659997126
764322.0,12.738699913024902,4891.0,4891.0,11.788192749023438,25.0,4.0,0.6102536101256308,0.8900924185996625,0.9945560693740845,252.37616933912648,253.21263620364996,254.8474260416566
764602.0,12.743366241455078,4390.0,4390.0,12.709059715270996,26.0,73.0,0.6715739204850796,0.638926916608932,0.995113730430603,253.00477922942585,252.9578991266316,254.55010339297596
764881.0,12.748016357421875,4080.0,4080.0,10.097443580627441,36.0,100.0,0.7035334335539798,0.5298763393707917,0.9954587817192078,253.49984535004603,253.22838688807596,254.45559178872
765160.0,12.752666473388672,4718.0,4718.0,11.279435157775879,36.0,100.0,0.7035334335539798,0.5298763393707917,0.9947486519813538,253.26525974714338,252.95135216370022,254.3704603467902
765440.0,12.757333755493164,4316.0,4316.0,11.587580680847168,56.0,92.0,0.6766540021743238,0.44272060926734585,0.9951961040496826,253.297673840981,253.23267667846378,254.31733638687436
765719.0,12.761982917785645,4143.0,4143.0,11.5244722366333,27.0,1.0,0.606849893066166,0.8960162161436949,0.9953886270523071,252.7704743386844,253.52676811742265,254.87772545799223
765998.0,12.766633033752441,3912.0,3912.0,12.991743087768555,53.0,83.0,0.6643041002398478,0.48126770952101566,0.9956457614898682,253.35530280932417,253.37045252188554,254.4240355505086
766278.0,12.771300315856934,4269.0,4269.0,10.13187313079834,25.0,35.0,0.633154648462281,0.7657107525398681,0.9952483773231506,252.8605522306061,253.23365519686953,254.71612020420073
766557.0,12.77595043182373,4209.0,4209.0,11.41215991973877,75.0,7.0,0.5653944934628461,0.728958324165283,0.9953151941299438,252.9345423029363,253.99283513585698,254.67620670333505
766836.0,12.780599594116211,4536.0,4536.0,11.201631546020508,35.0,100.0,0.7040081350676759,0.5351899632923992,0.9949511885643005,253.33227652282557,253.02352441612638,254.4015817516669
767116.0,12.785266876220703,4141.0,4141.0,9.098862648010254,21.0,31.0,0.632833812423468,0.7970437497067266,0.9953908920288086,252.88789398880502,253.26822269544806,254.76146094588736
767395.0,12.7899169921875,3882.0,3882.0,10.0989351272583,24.0,32.0,0.6313947452567684,0.7810225062857504,0.9956791400909424,253.0376350701425,253.40187225386967,254.75872637623812
767674.0,12.794567108154297,3914.0,3914.0,12.750811576843262,57.0,92.0,0.6757573285194036,0.4377601934028545,0.9956435561180115,253.4558519842861,253.4028019924293,254.37541162775656
767954.0,12.799233436584473,4041.0,4041.0,8.998177528381348,30.0,2.0,0.6051204540748308,0.8813763658884833,0.9955021739006042,252.8421635510737,253.58876154733963,254.86394513823447
768233.0,12.80388355255127,4301.0,4301.0,8.645033836364746,23.0,33.0,0.6329910140841682,0.7813768543685359,0.9952127933502197,252.82540612363562,253.21086687588272,254.73311848497644
768512.0,12.808533668518066,3825.0,3825.0,8.188146591186523,73.0,8.0,0.5681004476210921,0.7284096003924356,0.9957426190376282,253.12358297738768,254.05891908248483,254.70515273180268
768792.0,12.813199996948242,4483.0,4483.0,9.65161418914795,36.0,101.0,0.7051334980149141,0.5283067625641481,0.9950101971626282,253.36567976824006,253.05538289784468,254.3998176550957
769071.0,12.817850112915039,4486.0,4486.0,16.28335952758789,27.0,86.0,0.6876737236817604,0.60301689306184,0.9950068593025208,253.1525058841983,252.95895733368909,254.4945409105965
769350.0,12.822500228881836,4200.0,4200.0,10.649478912353516,27.0,86.0,0.6876737236817604,0.60301689306184,0.9953252077102661,253.27029683897376,253.08908839194035,254.52676754029537
769629.0,12.827150344848633,4360.0,4360.0,9.958528518676758,36.0,100.0,0.7035334335539798,0.5298763393707917,0.9951471090316772,253.3968868040012,253.10679761715429,254.4182279890011
769909.0,12.831816673278809,3939.0,3939.0,9.453084945678711,77.0,7.0,0.5631609190440955,0.7245993470628695,0.9956157207489014,253.07191309088455,254.07810782388248,254.69210449105515
770188.0,12.836466789245605,4734.0,4734.0,11.87600040435791,36.0,99.0,0.701942980022375,0.5314991528506596,0.9947308301925659,253.24452690600035,252.94221908044057,254.37050431776805
770467.0,12.841116905212402,4093.0,4093.0,13.017393112182617,31.0,5.0,0.6061929234867091,0.8648548179949918,0.9954442977905273,252.8335905802552,253.5626901045374,254.84300129291375
770747.0,12.845783233642578,4196.0,4196.0,9.654837608337402,66.0,11.0,0.5773039962446163,0.730602022750983,0.9953296780586243,252.93897050734597,253.87202123107116,254.6791653025524
771026.0,12.850433349609375,4037.0,4037.0,9.52564811706543,35.0,100.0,0.7040081350676759,0.5351899632923992,0.9955066442489624,253.51575465379526,253.24097056412376,254.46741800284707
771305.0,12.855083465576172,3867.0,3867.0,13.916373252868652,18.0,3.0,0.614811699845746,0.9195304955138414,0.9956958293914795,252.89319338105787,253.52120459920292,254.91167960859667
771585.0,12.859749794006348,4299.0,4299.0,11.290575981140137,22.0,4.0,0.6125156731871334,0.9008091539678961,0.9952149987220764,252.68067957113962,253.3949171628004,254.87896977711935
771864.0,12.864399909973145,4219.0,4219.0,13.054543495178223,35.0,100.0,0.7040081350676759,0.5351899632923992,0.9953040480613708,253.44883307774998,253.16165953750686,254.44340497379227
772143.0,12.869050025939941,4682.0,4682.0,11.619930267333984,7.0,30.0,0.641729685827504,0.8596468432544043,0.9947887063026428,252.52875270224175,252.8705990312987,254.8134875121061
772423.0,12.873716354370117,5522.0,5522.0,12.544864654541016,22.0,27.0,0.6288622257334555,0.8080810614798107,0.993853747844696,252.16620485912347,252.74075713407314,254.69920654167151
772702.0,12.878366470336914,7051.0,7051.0,7.947704315185547,200.0,232.0,0.09653371080247147,0.7053701845628866,0.9921519160270691,254.4103687192177,253.22234719402303,251.58710845458754
772981.0,12.883016586303711,7566.0,7566.0,7.152622699737549,200.0,232.0,0.09653371080247147,0.7053701845628866,0.9915786981582642,254.36730251512043,253.09250883393008,251.3378335455943
773261.0,12.887682914733887,8234.0,8234.0,4.583062648773193,199.0,231.0,0.09621539139324482,0.6976535616754321,0.9908351898193359,254.2934083324087,252.9150136928694,251.03253847545264
773540.0,12.892333030700684,8098.0,8098.0,4.431144714355469,201.0,230.0,0.09900914447908711,0.69950276182613,0.9909865260124207,254.309326369897,253.00399985945026,251.09380189643753
773819.0,12.89698314666748,7746.0,7746.0,6.1762871742248535,199.0,232.0,0.09550095756623575,0.7022236335572422,0.9913783073425293,254.34532924040744,253.02688979927058,251.2576075042825
774099.0,12.901650428771973,6912.0,6912.0,5.081472396850586,201.0,231.0,0.09827853388972542,0.7040171435471614,0.9923065900802612,254.41933505180373,253.28588005707616,251.6570258891295
774378.0,12.906299591064453,6391.0,6391.0,9.947745323181152,200.0,232.0,0.09653371080247147,0.7053701845628866,0.992886483669281,254.4655572290747,253.38873254806126,251.9065494422586
774657.0,12.91094970703125,5986.0,5986.0,7.390707015991211,200.0,232.0,0.09653371080247147,0.7053701845628866,0.9933372735977173,254.49942534819579,253.49084001581454,252.10258418664003
774937.0,12.915616989135742,5934.0,5934.0,9.062843322753906,199.0,231.0,0.09621539139324482,0.6976535616754321,0.9933951497077942,254.49077699481361,253.49740233038858,252.14074935616142
775216.0,12.920267105102539,5393.0,5393.0,9.769919395446777,199.0,232.0,0.09550095756623575,0.7022236335572422,0.99399733543396,254.54419983092026,253.62626526398526,252.39444124039932
775495.0,12.92491626739502,5009.0,5009.0,9.450754165649414,200.0,232.0,0.09653371080247147,0.7053701845628866,0.9944247603416443,254.58112888295247,253.73716432483982,252.57549889128612
775775.0,12.929583549499512,5412.0,5412.0,9.0423583984375,200.0,233.0,0.09582499161411712,0.7099339064167874,0.9939761757850647,254.55443667459312,253.62739244167793,252.37341297578988
776054.0,12.934233665466309,5829.0,5829.0,12.783671379089355,199.0,232.0,0.09550095756623575,0.7022236335572422,0.9935120344161987,254.50734948162676,253.51520210891684,252.1837880706346
776333.0,12.938883781433105,4919.0,4919.0,11.720864295959473,54.0,92.0,0.6783882595164274,0.4526822110045175,0.9945248961448669,253.06073395702916,252.9718355766927,254.23586145718943
776613.0,12.943550109863281,4737.0,4737.0,10.125259399414062,201.0,230.0,0.09900914447908711,0.69950276182613,0.9947274923324585,254.59598463195158,253.83242287491322,252.71503645760225
776892.0,12.948200225830078,4563.0,4563.0,10.433249473571777,200.0,229.0,0.09871577164437327,0.6917651505045034,0.9949211478233337,254.6008027947474,253.87026807705854,252.8089825951528
777171.0,12.952850341796875,5285.0,5285.0,16.800640106201172,21.0,2.0,0.6119947826766695,0.9128498707794639,0.9941175580024719,252.13068175421597,253.02902535479438,254.8692728270447
777451.0,12.95751667022705,4894.0,4894.0,13.147480964660645,35.0,101.0,0.7055936326691734,0.5336360156088983,0.994552731513977,253.21595245499944,252.86969758010173,254.35219549202657
777730.0,12.962166786193848,5229.0,5229.0,17.014320373535156,18.0,3.0,0.614811699845746,0.9195304955138414,0.9941798448562622,252.15114885180822,253.00035374028926,254.8805720248855
778009.0,12.966816902160645,4553.0,4553.0,11.04871940612793,58.0,228.0,0.9037069518519272,0.6776602213681718,0.9949322938919067,254.5834515674112,252.83201831746123,253.84392339505462
778288.0,12.971467018127441,4650.0,4650.0,13.774134635925293,57.0,88.0,0.668718892881804,0.4481754201515175,0.9948243498802185,253.1032780790636,253.08871143187315,254.2717070070383
778568.0,12.976133346557617,5192.0,5192.0,12.534891128540039,58.0,91.0,0.6730345816663269,0.4353647708073435,0.994221031665802,252.93381900089588,252.88479347257763,254.1679326769814
778847.0,12.980783462524414,7698.0,7698.0,5.931558132171631,207.0,84.0,0.32968374326038735,0.5025884556069136,0.9914317727088928,251.76508912477087,253.91320653175694,251.7169975497784
779126.0,12.985433578491211,16758.0,16758.0,2.5567073822021484,208.0,82.0,0.3318774694534604,0.5128266346897483,0.9813475608825684,247.8470474091733,252.68282225829864,247.80443379181122
779406.0,12.990099906921387,43303.0,43303.0,1.4801702499389648,211.0,88.0,0.3203240901487749,0.5122865643653165,0.9518017172813416,237.39606766439974,249.00572773561578,236.4131480778684
779685.0,12.994750022888184,100382.0,100382.0,1.1304715871810913,212.0,87.0,0.32113314302560647,0.5196781306511985,0.8882700204849243,213.8702954981759,241.315080081139,211.7026303661724
779964.0,12.99940013885498,185293.0,185293.0,1.1279910802841187,213.0,88.0,0.3188788467546524,0.5223346873098603,0.7937600612640381,179.70342739521854,229.87901546949536,174.93861577516407
780244.0,13.004066467285156,290993.0,290993.0,1.0821930170059204,213.0,88.0,0.3188788467546524,0.5223346873098603,0.6761108636856079,136.75063463522983,215.54879557848892,129.2677449011711
780523.0,13.008716583251953,356081.0,356081.0,1.2421438694000244,212.0,88.0,0.31959445038444184,0.5173052941901474,0.6036648154258728,110.27233067371141,206.21623169337397,101.65282417382116
780802.0,13.01336669921875,335200.0,335200.0,1.2724847793579102,214.0,89.0,0.31664780713674484,0.5250949640408422,0.6269063949584961,119.90688377041286,209.81807186081633,109.90418956801666
781082.0,13.018033027648926,257266.0,257266.0,1.2986936569213867,213.0,89.0,0.31733798813459335,0.5200331223000315,0.713650643825531,151.29713983442625,219.95325736431374,144.00857098670707
781361.0,13.022683143615723,172275.0,172275.0,1.3488647937774658,212.0,88.0,0.31959445038444184,0.5173052941901474,0.8082497119903564,184.97953914664402,231.3980035407588,180.809349574323
781640.0,13.02733325958252,107821.0,107821.0,1.3348402976989746,214.0,89.0,0.31664780713674484,0.5250949640408422,0.8799901008605957,211.5457273079311,240.4667071061053,208.3282443327985
781920.0,13.031999588012695,69216.0,69216.0,1.4813934564590454,213.0,89.0,0.31733798813459335,0.5200331223000315,0.9229592680931091,227.09931129327924,245.570865114987,225.13836161249867
782199.0,13.036649703979492,47863.0,47863.0,1.61210298538208,213.0,89.0,0.31733798813459335,0.5200331223000315,0.9467262029647827,235.7066263453856,248.47973720331518,234.350626308724
782478.0,13.041299819946289,32984.0,32984.0,1.978543758392334,211.0,88.0,0.3203240901487749,0.5122865643653165,0.9632872343063354,241.5910358902927,250.4341461825324,240.84234331369868
782758.0,13.045967102050781,28408.0,28408.0,1.8100333213806152,213.0,89.0,0.31733798813459335,0.5200331223000315,0.9683805108070374,243.54884288866077,251.1300415868844,242.74401892470465
783037.0,13.050616264343262,23473.0,23473.0,2.563955068588257,207.0,83.0,0.3312162562111874,0.5052739920056333,0.9738734364509583,245.05697259491882,251.7039999257567,244.971452664232
783316.0,13.055266380310059,19503.0,19503.0,2.361156463623047,211.0,85.0,0.32493132355211535,0.5196189417978572,0.9782922267913818,246.8781810267926,252.34085921838212,246.58817644522262
783596.0,13.05993366241455,17364.0,17364.0,3.071591377258301,207.0,83.0,0.3312162562111874,0.5052739920056333,0.9806730151176453,247.6446989485576,252.56180167025923,247.58143603973986
783875.0,13.064583778381348,16540.0,16540.0,3.0438337326049805,208.0,84.0,0.32884882086353784,0.5074606781508111,0.981590211391449,248.0514316839262,252.68777607685612,247.92323173278285
784154.0,13.069232940673828,14731.0,14731.0,3.338871479034424,212.0,90.0,0.3164750696335244,0.5127066682258132,0.9836037158966064,249.10895338980993,252.962601023088,248.67529408418127
784434.0,13.07390022277832,14167.0,14167.0,3.158496618270874,207.0,81.0,0.3342322412848611,0.5107833728492331,0.9842314720153809,248.92517837716503,253.0328723506792,248.94733300981642
784713.0,13.078550338745117,13510.0,13510.0,3.7500059604644775,206.0,82.0,0.3336037382249136,0.5032000633240569,0.9849627017974854,249.23596275938814,253.09501515732939,249.24222379925973
784992.0,13.083200454711914,11732.0,11732.0,3.210730791091919,207.0,82.0,0.33273242579993617,0.5080058789888894,0.9869416952133179,249.99073778831675,253.3617246577182,249.9785399010739
785272.0,13.08786678314209,10776.0,10776.0,5.955310821533203,205.0,85.0,0.3298327646991334,0.49019607843137253,0.9880058169364929,250.50519012740475,253.4407562017441,250.44221043586728
785551.0,13.092516899108887,10055.0,10055.0,5.579287528991699,205.0,86.0,0.3282453645604403,0.48755366230347263,0.988808274269104,250.8396396833833,253.53753448985807,250.75468538738497
785830.0,13.097167015075684,10172.0,10172.0,5.26383113861084,208.0,84.0,0.32884882086353784,0.5074606781508111,0.9886780977249146,250.72667491739688,253.5779970725036,250.64783276720283
786110.0,13.10183334350586,9312.0,9312.0,5.770122528076172,205.0,84.0,0.3314029884905,0.49288673323134113,0.9896352887153625,251.08447423751088,253.65969893734004,251.05429830749486
786389.0,13.106483459472656,9042.0,9042.0,4.769702434539795,211.0,86.0,0.32341014302664634,0.5171268925429785,0.9899358153343201,251.26452872035964,253.76077034849774,251.1064954720055
786668.0,13.111133575439453,8787.0,8787.0,4.461093902587891,206.0,83.0,0.3320777482190842,0.5004419423263496,0.9902196526527405,251.27672003698706,253.7541079123365,251.25791494056114
786947.0,13.11578369140625,8416.0,8416.0,5.293612480163574,206.0,82.0,0.3336037382249136,0.5032000633240569,0.9906325936317444,251.4093231092843,253.81329964290535,251.41322339136792
787227.0,13.120450019836426,8180.0,8180.0,6.676523685455322,206.0,90.0,0.3209281471990211,0.4824804550088948,0.9908952713012695,251.72486865369316,253.7984718613742,251.55811650227326
787506.0,13.125100135803223,7697.0,7697.0,5.357255935668945,206.0,81.0,0.3351129540437649,0.5060039373575066,0.9914328455924988,251.70994709124017,253.9208041609342,251.73355401341433
787785.0,13.12975025177002,7904.0,7904.0,5.128582000732422,207.0,90.0,0.32014767609603856,0.487490573061192,0.9912024736404419,251.83605082566575,253.85025212578088,251.66300943084448
788065.0,13.134416580200195,7759.0,7759.0,5.513579368591309,207.0,82.0,0.33273242579993617,0.5080058789888894,0.9913638830184937,251.6871217085348,253.91652571026736,251.6790546291644
788344.0,13.139066696166992,7830.0,7830.0,10.558833122253418,205.0,87.0,0.32664082570289765,0.4849602733663451,0.9912848472595215,251.78643268502483,253.85539427931823,251.69987782303772
788623.0,13.143716812133789,7526.0,7526.0,9.437132835388184,207.0,90.0,0.32014767609603856,0.487490573061192,0.9916232228279114,251.9873693883944,253.9052397966444,251.8226038455904
788903.0,13.148383140563965,7653.0,7653.0,8.399348258972168,207.0,91.0,0.3185021607981883,0.4851505036064147,0.9914818406105042,251.96160998395754,253.88167963167004,251.77405907968708
789182.0,13.153033256530762,7315.0,7315.0,8.037639617919922,213.0,94.0,0.3094330137696827,0.509275744493352,0.9918580651283264,252.1697051223855,253.98116154328716,251.86645167215931
789461.0,13.157683372497559,7018.0,7018.0,10.565765380859375,204.0,85.0,0.3307072336085476,0.48534065928536785,0.9921886324882507,252.07181721382315,253.97485072031247,252.0413518486954
789741.0,13.162349700927734,6439.0,6439.0,10.591200828552246,205.0,84.0,0.3314029884905,0.49288673323134113,0.9928330779075623,252.29251811072768,254.073217474882,252.27165225797475
790020.0,13.166999816894531,6990.0,6990.0,9.757424354553223,209.0,93.0,0.3137321290915574,0.4908231283563241,0.9922198057174683,252.2713265180916,253.98981877868232,252.0422821372265
790299.0,13.171649932861328,6916.0,6916.0,10.679078102111816,25.0,32.0,0.6306243474487807,0.7769556813094002,0.9923021793365479,251.51193502878638,252.17156167504828,254.56217643285302
790579.0,13.176316261291504,6257.0,6257.0,8.117291450500488,206.0,84.0,0.33053498806638937,0.49773033497206426,0.9930356740951538,252.36985823521445,254.10801774196003,252.34017604656842
790858.0,13.1809663772583,6115.0,6115.0,13.087090492248535,207.0,86.0,0.3265697925144464,0.49735942490256274,0.9931936860084534,252.4712291557957,254.1276119573538,252.40116790695743
791137.0,13.185616493225098,6662.0,6662.0,9.13907527923584,208.0,92.0,0.31610328154497314,0.48793202645196804,0.9925848841667175,252.37729608028272,254.0317539487149,252.18653697631103
791417.0,13.19028377532959,5988.0,5988.0,11.56336784362793,2.0,26.0,0.6417646733239228,0.8951576339072821,0.9933350682258606,251.779070435536,252.2336927691882,254.8218143596529
791696.0,13.19493293762207,5856.0,5856.0,8.799385070800781,204.0,84.0,0.3322881909754828,0.48805808265156564,0.9934819936752319,252.53688494066714,254.1491056329263,252.52671114144198
791975.0,13.199583053588867,6658.0,6658.0,9.670774459838867,3.0,27.0,0.6419125782060977,0.8873583516768506,0.9925893545150757,251.4334313699415,251.93153928628718,254.7871394327471
792255.0,13.20425033569336,6157.0,6157.0,9.334563255310059,207.0,83.0,0.3312162562111874,0.5052739920056333,0.9931469559669495,252.3919262477461,254.13545332514443,252.3694942179998
792534.0,13.208900451660156,5885.0,5885.0,10.721641540527344,206.0,82.0,0.3336037382249136,0.5032000633240569,0.9934496879577637,252.48916048344614,254.17018037501333,252.4918878194553
792813.0,13.213549613952637,5424.0,5424.0,11.250088691711426,207.0,84.0,0.32968374326038735,0.5025884556069136,0.993962824344635,252.7206807756514,254.2342449790406,252.68679543672326
793093.0,13.218216896057129,5212.0,5212.0,14.521300315856934,205.0,85.0,0.3298327646991334,0.49019607843137253,0.9941987991333008,252.82600492334626,254.2458438873291,252.7955436706543
793372.0,13.222867012023926,5463.0,5463.0,12.393056869506836,27.0,75.0,0.6733832522005635,0.6288342595243654,0.9939194321632385,252.55300643881836,252.47441951148082,254.42449089177083
793651.0,13.227517127990723,5687.0,5687.0,14.610884666442871,20.0,29.0,0.6319489522618938,0.8086137577053254,0.9936701059341431,252.08067495945684,252.6244385451681,254.69107906695612
793931.0,13.232183456420898,5132.0,5132.0,13.429792404174805,1.0,26.0,0.6423817619392951,0.8994765447716726,0.9942878484725952,252.2332250491458,252.61503513191678,254.85357767187776
794210.0,13.236833572387695,5560.0,5560.0,12.596771240234375,3.0,27.0,0.6419125782060977,0.8873583516768506,0.9938114285469055,252.02158673567857,252.43755271838927,254.82224182324325
794489.0,13.241483688354492,5941.0,5941.0,9.221029281616211,204.0,81.0,0.33692510832200057,0.496492890494334,0.9933874011039734,252.4765946549234,254.15097990810304,252.51267874536597
794769.0,13.246150016784668,6035.0,6035.0,11.786540985107422,206.0,82.0,0.3336037382249136,0.5032000633240569,0.9932827353477478,252.4251648740894,254.14903015326198,252.42796172371288
795048.0,13.250800132751465,5511.0,5511.0,14.716169357299805,207.0,88.0,0.32339091560987593,0.4923247897247001,0.993865966796875,252.75761564045237,254.20590536796078,252.66573769844547
795327.0,13.255450248718262,5544.0,5544.0,13.95428466796875,28.0,5.0,0.6085695934265805,0.8752480836865193,0.9938292503356934,252.04921994686043,253.00938252992006,254.80369772434318
795606.0,13.260100364685059,5308.0,5308.0,12.683490753173828,5.0,28.0,0.6414304065734195,0.8752480836865193,0.9940919280052185,252.17482932494352,252.5741514454856,254.81205395771792
795886.0,13.264766693115234,4870.0,4870.0,10.349838256835938,206.0,86.0,0.3273992374900667,0.49244972147567373,0.9945794343948364,252.98554104124554,254.2984415564217,252.93706998494488
796165.0,13.269416809082031,5006.0,5006.0,11.941884994506836,204.0,84.0,0.3322881909754828,0.48805808265156564,0.9944280982017517,252.89441210324728,254.27261502708257,252.8857150558108
796444.0,13.274066925048828,5274.0,5274.0,8.388473510742188,205.0,82.0,0.3344918268625442,0.4984096198644191,0.9941297769546509,252.7570203361153,254.24916591075666,252.76739218207246
796724.0,13.278733253479004,4490.0,4490.0,12.04003620147705,205.0,80.0,0.33751185199778944,0.5041160836149977,0.9950023889541626,253.0831682758075,254.36805009081542,253.11538169168128
797003.0,13.2833833694458,4979.0,4979.0,12.932443618774414,3.0,25.0,0.640376684920436,0.8943670102907986,0.9944581389427185,252.322928715555,252.72166257430163,254.85072214523143
797282.0,13.288033485412598,4623.0,4623.0,14.401836395263672,26.0,82.0,0.6829290501099398,0.6168840603125867,0.9948543906211853,253.03639687059257,252.8784372847739,254.4973019320306
797562.0,13.292699813842773,4818.0,4818.0,12.757824897766113,4.0,29.0,0.6428476617709045,0.8760910701775848,0.9946373105049133,252.43447206216385,252.77690611464823,254.83055629534195
797841.0,13.29734992980957,4938.0,4938.0,12.795921325683594,37.0,101.0,0.7046639896371684,0.5229820153591145,0.9945037961006165,253.1997055005924,252.86549197866552,254.33144403264888
798120.0,13.302000045776367,4778.0,4778.0,12.4105863571167,207.0,83.0,0.3312162562111874,0.5052739920056333,0.9946818351745605,252.97605764321722,254.32908621424383,252.95864972478205
798400.0,13.306666374206543,4638.0,4638.0,15.054636001586914,208.0,84.0,0.32884882086353784,0.5074606781508111,0.9948377013206482,253.05154823859345,254.35162805186872,253.01559962166186
798679.0,13.31131649017334,4809.0,4809.0,11.640657424926758,28.0,4.0,0.6079368940212373,0.8795598493808306,0.9946473240852356,252.43452794228457,253.28061702549107,254.83560734118558
798958.0,13.315966606140137,4938.0,4938.0,10.86494255065918,207.0,83.0,0.3312162562111874,0.5052739920056333,0.9945037961006165,252.90830103266725,254.30662567136238,252.890310339952
799238.0,13.320632934570312,4938.0,4938.0,10.462359428405762,37.0,101.0,0.7046639896371684,0.5229820153591145,0.9945037961006165,253.1997055005924,252.86549197866552,254.33144403264888
799517.0,13.32528305053711,4681.0,4681.0,11.119834899902344,27.0,0.0,0.606240072123525,0.9003651700539992,0.9947898387908936,252.47519173250117,253.34259168365858,254.86762605085454
799796.0,13.329933166503906,5140.0,5140.0,13.659608840942383,213.0,94.0,0.3094330137696827,0.509275744493352,0.9942789077758789,253.01123709885906,254.28409292579647,252.79815003990177
800076.0,13.334600448608398,4700.0,4700.0,11.311300277709961,36.0,102.0,0.7067429344533048,0.5267908982879556,0.9947686791419983,253.30123563150633,252.96328106663464,254.3687452957845
800355.0,13.339249610900879,4724.0,4724.0,12.708442687988281,3.0,27.0,0.6419125782060977,0.8873583516768506,0.9947419762611389,252.46943737070208,252.8228564155057,254.84897052247877
800634.0,13.343899726867676,4935.0,4935.0,14.697281837463379,3.0,27.0,0.6419125782060977,0.8873583516768506,0.9945071339607239,252.35641331856317,252.7256173323236,254.842225001406
800914.0,13.348567008972168,5070.0,5070.0,12.89694881439209,5.0,29.0,0.6422163267595301,0.8717621479503456,0.9943568706512451,252.30653804269826,252.6746028892999,254.81546598943675
801193.0,13.353217124938965,4886.0,4886.0,12.737726211547852,4.0,28.0,0.6420631059787627,0.8795598493808306,0.9945616722106934,252.39347604705907,252.7535984731039,254.83297678039455
801472.0,13.357866287231445,5501.0,5501.0,9.756061553955078,30.0,4.0,0.6063615644228975,0.8726437489886587,0.993877112865448,252.07617348883812,253.06215488511282,254.80115407254036
801752.0,13.362533569335938,4840.0,4840.0,12.224586486816406,18.0,4.0,0.6154485255879745,0.9153734192841881,0.9946128726005554,252.36881804006563,253.14167795346702,254.88374698621763
802031.0,13.367183685302734,5124.0,5124.0,10.679019927978516,20.0,28.0,0.6311478560455439,0.8123707125126132,0.9942967295646667,252.36420772285305,252.8677756531045,254.727124355127
802310.0,13.371833801269531,4722.0,4722.0,12.035731315612793,205.0,85.0,0.3298327646991334,0.49019607843137253,0.9947441816329956,253.03038654992218,254.31674361228946,253.0027890205383
802590.0,13.376500129699707,4479.0,4479.0,15.436267852783203,24.0,8.0,0.6136003459093419,0.876757859664167,0.9950146675109863,252.61415320739215,253.32391758747613,254.84332722321088
802869.0,13.381150245666504,4197.0,4197.0,9.224852561950684,20.0,34.0,0.636067544451034,0.7901449893473323,0.9953285455703735,252.8675419112592,253.2131543000326,254.7500163296313
803148.0,13.3858003616333,4744.0,4744.0,10.37812614440918,213.0,95.0,0.3078129068979428,0.5072788143253011,0.9947196841239929,253.17965638381614,254.33656050771341,252.97047839552297
803428.0,13.390466690063477,4707.0,4707.0,12.130816459655762,26.0,73.0,0.6715739204850796,0.638926916608932,0.9947608709335327,252.86069536592834,252.81042984011154,254.51761433599015
803707.0,13.395116806030273,5109.0,5109.0,11.136260986328125,58.0,88.0,0.667745743979886,0.4433454308866203,0.9943134188652039,252.91536094935063,252.90703627094015,254.1928073503138
803986.0,13.39976692199707,4392.0,4392.0,12.170988082885742,25.0,82.0,0.6835095790336955,0.6219489156447374,0.9951114654541016,253.13481799761877,252.97811690701798,254.52873047457382
804265.0,13.404417037963867,4796.0,4796.0,13.3349609375,212.0,75.0,0.33847988229091813,0.5517160673686196,0.994661808013916,252.88774363974625,254.38977844735092,252.93412541378626
804545.0,13.409083366394043,4973.0,4973.0,12.872306823730469,5.0,29.0,0.6422163267595301,0.8717621479503456,0.9944648146629333,252.3580596490681,252.71908400560685,254.8189958290279
804824.0,13.41373348236084,4844.0,4844.0,13.657175064086914,18.0,20.0,0.6264668243025006,0.8510165348789923,0.9946084022521973,252.45511617194725,253.01953469519012,254.79516897667335
805103.0,13.418383598327637,5232.0,5232.0,14.124061584472656,4.0,25.0,0.6397463898743693,0.8900924185996625,0.9941765069961548,252.19323030603428,252.6202221773815,254.83678826200466
805383.0,13.423049926757812,4829.0,4829.0,7.7135701179504395,27.0,33.0,0.6298955306212792,0.7650677876653698,0.9946250915527344,252.58079517071064,253.04349513088167,254.6780015211839
805662.0,13.42770004272461,5167.0,5167.0,14.204014778137207,18.0,1.0,0.6135552169096746,0.9278882192816857,0.9942488670349121,252.17267691981655,253.0399555633215,254.89424526798862
805941.0,13.432350158691406,4809.0,4809.0,11.504167556762695,22.0,24.0,0.6265229673230672,0.8196453692506914,0.9946473240852356,252.51630715494284,253.0552413703743,254.75382812852732
806221.0,13.437016487121582,4235.0,4235.0,14.739453315734863,17.0,3.0,0.6155296221653052,0.923202556538838,0.995286226272583,252.68828687070396,253.36924871869334,254.90768852831337
806500.0,13.441666603088379,4517.0,4517.0,12.519051551818848,18.0,0.0,0.6129354445786406,0.9320884761306943,0.9949723482131958,252.52296363978303,253.29345979257585,254.91293394894683
806779.0,13.446316719055176,4225.0,4225.0,9.013553619384766,5.0,29.0,0.6422163267595301,0.8717621479503456,0.995297372341156,252.7554388858292,253.06216088720578,254.84622100816037
807059.0,13.450983047485352,4066.0,4066.0,13.464085578918457,5.0,28.0,0.6414304065734195,0.8752480836865193,0.9954743385314941,252.83588181096147,253.14176784892032,254.85603084010054
807338.0,13.455633163452148,4202.0,4202.0,11.547056198120117,23.0,3.0,0.6111351853957652,0.9014576601872892,0.9953230023384094,252.73225617727107,253.44868520007103,254.88247501531774
807617.0,13.460283279418945,4306.0,4306.0,10.472790718078613,25.0,72.0,0.6710168774958604,0.646440584030177,0.9952071905136108,253.02901863230596,252.98777560727146,254.56789155467007
807897.0,13.464949607849121,4256.0,4256.0,12.116230010986328,20.0,23.0,0.6272520422757288,0.8314557856963042,0.995262861251831,252.7876556571651,253.2626999267128,254.79640358126875
808176.0,13.469599723815918,4659.0,4659.0,9.898428916931152,56.0,91.0,0.6748782365350743,0.4452146344652456,0.9948143362998962,253.1469412230704,253.08892874745464,254.26638276549244
808455.0,13.474249839782715,4416.0,4416.0,15.059844970703125,20.0,4.0,0.6139938592320335,0.9080527433459981,0.9950847625732422,252.60847427463784,253.32786273802765,254.88475463771567
808735.0,13.478917121887207,5033.0,5033.0,11.991847038269043,27.0,1.0,0.606849893066166,0.8960162161436949,0.9943980574607849,252.2915496564545,253.210302995062,254.8514596485458
809014.0,13.483566284179688,4658.0,4658.0,12.607831001281738,27.0,81.0,0.6810295928106954,0.6141356769947383,0.9948154091835022,253.00593900133777,252.86599858308028,254.48986010050584
809293.0,13.488216400146484,4244.0,4244.0,13.594989776611328,20.0,7.0,0.6159351907826796,0.8955698561064204,0.9952762126922607,252.71666144906177,253.3733942768806,254.8742070239912
809573.0,13.492883682250977,4455.0,4455.0,12.904627799987793,25.0,5.0,0.6108899781666262,0.8858319214177661,0.9950413703918457,252.61545878960612,253.36515816383215,254.85564011023519
809852.0,13.497533798217773,4315.0,4315.0,9.910834312438965,26.0,31.0,0.6290182102404831,0.7767181225560266,0.9951971769332886,252.82401799057567,253.25378059962105,254.7265422454015
810131.0,13.502182960510254,4024.0,4024.0,15.857577323913574,18.0,4.0,0.6154485255879745,0.9153734192841881,0.995521068572998,252.8123993184706,253.45496562480307,254.9033456537584
810411.0,13.506850242614746,4349.0,4349.0,9.588661193847656,28.0,0.0,0.6054672165574752,0.896942561843535,0.9951593279838562,252.65846842228626,253.47155957734526,254.8727888494804
810690.0,13.511500358581543,4572.0,4572.0,11.19874382019043,24.0,31.0,0.6305681500891831,0.7847939706170028,0.9949111342430115,252.68394288531013,253.12509405413743,254.72073557862572
810969.0,13.51615047454834,4271.0,4271.0,7.937664985656738,174.0,0.0,0.44434108286335283,0.7526653906693322,0.995246171951294,252.87537317698911,254.7001745181708,254.09077571833276
811249.0,13.520816802978516,4206.0,4206.0,13.329606056213379,22.0,26.0,0.628075075126891,0.8119162499446971,0.9953185319900513,252.83698086999033,253.2858372572728,254.77547044493582
811528.0,13.525466918945312,4502.0,4502.0,11.253235816955566,29.0,4.0,0.6071523382290955,0.8760910701775848,0.9949890375137329,252.60273939676244,253.4022300098409,254.84166973524134
811807.0,13.53011703491211,4282.0,4282.0,9.375535011291504,207.0,93.0,0.31516395578183765,0.48062819331330575,0.995233952999115,253.32788921592052,254.3687856373911,253.20053039215753
812087.0,13.534783363342285,4294.0,4294.0,11.004373550415039,25.0,82.0,0.6835095790336955,0.6219489156447374,0.9952206015586853,253.17645802208182,253.02325526957222,254.5392515253573
812366.0,13.539433479309082,4101.0,4101.0,12.080263137817383,28.0,5.0,0.6085695934265805,0.8752480836865193,0.9954354166984558,252.81726984729272,253.5275145228712,254.85479266891974
812645.0,13.544083595275879,4587.0,4587.0,8.82174301147461,20.0,16.0,0.622093383591394,0.8589667711147371,0.9948944449424744,252.57978041399056,253.1779376729722,254.81638650667136
812924.0,13.548733711242676,4925.0,4925.0,10.523930549621582,22.0,26.0,0.628075075126891,0.8119162499446971,0.9945182204246521,252.46720599974714,252.99279578714726,254.73708641682543
813204.0,13.553400039672852,4767.0,4767.0,11.442924499511719,29.0,3.0,0.6065272213426133,0.8804336424131067,0.9946941137313843,252.4557714042077,253.31544860768022,254.8382265987983
813483.0,13.558050155639648,4866.0,4866.0,11.33830451965332,28.0,4.0,0.6079368940212373,0.8795598493808306,0.9945839047431946,252.4041318277961,253.26024550689058,254.83365959123313
813762.0,13.562700271606445,4249.0,4249.0,11.584639549255371,28.0,3.0,0.6073103773635875,0.8838853794982323,0.9952706694602966,252.7280732520668,253.4873214820985,254.8599681726845
814042.0,13.567366600036621,4186.0,4186.0,11.799640655517578,25.0,4.0,0.6102536101256308,0.8900924185996625,0.9953407645225525,252.75437165863949,253.47026911558797,254.86941824786228
814321.0,13.572016716003418,4441.0,4441.0,14.384246826171875,19.0,3.0,0.6140880354850065,0.915877294599017,0.9950569272041321,252.58506816153587,253.31345988269692,254.8939647125715
814600.0,13.576666831970215,4737.0,4737.0,11.420618057250977,27.0,0.0,0.606240072123525,0.9003651700539992,0.9947274923324585,252.44497906778918,253.32275860468897,254.86604202176466
814880.0,13.58133316040039,4221.0,4221.0,10.00421142578125,20.0,2.0,0.6127291406901804,0.9164480183818401,0.9953018426895142,252.70403756172973,253.4146746007462,254.8999022099225
815159.0,13.585983276367188,4456.0,4456.0,12.5360689163208,28.0,99.0,0.705601623177405,0.5740110262080175,0.995040237903595,253.348475686568,253.00928634208688,254.46123498874655
815438.0,13.590633392333984,4831.0,4831.0,14.144242286682129,28.0,82.0,0.6817389576752473,0.6067795882080228,0.9946228861808777,252.94732236439097,252.79684163435059,254.46083031789703
815718.0,13.59529972076416,4334.0,4334.0,12.57474136352539,22.0,3.0,0.6118822031113451,0.9050331305097408,0.9951760768890381,252.6566179969194,253.38850442625653,254.88318121649002
815997.0,13.599949836730957,4610.0,4610.0,14.356380462646484,32.0,100.0,0.7053772652981343,0.5511582993775045,0.9948688745498657,253.30540362607957,252.97040710408362,254.4127189163479
816276.0,13.604599952697754,3984.0,3984.0,10.144135475158691,78.0,7.0,0.5620341358351354,0.7224738567339135,0.9955655932426453,253.05227182403473,254.07803196773133,254.68618072971435
816556.0,13.60926628112793,3864.0,3864.0,11.571222305297852,20.0,5.0,0.6146350083356654,0.903876907577734,0.9956991672515869,252.91199468097028,253.5309380852882,254.89458061733905
816835.0,13.613916397094727,3901.0,3901.0,10.655755996704102,208.0,93.0,0.3144405292045783,0.4857207473101709,0.9956579804420471,253.47691370823858,254.43058230377568,253.35498772166835
817114.0,13.618566513061523,3873.0,3873.0,10.087350845336914,75.0,7.0,0.5653944934628461,0.728958324165283,0.9956891536712646,253.0994152207126,254.07323097745132,254.70205315163238
817394.0,13.623233795166016,4075.0,4075.0,11.064247131347656,25.0,4.0,0.6102536101256308,0.8900924185996625,0.9954643249511719,252.81392451912944,253.51083675907051,254.8728812059682
817673.0,13.627882957458496,4268.0,4268.0,13.696249961853027,75.0,6.0,0.5649142032318947,0.7340459995203058,0.9952495098114014,252.89942003063854,253.98516558653913,254.67782997317616
817952.0,13.632533073425293,3999.0,3999.0,11.560484886169434,36.0,100.0,0.7035334335539798,0.5298763393707917,0.9955489039421082,253.5296164958903,253.26354523147498,254.46639577900018
818232.0,13.637200355529785,4363.0,4363.0,10.599496841430664,22.0,30.0,0.6312688720179196,0.7966963698477394,0.9951437711715698,252.77508197966645,253.19415491403677,254.74824131783416
818511.0,13.641850471496582,3724.0,3724.0,14.475035667419434,27.0,87.0,0.6890313914346472,0.6009220136057475,0.9958550333976746,253.47833973628306,253.30787908877255,254.57818794404147
818790.0,13.646499633789062,3856.0,3856.0,10.118987083435059,25.0,2.0,0.6089990259976353,0.8986554953631593,0.9957081079483032,252.92204977048786,253.60265555325128,254.88908528314678
819070.0,13.651166915893555,3806.0,3806.0,12.03270149230957,58.0,89.0,0.6694873322396269,0.44063147165184763,0.9957637190818787,253.45986689890717,253.44375549858205,254.39574123317607
819349.0,13.655817031860352,3935.0,3935.0,11.268196105957031,26.0,29.0,0.6273871451212352,0.7844019558216366,0.9956201314926147,253.00706128764094,253.42000167016081,254.75920577359258
819628.0,13.660466194152832,4082.0,4082.0,11.108871459960938,5.0,30.0,0.6430085380358257,0.8682976402150796,0.9954565167427063,252.83541234277055,253.12101310882076,254.84741119600966
819908.0,13.665133476257324,4167.0,4167.0,11.130243301391602,16.0,7.0,0.6188289801862887,0.910488248382228,0.9953619241714478,252.74044771178353,253.35861181806314,254.89413361565482
820187.0,13.669783592224121,4186.0,4186.0,13.268231391906738,162.0,75.0,0.40747046993177555,0.3484021857637846,0.9953407645225525,253.3979565580465,254.22583334845527,253.76621504622977
820466.0,13.674433708190918,4311.0,4311.0,8.338441848754883,25.0,32.0,0.6306243474487807,0.7769556813094002,0.9952016472816467,252.82575266842997,253.23692375821858,254.72708744520986
820746.0,13.679100036621094,4319.0,4319.0,14.527618408203125,25.0,6.0,0.6115324867544587,0.8815857230915126,0.9951927661895752,252.69346826115915,253.4084618365297,254.8548424955242
821025.0,13.68375015258789,4419.0,4419.0,14.773427963256836,28.0,86.0,0.6871102615982484,0.5978945501658561,0.9950814247131348,253.17983015307146,252.99586201540708,254.49566458829165
821304.0,13.688400268554688,4427.0,4427.0,12.352747917175293,26.0,72.0,0.670361801149041,0.6415691068601689,0.9950725436210632,252.97311137186728,252.93736615739877,254.54963108934348
821583.0,13.693050384521484,4208.0,4208.0,10.246101379394531,37.0,97.0,0.6982648076284796,0.5296441029757563,0.9953162670135498,253.4129274143479,253.1730666416277,254.4382295352827
821863.0,13.69771671295166,4261.0,4261.0,12.073512077331543,25.0,82.0,0.6835095790336955,0.6219489156447374,0.9952573180198669,253.19046689978208,253.0384410867942,254.54279110333795
822142.0,13.702366828918457,3918.0,3918.0,10.680412292480469,27.0,4.0,0.6087152671702931,0.8830498337255676,0.9956390857696533,252.90598620183184,253.58887205069394,254.86994754069136
822421.0,13.707016944885254,3793.0,3793.0,13.593873977661133,23.0,7.0,0.6137013345372774,0.8845810647593125,0.9957782030105591,252.97113874028267,253.57640729389774,254.87574479510246
822701.0,13.71168327331543,3817.0,3817.0,6.542865753173828,26.0,31.0,0.6290182102404831,0.7767181225560266,0.9957515001296997,253.07516138812397,253.45532246493823,254.75810367802288
822980.0,13.716333389282227,3686.0,3686.0,12.302408218383789,20.0,18.0,0.6235331756974994,0.8510165348789923,0.9958972930908203,253.0634845267033,253.52431854031875,254.84413494961507
823259.0,13.720983505249023,4121.0,4121.0,12.390650749206543,23.0,7.0,0.6137013345372774,0.8845810647593125,0.9954131245613098,252.79569365746795,253.4533026020316,254.86499986880006
823539.0,13.7256498336792,3604.0,3604.0,10.700347900390625,22.0,27.0,0.6288622257334555,0.8080810614798107,0.9959885478019714,253.15047715918683,253.52546811757767,254.8036822198186
823818.0,13.730299949645996,3791.0,3791.0,12.384963989257812,55.0,90.0,0.6740281228331392,0.4526822110045175,0.9957804083824158,253.47994773807588,253.43691995145508,254.41108832357696
824097.0,13.734950065612793,4079.0,4079.0,10.761191368103027,26.0,3.0,0.6088583892825594,0.8908523105950726,0.9954598546028137,252.8108901742497,253.5263527581014,254.8736356731853
824377.0,13.739616394042969,3991.0,3991.0,10.621678352355957,28.0,1.0,0.606075608724021,0.8925769319182191,0.9955578446388245,252.8561842050378,253.59132303743834,254.87831656076267
824656.0,13.744266510009766,3896.0,3896.0,12.234657287597656,4.0,29.0,0.6428476617709045,0.8760910701775848,0.995663583278656,252.92544426469203,253.20234576206778,254.86298320742253
824935.0,13.748916625976562,3562.0,3562.0,10.021580696105957,26.0,3.0,0.6088583892825594,0.8908523105950726,0.9960353374481201,253.08836920652732,253.7131438481558,254.88965289201394
825215.0,13.753582954406738,4287.0,4287.0,11.017738342285156,56.0,87.0,0.6679759115708893,0.4557294704645552,0.9952283501625061,253.23742302339218,253.2287110207498,254.3377475621283
825494.0,13.758233070373535,4218.0,4218.0,12.898273468017578,55.0,89.0,0.6723059910357974,0.45525679197120084,0.9953051805496216,253.2946799830081,253.25779718747833,254.34784489282868
825773.0,13.762883186340332,4159.0,4159.0,12.592973709106445,55.0,89.0,0.6723059910357974,0.45525679197120084,0.9953708052635193,253.3185171378555,253.28214989418663,254.3569607902082
826053.0,13.767550468444824,3699.0,3699.0,10.781583786010742,28.0,1.0,0.606075608724021,0.8925769319182191,0.9958828091621399,253.01301439697002,253.69437437185255,254.88721827572132
826332.0,13.772199630737305,3397.0,3397.0,11.354215621948242,28.0,4.0,0.6079368940212373,0.8795598493808306,0.9962189793586731,253.18780308028488,253.7854630804319,254.8838763926384
826611.0,13.776849746704102,3528.0,3528.0,10.899106979370117,57.0,89.0,0.670447437375962,0.4454908864949082,0.9960731863975525,253.5728144339001,253.552575814798,254.44474924795378
826891.0,13.781517028808594,4103.0,4103.0,10.800994873046875,56.0,83.0,0.6613966387257291,0.4670619515543662,0.9954331517219543,253.2915384164532,253.32593580066532,254.37936896174352
827170.0,13.786166191101074,3377.0,3377.0,11.618888854980469,26.0,4.0,0.6094874936750363,0.8865607727869957,0.9962412118911743,253.19174853917116,253.7748117659933,254.89126952532774
827449.0,13.790816307067871,3351.0,3351.0,9.187695503234863,26.0,34.0,0.6315257740207781,0.7653491512618132,0.9962701797485352,253.3209690711029,253.62792902664262,254.77682260065004
827729.0,13.795483589172363,4085.0,4085.0,11.007391929626465,24.0,81.0,0.6827966417019756,0.6292743115442979,0.9954531788825989,253.25217740099367,253.11095519432894,254.5701660357965
828008.0,13.80013370513916,4086.0,4086.0,10.407976150512695,77.0,8.0,0.563635096085103,0.7194876215224478,0.9954521059989929,253.00588790312443,254.03752133321342,254.67468615636196
828287.0,13.80478286743164,4188.0,4188.0,9.827165603637695,58.0,228.0,0.9037069518519272,0.6776602213681718,0.9953385591506958,254.6168452080751,253.00581995877977,253.9366031501687
828567.0,13.809450149536133,3832.0,3832.0,12.37043571472168,35.0,102.0,0.707188231848385,0.5321353326955093,0.9957348108291626,253.6150424794192,253.3336140075361,254.4911395153368
828846.0,13.81410026550293,4271.0,4271.0,11.18185043334961,77.0,8.0,0.563635096085103,0.7194876215224478,0.995246171951294,252.91559213642796,253.99393915481804,254.65995555873195
829125.0,13.818750381469727,3979.0,3979.0,11.295686721801758,5.0,29.0,0.6422163267595301,0.8717621479503456,0.9955711960792542,252.8861347774157,253.1749970265289,254.85517522300393
829405.0,13.823416709899902,3240.0,3240.0,9.946794509887695,24.0,6.0,0.612294663166942,0.8851719673400791,0.9963937401771545,253.26640291913185,253.79750918828023,254.89440457121697
829684.0,13.8280668258667,3849.0,3849.0,9.136505126953125,26.0,2.0,0.608235326676077,0.8951576339072821,0.995715856552124,252.92962257420103,253.61531727985326,254.88546426738222
829963.0,13.832716941833496,3646.0,3646.0,11.087639808654785,21.0,22.0,0.625750725295817,0.831381797950773,0.9959418177604675,253.1048193230071,253.52724084006132,254.82550773483135
830242.0,13.837367057800293,3888.0,3888.0,12.024360656738281,31.0,5.0,0.6061929234867091,0.8648548179949918,0.9956724643707275,252.9420924545851,253.63467595182428,254.85086437448595
830522.0,13.842033386230469,3457.0,3457.0,7.910064220428467,22.0,36.0,0.6362915202992853,0.7744973937948416,0.9961522221565247,253.25889270243712,253.53588631602932,254.77874059739045
830801.0,13.846683502197266,3626.0,3626.0,11.771017074584961,60.0,90.0,0.6692927663914524,0.4282417581929716,0.9959641098976135,253.5440108526491,253.53012217219495,254.41157387558795
831080.0,13.851333618164062,3803.0,3803.0,12.55914306640625,162.0,74.0,0.40884349051663166,0.3530500921270832,0.9957670569419861,253.53951708137333,254.30168195903957,253.88482421964633
831360.0,13.855999946594238,3622.0,3622.0,9.429319381713867,22.0,34.0,0.6345856755381976,0.7818097283641714,0.9959685206413269,253.16825106904932,253.47766133165726,254.7756944580274
831639.0,13.860650062561035,3748.0,3748.0,9.443458557128906,25.0,0.0,0.6077682002730782,0.9072733569615117,0.9958282709121704,252.97105992587194,253.65320958794254,254.90135823933497
831918.0,13.865300178527832,3796.0,3796.0,14.337362289428711,28.0,100.0,0.7070837889426207,0.572508728101505,0.9957748651504517,253.60492845278927,253.30576433577826,254.53941689095208
832198.0,13.869966506958008,3839.0,3839.0,8.318325996398926,24.0,26.0,0.6265526818912004,0.8039598269232241,0.995727002620697,253.03437951873326,253.45606068688576,254.78639181782222
832477.0,13.874616622924805,3615.0,3615.0,10.604939460754395,25.0,4.0,0.6102536101256308,0.8900924185996625,0.9959763288497925,253.0606968643339,253.67893905406086,254.88723084906027
832756.0,13.879266738891602,3764.0,3764.0,11.105098724365234,77.0,7.0,0.5631609190440955,0.7245993470628695,0.9958105087280273,253.15757555239676,254.11906632667694,254.70578389889718
833036.0,13.883933067321777,3210.0,3210.0,13.954498291015625,37.0,98.0,0.6998493011902909,0.5278990734572439,0.9964271187782288,253.79946906081096,253.60795451337913,254.56987606351754
833315.0,13.888583183288574,3965.0,3965.0,7.5558180809021,78.0,140.0,0.7893676047225887,0.28314160009701483,0.9955867528915405,254.02515173905076,253.55598065612506,254.1932633185606
833594.0,13.893233299255371,3371.0,3371.0,11.98601245880127,22.0,20.0,0.6235056313052437,0.8353309390761111,0.9962478876113892,253.24397617180443,253.65792598055174,254.84244651000404
833874.0,13.897899627685547,3850.0,3850.0,11.182093620300293,27.0,0.0,0.606240072123525,0.9003651700539992,0.9957147836685181,252.9234136550638,253.63682659709136,254.89112601588042
834153.0,13.902549743652344,4319.0,4319.0,10.481500625610352,25.0,0.0,0.6077682002730782,0.9072733569615117,0.9951927661895752,252.6619792133365,253.4480448590762,254.88633154334684
834432.0,13.90719985961914,4255.0,4255.0,12.32144546508789,175.0,0.0,0.44324214255722594,0.7545835845056413,0.9952639937400818,252.881021695859,254.7036151115827,254.082936127988
834712.0,13.911867141723633,4028.0,4028.0,11.289880752563477,26.0,1.0,0.6076182380607049,0.8994765447716726,0.9955166578292847,252.8284191596578,253.55707340535827,254.88507633327737
834991.0,13.916516304016113,3634.0,3634.0,13.22730827331543,26.0,2.0,0.608235326676077,0.8951576339072821,0.9959551692008972,253.04527404847036,253.6926657845195,254.89186224398722
835270.0,13.92116641998291,4110.0,4110.0,11.258088111877441,19.0,5.0,0.6153660298363413,0.9075445237938492,0.9954253435134888,252.77477796308392,253.42651231349964,254.89214722879535
835550.0,13.925833702087402,3812.0,3812.0,13.864912033081055,35.0,100.0,0.7040081350676759,0.5351899632923992,0.9957570433616638,253.59846649285564,253.3389951663061,254.49709694814246
835829.0,13.930482864379883,4272.0,4272.0,8.744327545166016,22.0,30.0,0.6312688720179196,0.7966963698477394,0.9952450394630432,252.82147881444254,253.23181270426497,254.7534913117095
836108.0,13.93513298034668,4157.0,4157.0,11.895089149475098,53.0,91.0,0.6774951303201773,0.4600954383384537,0.9953730702400208,253.34782041415326,253.2772814458052,254.3629843766054
836388.0,13.939800262451172,3792.0,3792.0,12.245058059692383,26.0,4.0,0.6094874936750363,0.8865607727869957,0.9957793354988098,252.9695522788248,253.62426177352052,254.8779088255682
836667.0,13.944450378417969,3290.0,3290.0,12.276070594787598,35.0,100.0,0.7040081350676759,0.5351899632923992,0.9963380694389343,253.79039103633593,253.5664514438765,254.56596396998
836946.0,13.94909954071045,3894.0,3894.0,11.403796195983887,24.0,84.0,0.686676329255715,0.6226408763481995,0.9956657886505127,253.37185614225032,253.2066185318854,254.58293367987608
837226.0,13.953766822814941,4271.0,4271.0,12.251779556274414,67.0,11.0,0.5762318126804088,0.7280294724294303,0.995246171951294,252.90523748136843,253.86298205035928,254.67031021379148
837505.0,13.958416938781738,3737.0,3737.0,11.68456745147705,24.0,6.0,0.612294663166942,0.8851719673400791,0.9958405494689941,253.00047371714953,253.61305028172072,254.87820651203748
837784.0,13.963067054748535,3703.0,3703.0,11.818683624267578,22.0,4.0,0.6125156731871334,0.9008091539678961,0.9958783984184265,253.00223360610786,253.61744823541005,254.89574958728966
838064.0,13.967733383178711,3782.0,3782.0,9.532602310180664,25.0,35.0,0.633154648462281,0.7657107525398681,0.9957904815673828,253.1046380503308,253.43517435772796,254.74850754903443
838343.0,13.972383499145508,3873.0,3873.0,13.852714538574219,15.0,110.0,0.7254394039994676,0.6314212622786125,0.9956891536712646,253.6961641266271,253.20663437842578,254.5948339939192
838622.0,13.977033615112305,3840.0,3840.0,5.31743049621582,57.0,226.0,0.9011314885339081,0.6717797006213114,0.9957258701324463,254.6422716728985,253.17792209464912,254.0465904730542
838901.0,13.981683731079102,3502.0,3502.0,12.060396194458008,161.0,74.0,0.41096252643232484,0.3500755122583813,0.9961020946502686,253.65807102674773,254.35399724488923,253.98221617137227
839181.0,13.986350059509277,3533.0,3533.0,10.21998405456543,26.0,1.0,0.6076182380607049,0.8994765447716726,0.9960675835609436,253.09526913848313,253.73438429522872,254.8991984775981
839460.0,13.991000175476074,3712.0,3712.0,10.344507217407227,172.0,1.0,0.4461644894870802,0.7437035454235688,0.9958683848381042,253.16290043843853,254.72997582899464,254.2237900070177
839739.0,13.995650291442871,3705.0,3705.0,10.861536026000977,61.0,88.0,0.6646953474494937,0.4289593820866958,0.995876133441925,253.4973263587981,253.50799721228194,254.39950169658368
840019.0,14.000316619873047,3459.0,3459.0,12.503435134887695,35.0,103.0,0.7087916883492813,0.5306883664194831,0.9961499571800232,253.76060021732474,253.49722998253736,254.53924817927447
840298.0,14.004966735839844,3254.0,3254.0,8.8574857711792,25.0,28.0,0.6273635135131397,0.7922442196057061,0.9963781237602234,253.34472187750893,253.68981913316983,254.808121240205
840577.0,14.00961685180664,3309.0,3309.0,11.042272567749023,29.0,3.0,0.6065272213426133,0.8804336424131067,0.9963169097900391,253.2339192815925,253.83066571216807,254.88770471132742
840857.0,14.014283180236816,3382.0,3382.0,8.667184829711914,31.0,3.0,0.6049424391528977,0.8735948788213906,0.9962356686592102,253.2015278598159,253.82264714351535,254.8786631563813
841136.0,14.018933296203613,3673.0,3673.0,10.210186004638672,57.0,90.0,0.6721967313666282,0.44285953469926376,0.9959117770195007,253.52646088725373,253.4958234656155,254.41918281432987
841415.0,14.02358341217041,4022.0,4022.0,6.987146854400635,24.0,37.0,0.6356491014919112,0.7624905064295768,0.9955233335494995,252.98802905953798,253.31200913905818,254.72887105070677
841695.0,14.028249740600586,3236.0,3236.0,9.162294387817383,16.0,33.0,0.6381044514015601,0.8105892787684074,0.9963981509208679,253.33702532176335,253.5922012370691,254.8260316478793
841974.0,14.032899856567383,3965.0,3965.0,8.302255630493164,25.0,34.0,0.6323030052378852,0.7694373484183749,0.9955867528915405,253.00871411331553,253.36578329345463,254.74052986137013
842253.0,14.03754997253418,3894.0,3894.0,12.5836820602417,23.0,3.0,0.6111351853957652,0.9014576601872892,0.9956657886505127,252.89846356030492,253.56238409788023,254.89108865145656
842533.0,14.042216300964355,3478.0,3478.0,8.77042293548584,58.0,230.0,0.9051689295045481,0.6868121143592355,0.9961287975311279,254.6908345023911,253.33485223848413,254.106387736439
842812.0,14.046866416931152,3315.0,3315.0,14.802909851074219,36.0,97.0,0.6987918088252166,0.5349025357940673,0.9963102340698242,253.74984215111996,253.5558250739081,254.56239430170226
843091.0,14.05151653289795,3734.0,3734.0,9.375734329223633,24.0,33.0,0.6322293394513884,0.7772723133721849,0.9958438873291016,253.11643128478298,253.45684839023028,254.76395125305882
843371.0,14.056182861328125,3695.0,3695.0,9.629951477050781,68.0,9.0,0.5740601980195283,0.7353856152222044,0.995887279510498,253.18002522588765,254.0370770337162,254.72248732446636
843650.0,14.060832977294922,3895.0,3895.0,15.588714599609375,28.0,5.0,0.6085695934265805,0.8752480836865193,0.995664656162262,252.9268894679207,253.60146470823096,254.8620851748329
843929.0,14.065483093261719,3809.0,3809.0,9.6300048828125,78.0,7.0,0.5620341358351354,0.7224738567339135,0.9957603812217712,253.1378287104556,254.11853079872526,254.69996571264772
844209.0,14.070150375366211,3908.0,3908.0,10.063915252685547,24.0,2.0,0.6097567859441909,0.902173887868811,0.9956502318382263,252.89012606901971,253.57351110503197,254.8914921684757
844488.0,14.074799537658691,3927.0,3927.0,12.884671211242676,20.0,14.0,0.6206801124859245,0.8669860116109742,0.995629072189331,252.9190824245285,253.452341210218,254.85174439203033
844767.0,14.079449653625488,3842.0,3842.0,8.52047061920166,24.0,30.0,0.6297494834559486,0.7885864011703009,0.9957236647605896,253.049608260706,253.43056092117075,254.7694607671947
845047.0,14.08411693572998,4115.0,4115.0,11.034830093383789,21.0,29.0,0.6312077746076079,0.8045334830424455,0.9954198002815247,252.89239344349238,253.29222321344977,254.7717047000852
845326.0,14.088767051696777,3504.0,3504.0,11.229513168334961,61.0,91.0,0.6701078934158118,0.4207059115965541,0.9960998892784119,253.60434573131224,253.58706785869944,254.4238756732906
845605.0,14.093416213989258,3791.0,3791.0,8.04621410369873,26.0,32.0,0.6298458606710803,0.772907252466318,0.9957804083824158,253.09235913177838,253.45982120473994,254.75564914325366
845885.0,14.09808349609375,3830.0,3830.0,13.486780166625977,55.0,88.0,0.6706034245289855,0.45788407257064456,0.9957370162010193,253.4387054270566,253.41519127354903,254.4106869889708
846164.0,14.102733612060547,3633.0,3633.0,8.905716896057129,28.0,35.0,0.6307999550908981,0.7534414187907404,0.995956301689148,253.19195103364777,253.52633175043488,254.74576282781769
846443.0,14.107383728027344,2799.0,2799.0,9.44776725769043,122.0,3.0,0.507026372791216,0.6911423993827387,0.9968845844268799,253.65650410131283,254.70833873798605,254.7546339563959
846723.0,14.11205005645752,3198.0,3198.0,9.781695365905762,71.0,6.0,0.5692761027210524,0.7431243208559367,0.9964404702186584,253.41780075216977,254.2061023612906,254.76683905934604
847002.0,14.116700172424316,3871.0,3871.0,12.480216026306152,36.0,100.0,0.7035334335539798,0.5298763393707917,0.9956914186477661,253.57669507374328,253.31914284990563,254.4834806604551
847281.0,14.121350288391113,3515.0,3515.0,12.903165817260742,23.0,4.0,0.611767661970205,0.8972168509688376,0.9960876107215881,253.10722402902903,253.69691622331328,254.89745743898092
847560.0,14.12600040435791,3493.0,3493.0,11.074873924255371,20.0,5.0,0.6146350083356654,0.903876907577734,0.9961121082305908,253.1124728234704,253.67198887725456,254.90470237413092
847840.0,14.130666732788086,3644.0,3644.0,9.924102783203125,25.0,1.0,0.6083806763810665,0.9029576758621128,0.995944082736969,253.03184908347166,253.68504293405985,254.89963311238253
848119.0,14.135316848754883,3702.0,3702.0,9.574837684631348,27.0,0.0,0.606240072123525,0.9003651700539992,0.9958794713020325,253.0032201489445,253.68921550454172,254.89531021509205
848398.0,14.13996696472168,3648.0,3648.0,10.179771423339844,26.0,2.0,0.608235326676077,0.8951576339072821,0.9959396123886108,253.03775598252162,253.6876376500941,254.8914463356699
848678.0,14.144633293151855,3456.0,3456.0,8.903929710388184,27.0,1.0,0.606849893066166,0.8960162161436949,0.9961532950401306,253.14017917942866,253.77106266310918,254.89800129103796
848957.0,14.149283409118652,3141.0,3141.0,5.889967918395996,57.0,226.0,0.9011314885339081,0.6717797006213114,0.9965038895606995,254.70738892416276,253.50959475179397,254.22013951298314
849236.0,14.15393352508545,3227.0,3227.0,10.640901565551758,28.0,4.0,0.6079368940212373,0.8795598493808306,0.996408224105835,253.27850577154516,253.84625215144362,254.88968852243067
849516.0,14.158599853515625,3626.0,3626.0,8.83554458618164,78.0,140.0,0.7893676047225887,0.28314160009701483,0.9959641098976135,254.10850665031828,253.67945228663308,254.26224376114982
849795.0,14.163249969482422,3880.0,3880.0,10.301734924316406,7.0,30.0,0.641729685827504,0.8596468432544043,0.9956813454627991,252.95205106931095,253.23534275957894,254.84543511671657
850074.0,14.167900085449219,3517.0,3517.0,11.005873680114746,58.0,228.0,0.9037069518519272,0.6776602213681718,0.9960854053497314,254.67823345888473,253.3253232694783,254.1069783455295
850354.0,14.172566413879395,3336.0,3336.0,9.175485610961914,58.0,227.0,0.9029610862034295,0.6731061546478658,0.9962868690490723,254.69048108801456,253.4158221270123,254.15797125323263
850633.0,14.177216529846191,4089.0,4089.0,11.627874374389648,78.0,139.0,0.7863308993890745,0.2818350370012698,0.9954487681388855,253.9820365300446,253.51234824242133,254.16652350841028
850912.0,14.181866645812988,3623.0,3623.0,11.539359092712402,55.0,91.0,0.6757697489145003,0.4501612338773375,0.995967447757721,253.55936394020907,253.50879801148872,254.43460034494896
851192.0,14.186532974243164,3536.0,3536.0,9.474492073059082,56.0,87.0,0.6679759115708893,0.4557294704645552,0.9960642457008362,253.5461904897584,253.5390046519409,254.45376065548555
851471.0,14.191183090209961,3406.0,3406.0,9.33277702331543,68.0,11.0,0.5751520743616867,0.7254901960784313,0.9962089657783508,253.33194494247434,254.10214053415714,254.7346276044846
851750.0,14.195833206176758,3719.0,3719.0,8.585990905761719,28.0,2.0,0.6066899724026912,0.888224472946247,0.9958605766296387,253.0068790694905,253.68166580011936,254.8820150116252
852030.0,14.200499534606934,3113.0,3113.0,11.4611234664917,57.0,90.0,0.6721967313666282,0.44285953469926376,0.996535062789917,253.7511149644671,253.72514848887081,254.50773353398685
852309.0,14.20514965057373,3175.0,3175.0,8.535067558288574,27.0,34.0,0.6307402138490118,0.7612794022796463,0.9964661002159119,253.4128328506441,253.7085891985075,254.78487825947096
852588.0,14.209799766540527,3400.0,3400.0,7.154173851013184,55.0,225.0,0.8982385725667572,0.6738368736250816,0.9962156414985657,254.68524885896144,253.38472830530705,254.1787852729839
852868.0,14.21446704864502,3344.0,3344.0,9.25668716430664,28.0,2.0,0.6066899724026912,0.888224472946247,0.9962779879570007,253.20786147181107,253.8146040330672,254.8939123862593
853147.0,14.2191162109375,3784.0,3784.0,11.038414001464844,171.0,0.0,0.44767101789449787,0.7471282969085848,0.9957882165908813,253.12357587649706,254.72841458485243,254.22453712854198
853426.0,14.223766326904297,4072.0,4072.0,8.572378158569336,11.0,36.0,0.6440378754768062,0.8215569281772646,0.9954676628112793,252.89474289722781,253.1525783635355,254.79376513652463
853706.0,14.228433609008789,3410.0,3410.0,12.609232902526855,19.0,5.0,0.6153660298363413,0.9075445237938492,0.9962044954299927,253.15377604082423,253.6945075061763,254.91051662847204
853985.0,14.233083724975586,3083.0,3083.0,10.444345474243164,58.0,228.0,0.9037069518519272,0.6776602213681718,0.996568500995636,254.71794229949225,253.5319932082821,254.21718512592847
854264.0,14.237732887268066,3408.0,3408.0,12.011406898498535,17.0,1.0,0.6142716415170412,0.9315273349191924,0.9962067604064941,253.13167977949766,253.69820253405203,254.93376802781435
854544.0,14.242400169372559,3349.0,3349.0,11.387880325317383,9.0,36.0,0.6453511296115821,0.8303082347573595,0.9962723851203918,253.26021552641157,253.4620931053215,254.83870088498827
854823.0,14.247050285339355,3931.0,3931.0,14.104676246643066,19.0,3.0,0.6140880354850065,0.915877294599017,0.9956246018409729,252.86240487313384,253.50714629763456,254.90614206576234
855102.0,14.251700401306152,3537.0,3537.0,11.738640785217285,31.0,6.0,0.6068276718160781,0.8605051135032518,0.9960631728172302,253.13225578834695,253.75256113206353,254.85996234844046
855382.0,14.256366729736328,3418.0,3418.0,9.83666706085205,56.0,226.0,0.9000681684061743,0.6750226048872765,0.9961956143379211,254.684733467671,253.37502984466877,254.1603163360189
855661.0,14.261016845703125,3642.0,3642.0,11.38222599029541,23.0,29.0,0.6297027178823025,0.7964260807598977,0.9959462881088257,253.143040589876,253.5082131521219,254.7895663456251
855940.0,14.265666961669922,3869.0,3869.0,8.776432037353516,56.0,226.0,0.9000681684061743,0.6750226048872765,0.9956936240196228,254.64313391363785,253.16061433636978,254.0495197167504
856219.0,14.270317077636719,3672.0,3672.0,12.13536548614502,173.0,0.0,0.4454455858831398,0.750783263944698,0.9959129095077515,253.1753195438257,254.74026430512754,254.22801643765914
856499.0,14.274983406066895,3757.0,3757.0,12.923612594604492,5.0,31.0,0.643807076513291,0.8648548179949918,0.9958182573318481,253.01142254460888,253.26440498605692,254.85588869463368
856778.0,14.279633522033691,3188.0,3188.0,11.515729904174805,29.0,0.0,0.6046884587075049,0.8935412658901208,0.9964516162872314,253.28665219822838,253.88797217577653,254.90367210825966
857057.0,14.284283638000488,4099.0,4099.0,14.285443305969238,32.0,6.0,0.6060212175627306,0.8570668756715066,0.9954376220703125,252.8394765634831,253.56512390967384,254.8337106923763
857337.0,14.288949966430664,3952.0,3952.0,9.507857322692871,24.0,34.0,0.6330720027768149,0.7735437012522436,0.995601236820221,253.0106433236467,253.3604331405356,254.745987454666
857616.0,14.293600082397461,3738.0,3738.0,11.805357933044434,56.0,93.0,0.6784496618834011,0.4402823182914309,0.9958394169807434,253.53798283014598,253.47193439011323,254.4061682700659
857895.0,14.298250198364258,3602.0,3602.0,11.976643562316895,78.0,9.0,0.5629759545055023,0.7122263937724852,0.9959908127784729,253.24951777454015,254.15553339428683,254.70579674248103
858175.0,14.302916526794434,3813.0,3813.0,8.023271560668945,78.0,140.0,0.7893676047225887,0.28314160009701483,0.9957559704780579,254.0625304459041,253.61134883793082,254.2241961058787
858454.0,14.30756664276123,3961.0,3961.0,11.704437255859375,213.0,96.0,0.306180165086578,0.5053348610568125,0.9955912232398987,253.49275925242188,254.44387861700574,253.3076452353426
858733.0,14.312216758728027,4729.0,4729.0,10.6200590133667,207.0,83.0,0.3312162562111874,0.5052739920056333,0.99473637342453,252.9968133508346,254.3359664943699,252.97958395214042
859013.0,14.316883087158203,8747.0,8747.0,3.6009888648986816,208.0,84.0,0.32884882086353784,0.5074606781508111,0.9902641773223877,251.32532287974524,253.77720474768483,251.2575256867329
859292.0,14.321533203125,23387.0,23387.0,1.5687916278839111,214.0,89.0,0.31664780713674484,0.5250949640408422,0.9739691615104675,245.57451791694788,251.8476450463258,244.87662732401265
859571.0,14.326183319091797,55526.0,55526.0,1.2288541793823242,211.0,88.0,0.3203240901487749,0.5122865643653165,0.9381968975067139,232.42704567354227,247.31373812027982,231.16667960814425
859851.0,14.330849647521973,112522.0,112522.0,1.1681932210922241,212.0,88.0,0.31959445038444184,0.5173052941901474,0.8747576475143433,209.2658979528464,239.58427577556049,206.54212445675458
860130.0,14.33549976348877,195003.0,195003.0,1.1686794757843018,212.0,88.0,0.31959445038444184,0.5173052941901474,0.7829523086547852,175.7418172201933,228.28421826225048,171.02145915168995
860409.0,14.340149879455566,272891.0,272891.0,1.204763412475586,212.0,88.0,0.31959445038444184,0.5173052941901474,0.6962592601776123,144.08456512340015,217.6134180019862,137.47880468859609
860689.0,14.344816207885742,297057.0,297057.0,1.3167221546173096,212.0,88.0,0.31959445038444184,0.5173052941901474,0.6693613529205322,134.26239545846147,214.3026312572452,127.07165873222624
860968.0,14.349466323852539,269587.0,269587.0,1.2400579452514648,213.0,89.0,0.31733798813459335,0.5200331223000315,0.6999367475509644,146.3305832942395,218.2747922904325,138.69294896055933
861247.0,14.354116439819336,195618.0,195618.0,1.3281042575836182,212.0,88.0,0.31959445038444184,0.5173052941901474,0.7822678089141846,175.4918619904601,228.1999651400169,170.75661740621723
861527.0,14.358783721923828,128615.0,128615.0,1.385850191116333,212.0,89.0,0.31804172367788025,0.5149812522016552,0.8568453788757324,203.1460966710299,237.29466785479414,199.6964753718294
861806.0,14.363432884216309,83026.0,83026.0,1.463809609413147,210.0,89.0,0.3194913707725001,0.5049086235996701,0.9075881242752075,221.51311662451923,243.3331576991774,219.53678568117843
862085.0,14.368083000183105,55160.0,55160.0,1.6703670024871826,211.0,88.0,0.3203240901487749,0.5122865643653165,0.9386042952537537,232.57584355529312,247.36440492577384,231.32378565364053
862365.0,14.372750282287598,39593.0,39593.0,1.743910789489746,211.0,89.0,0.3187593886789217,0.5099396501069999,0.9559310674667358,239.034125229945,249.49290869335107,238.0319357146842
862644.0,14.377400398254395,29493.0,29493.0,1.8501975536346436,210.0,89.0,0.3194913707725001,0.5049086235996701,0.9671728610992432,243.1045746198891,250.85562948767654,242.40252967293748
862923.0,14.382049560546875,23907.0,23907.0,2.063596725463867,209.0,86.0,0.32495918356054104,0.5072181785595663,0.9733903408050537,245.118683437152,251.6562471368713,244.7728266737061
863203.0,14.386716842651367,19227.0,19227.0,2.3349735736846924,210.0,89.0,0.3194913707725001,0.5049086235996701,0.9785994291305542,247.2451696250812,252.29821428768577,246.78749456889688
863482.0,14.391366958618164,16991.0,16991.0,3.211672306060791,207.0,90.0,0.32014767609603856,0.487490573061192,0.9810882210731506,248.1985532210667,252.5284214300508,247.82657131725603
863761.0,14.396017074584961,15693.0,15693.0,2.5291495323181152,211.0,92.0,0.31397987942551975,0.5032000633240569,0.9825329184532166,248.82511210994124,252.78720052337928,248.30458788776116
864041.0,14.400683403015137,14452.0,14452.0,2.9258503913879395,207.0,88.0,0.32339091560987593,0.4923247897247001,0.9839142560958862,249.11962417746662,252.9175849781663,248.87868563073567
864320.0,14.405333518981934,13369.0,13369.0,3.2050673961639404,212.0,92.0,0.3133004703154272,0.5083085156647195,0.985119640827179,249.74040201992867,253.13428079827273,249.27673602358854
864599.0,14.40998363494873,12625.0,12625.0,3.5071768760681152,206.0,83.0,0.3320777482190842,0.5004419423263496,0.9859477877616882,249.6504639962944,253.20992655779384,249.62344520066716
864878.0,14.414633750915527,10582.0,10582.0,4.204496383666992,207.0,91.0,0.3185021607981883,0.4851505036064147,0.9882217049598694,250.7987339260092,253.45366743620448,250.5394020933289
865158.0,14.419300079345703,10904.0,10904.0,3.3508968353271484,206.0,84.0,0.33053498806638937,0.49773033497206426,0.987863302230835,250.41646440367649,253.44554674361873,250.3647373941071
865437.0,14.4239501953125,9440.0,9440.0,4.423584461212158,206.0,84.0,0.33053498806638937,0.49773033497206426,0.9894928336143494,251.0318719258643,253.65425511006706,250.98709003325112
865716.0,14.428600311279297,9059.0,9059.0,4.042985916137695,208.0,91.0,0.31775085295129984,0.49019607843137253,0.9899169206619263,251.404108930496,253.68919968605044,251.16842985153195
865996.0,14.433266639709473,9174.0,9174.0,5.935805320739746,205.0,84.0,0.3314029884905,0.49288673323134113,0.9897888898849487,251.1425008742542,253.67956170101658,251.11277214030727
866275.0,14.43791675567627,9035.0,9035.0,6.494227409362793,206.0,89.0,0.3225706951161019,0.4848968467020186,0.9899436235427856,251.3527608106395,253.67908183791505,251.19216616890563
866554.0,14.442566871643066,8592.0,8592.0,4.052807807922363,211.0,93.0,0.31235867921759175,0.5010561701639465,0.9904366731643677,251.64699896556883,253.78325145607724,251.33945185775028
866834.0,14.447233200073242,7627.0,7627.0,6.194537162780762,205.0,85.0,0.3298327646991334,0.49019607843137253,0.991510808467865,251.81868271419935,253.89640510082245,251.7741072177887
867113.0,14.451883316040039,7393.0,7393.0,5.095367431640625,206.0,83.0,0.3320777482190842,0.5004419423263496,0.9917712211608887,251.86738657801217,253.95175804265745,251.85156474939578
867392.0,14.456533432006836,7610.0,7610.0,6.487800598144531,210.0,93.0,0.3130383192919232,0.4959350331378351,0.9915297031402588,252.02976752280028,253.9112571239909,251.76889147754108
867672.0,14.461199760437012,7555.0,7555.0,6.044931411743164,208.0,92.0,0.31610328154497314,0.48793202645196804,0.9915909171104431,252.0257329552861,253.9019643811635,251.80940334516248
867951.0,14.465849876403809,7807.0,7807.0,6.836971282958984,208.0,92.0,0.31610328154497314,0.48793202645196804,0.9913104176521301,251.92652114992305,253.8653375099176,251.70297549266877
868230.0,14.470499992370605,7342.0,7342.0,6.722716331481934,205.0,83.0,0.33295601248958884,0.49562484106774696,0.9918280243873596,251.88801292717474,253.9489559179039,251.8833365196495
868510.0,14.475166320800781,6717.0,6717.0,8.099569320678711,207.0,90.0,0.32014767609603856,0.487490573061192,0.9925236701965332,252.3112069754665,254.02291917668904,252.1641526235429
868789.0,14.479816436767578,6510.0,6510.0,7.579911231994629,208.0,92.0,0.31610328154497314,0.48793202645196804,0.9927540421485901,252.43712674403545,254.05384214688658,252.25071934889436
869068.0,14.484466552734375,6325.0,6325.0,9.28955078125,204.0,87.0,0.3274924195304101,0.4800519003083098,0.9929599761962891,252.40340568416792,254.06658601537643,252.343001844731
869348.0,14.48913288116455,6149.0,6149.0,5.140226364135742,206.0,82.0,0.3336037382249136,0.5032000633240569,0.9931558966636658,252.37654557501367,254.13296172345588,252.37939523612278
869627.0,14.493782997131348,6183.0,6183.0,12.098814964294434,206.0,88.0,0.3241967823611034,0.48736437007595346,0.9931180477142334,252.48359861843014,254.10037684399407,252.38982749026496
869906.0,14.498433113098145,6413.0,6413.0,7.374980926513672,213.0,94.0,0.3094330137696827,0.509275744493352,0.9928620457649231,252.5187083136134,254.1067943441486,252.25284899596218
870186.0,14.503100395202637,6257.0,6257.0,10.418564796447754,212.0,94.0,0.3100717656526438,0.5041160836149977,0.9930356740951538,252.57873775675935,254.11935821280747,252.32883557572097
870465.0,14.507749557495117,6841.0,6841.0,8.208883285522461,206.0,88.0,0.3241967823611034,0.48736437007595346,0.9923856258392334,252.21578690721643,254.0046331289326,252.11203604907644
870744.0,14.512399673461914,5432.0,5432.0,10.508171081542969,3.0,26.0,0.6411416107174406,0.8908523105950726,0.9939539432525635,252.0847889054258,252.50548265448296,254.83172215338158
871024.0,14.517066955566406,5690.0,5690.0,9.809560775756836,208.0,92.0,0.31610328154497314,0.48793202645196804,0.9936667680740356,252.75995512812474,254.17302346422375,252.59702825353443
871303.0,14.521717071533203,5912.0,5912.0,9.471750259399414,205.0,83.0,0.33295601248958884,0.49562484106774696,0.9934196472167969,252.49412213562135,254.1536635473811,252.49035653318532
871582.0,14.526366233825684,5343.0,5343.0,6.250416278839111,206.0,82.0,0.3336037382249136,0.5032000633240569,0.9940530061721802,252.72042201786556,254.24661112994633,252.72289815187384
871862.0,14.531033515930176,5763.0,5763.0,7.731687545776367,206.0,84.0,0.33053498806638937,0.49773033497206426,0.9935855269432068,252.5775152231139,254.1784422154406,252.55017652559485
872141.0,14.535683631896973,6347.0,6347.0,10.425929069519043,205.0,88.0,0.3250192005056285,0.4824167023057876,0.9929354786872864,252.41620094491472,254.06759804939531,252.32949608112074
872420.0,14.54033374786377,5560.0,5560.0,9.538097381591797,210.0,93.0,0.3130383192919232,0.4959350331378351,0.9938114285469055,252.8298876389069,254.2045422735708,252.639286285351
872700.0,14.545000076293945,5284.0,5284.0,10.538825988769531,3.0,27.0,0.6419125782060977,0.8873583516768506,0.9941186308860779,252.16943596530393,252.5647532855772,254.8310657865958
872979.0,14.549650192260742,5377.0,5377.0,8.278043746948242,208.0,85.0,0.32731063212449446,0.5048477031574117,0.9940151572227478,252.759082805346,254.24433079491345,252.70339938868793
873258.0,14.554300308227539,5369.0,5369.0,12.249800682067871,205.0,82.0,0.3344918268625442,0.4984096198644191,0.9940240383148193,252.716618188361,254.23564135219686,252.72717685939713
873537.0,14.558950424194336,5391.0,5391.0,9.285983085632324,204.0,83.0,0.3338514885588759,0.4908231283563241,0.9939995408058167,252.71886604640108,254.22089976456542,252.72353576612113
873817.0,14.563616752624512,5765.0,5765.0,13.322064399719238,20.0,3.0,0.6133585902018742,0.9122431803779613,0.9935832619667053,251.87105729616792,252.82591657618167,254.8564063068518
874096.0,14.568266868591309,4940.0,4940.0,13.380489349365234,205.0,86.0,0.3282453645604403,0.48755366230347263,0.994501531124115,252.95602463253428,254.28149408921166,252.91428678408698
874375.0,14.572916984558105,4878.0,4878.0,11.661718368530273,207.0,82.0,0.33273242579993617,0.5080058789888894,0.9945705533027649,252.91722412555828,254.3188297568774,252.9121524275327
874655.0,14.577583312988281,5006.0,5006.0,10.464736938476562,206.0,82.0,0.3336037382249136,0.5032000633240569,0.9944280982017517,252.86420080032966,254.29412928256372,252.8665207582669
874934.0,14.582233428955078,4708.0,4708.0,10.514394760131836,206.0,85.0,0.32897547450111375,0.49506600556434527,0.9947597980499268,253.03681020452197,254.3252811939135,253.00221581154915
875213.0,14.586883544921875,4739.0,4739.0,10.73060131072998,205.0,82.0,0.3344918268625442,0.4984096198644191,0.9947252869606018,252.9845614061341,254.32533494377282,252.99388107093904
875493.0,14.59154987335205,4770.0,4770.0,12.399492263793945,18.0,7.0,0.6173940374462357,0.9029917381683553,0.9946907758712769,252.4236305384737,253.14647024328042,254.8686651558775
875772.0,14.596199989318848,4724.0,4724.0,13.839670181274414,204.0,84.0,0.3322881909754828,0.48805808265156564,0.9947419762611389,253.01302471826318,254.31359029764428,253.00481759553657
876051.0,14.600850105285645,4640.0,4640.0,14.491641998291016,3.0,27.0,0.6419125782060977,0.8873583516768506,0.9948354363441467,252.51441750109646,252.86155460901574,254.85165503441837
876331.0,14.60551643371582,4989.0,4989.0,12.595211029052734,206.0,86.0,0.3273992374900667,0.49244972147567373,0.9944469928741455,252.93632145286668,254.2813002700894,252.88666609572482
876610.0,14.610166549682617,4556.0,4556.0,15.564444541931152,206.0,88.0,0.3241967823611034,0.48736437007595346,0.9949289560317993,253.14576133084012,254.33710255615213,253.07666502006552
876889.0,14.614816665649414,5305.0,5305.0,12.386908531188965,4.0,27.0,0.6412847328297069,0.8830498337255676,0.9940952658653259,252.16467829922465,252.56965654535028,254.82390729209158
877169.0,14.61948299407959,5126.0,5126.0,12.531797409057617,20.0,25.0,0.6287886875877858,0.8237628053960785,0.9942945241928101,252.34661418611873,252.89137050090048,254.7435931522144
877448.0,14.624133110046387,4208.0,4208.0,12.231409072875977,27.0,84.0,0.6849869734693547,0.6073369176066026,0.9953162670135498,253.23974297254796,253.08027407996002,254.53102209695038
877727.0,14.628783226013184,4696.0,4696.0,14.363807678222656,204.0,83.0,0.3338514885588759,0.4908231283563241,0.9947731494903564,253.01296104479943,254.32134519528236,253.01702872130699
878007.0,14.63344955444336,4581.0,4581.0,12.045265197753906,208.0,93.0,0.3144405292045783,0.4857207473101709,0.9949011206626892,253.21142371231852,254.3313267969373,253.0682447410342
878286.0,14.638099670410156,4157.0,4157.0,10.809410095214844,208.0,93.0,0.3144405292045783,0.4857207473101709,0.9953730702400208,253.37697338846397,254.39321883530133,253.24704698710926
878565.0,14.642749786376953,4068.0,4068.0,9.149230003356934,4.0,29.0,0.6428476617709045,0.8760910701775848,0.9954721331596375,252.83385391072986,253.12298043813288,254.85693400068524
878845.0,14.647417068481445,4469.0,4469.0,13.141502380371094,22.0,8.0,0.6151097762918976,0.8840593521369086,0.9950258135795593,252.61022607660053,253.30398985588488,254.85293884897473
879124.0,14.652066230773926,4964.0,4964.0,11.996525764465332,24.0,8.0,0.6136003459093419,0.876757859664167,0.9944748282432556,252.35580057228157,253.14242214976417,254.8263618317788
879403.0,14.656716346740723,4013.0,4013.0,12.407917976379395,24.0,8.0,0.6136003459093419,0.876757859664167,0.9955333471298218,252.8623794004729,253.49829909337979,254.85962763573622
879683.0,14.661383628845215,4075.0,4075.0,15.12017822265625,18.0,0.0,0.6129354445786406,0.9320884761306943,0.9954643249511719,252.76535199920485,253.46045188353114,254.9214537258928
879962.0,14.666033744812012,5117.0,5117.0,11.904842376708984,5.0,29.0,0.6422163267595301,0.8717621479503456,0.9943045377731323,252.28155959411035,252.65303777603788,254.81375467018714
880241.0,14.670682907104492,4150.0,4150.0,10.461691856384277,56.0,91.0,0.6748782365350743,0.4452146344652456,0.9953808784484863,253.3493908923238,253.29771637352155,254.34653163520647
880521.0,14.675350189208984,4338.0,4338.0,9.99714183807373,27.0,1.0,0.606849893066166,0.8960162161436949,0.9951716065406799,252.6655483643178,253.45743485365736,254.87197097142896
880800.0,14.680000305175781,4344.0,4344.0,13.112523078918457,212.0,95.0,0.3084375306261717,0.5020986330327426,0.9951649308204651,253.3329421380067,254.3861161737627,253.1479985446745
881079.0,14.684650421142578,4503.0,4503.0,10.999046325683594,212.0,94.0,0.3100717656526438,0.5041160836149977,0.994987964630127,253.25748361454254,254.36622612929048,253.07763583207426
881359.0,14.689316749572754,4426.0,4426.0,9.670066833496094,25.0,30.0,0.628978044956013,0.7845587852448062,0.995073676109314,252.75821478258828,253.203953268702,254.72936003316184
881638.0,14.69396686553955,4925.0,4925.0,13.185151100158691,207.0,84.0,0.32968374326038735,0.5025884556069136,0.9945182204246521,252.93036905284868,254.30469138662792,252.89960102994465
881917.0,14.698616981506348,4508.0,4508.0,13.607723236083984,28.0,5.0,0.6085695934265805,0.8752480836865193,0.9949823617935181,252.60062431000895,253.3813638835265,254.84038020468526
882196.0,14.703267097473145,4399.0,4399.0,11.685831069946289,4.0,28.0,0.6420631059787627,0.8795598493808306,0.9951037168502808,252.65327140904992,252.97750000188068,254.84962418459327
882476.0,14.70793342590332,4513.0,4513.0,8.099690437316895,219.0,21.0,0.38703420550885703,0.7786955643940194,0.994976818561554,252.72164881135387,254.71652865503864,253.36440953630137
882755.0,14.712583541870117,5135.0,5135.0,10.73519229888916,238.0,5.0,0.38318958533870195,0.9149365028820503,0.9942845106124878,252.20907618870459,254.8760242236642,253.0068603886016
883034.0,14.717233657836914,4519.0,4519.0,12.058521270751953,218.0,21.0,0.3878979793975524,0.7750928557437426,0.9949701428413391,252.72324180552363,254.71153104355932,253.3741835968039
883314.0,14.72189998626709,4697.0,4697.0,13.388143539428711,241.0,4.0,0.38171141746022585,0.9302387319520099,0.9947720170021057,252.4267299055069,254.906998765567,253.1466738389227
883593.0,14.726550102233887,4433.0,4433.0,12.271472930908203,28.0,3.0,0.6073103773635875,0.8838853794982323,0.9950658679008484,252.62968847286334,253.42181561043034,254.85390415656934
883872.0,14.731200218200684,4963.0,4963.0,13.822600364685059,209.0,83.0,0.329541893972553,0.5149812522016552,0.9944759607315063,252.8989564808033,254.3167880347576,252.86595193831064
884152.0,14.73586654663086,4645.0,4645.0,13.683472633361816,76.0,5.0,0.5633396726488251,0.736973246157356,0.9948298931121826,252.71001397730222,253.91473493550555,254.6532315099109
884431.0,14.740516662597656,4344.0,4344.0,13.147867202758789,36.0,100.0,0.7035334335539798,0.5298763393707917,0.9951649308204651,253.40277408747173,253.1137502260672,254.42036449237
884710.0,14.745166778564453,3820.0,3820.0,13.730323791503906,25.0,85.0,0.6874428733252864,0.6153864637833417,0.9957481622695923,253.4149138930321,253.24856791544448,254.58299484204758
884990.0,14.749833106994629,4328.0,4328.0,12.91124153137207,57.0,88.0,0.668718892881804,0.4481754201515175,0.9951827526092529,253.2346220256115,253.2210640876624,254.3221397430566
885269.0,14.754483222961426,4056.0,4056.0,11.793004035949707,3.0,25.0,0.640376684920436,0.8943670102907986,0.9954854846000671,252.81920199452395,253.14401889757875,254.8783951515103
885548.0,14.759133338928223,4318.0,4318.0,11.701128005981445,16.0,76.0,0.6811349120473961,0.681146104282114,0.9951938390731812,253.08457189538004,252.939636026738,254.6092219005844
885828.0,14.763799667358398,3829.0,3829.0,14.267725944519043,28.0,4.0,0.6079368940212373,0.8795598493808306,0.99573814868927,252.95734682504187,253.63101097465187,254.86910900648584
886107.0,14.768449783325195,4295.0,4295.0,14.756755828857422,28.0,75.0,0.672728220267833,0.6239239102259456,0.9952194690704346,253.0757032321925,253.0203792875755,254.54154993834612
886386.0,14.773099899291992,4093.0,4093.0,12.217371940612793,32.0,9.0,0.607959972377989,0.8440487549031719,0.9954442977905273,252.85776106829266,253.548528597319,254.81883080487628
886666.0,14.777766227722168,4236.0,4236.0,10.028756141662598,35.0,101.0,0.7055936326691734,0.5336360156088983,0.995285153388977,253.45582964323629,253.15613106446227,254.43929716391602
886945.0,14.782416343688965,3810.0,3810.0,15.40196418762207,32.0,7.0,0.6066608882509777,0.8527135148051841,0.9957593083381653,252.99651937772927,253.66049837627122,254.84072787473502
887224.0,14.787066459655762,3625.0,3625.0,9.438582420349121,22.0,4.0,0.6125156731871334,0.9008091539678961,0.9959651827812195,253.0442985364685,253.6465592184936,254.89794468195345
887504.0,14.791733741760254,3849.0,3849.0,10.651202201843262,77.0,8.0,0.563635096085103,0.7194876215224478,0.995715856552124,253.12153443500046,254.0933393185679,254.6935524065828
887783.0,14.796382904052734,4240.0,4240.0,8.543020248413086,172.0,4.0,0.44495749195453765,0.7280294724294303,0.9952806830406189,252.9204447071356,254.67270364358004,254.09401128393816
888062.0,14.801033020019531,3840.0,3840.0,13.210098266601562,28.0,1.0,0.606075608724021,0.8925769319182191,0.9957258701324463,252.9372745042045,253.64460655022512,254.8829192633431
888342.0,14.805700302124023,3648.0,3648.0,14.777522087097168,99.0,24.0,0.5427654145944308,0.5953685143002351,0.9959396123886108,253.34815728947845,254.26469529681253,254.58104502871308
888621.0,14.81035041809082,4215.0,4215.0,13.498743057250977,27.0,0.0,0.606240072123525,0.9003651700539992,0.995308518409729,252.72654030642437,253.50758924885332,254.88080408253742
888900.0,14.8149995803833,3890.0,3890.0,12.01913833618164,57.0,87.0,0.6670111314119738,0.4509121858055718,0.9956702589988708,253.40012901536014,253.39807113512032,254.39376095430381
889180.0,14.819666862487793,4121.0,4121.0,9.491223335266113,24.0,35.0,0.6339228048891923,0.7698369834978649,0.9954131245613098,252.92990444352657,253.28371194974835,254.73078908274144
889459.0,14.82431697845459,4357.0,4357.0,10.029622077941895,22.0,24.0,0.6265229673230672,0.8196453692506914,0.9951504468917847,252.7497609516437,253.23803824344836,254.77696696316647
889738.0,14.828967094421387,3676.0,3676.0,9.756443977355957,23.0,29.0,0.6297027178823025,0.7964260807598977,0.9959084391593933,253.12570241570415,253.49428454385247,254.78760155558643
890018.0,14.833633422851562,4038.0,4038.0,9.56977653503418,5.0,30.0,0.6430085380358257,0.8682976402150796,0.9955055117607117,252.85875434828358,253.14127531544767,254.84905664967937
890297.0,14.83828353881836,4331.0,4331.0,15.58572769165039,55.0,91.0,0.6757697489145003,0.4501612338773375,0.9951794147491455,253.27783782467446,253.21739040687552,254.32411111518869
890576.0,14.842933654785156,4358.0,4358.0,15.924738883972168,34.0,8.0,0.6056682720236141,0.841494066832113,0.9951493144035339,252.7222102697801,253.48410332734827,254.8039400760222
890855.0,14.847583770751953,4333.0,4333.0,10.998329162597656,32.0,5.0,0.6053880223922565,0.8614339412962692,0.995177149772644,252.71075863771782,253.48979248906753,254.82958774633065
891135.0,14.852250099182129,4165.0,4165.0,9.806500434875488,29.0,3.0,0.6065272213426133,0.8804336424131067,0.9953641295433044,252.77705107399694,253.52817010446816,254.85865499308832
891414.0,14.856900215148926,4163.0,4163.0,10.039011001586914,27.0,1.0,0.606849893066166,0.8960162161436949,0.9953663945198059,252.75972526193664,253.51966531396633,254.87713594316438
891693.0,14.861550331115723,4268.0,4268.0,9.714754104614258,21.0,19.0,0.6235195316037382,0.8431737338209802,0.9952495098114014,252.7672254217082,253.29607100938904,254.8100245821065
891973.0,14.866216659545898,3829.0,3829.0,13.09489631652832,28.0,4.0,0.6079368940212373,0.8795598493808306,0.99573814868927,252.95734682504187,253.63101097465187,254.86910900648584
892252.0,14.870866775512695,3991.0,3991.0,11.516258239746094,58.0,89.0,0.6694873322396269,0.44063147165184763,0.9955578446388245,253.38501963298094,253.3681252521045,254.36637551369597
892531.0,14.875516891479492,3207.0,3207.0,15.383471488952637,214.0,83.0,0.32562109542955997,0.5394829996940237,0.9964304566383362,253.6441565577464,254.5808219726492,253.59871091290225
892811.0,14.880183219909668,3848.0,3848.0,9.744691848754883,5.0,30.0,0.6430085380358257,0.8682976402150796,0.9957169890403748,252.95950548643478,253.22873311242122,254.85615892415635
893090.0,14.884833335876465,4180.0,4180.0,14.518486976623535,17.0,1.0,0.6142716415170412,0.9315273349191924,0.9953474402427673,252.70843068114783,253.4032934506678,254.9187638426635
893369.0,14.889483451843262,4462.0,4462.0,10.595672607421875,6.0,28.0,0.64079145274196,0.8709502868436396,0.9950335621833801,252.630550644313,252.9730373705556,254.83656606921087
893649.0,14.894149780273438,4394.0,4394.0,7.861837863922119,26.0,32.0,0.6298458606710803,0.772907252466318,0.9951092600822449,252.78893879112076,253.21484764471808,254.71678385082413
893928.0,14.898799896240234,4278.0,4278.0,7.678244590759277,25.0,1.0,0.6083806763810665,0.9029576758621128,0.9952383637428284,252.68939597236178,253.45624384430232,254.8821695364807
894207.0,14.903450012207031,4950.0,4950.0,10.388869285583496,171.0,0.0,0.44767101789449787,0.7471282969085848,0.994490385055542,252.54536893549408,254.64472744283233,253.98558368025112
894487.0,14.908116340637207,4221.0,4221.0,13.149772644042969,54.0,90.0,0.6749142770559916,0.45761530208886414,0.9953018426895142,253.3079927066918,253.25373297321684,254.35020679843538
894766.0,14.912766456604004,4047.0,4047.0,13.664512634277344,17.0,3.0,0.6155296221653052,0.923202556538838,0.9954954981803894,252.7909172990707,253.44164727906798,254.91178677292788
895045.0,14.9174165725708,4569.0,4569.0,13.033201217651367,20.0,5.0,0.6146350083356654,0.903876907577734,0.9949144721031189,252.53103412294286,253.26290493340642,254.87534664964778
895325.0,14.922082901000977,3823.0,3823.0,13.53286361694336,57.0,90.0,0.6721967313666282,0.44285953469926376,0.9957448244094849,253.4662853043643,253.43439672848842,254.39546372034886
895604.0,14.926733016967773,4373.0,4373.0,10.568351745605469,24.0,1.0,0.6091372412847231,0.9064593697481587,0.9951326251029968,252.63373961799047,253.4104419392774,254.8838991845379
895883.0,14.93138313293457,4290.0,4290.0,12.746761322021484,25.0,83.0,0.6848113919657121,0.6197195233181696,0.9952250123023987,253.19209473820902,253.0277940966607,254.53696217756263
896163.0,14.936050415039062,3939.0,3939.0,10.556595802307129,23.0,27.0,0.6281050682844058,0.8040745908884438,0.9956157207489014,252.98306046695203,253.3990390777982,254.78095711498767
896442.0,14.940699577331543,4488.0,4488.0,8.587372779846191,27.0,35.0,0.6315933216728796,0.7575126743159661,0.9950046539306641,252.76125707248966,253.16737681115458,254.69111643214902
896721.0,14.94534969329834,4221.0,4221.0,10.64663028717041,36.0,100.0,0.7035334335539798,0.5298763393707917,0.9953018426895142,253.44800181366506,253.16716207447166,254.43677769718056
897001.0,14.950016975402832,3890.0,3890.0,12.916036605834961,28.0,72.0,0.6690214027275746,0.6318595126098122,0.9956702589988708,253.21800279461766,253.1982900948435,254.59354199458065
897280.0,14.954667091369629,4410.0,4410.0,10.314860343933105,17.0,15.0,0.6235726396767941,0.8745449742334236,0.995091438293457,252.65366348218276,253.219739699467,254.84297004748032
897559.0,14.95931625366211,3911.0,3911.0,10.781818389892578,28.0,4.0,0.6079368940212373,0.8795598493808306,0.9956468939781189,252.9136095587995,253.60169819741756,254.86630637004114
897839.0,14.963983535766602,3926.0,3926.0,14.520726203918457,17.0,3.0,0.6155296221653052,0.923202556538838,0.995630145072937,252.856950377305,253.48822897883625,254.91442360989288
898118.0,14.968633651733398,4558.0,4558.0,14.004314422607422,18.0,3.0,0.614811699845746,0.9195304955138414,0.9949267506599426,252.51674451100564,253.25697016370074,254.8958983255651
898397.0,14.973283767700195,4272.0,4272.0,11.799051284790039,165.0,71.0,0.4067419488720698,0.3760823161180701,0.9952450394630432,253.33147963726987,254.24349048888217,253.73317636110883
898677.0,14.977950096130371,4224.0,4224.0,11.50818920135498,4.0,29.0,0.6428476617709045,0.8760910701775848,0.9952985048294067,252.75078955796155,253.0510031066813,254.85144790503588
898956.0,14.982600212097168,4153.0,4153.0,10.912871360778809,27.0,31.0,0.6282311284590032,0.7727082547152169,0.9953775405883789,252.91046065120295,253.33055133602227,254.7320850488703
899235.0,14.987250328063965,4114.0,4114.0,12.569799423217773,27.0,3.0,0.6080874217939023,0.8873583516768506,0.9954209327697754,252.7962031011372,253.52455499965845,254.86847261144825
899514.0,14.991900444030762,4360.0,4360.0,8.051436424255371,22.0,29.0,0.6304590571442237,0.8004708341498087,0.9951471090316772,252.77194039430762,253.20233550207303,254.75308521184778
899794.0,14.996566772460938,3602.0,3602.0,12.348729133605957,29.0,6.0,0.6084212994513418,0.8674470800890935,0.9959908127784729,253.09082903255535,253.71067266068746,254.86448548446583
