Input File Name,Date Created,Time Range[min],m/z Range,Noise Limit[cts],a
GrobMix_MegaLAP_GC.csv,20240701_110647,[2-15],[50-200],0.0,1.0
RT(ms),RT(min),TIC[cts],TIC[cts] denoised,Difference,x,y,H,S,L,R,G,B
125508.0,2.0917999744415283,18875.0,18875.0,77.86894226074219,1.0,155.0,0.7840688159108122,0.7179470068550023,0.9960929751396179,254.29613536507097,253.2884242755266,254.71899304567853
125787.0,2.096450090408325,40682.0,40682.0,6.10520076751709,75.0,5.0,0.5644405292045783,0.7391402676459123,0.991578996181488,251.26544675713257,253.2124833117157,254.43984129542633
126067.0,2.10111665725708,38553.0,38553.0,5.8486857414245605,75.0,5.0,0.5644405292045783,0.7391402676459123,0.9920197129249573,251.46089615710682,253.3060337423693,254.4691574346214
126346.0,2.105766773223877,40159.0,40159.0,5.6320319175720215,79.0,8.0,0.5613615407523108,0.7152429462260396,0.9916872382164001,251.36410646669083,253.27999331819342,254.39638502367325
126625.0,2.1104166507720947,39625.0,39625.0,5.666932582855225,70.0,29.0,0.584095881235612,0.6325406318202006,0.9917978048324585,251.5854436953116,252.8963340534691,254.23143676924224
126905.0,2.1150832176208496,37332.0,37332.0,5.901301383972168,73.0,4.0,0.5661434840304798,0.7486499447108067,0.9922724366188049,251.55423516378457,253.3337803880036,254.50470751180595
127184.0,2.1197333335876465,39284.0,39284.0,5.627134799957275,70.0,30.0,0.5848047386109281,0.6277572781796911,0.9918683767318726,251.62474121568198,252.9034522185455,254.22813091757303
127463.0,2.1243834495544434,38717.0,38717.0,6.704097747802734,72.0,4.0,0.5672188977378395,0.7509061551388774,0.9919857382774353,251.42178385437222,253.25310983286818,254.49094266711978
127743.0,2.1290500164031982,37707.0,37707.0,6.797008514404297,73.0,4.0,0.5661434840304798,0.7486499447108067,0.9921948313713074,251.5196305387894,253.31704712047855,254.49973346057737
128022.0,2.133699893951416,38006.0,38006.0,6.392401695251465,73.0,4.0,0.5661434840304798,0.7486499447108067,0.9921329021453857,251.49201594173098,253.30369392158568,254.49576415241575
128301.0,2.138350009918213,39125.0,39125.0,6.240200996398926,73.0,4.0,0.5661434840304798,0.7486499447108067,0.9919012784957886,251.38873362780527,253.25375115845026,254.4809184050469
128580.0,2.1429998874664307,39659.0,39659.0,6.865410804748535,79.0,7.0,0.5609007603575511,0.720384791875851,0.991790771484375,251.3986268677147,253.31259191543177,254.41466658931654
128860.0,2.1476666927337646,39668.0,39668.0,7.000051498413086,155.0,11.0,0.46310657931752236,0.6638579819682754,0.9917888641357422,251.51614819306334,254.29617251616517,253.68078487500688
129139.0,2.1523165702819824,38723.0,38723.0,5.980883598327637,73.0,4.0,0.5661434840304798,0.7486499447108067,0.991984486579895,251.42583658978165,253.27169251134194,254.4862515659648
129418.0,2.1569666862487793,38555.0,38555.0,6.452140808105469,74.0,5.0,0.5655348976164014,0.7413424443276063,0.9920192956924438,251.45622951767422,253.28714845413873,254.47361128547215
129698.0,2.161633253097534,40145.0,40145.0,5.95165491104126,74.0,5.0,0.5655348976164014,0.7413424443276063,0.9916901588439941,251.31007882680382,253.2165077515214,254.4519021836332
129977.0,2.166283369064331,37519.0,37519.0,6.4422383308410645,72.0,4.0,0.5672188977378395,0.7509061551388774,0.9922337532043457,251.53251782420614,253.3071703130621,254.50669631001017
130256.0,2.170933246612549,40105.0,40105.0,6.8871169090271,72.0,4.0,0.5672188977378395,0.7509061551388774,0.9916984438896179,251.29351234882083,253.19048750301124,254.4726940348843
130536.0,2.175600051879883,38752.0,38752.0,6.104872703552246,75.0,5.0,0.5644405292045783,0.7391402676459123,0.9919785261154175,251.44263059917034,253.29729106620195,254.46641771969257
130815.0,2.1802499294281006,38745.0,38745.0,6.379333972930908,79.0,7.0,0.5609007603575511,0.720384791875851,0.9919799566268921,251.4816220344337,253.35147894828216,254.42815584528125
131094.0,2.1849000453948975,39501.0,39501.0,6.78933572769165,73.0,4.0,0.5661434840304798,0.7486499447108067,0.9918234348297119,251.3540226905981,253.23696648303726,254.47592907255498
131374.0,2.1895666122436523,39290.0,39290.0,7.466257095336914,79.0,7.0,0.5609007603575511,0.720384791875851,0.9918671250343323,251.43212302668354,253.3282863984442,254.42011074082592
131653.0,2.194216728210449,38301.0,38301.0,6.336057186126709,72.0,5.0,0.567703991482071,0.7458510127227463,0.9920718669891357,251.47045854326538,253.26112980902434,254.48619362119385
131932.0,2.198866605758667,37591.0,37591.0,5.891756534576416,79.0,7.0,0.5609007603575511,0.720384791875851,0.9922188520431519,251.58642500488418,253.40058393494394,254.44518953712327
132212.0,2.203533411026001,38121.0,38121.0,5.99703311920166,72.0,5.0,0.567703991482071,0.7458510127227463,0.9921091198921204,251.48704323795803,253.26930045429967,254.48860790702335
132491.0,2.2081832885742188,36722.0,36722.0,5.897335529327393,70.0,28.0,0.5833976779457165,0.6373363447202918,0.9923986792564392,251.82629072606636,253.06070933562816,254.29703569471764
132770.0,2.2128334045410156,36095.0,36095.0,6.892151832580566,70.0,30.0,0.5848047386109281,0.6277572781796911,0.99252849817276,251.8987431730532,253.07364900419932,254.2907908950544
133050.0,2.2174999713897705,38602.0,38602.0,6.756206035614014,70.0,29.0,0.584095881235612,0.6325406318202006,0.9920095801353455,251.67360530094024,252.9506493293068,254.25128056808595
133329.0,2.2221500873565674,38172.0,38172.0,7.1468095779418945,69.0,30.0,0.5860104348113153,0.6305926250944657,0.9920985698699951,251.7145765070903,252.94431833843913,254.2556941266072
133608.0,2.226799964904785,37540.0,37540.0,6.1543426513671875,72.0,5.0,0.567703991482071,0.7458510127227463,0.9922294020652771,251.54059190018165,253.29568183376458,254.49640315310967
133888.0,2.231466770172119,36920.0,36920.0,5.790234565734863,72.0,5.0,0.567703991482071,0.7458510127227463,0.9923577308654785,251.59772285645892,253.32382807260896,254.50471988493513
134167.0,2.236116647720337,35397.0,35397.0,5.590566158294678,73.0,4.0,0.5661434840304798,0.7486499447108067,0.9926729798316956,251.73283967988883,253.42014563974575,254.5303800342759
134446.0,2.240766763687134,35582.0,35582.0,6.299383163452148,73.0,4.0,0.5661434840304798,0.7486499447108067,0.992634654045105,251.71574999181516,253.41188182175912,254.52792357118838
134726.0,2.2454333305358887,35331.0,35331.0,5.957482814788818,74.0,5.0,0.5655348976164014,0.7413424443276063,0.9926866292953491,251.75255388112683,253.43037433362147,254.51762705950122
135005.0,2.2500834465026855,35786.0,35786.0,7.236432075500488,71.0,5.0,0.5687786350843935,0.7481567764122057,0.992592453956604,251.69786428785122,253.35790215721664,254.52428723001682
135284.0,2.2547333240509033,34986.0,34986.0,5.916587829589844,74.0,5.0,0.5655348976164014,0.7413424443276063,0.99275803565979,251.7842613290918,253.44569986091875,254.52233685740111
135564.0,2.259399890899658,35436.0,35436.0,5.568750858306885,79.0,7.0,0.5609007603575511,0.720384791875851,0.9926648736000061,251.78209382421568,253.49226372915297,254.47699171178743
135843.0,2.264050006866455,35339.0,35339.0,6.108822822570801,80.0,8.0,0.5602147313856393,0.713175827990645,0.9926849603652954,251.8043529838428,253.50372431112103,254.46497680245787
136122.0,2.268699884414673,34978.0,34978.0,7.065466403961182,71.0,5.0,0.5687786350843935,0.7481567764122057,0.9927597045898438,251.77242127145482,253.3949781203545,254.5350280693655
136402.0,2.273366689682007,35275.0,35275.0,6.391686916351318,72.0,4.0,0.5672188977378395,0.7509061551388774,0.9926982522010803,251.73990783307795,253.40841840778725,254.536200789473
136681.0,2.2780165672302246,34984.0,34984.0,6.37502384185791,73.0,4.0,0.5661434840304798,0.7486499447108067,0.9927584528923035,251.77095260787894,253.4385753675729,254.53585836719583
136960.0,2.2826666831970215,35448.0,35448.0,7.12911319732666,78.0,8.0,0.5625016816523644,0.7173469853732346,0.9926624298095703,251.78670571814277,253.46444598661904,254.4711334847381
137239.0,2.2873165607452393,35276.0,35276.0,7.620717525482178,71.0,4.0,0.5682878198571557,0.7531964436569046,0.9926980137825012,251.73553685162162,253.39120168199776,254.540450177454
137519.0,2.2919833660125732,35989.0,35989.0,6.531464099884033,79.0,8.0,0.5613615407523108,0.7152429462260396,0.9925504326820374,251.74165646238427,253.4585982496524,254.45906420545478
137798.0,2.296633243560791,35582.0,35582.0,6.136778354644775,156.0,11.0,0.4618150535532491,0.6651539932068133,0.992634654045105,251.8725690168235,254.37110454618005,253.79866587387735
138077.0,2.301283359527588,32730.0,32730.0,6.739259719848633,74.0,4.0,0.5650616185125749,0.7464281213938389,0.9932250380516052,251.98284406264727,253.5551301291579,254.5619253436714
138357.0,2.3059499263763428,35931.0,35931.0,6.500082969665527,79.0,7.0,0.5609007603575511,0.720384791875851,0.9925624132156372,251.737144646021,253.4712029826281,254.46968609395398
138636.0,2.3106000423431396,35316.0,35316.0,5.777218818664551,73.0,4.0,0.5661434840304798,0.7486499447108067,0.9926897287368774,251.74030811277953,253.42375704387365,254.53145354302796
138915.0,2.3152499198913574,34640.0,34640.0,7.36702823638916,71.0,5.0,0.5687786350843935,0.7481567764122057,0.9928296804428101,251.80361510564964,253.41049030165314,254.5395219201835
139195.0,2.3199167251586914,33830.0,33830.0,6.108224868774414,79.0,7.0,0.5609007603575511,0.720384791875851,0.9929973483085632,251.92794985444837,253.56060395260587,254.50069778291888
139474.0,2.324566602706909,34641.0,34641.0,6.179019927978516,74.0,5.0,0.5655348976164014,0.7413424443276063,0.992829442024231,251.8159687770568,253.46102538821603,254.52704665530098
139753.0,2.329216718673706,33774.0,33774.0,7.304389953613281,153.0,9.0,0.4662658943067583,0.6722373942193719,0.9930089116096497,252.01885634467766,254.41568857624367,253.93055862527197
140033.0,2.333883285522461,33456.0,33456.0,6.136322975158691,72.0,5.0,0.567703991482071,0.7458510127227463,0.9930747747421265,251.9169450599031,253.4810966528682,254.5511900585814
140312.0,2.338533401489258,34907.0,34907.0,7.703495025634766,156.0,11.0,0.4618150535532491,0.6651539932068133,0.9927744269371033,251.93191858108304,254.38303915683963,253.82146370932085
140591.0,2.3431832790374756,35181.0,35181.0,5.506985664367676,74.0,4.0,0.5650616185125749,0.7464281213938389,0.9927176833152771,251.7568991249906,253.44692855135816,254.5291193658007
140871.0,2.3478500843048096,34396.0,34396.0,6.708813667297363,79.0,8.0,0.5613615407523108,0.7152429462260396,0.9928801655769348,251.88587732802267,253.5268238041912,254.48300711621408
141150.0,2.3524999618530273,36607.0,36607.0,5.823554039001465,74.0,5.0,0.5655348976164014,0.7413424443276063,0.9924225211143494,251.6352786708322,253.3736903507715,254.50020709748597
141429.0,2.357150077819824,34774.0,34774.0,6.654745101928711,79.0,8.0,0.5613615407523108,0.7152429462260396,0.9928019046783447,251.85164703218334,253.51063071794582,254.47732435377247
141709.0,2.361816644668579,35047.0,35047.0,6.928243637084961,73.0,5.0,0.566622732507295,0.7435794638568151,0.9927453994750977,251.7745120141053,253.42591504798406,254.5256417181945
141988.0,2.366466760635376,34221.0,34221.0,7.1545281410217285,79.0,8.0,0.5613615407523108,0.7152429462260396,0.9929164052009583,251.9017280666901,253.534322202087,254.4856385857986
142267.0,2.3711166381835938,34703.0,34703.0,6.003866672515869,74.0,5.0,0.5655348976164014,0.7413424443276063,0.9928166270256042,251.81027837529348,253.45827498056252,254.5262014077647
142547.0,2.3757834434509277,34744.0,34744.0,6.4780707359313965,73.0,5.0,0.566622732507295,0.7435794638568151,0.9928081631660461,251.8024175521718,253.4395333555829,254.52974566251174
142826.0,2.3804333209991455,35201.0,35201.0,6.744992256164551,72.0,4.0,0.5672188977378395,0.7509061551388774,0.9927135705947876,251.7467472058843,253.411757399234,254.53717379745737
143105.0,2.3850834369659424,36982.0,36982.0,6.993090629577637,69.0,32.0,0.5874727667964406,0.6211076412649242,0.992344856262207,251.83549793787907,252.98771255005113,254.26037875584652
143385.0,2.3897500038146973,122916.0,122916.0,1.8099721670150757,95.0,6.0,0.541598428926839,0.6975212883578666,0.9745569229125977,243.9865079257151,250.77847477598357,253.0375227597097
143664.0,2.394399881362915,122408.0,122408.0,1.8240001201629639,112.0,6.0,0.5201946351260373,0.6792922114206316,0.9746620655059814,244.14980200743068,251.86423437293712,252.92785140061986
143943.0,2.399049997329712,108037.0,108037.0,2.0661895275115967,110.0,6.0,0.5227669757986797,0.6807847655189609,0.9776368141174316,245.41513595432815,252.11899369444023,253.179639245562
144223.0,2.403716564178467,96242.0,96242.0,1.9983277320861816,110.0,6.0,0.5227669757986797,0.6807847655189609,0.9800783395767212,246.46157404746128,252.4335307322458,253.37837913666652
144502.0,2.4083666801452637,90873.0,90873.0,2.276961326599121,110.0,6.0,0.5227669757986797,0.6807847655189609,0.9811896681785583,246.93788961424193,252.5767010625491,253.46884115682283
144781.0,2.4130165576934814,78365.0,78365.0,2.4644038677215576,110.0,6.0,0.5227669757986797,0.6807847655189609,0.9837787747383118,248.0475809840363,252.91025069020884,253.6795941325027
145061.0,2.4176833629608154,70463.0,70463.0,2.570258378982544,101.0,10.0,0.5353038559340438,0.6680147845691156,0.985414445400238,248.79612521804654,252.71266805167855,253.76524193607486
145340.0,2.422333240509033,66046.0,66046.0,2.7194137573242188,110.0,6.0,0.5227669757986797,0.6807847655189609,0.9863287806510925,249.14051381203353,253.23876305658246,253.88716432002366
145619.0,2.42698335647583,59505.0,59505.0,2.951472759246826,110.0,6.0,0.5227669757986797,0.6807847655189609,0.9876827001571655,249.72080386831786,253.41318590736495,253.99737321183656
145898.0,2.431633234024048,57967.0,57967.0,2.7927424907684326,110.0,6.0,0.5227669757986797,0.6807847655189609,0.9880011081695557,249.85727357911122,253.4542058003379,254.02329158736217
146178.0,2.436300039291382,56215.0,56215.0,3.181797504425049,109.0,6.0,0.5240487541032386,0.6815975083571629,0.9883637428283691,250.01028722806348,253.47156781987965,254.0552216144048
146457.0,2.4409499168395996,51153.0,51153.0,3.0371503829956055,110.0,7.0,0.5229533148788611,0.6752959395115594,0.9894115328788757,250.47660192671387,253.62105976287177,254.12327984151275
146736.0,2.4456000328063965,49449.0,49449.0,2.845618724822998,79.0,5.0,0.5599986734577987,0.73068621531532,0.9897642731666565,250.4827180097788,252.9239280781827,254.297061305216
147016.0,2.4502665996551514,48205.0,48205.0,3.4691474437713623,79.0,5.0,0.5599986734577987,0.73068621531532,0.9900217652320862,250.59635569166784,252.97615417368462,254.3147445766961
147295.0,2.4549167156219482,47492.0,47492.0,3.955141544342041,79.0,5.0,0.5599986734577987,0.73068621531532,0.99016934633255,250.66148691860235,253.0060874636065,254.32487971099818
147574.0,2.459566593170166,46806.0,46806.0,3.299753189086914,79.0,6.0,0.5604465148576151,0.7255325901762925,0.9903113842010498,250.73690430972968,253.02169806908276,254.32190163280572
147854.0,2.4642333984375,46433.0,46433.0,3.681084632873535,78.0,5.0,0.5611186917656086,0.7327459113156406,0.9903885722160339,250.75318864038394,253.02782848608888,254.34498318979337
148133.0,2.4688832759857178,43103.0,43103.0,4.242732048034668,78.0,5.0,0.5611186917656086,0.7327459113156406,0.9910778403282166,251.057741898696,253.16925959984718,254.39195666869443
148412.0,2.4735333919525146,43213.0,43213.0,3.923001289367676,78.0,5.0,0.5611186917656086,0.7327459113156406,0.9910550713539124,251.04768142267773,253.1645876277393,254.39040496781757
148692.0,2.4781999588012695,42934.0,42934.0,4.384942531585693,77.0,5.0,0.5622323763488278,0.7348416908761709,0.9911128282546997,251.0684518052805,253.1554492011627,254.39909060461636
148971.0,2.4828500747680664,42814.0,42814.0,4.219456195831299,78.0,5.0,0.5611186917656086,0.7327459113156406,0.991137683391571,251.08418356864976,253.18153881449726,254.39603496105147
149250.0,2.487499952316284,40547.0,40547.0,4.594420909881592,77.0,5.0,0.5622323763488278,0.7348416908761709,0.9916069507598877,251.28704400749257,253.2580053447581,254.43250088005016
149530.0,2.492166757583618,41192.0,41192.0,4.9438862800598145,76.0,5.0,0.5633396726488251,0.736973246157356,0.9914734363555908,251.22334470234082,253.21017595104843,254.4281078390105
149809.0,2.496816635131836,40992.0,40992.0,4.7562947273254395,77.0,5.0,0.5622323763488278,0.7348416908761709,0.9915148019790649,251.2462788030752,253.2388796755182,254.42627020624792
150088.0,2.501466751098633,40976.0,40976.0,4.5708513259887695,76.0,5.0,0.5633396726488251,0.736973246157356,0.9915181398391724,251.24314513486357,253.21955972783388,254.43110618311434
150368.0,2.5061333179473877,39078.0,39078.0,5.129365921020508,70.0,30.0,0.5848047386109281,0.6277572781796911,0.991910994052887,251.6424307325687,252.914440092292,254.23217623440365
150647.0,2.5107834339141846,39387.0,39387.0,4.557549953460693,77.0,5.0,0.5622323763488278,0.7348416908761709,0.991847038269043,251.3932550316796,253.3078360017427,254.44873448553233
150926.0,2.5154333114624023,39195.0,39195.0,5.289642810821533,76.0,5.0,0.5633396726488251,0.736973246157356,0.9918867945671082,251.4064327017345,253.29694460705798,254.45583252749066
151206.0,2.5201001167297363,38500.0,38500.0,5.26895809173584,76.0,5.0,0.5633396726488251,0.736973246157356,0.992030680179596,251.47016369388103,253.32714785660477,254.4654831977129
151485.0,2.524749994277954,38111.0,38111.0,4.417032241821289,78.0,6.0,0.561573182839118,0.7276068751089989,0.9921112060546875,251.5246726626588,253.37055758346017,254.45204242523184
151764.0,2.529400110244751,36926.0,36926.0,5.0461883544921875,77.0,5.0,0.5622323763488278,0.7348416908761709,0.9923564791679382,251.618623855842,253.41357150950023,254.4831805198065
152044.0,2.534066677093506,36964.0,36964.0,5.660057067871094,75.0,4.0,0.5639733438250351,0.7442409931612047,0.9923486113548279,251.59680423897305,253.38624564630211,254.50098755198917
152323.0,2.5387165546417236,38730.0,38730.0,5.618274211883545,79.0,6.0,0.5604465148576151,0.7255325901762925,0.9919830560684204,251.47245800297304,253.3630338957586,254.43890059192137
152602.0,2.5433666706085205,38056.0,38056.0,5.463532447814941,76.0,5.0,0.5633396726488251,0.736973246157356,0.9921225905418396,251.51087338314784,253.3464409016757,254.47164779319036
152882.0,2.5480332374572754,36662.0,36662.0,5.016658306121826,76.0,5.0,0.5633396726488251,0.736973246157356,0.9924111366271973,251.63867857493798,253.40701005290026,254.49100110493262
153161.0,2.5526833534240723,36039.0,36039.0,5.807948112487793,76.0,5.0,0.5633396726488251,0.736973246157356,0.9925400614738464,251.69578302233361,253.43407286514952,254.49964832932807
153440.0,2.55733323097229,36343.0,36343.0,5.974457740783691,76.0,5.0,0.5633396726488251,0.736973246157356,0.9924771785736084,251.66793041391827,253.42087301913796,254.495430658622
153720.0,2.562000036239624,35324.0,35324.0,6.820713043212891,69.0,30.0,0.5860104348113153,0.6305926250944657,0.9926880598068237,251.95968708269814,253.0976834423349,254.31122341878196
153999.0,2.566649913787842,36330.0,36330.0,6.202059268951416,74.0,4.0,0.5650616185125749,0.7464281213938389,0.9924798607826233,251.65098743546403,253.39620906176452,254.51374156367385
154278.0,2.5713000297546387,35582.0,35582.0,5.504546642303467,78.0,6.0,0.561573182839118,0.7276068751089989,0.992634654045105,251.75527231114563,253.47867656392174,254.4884012518579
154557.0,2.5759499073028564,33567.0,33567.0,5.9012041091918945,76.0,5.0,0.5633396726488251,0.736973246157356,0.9930517673492432,251.92243197327736,253.54148583008705,254.53396937483666
154837.0,2.5806167125701904,35278.0,35278.0,7.452198028564453,153.0,10.0,0.4659874225826393,0.6668165921383045,0.9926975965499878,251.89619935559307,254.3795748849007,253.87277887021898
155116.0,2.585266590118408,32764.0,32764.0,5.784576892852783,78.0,7.0,0.5620341358351354,0.7224738567339135,0.9932180047035217,252.02113855335756,253.58993926346997,254.52004384543852
155395.0,2.589916706085205,34575.0,34575.0,5.796200752258301,69.0,29.0,0.5852956719082016,0.6353546327992377,0.9928431510925293,252.01548356564552,253.14769907957546,254.33452349154442
155675.0,2.59458327293396,35958.0,35958.0,6.49666166305542,77.0,6.0,0.5626933894351623,0.729717414350133,0.9925568699836731,251.71699954033923,253.4450382844483,254.48700415133405
155954.0,2.599233388900757,34058.0,34058.0,5.666388988494873,75.0,5.0,0.5644405292045783,0.7391402676459123,0.9929501414299011,251.87352330528074,253.50353471917524,254.53104882396883
156233.0,2.6038832664489746,35698.0,35698.0,6.047719955444336,78.0,6.0,0.561573182839118,0.7276068751089989,0.9926106929779053,251.7447165085162,253.47372736896094,254.48673691021548
156513.0,2.6085500717163086,35147.0,35147.0,6.073665618896484,74.0,5.0,0.5655348976164014,0.7413424443276063,0.9927247166633606,251.76946628450713,253.43854880101964,254.52013921380677
156792.0,2.6131999492645264,35261.0,35261.0,6.800180435180664,70.0,29.0,0.584095881235612,0.6325406318202006,0.9927011132240295,251.96148904664912,253.12801094773315,254.31607869760595
157071.0,2.6178500652313232,33964.0,33964.0,7.066722869873047,78.0,7.0,0.5620341358351354,0.7224738567339135,0.9929695725440979,251.91201948891378,253.53828714364664,254.50246250857614
157351.0,2.622516632080078,32880.0,32880.0,6.3556318283081055,79.0,7.0,0.5609007603575511,0.720384791875851,0.9931939840316772,252.01421357688253,253.60102245335364,254.51471827927287
157630.0,2.627166748046875,34693.0,34693.0,5.741124153137207,75.0,5.0,0.5644405292045783,0.7391402676459123,0.9928187131881714,251.81523740766872,253.47563659913317,254.5223063182987
157909.0,2.6318166255950928,34255.0,34255.0,5.86518669128418,75.0,5.0,0.5644405292045783,0.7391402676459123,0.9929093718528748,251.85544278193987,253.4948806084683,254.52833686302625
158189.0,2.6364834308624268,33106.0,33106.0,5.878352165222168,75.0,5.0,0.5644405292045783,0.7391402676459123,0.9931471943855286,251.96091250142828,253.5453629209254,254.54415663519129
158468.0,2.6411333084106445,34144.0,34144.0,6.101720809936523,74.0,5.0,0.5655348976164014,0.7413424443276063,0.9929323196411133,251.86165079307318,253.48310540500663,254.5338322238946
158747.0,2.6457834243774414,34556.0,34556.0,6.887124061584473,74.0,5.0,0.5655348976164014,0.7413424443276063,0.9928470849990845,251.82380300460076,253.4648119959623,254.52821034493232
159027.0,2.6504499912261963,34085.0,34085.0,6.929287910461426,154.0,10.0,0.46469614406595616,0.6680147845691156,0.9929445385932922,251.99900344572194,254.4027112368571,253.89355031546245
159306.0,2.655100107192993,33602.0,33602.0,7.487827301025391,68.0,30.0,0.5872052692937518,0.6334638364906745,0.9930445551872253,252.10282577006464,253.17415846861599,254.34989737542028
159585.0,2.659749984741211,33407.0,33407.0,6.715584754943848,70.0,30.0,0.5848047386109281,0.6277572781796911,0.9930849075317383,252.12969651590282,253.21710606912742,254.3436063252837
159865.0,2.664416551589966,33883.0,33883.0,7.157033920288086,78.0,7.0,0.5620341358351354,0.7224738567339135,0.9929863810539246,251.9194023046943,253.5417818408132,254.50365203280722
160144.0,2.6690666675567627,32922.0,32922.0,7.710704803466797,153.0,10.0,0.4659874225826393,0.6668165921383045,0.99318528175354,252.10348421179347,254.42100948251195,253.94805943638994
160423.0,2.6737167835235596,32849.0,32849.0,7.198871612548828,78.0,7.0,0.5620341358351354,0.7224738567339135,0.993200421333313,252.01341539500564,253.58628346324255,254.518799484984
160703.0,2.6783833503723145,33525.0,33525.0,6.263018608093262,80.0,8.0,0.5602147313856393,0.713175827990645,0.9930604696273804,251.9683978985454,253.58053392636094,254.4924416114186
160982.0,2.6830332279205322,32756.0,32756.0,6.7934675216674805,69.0,30.0,0.5860104348113153,0.6305926250944657,0.9932196736335754,252.18073270694956,253.23599116343158,254.36130084617392
161261.0,2.687683343887329,32960.0,32960.0,6.382378578186035,75.0,5.0,0.5644405292045783,0.7391402676459123,0.9931774139404297,251.97431429285197,253.5517775907038,254.54616681676717
161541.0,2.692349910736084,32264.0,32264.0,6.824034690856934,79.0,7.0,0.5609007603575511,0.720384791875851,0.9933214783668518,252.0701451022801,253.62722893201368,254.52380886481433
161820.0,2.697000026702881,30994.0,30994.0,5.9575653076171875,79.0,7.0,0.5609007603575511,0.720384791875851,0.993584394454956,252.18548589635614,253.68127137117662,254.54255527567145
162099.0,2.7016499042510986,32171.0,32171.0,6.775270462036133,79.0,8.0,0.5613615407523108,0.7152429462260396,0.9933407306671143,252.0873224886858,253.6221200550808,254.51645015154247
162379.0,2.7063167095184326,32680.0,32680.0,7.506102561950684,71.0,5.0,0.5687786350843935,0.7481567764122057,0.9932354092597961,251.98448088875364,253.50043188436143,254.5655778337424
162658.0,2.7109665870666504,32798.0,32798.0,7.578017234802246,71.0,5.0,0.5687786350843935,0.7481567764122057,0.9932109713554382,251.97358696028698,253.4950145126984,254.56400843098652
162937.0,2.7156167030334473,32530.0,32530.0,6.818793296813965,69.0,30.0,0.5860104348113153,0.6305926250944657,0.9932664036750793,252.20016311051643,253.24814872070704,254.36570276377404
163216.0,2.720266580581665,32117.0,32117.0,6.576947212219238,74.0,4.0,0.5650616185125749,0.7464281213938389,0.993351936340332,252.03935684134456,253.58219323525938,254.57013069222478
163496.0,2.724933385848999,32671.0,32671.0,7.893636703491211,70.0,5.0,0.5698466267518859,0.7504964395688093,0.9932372570037842,251.98126982816834,253.484959453622,254.5697312437616
163775.0,2.729583263397217,32102.0,32102.0,7.494721412658691,77.0,7.0,0.5631609190440955,0.7245993470628695,0.9933550357818604,252.07772525727574,253.60274855399575,254.53334299147303
164054.0,2.7342333793640137,31266.0,31266.0,5.927060127258301,78.0,6.0,0.561573182839118,0.7276068751089989,0.9935280680656433,252.14885670321686,253.6632125919494,254.55045801026122
164334.0,2.7388999462127686,31845.0,31845.0,7.585235595703125,69.0,29.0,0.5852956719082016,0.6353546327992377,0.993408203125,252.2511189827093,253.29394310587324,254.3870646110407
164613.0,2.7435500621795654,31835.0,31835.0,7.114143371582031,154.0,10.0,0.46469614406595616,0.6680147845691156,0.9934102892875671,252.19710760193527,254.44213993472397,253.9665901464597
164892.0,2.748199939727783,31680.0,31680.0,7.274107933044434,73.0,5.0,0.566622732507295,0.7435794638568151,0.9934423565864563,252.08438804127655,253.57713904680028,254.57121381781616
165172.0,2.752866744995117,32177.0,32177.0,7.31883430480957,156.0,11.0,0.4618150535532491,0.6651539932068133,0.993339478969574,252.17184773638377,254.43128653809896,253.91362724023975
165451.0,2.757516622543335,32435.0,32435.0,8.230513572692871,154.0,10.0,0.46469614406595616,0.6680147845691156,0.9932860732078552,252.1442730662879,254.43162426971827,253.94711036557945
165730.0,2.762166738510132,32212.0,32212.0,8.391678810119629,153.0,8.0,0.4665399100409283,0.6776602213681718,0.9933322668075562,252.14752136036694,254.4519347114867,253.9892994432986
166010.0,2.7668333053588867,32280.0,32280.0,7.8447136878967285,154.0,10.0,0.46469614406595616,0.6680147845691156,0.9933182001113892,252.15793804455754,254.43434401225093,253.95214856226588
166289.0,2.7714834213256836,30498.0,30498.0,6.772271633148193,79.0,7.0,0.5609007603575511,0.720384791875851,0.9936870336532593,252.23051351988804,253.70236887293098,254.5498736432742
166568.0,2.7761332988739014,30531.0,30531.0,7.119711399078369,69.0,29.0,0.5852956719082016,0.6353546327992377,0.9936802387237549,252.36456202527035,253.36435004005287,254.41235972384465
166848.0,2.7808001041412354,29119.0,29119.0,7.0730414390563965,70.0,30.0,0.5848047386109281,0.6277572781796911,0.9939724802970886,252.49810853822467,253.4459458285108,254.42785641329053
167127.0,2.785449981689453,32164.0,32164.0,7.438989639282227,155.0,10.0,0.4634095738240921,0.6692567908186671,0.9933421611785889,252.16602112047173,254.4384810806086,253.93957941015404
167406.0,2.79010009765625,31319.0,31319.0,6.6154375076293945,70.0,30.0,0.5848047386109281,0.6277572781796911,0.9935171008110046,252.3090904836589,253.32853693980695,254.38463092995346
167686.0,2.794766664505005,31176.0,31176.0,7.9642791748046875,78.0,8.0,0.5625016816523644,0.7173469853732346,0.993546724319458,252.1739590483809,253.64950479333953,254.53487035454268
167965.0,2.7994167804718018,30981.0,30981.0,8.15363597869873,155.0,10.0,0.4634095738240921,0.6692567908186671,0.993587076663971,252.27027196394516,254.45913713468002,253.97858807804727
168244.0,2.8040666580200195,30726.0,30726.0,6.859967231750488,156.0,11.0,0.4618150535532491,0.6651539932068133,0.9936398267745972,252.2993796998395,254.45693195520505,253.96261585124185
168524.0,2.8087332248687744,29834.0,29834.0,6.858820915222168,74.0,4.0,0.5650616185125749,0.7464281213938389,0.9938244819641113,252.24979991767705,253.6829712085672,254.60068588401973
168803.0,2.8133833408355713,31642.0,31642.0,7.403353691101074,69.0,29.0,0.5852956719082016,0.6353546327992377,0.9934502243995667,252.26864250264916,253.30481884833523,254.39097194112983
169082.0,2.818033218383789,31087.0,31087.0,7.342182636260986,70.0,30.0,0.5848047386109281,0.6277572781796911,0.9935651421546936,252.32903139360394,253.34092327021207,254.3891911052898
169362.0,2.822700023651123,30240.0,30240.0,7.757098197937012,72.0,5.0,0.567703991482071,0.7458510127227463,0.993740439414978,252.21329365242718,253.62709627916368,254.5943304492116
169641.0,2.827349901199341,30076.0,30076.0,7.336956024169922,72.0,4.0,0.5672188977378395,0.7509061551388774,0.9937744140625,252.22039373198473,253.64299230105846,254.60455743989027
169920.0,2.8320000171661377,30948.0,30948.0,8.265789985656738,73.0,4.0,0.5661434840304798,0.7486499447108067,0.9935938715934753,252.14347059861066,253.61870860692082,254.58940391406176
170200.0,2.8366665840148926,30169.0,30169.0,7.440674781799316,79.0,8.0,0.5613615407523108,0.7152429462260396,0.9937551617622375,252.26858924190057,253.7078706481228,254.54654325684058
170479.0,2.8413166999816895,30029.0,30029.0,7.50396203994751,70.0,30.0,0.5848047386109281,0.6277572781796911,0.9937841296195984,252.41992829576031,253.39738403684794,254.40997781023486
170758.0,2.8459665775299072,29749.0,29749.0,9.220794677734375,154.0,9.0,0.46498450734893165,0.67342594176259,0.9938420653343201,252.37226385760684,254.4871894628964,254.04285849095896
171038.0,2.850633382797241,31552.0,31552.0,7.182415008544922,78.0,7.0,0.5620341358351354,0.7224738567339135,0.9934688806533813,252.13133100591125,253.6420994775622,254.53779812731324
171317.0,2.855283260345459,29847.0,29847.0,7.694922924041748,156.0,11.0,0.4618150535532491,0.6651539932068133,0.9938217997550964,252.3766480237987,254.47246985130047,253.99229678582995
171596.0,2.859933376312256,30941.0,30941.0,7.388363838195801,78.0,7.0,0.5620341358351354,0.7224738567339135,0.9935953617095947,252.18688538564967,253.66839645411335,254.54674908624364
171875.0,2.8645832538604736,29630.0,29630.0,7.934627056121826,155.0,11.0,0.46310657931752236,0.6638579819682754,0.9938667416572571,252.3977579334932,254.4742803117079,254.0146202297716
172155.0,2.8692500591278076,30793.0,30793.0,7.359213829040527,69.0,29.0,0.5852956719082016,0.6353546327992377,0.9936259984970093,252.3419430137168,253.35031184765506,254.40731621975794
172434.0,2.8738999366760254,28538.0,28538.0,8.184823036193848,153.0,8.0,0.4665399100409283,0.6776602213681718,0.9940927624702454,252.47286395743018,254.51444490239496,254.10457600993146
172713.0,2.8785500526428223,31580.0,31580.0,8.054146766662598,153.0,9.0,0.4662658943067583,0.6722373942193719,0.9934630990028381,252.21253117611022,254.45364931533723,254.0000366182589
172993.0,2.883216619491577,30651.0,30651.0,7.854099273681641,155.0,10.0,0.4634095738240921,0.6692567908186671,0.9936553835868835,252.29934752165278,254.46489810765783,253.98946759457334
173272.0,2.887866735458374,29693.0,29693.0,8.432252883911133,79.0,8.0,0.5613615407523108,0.7152429462260396,0.9938536882400513,252.31168343765265,253.728256917402,254.5536975647735
173551.0,2.892516613006592,30624.0,30624.0,7.757774353027344,156.0,11.0,0.4618150535532491,0.6651539932068133,0.9936609864234924,252.308364388672,254.45873868730914,253.96606712270557
173831.0,2.897183418273926,29389.0,29389.0,8.527853012084961,154.0,10.0,0.46469614406595616,0.6680147845691156,0.9939166307449341,252.412476786352,254.4850048935644,254.0459954912667
174110.0,2.9018332958221436,30144.0,30144.0,8.571399688720703,153.0,8.0,0.4665399100409283,0.6776602213681718,0.993760347366333,252.33065566024217,254.48712149658766,254.05418825132097
174389.0,2.9064834117889404,29074.0,29074.0,7.1616387367248535,70.0,30.0,0.5848047386109281,0.6277572781796911,0.9939817786216736,252.50196806918177,253.44834318278276,254.42873902787176
174669.0,2.9111499786376953,31082.0,31082.0,7.943080425262451,153.0,8.0,0.4665399100409283,0.6776602213681718,0.9935661554336548,252.24757969964713,254.4711595715168,254.02475247625316
174948.0,2.915800094604492,30889.0,30889.0,7.458710670471191,69.0,29.0,0.5852956719082016,0.6353546327992377,0.9936060905456543,252.3336410907949,253.34515936824755,254.40546508748878
175227.0,2.92044997215271,29426.0,29426.0,8.062707901000977,154.0,10.0,0.46469614406595616,0.6680147845691156,0.9939089417457581,252.40920631845444,254.48435397188217,254.0447896890913
175507.0,2.925116777420044,30430.0,30430.0,8.814901351928711,153.0,9.0,0.4662658943067583,0.6722373942193719,0.9937011003494263,252.31401983777823,254.47354134042916,254.03644418072565
175786.0,2.9297666549682617,29789.0,29789.0,9.182316780090332,154.0,9.0,0.46498450734893165,0.67342594176259,0.9938337802886963,252.3687284329866,254.48649951424852,254.04157072785307
176065.0,2.9344167709350586,29779.0,29779.0,8.177933692932129,153.0,7.0,0.46680957430439307,0.6830850253553121,0.9938358664512634,252.35443597810692,254.50185591203743,254.07421322151112
176345.0,2.9390833377838135,31241.0,31241.0,8.918230056762695,154.0,9.0,0.46498450734893165,0.67342594176259,0.9935332536697388,252.24048662769638,254.4614727438704,253.9948592056963
176624.0,2.9437332153320312,29505.0,29505.0,8.26568603515625,153.0,8.0,0.4665399100409283,0.6776602213681718,0.9938926100730896,252.38723809012566,254.49799304715003,254.0742367426885
176903.0,2.948383331298828,28259.0,28259.0,7.770208835601807,79.0,9.0,0.5618289901887671,0.7101071825352823,0.9941505193710327,252.44917409638703,253.78171339570525,254.56759078283966
177183.0,2.953049898147583,29759.0,29759.0,6.811882019042969,70.0,29.0,0.584095881235612,0.6325406318202006,0.9938400387763977,252.43562131806823,253.42011798142482,254.4227984578946
177462.0,2.95770001411438,28932.0,28932.0,7.739300727844238,71.0,5.0,0.5687786350843935,0.7481567764122057,0.9940112233161926,252.3303232617346,253.67241361501104,254.61540062952363
177741.0,2.9623498916625977,29426.0,29426.0,8.262680053710938,154.0,10.0,0.46469614406595616,0.6680147845691156,0.9939089417457581,252.40920631845444,254.48435397188217,254.0447896890913
178021.0,2.9670166969299316,29865.0,29865.0,8.017417907714844,154.0,10.0,0.46469614406595616,0.6680147845691156,0.9938180446624756,252.37054381036316,254.4766589674994,254.03053505097114
178300.0,2.9716665744781494,30230.0,30230.0,7.732260227203369,156.0,10.0,0.4621278533627657,0.6705423674257128,0.9937425255775452,252.33438908537266,254.47429895917537,253.98804107598863
178579.0,2.9763166904449463,30198.0,30198.0,8.674442291259766,154.0,9.0,0.46498450734893165,0.67342594176259,0.9937491416931152,252.33261114549907,254.4794511179897,254.02841516231112
178859.0,2.980983257293701,29907.0,29907.0,8.11585521697998,154.0,10.0,0.46469614406595616,0.6680147845691156,0.9938094019889832,252.36686770303643,254.47592731134498,254.02917969193678
179138.0,2.985633373260498,30266.0,30266.0,7.990530967712402,69.0,29.0,0.5852956719082016,0.6353546327992377,0.9937350749969482,252.38742959739048,253.37854249830116,254.41745865105312
179417.0,2.990283250808716,27952.0,27952.0,7.461371421813965,69.0,30.0,0.5860104348113153,0.6305926250944657,0.9942140579223633,252.5941988073404,253.49469591856737,254.45497073306487
179697.0,2.99495005607605,27904.0,27904.0,8.051660537719727,155.0,10.0,0.4634095738240921,0.6692567908186671,0.9942240118980408,252.54139012246478,254.51285594553602,254.08003529759154
179976.0,2.9995999336242676,30392.0,30392.0,8.286892890930176,154.0,8.0,0.4652682725055494,0.6788392744064973,0.9937089681625366,252.30678401205483,254.48478975083884,254.03091434003406
180255.0,3.0042500495910645,28192.0,28192.0,7.523521423339844,155.0,10.0,0.4634095738240921,0.6692567908186671,0.9941643476486206,252.51599340931878,254.50782389147773,254.0705323342036
180534.0,3.0088999271392822,29410.0,29410.0,7.450531959533691,155.0,10.0,0.4634095738240921,0.6692567908186671,0.9939122796058655,252.40869800482884,254.48656459416256,254.03038444992015
180814.0,3.013566732406616,27592.0,27592.0,8.6817626953125,153.0,7.0,0.46680957430439307,0.6830850253553121,0.9942885637283325,252.54872762016072,254.53843988128887,254.14220349953717
181093.0,3.018216609954834,29965.0,29965.0,7.446377754211426,79.0,8.0,0.5613615407523108,0.7152429462260396,0.9937973618507385,252.28704700995408,253.7166023351462,254.54960753392257
181372.0,3.022866725921631,28847.0,28847.0,7.539505958557129,69.0,30.0,0.5860104348113153,0.6305926250944657,0.9940288066864014,252.51717113605736,253.44649988793967,254.43752027400734
181652.0,3.0275332927703857,29577.0,29577.0,8.886199951171875,154.0,8.0,0.4652682725055494,0.6788392744064973,0.9938777089118958,252.37902260434515,254.49860894072168,254.05690757050576
181931.0,3.0321834087371826,29308.0,29308.0,7.380151748657227,79.0,8.0,0.5613615407523108,0.7152429462260396,0.993933379650116,252.34653942054462,253.74474599303804,254.55948420101453
182210.0,3.0368332862854004,30603.0,30603.0,7.391360282897949,156.0,11.0,0.4618150535532491,0.6651539932068133,0.993665337562561,252.31021194440373,254.4591102125024,253.96677682078123
182490.0,3.0415000915527344,29778.0,29778.0,7.850433349609375,156.0,11.0,0.4618150535532491,0.6651539932068133,0.9938361048698425,252.38272217962913,254.47369130399056,253.99463003977726
182769.0,3.046149969100952,29053.0,29053.0,7.893988609313965,154.0,10.0,0.46469614406595616,0.6680147845691156,0.9939861297607422,252.44203775975163,254.4908884182269,254.0568944473638
183048.0,3.050800085067749,29295.0,29295.0,8.048562049865723,155.0,11.0,0.46310657931752236,0.6638579819682754,0.9939360618591309,252.42716937114903,254.4802221770077,254.02575733190838
183328.0,3.055466651916504,29520.0,29520.0,7.661378860473633,155.0,10.0,0.4634095738240921,0.6692567908186671,0.9938895106315613,252.39900615225963,254.48464426983662,254.02675794441146
183607.0,3.060116767883301,30686.0,30686.0,6.928253173828125,154.0,10.0,0.46469614406595616,0.6680147845691156,0.993648111820221,252.2982639345807,254.462273093732,254.00388588816423
183886.0,3.0647666454315186,28783.0,28783.0,10.454473495483398,153.0,6.0,0.4670749884229333,0.6885117594540956,0.9940420389175415,252.4346777257242,254.52676212222195,254.11347070437262
184166.0,3.0694334506988525,29337.0,29337.0,7.526529312133789,78.0,7.0,0.5620341358351354,0.7224738567339135,0.9939273595809937,252.33270908741355,253.73742291942423,254.57024429889321
184445.0,3.0740833282470703,28725.0,28725.0,8.861245155334473,154.0,9.0,0.46498450734893165,0.67342594176259,0.9940540194511414,252.46270968458265,254.50484023549944,254.07580299171053
184724.0,3.078733444213867,29963.0,29963.0,8.56402587890625,154.0,8.0,0.4652682725055494,0.6788392744064973,0.993797779083252,252.34480432378658,254.49206300867192,254.04459498765073
185004.0,3.083400011062622,29357.0,29357.0,8.172755241394043,154.0,8.0,0.4652682725055494,0.6788392744064973,0.9939232468605042,252.39851758297806,254.50233831587906,254.0639223455253
185283.0,3.08804988861084,30964.0,30964.0,8.517660140991211,153.0,9.0,0.4662658943067583,0.6722373942193719,0.9935905933380127,252.26689737879187,254.4643052235946,254.01953969266822
185562.0,3.0927000045776367,28786.0,28786.0,8.7325439453125,153.0,10.0,0.4659874225826393,0.6668165921383045,0.9940414428710938,252.46738541864545,254.49375044561236,254.0802190614791
185842.0,3.0973665714263916,27644.0,27644.0,7.905418872833252,153.0,10.0,0.4659874225826393,0.6668165921383045,0.994277834892273,252.56786106514886,254.51383472991034,254.11670925036125
186121.0,3.1020166873931885,31644.0,31644.0,5.221048355102539,70.0,29.0,0.584095881235612,0.6325406318202006,0.9934498071670532,252.27316873375898,253.32003295161638,254.38623292143816
186400.0,3.1066665649414062,54923.0,54923.0,3.2442500591278076,196.0,69.0,0.36249391807766396,0.4995807546447123,0.9886311888694763,250.65264515449635,253.54926116893657,251.15944725506156
186680.0,3.1113333702087402,54513.0,54513.0,3.4020490646362305,197.0,69.0,0.36135614396526117,0.5038109285727407,0.9887160658836365,250.67292962242206,253.57226397823254,251.16041460809117
186959.0,3.115983247756958,52810.0,52810.0,3.328470230102539,198.0,69.0,0.36023737313904236,0.5080664207456279,0.9890685677528381,250.79624189483678,253.62872765911067,251.25347375334357
187238.0,3.120633363723755,50504.0,50504.0,3.7638630867004395,198.0,70.0,0.3588910621413933,0.5045429906096387,0.9895458817481995,250.98918906361857,253.67921062796316,251.40169411339468
187518.0,3.1252999305725098,49620.0,49620.0,3.8793692588806152,198.0,70.0,0.3588910621413933,0.5045429906096387,0.9897288680076599,251.05939329060112,253.70232939330543,251.4646779556208
187797.0,3.1299500465393066,48974.0,48974.0,3.557603120803833,197.0,70.0,0.3600062533986656,0.5002575269132608,0.9898626208305359,251.12178675244863,253.70814987112468,251.53570189279486
188076.0,3.1345999240875244,48145.0,48145.0,4.13055944442749,198.0,70.0,0.3588910621413933,0.5045429906096387,0.9900341629981995,251.17652229731266,253.74090083176907,251.56976044418172
188356.0,3.1392667293548584,45361.0,45361.0,5.439178943634033,198.0,71.0,0.35752591451845833,0.5010561701639465,0.9906104803085327,251.405979900723,253.8053650566287,251.75426382179478
188635.0,3.143916606903076,44664.0,44664.0,4.809598922729492,198.0,71.0,0.35752591451845833,0.5010561701639465,0.9907547235488892,251.46119178823807,253.8237172216954,251.8041253183431
188914.0,3.148566722869873,43212.0,43212.0,4.804928779602051,197.0,71.0,0.3586371488438775,0.49674062600054725,0.9910553097724915,251.58609028112195,253.8521177028487,251.93012512004918
189193.0,3.153216600418091,43710.0,43710.0,5.581347465515137,198.0,72.0,0.3561417372932256,0.49760672900133174,0.99095219373703,251.54473583675832,253.840882969127,251.85896454483682
189473.0,3.157883405685425,39734.0,39734.0,5.65572452545166,197.0,72.0,0.35724862412598063,0.4932610065750775,0.9917752146720886,251.86815343950664,253.93720604325856,252.1650454076107
189752.0,3.1625332832336426,40934.0,40934.0,6.361130237579346,197.0,71.0,0.3586371488438775,0.49674062600054725,0.9915268421173096,251.76605949344741,253.91262998638047,252.09195803584873
190031.0,3.1671833992004395,40476.0,40476.0,6.602227687835693,199.0,71.0,0.3564337108110164,0.5053957227770207,0.9916216135025024,251.78373926473807,253.94328362153817,252.08305700366938
190311.0,3.1718499660491943,39309.0,39309.0,7.270223617553711,197.0,71.0,0.3586371488438775,0.49674062600054725,0.9918631911277771,251.89443343671027,253.95579403845605,252.20739516691393
190590.0,3.176500082015991,37878.0,37878.0,7.088458061218262,197.0,74.0,0.3544125198356143,0.4864168039752969,0.9921594262123108,252.0281380391385,253.97316932914,252.27413610302676
190869.0,3.181149959564209,38731.0,38731.0,9.02758502960205,198.0,76.0,0.35041109972391826,0.48419860503678586,0.9919828772544861,251.96575438919837,253.94551301058954,252.16861352067355
191149.0,3.185816764831543,34862.0,34862.0,7.214817047119141,197.0,72.0,0.35724862412598063,0.4932610065750775,0.9927837252616882,252.25217567173928,254.06752421172172,252.5126632010814
191428.0,3.1904666423797607,37332.0,37332.0,8.371170997619629,197.0,75.0,0.35296456023841094,0.4830538507077479,0.9922724366188049,252.07759987958727,253.98134279600325,252.30183673455386
191707.0,3.1951167583465576,34610.0,34610.0,9.106985092163086,198.0,77.0,0.34892911594432485,0.48094805771268956,0.9928358793258667,252.29452889761788,254.05176955857414,252.45896215767868
191987.0,3.1997833251953125,34227.0,34227.0,10.002480506896973,197.0,76.0,0.3514964218261907,0.47973143838987997,0.992915153503418,252.32666412522448,254.06006416151868,252.5155675147409
192266.0,3.2044334411621094,33473.0,33473.0,8.600378036499023,155.0,10.0,0.4634095738240921,0.6692567908186671,0.9930712580680847,252.0507083719717,254.4156332427515,253.8964315893765
192545.0,3.209083318710327,35437.0,35437.0,11.204248428344727,197.0,75.0,0.35296456023841094,0.4830538507077479,0.9926646947860718,252.22594357587363,254.03305076502298,252.43879796350555
192825.0,3.213749885559082,33310.0,33310.0,9.517683029174805,197.0,76.0,0.3514964218261907,0.47973143838987997,0.9931049942970276,252.3982970398257,254.08525005165836,252.58213870084896
193104.0,3.218400001525879,33367.0,33367.0,9.607090950012207,153.0,9.0,0.4662658943067583,0.6722373942193719,0.9930931925773621,252.05479548006423,254.42273273439042,253.943451260716
193383.0,3.223050117492676,35235.0,35235.0,10.288750648498535,153.0,8.0,0.4665399100409283,0.6776602213681718,0.9927064776420593,251.87980665493802,254.40049694251223,253.89444179982507
193663.0,3.2277166843414307,32739.0,32739.0,11.127670288085938,29.0,119.0,0.7362997571437087,0.5483048568732015,0.9932231903076172,253.116138774137,252.32439532299043,254.21943173389434
193942.0,3.2323665618896484,31201.0,31201.0,10.6784086227417,153.0,8.0,0.4665399100409283,0.6776602213681718,0.9935415387153625,252.23704858493696,254.46913615989794,254.0210210535696
194221.0,3.2370166778564453,33615.0,33615.0,9.510941505432129,154.0,10.0,0.46469614406595616,0.6680147845691156,0.9930418133735657,252.0403786674957,254.4109461530228,253.90880511507694
194501.0,3.2416832447052,31753.0,31753.0,9.892441749572754,153.0,8.0,0.4665399100409283,0.6776602213681718,0.9934272766113281,252.18816687331613,254.4597441984612,254.00370110857116
194780.0,3.246333360671997,31943.0,31943.0,8.232046127319336,154.0,9.0,0.46498450734893165,0.67342594176259,0.9933879375457764,252.17847680593965,254.4493713424063,253.9722723966883
195059.0,3.250983238220215,31784.0,31784.0,9.063186645507812,155.0,10.0,0.4634095738240921,0.6692567908186671,0.9934208393096924,252.19951129165327,254.44511675628985,253.95211079044583
195339.0,3.255650043487549,31304.0,31304.0,10.266329765319824,153.0,8.0,0.4665399100409283,0.6776602213681718,0.993520200252533,252.227919918917,254.4673822098748,254.01778655158242
195618.0,3.2602999210357666,31052.0,31052.0,9.143381118774414,72.0,4.0,0.5672188977378395,0.7509061551388774,0.9935723543167114,252.13017788056996,253.5989487952047,254.59172282095287
195897.0,3.2649500370025635,33165.0,33165.0,9.632617950439453,153.0,7.0,0.46680957430439307,0.6830850253553121,0.9931349754333496,252.05362288805944,254.44521458294886,253.96894690428812
196177.0,3.2696166038513184,33078.0,33078.0,10.494853019714355,69.0,5.0,0.5709079327694399,0.7528696861485491,0.9931529760360718,251.93950510959087,253.45000772125078,254.56851266880574
196456.0,3.2742667198181152,31720.0,31720.0,10.241168975830078,154.0,8.0,0.4652682725055494,0.6788392744064973,0.9934340715408325,252.1890996646006,254.46227682122398,253.98856860392124
196735.0,3.278916597366333,31787.0,31787.0,8.445584297180176,154.0,9.0,0.46498450734893165,0.67342594176259,0.9934202432632446,252.1922624184877,254.45206164576706,253.97729374635293
197015.0,3.283583402633667,33292.0,33292.0,10.828754425048828,153.0,6.0,0.4670749884229333,0.6885117594540956,0.9931086897850037,252.0328051243028,254.45262666604907,253.9745907523905
197294.0,3.2882332801818848,33386.0,33386.0,10.47903060913086,25.0,119.0,0.7368319150725244,0.5704096479499912,0.9930892586708069,253.0789225457884,252.23256281124785,254.24295911086367
197573.0,3.2928833961486816,34835.0,34835.0,10.255456924438477,155.0,7.0,0.46428990563080813,0.6854673124012746,0.9927893280982971,251.90089529335347,254.42166203677806,253.88156112703558
197852.0,3.2975332736968994,34716.0,34716.0,11.131296157836914,27.0,119.0,0.7365710935937132,0.5593564710169974,0.9928139448165894,253.0023820796419,252.14256647890915,254.19254537755143
198132.0,3.3022000789642334,33062.0,33062.0,11.512757301330566,153.0,6.0,0.4670749884229333,0.6885117594540956,0.9931563138961792,252.0533106615999,254.45640942545148,253.9816770977276
198411.0,3.306849956512451,33776.0,33776.0,9.56344985961914,153.0,6.0,0.4670749884229333,0.6885117594540956,0.9930084943771362,251.98966393757377,254.4446681947657,253.95968193322696
198690.0,3.311500072479248,31627.0,31627.0,9.83679485321045,154.0,10.0,0.46469614406595616,0.6680147845691156,0.993453323841095,252.21541208117586,254.44578307778258,253.97333889972055
198970.0,3.316166639328003,30432.0,30432.0,9.915304183959961,28.0,119.0,0.7364367789893527,0.5538304627489047,0.9937006831169128,253.2488788629086,252.50404203080043,254.28330635882512
199249.0,3.3208167552948,29405.0,29405.0,8.644064903259277,154.0,8.0,0.4652682725055494,0.6788392744064973,0.9939132928848267,252.39425624602558,254.50152312523602,254.06238901119514
199528.0,3.3254666328430176,29124.0,29124.0,8.482051849365234,154.0,8.0,0.4652682725055494,0.6788392744064973,0.9939714670181274,252.41916082605925,254.50628735318574,254.07135029446616
199808.0,3.3301334381103516,29894.0,29894.0,10.439313888549805,154.0,8.0,0.4652682725055494,0.6788392744064973,0.993812084197998,252.35092840084403,254.49323454013498,254.04679858189772
200087.0,3.3347833156585693,30840.0,30840.0,8.982129096984863,70.0,5.0,0.5698466267518859,0.7504964395688093,0.9936162233352661,252.15043152773208,253.56985834128173,254.59384237325364
200366.0,3.339433431625366,29335.0,29335.0,8.788296699523926,69.0,30.0,0.5860104348113153,0.6305926250944657,0.9939277768135071,252.47516280181517,253.42021537316683,254.42800337307344
200646.0,3.344099998474121,29777.0,29777.0,9.976669311523438,27.0,119.0,0.7365710935937132,0.5593564710169974,0.9938362836837769,253.28657728683805,252.54908511458004,254.30741956414616
200925.0,3.348750114440918,30143.0,30143.0,10.118454933166504,153.0,8.0,0.4665399100409283,0.6776602213681718,0.9937605261802673,252.33073215744344,254.4871361944929,254.05421535608622
201204.0,3.3533999919891357,29147.0,29147.0,9.907014846801758,153.0,9.0,0.4662658943067583,0.6722373942193719,0.9939666986465454,252.42727640587054,254.49573990386762,254.07707330628332
201484.0,3.3580665588378906,29803.0,29803.0,10.168140411376953,70.0,5.0,0.5698466267518859,0.7504964395688093,0.9938309192657471,252.2462667655158,253.61795613828554,254.6075020600152
201763.0,3.3627166748046875,29404.0,29404.0,10.348942756652832,152.0,6.0,0.46833169367405686,0.6873940448218864,0.993913471698761,252.38105523966658,254.51481532670152,254.10937991832776
202042.0,3.3673665523529053,27370.0,27370.0,7.984261512756348,71.0,5.0,0.5687786350843935,0.7481567764122057,0.9943345189094543,252.47444196418147,253.74408147818278,254.63616267964025
202322.0,3.3720333576202393,30245.0,30245.0,8.351339340209961,153.0,9.0,0.4662658943067583,0.6722373942193719,0.9937394261360168,252.33036274022064,254.47674458914796,254.04230695624932
202601.0,3.376683235168457,31519.0,31519.0,10.207965850830078,24.0,120.0,0.7384871562747103,0.5755094027592944,0.9934756755828857,253.2040179372308,252.37882071121703,254.2937738360547
202880.0,3.381333351135254,34601.0,34601.0,11.04953384399414,26.0,118.0,0.735146995554724,0.5653726999851553,0.9928377270698547,252.98957649843015,252.14103523875355,254.20620556687237
203160.0,3.385999917984009,43184.0,43184.0,6.369691371917725,41.0,172.0,0.8256210954295599,0.5394829996940237,0.9910610914230347,253.8364818388118,251.49086906353546,253.95028756221222
203439.0,3.3906500339508057,47572.0,47572.0,4.868505477905273,41.0,170.0,0.8226840196870588,0.5344998776285443,0.9901527762413025,253.65959368498724,251.14680626856094,253.83110961450333
203718.0,3.3952999114990234,49502.0,49502.0,4.926631450653076,41.0,171.0,0.8241593715506995,0.5369685797799493,0.9897533059120178,253.63568375428076,250.98404405073939,253.7901419643897
203998.0,3.3999667167663574,46895.0,46895.0,4.391819000244141,40.0,170.0,0.8219625222208733,0.5394829996940237,0.9902929067611694,253.67786502713201,251.1893042205058,253.86007822769062
204277.0,3.404616594314575,39173.0,39173.0,9.085838317871094,42.0,172.0,0.8263764646476566,0.5345574187932743,0.9918913841247559,253.94533239174473,251.82700015488732,254.03760574873817
204556.0,3.409266710281372,33931.0,33931.0,11.400979995727539,25.0,118.0,0.7352910751760635,0.5708947360875085,0.9929764270782471,253.02851413817768,252.18651009851635,254.23146771138966
204836.0,3.413933277130127,30722.0,30722.0,9.849020957946777,153.0,6.0,0.4670749884229333,0.6885117594540956,0.993640661239624,252.26185633879197,254.49488089341628,254.053746737539
205115.0,3.418583393096924,29361.0,29361.0,8.211709022521973,154.0,9.0,0.46498450734893165,0.67342594176259,0.9939224123954773,252.4065498460105,254.49388047568291,254.05534701374106
205394.0,3.4232332706451416,28849.0,28849.0,9.605350494384766,71.0,4.0,0.5682878198571557,0.7531964436569046,0.9940283894538879,252.33030137505136,253.68431455275459,254.6241772464315
205674.0,3.4279000759124756,28368.0,28368.0,8.566681861877441,154.0,9.0,0.46498450734893165,0.67342594176259,0.9941279292106628,252.4942487243605,254.51099517307756,254.08729095035287
205953.0,3.4325499534606934,29924.0,29924.0,10.418875694274902,154.0,7.0,0.4655475468839855,0.6842547308690291,0.9938058853149414,252.33972092472692,254.5012805858932,254.0544543885904
206232.0,3.4372000694274902,28539.0,28539.0,9.884309768676758,153.0,7.0,0.46680957430439307,0.6830850253553121,0.9940925240516663,252.46459000189674,254.52259726445305,254.11276044167968
206511.0,3.441849946975708,26929.0,26929.0,8.720571517944336,153.0,8.0,0.4665399100409283,0.6776602213681718,0.9944258332252502,252.61535274435624,254.54182220052138,254.15506315268124
206791.0,3.446516752243042,28178.0,28178.0,8.96825885772705,154.0,8.0,0.4652682725055494,0.6788392744064973,0.9941672682762146,252.50298413078326,254.52232269008618,254.10151199072172
207070.0,3.4511666297912598,26975.0,26975.0,7.622723579406738,69.0,29.0,0.5852956719082016,0.6353546327992377,0.9944162964820862,252.67150946886954,253.55485293886625,254.4808017369944
207349.0,3.4558167457580566,29619.0,29619.0,9.754537582397461,153.0,7.0,0.46680957430439307,0.6830850253553121,0.9938690066337585,252.36865930305515,254.5045340801617,254.07919052165366
207629.0,3.4604833126068115,26573.0,26573.0,9.759058952331543,153.0,7.0,0.46680957430439307,0.6830850253553121,0.9944995045661926,252.6392606183475,254.55548671041075,254.1738845520631
207908.0,3.4651334285736084,27671.0,27671.0,8.157712936401367,78.0,8.0,0.5625016816523644,0.7173469853732346,0.9942722320556641,252.4916759219087,253.80133384398673,254.58716242647998
208187.0,3.469783306121826,28217.0,28217.0,9.946268081665039,27.0,119.0,0.7365710935937132,0.5593564710169974,0.9941592216491699,253.37634930366343,252.67749684312855,254.3437061979481
208467.0,3.47445011138916,26739.0,26739.0,7.759669780731201,156.0,11.0,0.4618150535532491,0.6651539932068133,0.9944651126861572,252.64980787328827,254.52739959665192,254.0972251602189
208746.0,3.479099988937378,27398.0,27398.0,9.13901138305664,154.0,8.0,0.4652682725055494,0.6788392744064973,0.9943287372589111,252.57210965056936,254.53554635147532,254.1263850607845
209025.0,3.483750104904175,27662.0,27662.0,9.787517547607422,71.0,5.0,0.5687786350843935,0.7481567764122057,0.9942740797996521,252.4474994191444,253.7306833931429,254.63228127867816
209305.0,3.4884166717529297,27020.0,27020.0,8.017745971679688,155.0,10.0,0.4634095738240921,0.6692567908186671,0.9944069981575012,252.61928014180364,254.52828891852198,254.10918025023994
209584.0,3.4930665493011475,26857.0,26857.0,9.003811836242676,155.0,10.0,0.4634095738240921,0.6692567908186671,0.9944407343864441,252.6336403212648,254.53113421582168,254.11455355421356
209863.0,3.4977166652679443,27280.0,27280.0,8.311217308044434,156.0,11.0,0.4618150535532491,0.6651539932068133,0.994353175163269,252.60227760391538,254.51784172935183,254.07896744808116
210143.0,3.502383232116699,28033.0,28033.0,10.509957313537598,149.0,0.0,0.4734122342951205,0.7170896796162054,0.9941973090171814,252.45924609584705,254.58138150291546,254.24284446893247
210422.0,3.507033348083496,26902.0,26902.0,8.988880157470703,153.0,8.0,0.4665399100409283,0.6776602213681718,0.9944313764572144,252.61772415759603,254.5422778355833,254.15590340040418
210701.0,3.511683225631714,27469.0,27469.0,8.788164138793945,154.0,9.0,0.46498450734893165,0.67342594176259,0.9943140149116516,252.57365588741402,254.5264917175283,254.11621466557966
210981.0,3.516350030899048,26994.0,26994.0,9.729619979858398,154.0,8.0,0.4652682725055494,0.6788392744064973,0.994412362575531,252.60790998436778,254.54239492915303,254.13926690548664
211260.0,3.5209999084472656,27433.0,27433.0,8.886665344238281,79.0,8.0,0.5613615407523108,0.7152429462260396,0.9943214654922485,252.5162831038729,253.825045448136,254.58766429717386
211539.0,3.5256500244140625,25984.0,25984.0,8.214615821838379,155.0,10.0,0.4634095738240921,0.6692567908186671,0.9946213960647583,252.71054085827333,254.5463711347534,254.14332826153515
211819.0,3.5303165912628174,27501.0,27501.0,8.78844928741455,154.0,8.0,0.4652682725055494,0.6788392744064973,0.9943073987960815,252.56297456895865,254.53379881704294,254.12309803269943
212098.0,3.5349667072296143,27733.0,27733.0,8.921188354492188,153.0,7.0,0.46680957430439307,0.6830850253553121,0.9942594170570374,252.5362182570318,254.53608444205724,254.1378259819658
212377.0,3.539616584777832,27025.0,27025.0,9.510917663574219,154.0,8.0,0.4652682725055494,0.6788392744064973,0.9944059252738953,252.6051541496919,254.54186773999467,254.13827528807548
212657.0,3.544283390045166,27185.0,27185.0,8.218130111694336,79.0,9.0,0.5618289901887671,0.7101071825352823,0.9943728446960449,252.54612513085354,253.8280176716638,254.58402566412937
212936.0,3.548933267593384,26690.0,26690.0,9.735211372375488,71.0,5.0,0.5687786350843935,0.7481567764122057,0.9944753050804138,252.53720162037243,253.7752908242026,254.64520397063862
213215.0,3.5535833835601807,27373.0,27373.0,9.186796188354492,79.0,8.0,0.5613615407523108,0.7152429462260396,0.9943339228630066,252.5217317952898,253.8276230224127,254.58856886484355
213495.0,3.5582499504089355,28020.0,28020.0,9.672542572021484,154.0,9.0,0.46498450734893165,0.67342594176259,0.9941999912261963,252.52499928814387,254.51699623721623,254.0984917100291
213774.0,3.5629000663757324,27617.0,27617.0,9.784601211547852,153.0,7.0,0.46680957430439307,0.6830850253553121,0.9942833781242371,252.54650202794758,254.53802081541332,254.1414246773926
214053.0,3.56754994392395,27663.0,27663.0,8.515539169311523,79.0,8.0,0.5613615407523108,0.7152429462260396,0.9942739009857178,252.4954790093719,253.8152038008978,254.58421049334416
214333.0,3.572216749191284,26755.0,26755.0,9.349604606628418,152.0,6.0,0.46833169367405686,0.6873940448218864,0.9944618344306946,252.61700776177466,254.55852779787958,254.18961989043163
214612.0,3.576866626739502,27362.0,27362.0,10.722599983215332,27.0,119.0,0.7365710935937132,0.5593564710169974,0.9943361878395081,253.42554330845385,252.74786495351262,254.3635908446365
214891.0,3.581516742706299,27341.0,27341.0,10.299615859985352,155.0,10.0,0.4634095738240921,0.6692567908186671,0.9943405389785767,252.59099109569195,254.52268378338215,254.09859503128132
215170.0,3.5861666202545166,26446.0,26446.0,10.52451229095459,154.0,8.0,0.4652682725055494,0.6788392744064973,0.9945257902145386,252.65646881203588,254.5516841973788,254.1567395715367
215450.0,3.5908334255218506,27913.0,27913.0,9.749075889587402,154.0,9.0,0.46498450734893165,0.67342594176259,0.994222104549408,252.53443556536772,254.51883775483034,254.101928833139
215729.0,3.5954833030700684,28046.0,28046.0,10.024727821350098,153.0,8.0,0.4665399100409283,0.6776602213681718,0.9941946268081665,252.51644186309528,254.52281780906964,254.12001669120554
216008.0,3.6001334190368652,26229.0,26229.0,9.162212371826172,153.0,7.0,0.46680957430439307,0.6830850253553121,0.9945707321166992,252.66983053437832,254.56124284513828,254.18458216657808
216288.0,3.60479998588562,26694.0,26694.0,9.063644409179688,154.0,9.0,0.46498450734893165,0.67342594176259,0.994474470615387,252.64212612538333,254.53985388846402,254.14115465321274
216567.0,3.609450101852417,26336.0,26336.0,9.817901611328125,154.0,8.0,0.4652682725055494,0.6788392744064973,0.9945485591888428,252.66621630135234,254.55354888495748,254.16024695904645
216846.0,3.6140999794006348,26511.0,26511.0,9.166970252990723,153.0,9.0,0.4662658943067583,0.6722373942193719,0.9945123195648193,252.65994037003506,254.5413426080228,254.16053807633614
217126.0,3.6187667846679688,26832.0,26832.0,9.672263145446777,154.0,8.0,0.4652682725055494,0.6788392744064973,0.9944459199905396,252.62227604846507,254.5451431467101,254.14443617032435
217405.0,3.6234166622161865,27239.0,27239.0,8.746638298034668,155.0,10.0,0.4634095738240921,0.6692567908186671,0.9943616390228271,252.59997255069064,254.5244633509512,254.10195571963231
217684.0,3.6280667781829834,25785.0,25785.0,9.496779441833496,26.0,121.0,0.7398217102201647,0.5640655410858945,0.9946626424789429,253.54520638291118,252.87126587031898,254.40668179394189
217964.0,3.6327333450317383,25785.0,25785.0,11.977930068969727,11.0,102.0,0.7157043870313143,0.6613978649172009,0.9946626424789429,253.26850721522632,252.73879403060502,254.53915363365584
218243.0,3.637383222579956,26316.0,26316.0,9.719680786132812,154.0,9.0,0.46498450734893165,0.67342594176259,0.9945526719093323,252.67549646424504,254.54636620951442,254.1533096546149
218522.0,3.642033338546753,26660.0,26660.0,8.416321754455566,156.0,10.0,0.4621278533627657,0.6705423674257128,0.9944815039634705,252.6491852344592,254.53638178691074,254.1075486795044
218802.0,3.646699905395508,27121.0,27121.0,11.225318908691406,10.0,101.0,0.7146961440659562,0.6680147845691156,0.9943860769271851,253.16331803401357,252.61215279535332,254.52474643751106
219081.0,3.6513500213623047,26526.0,26526.0,8.89056396484375,153.0,7.0,0.46680957430439307,0.6830850253553121,0.994509220123291,252.64343040605712,254.5562718568213,254.1753437245869
219360.0,3.6559998989105225,26131.0,26131.0,11.74172592163086,148.0,0.0,0.47462753410010466,0.7161883814821965,0.9945909976959229,252.63286893803476,254.6085398868859,254.30777402421108
219640.0,3.6606667041778564,25693.0,25693.0,10.236164093017578,152.0,6.0,0.46833169367405686,0.6873940448218864,0.9946816563606262,252.7115939467241,254.57605079719528,254.22178565316193
219919.0,3.665316581726074,25871.0,25871.0,8.876463890075684,153.0,8.0,0.4665399100409283,0.6776602213681718,0.994644820690155,252.70903631686272,254.55982223511634,254.18825745519786
220198.0,3.669966697692871,27322.0,27322.0,9.67177963256836,155.0,8.0,0.4640011252051108,0.6800615120198459,0.9943444728851318,252.57708347385199,254.53859769756525,254.11492386787816
220478.0,3.674633264541626,26639.0,26639.0,9.722786903381348,154.0,9.0,0.46498450734893165,0.67342594176259,0.9944858551025391,252.6469841548975,254.54080194739743,254.14292416942294
220757.0,3.679283380508423,26362.0,26362.0,10.893499374389648,153.0,6.0,0.4670749884229333,0.6885117594540956,0.994543194770813,252.6504606513741,254.56656868174053,254.18804140724416
221036.0,3.6839332580566406,26940.0,26940.0,10.012771606445312,153.0,6.0,0.4670749884229333,0.6885117594540956,0.994423508644104,252.59892733611423,254.5570620723788,254.17023241921302
221316.0,3.6886000633239746,27201.0,27201.0,9.850725173950195,154.0,8.0,0.4652682725055494,0.6788392744064973,0.9943695068359375,252.5895632701831,254.53888521614502,254.1326653043884
221595.0,3.6932499408721924,27886.0,27886.0,9.94950008392334,153.0,6.0,0.4670749884229333,0.6885117594540956,0.9942277073860168,252.51462109078122,254.54150967608737,254.14109769526758
221874.0,3.6979000568389893,25933.0,25933.0,10.668913841247559,23.0,110.0,0.7235923000298176,0.5876205938547284,0.9946320056915283,253.37626660300725,252.82680373048476,254.4355191721947
222154.0,3.702566623687744,24865.0,24865.0,9.432308197021484,78.0,8.0,0.5625016816523644,0.7173469853732346,0.9948530793190002,252.74604257755513,253.92288938938248,254.629027875135
222433.0,3.707216739654541,26612.0,26612.0,10.132801055908203,154.0,7.0,0.4655475468839855,0.6842547308690291,0.994491457939148,252.63416405332384,254.5564794956416,254.15910859973772
222712.0,3.711866617202759,26612.0,26612.0,9.176589965820312,154.0,7.0,0.4655475468839855,0.6842547308690291,0.994491457939148,252.63416405332384,254.5564794956416,254.15910859973772
222992.0,3.7165334224700928,27793.0,27793.0,11.112838745117188,11.0,101.0,0.7144030719219189,0.662605856123391,0.9942469596862793,253.11774671691833,252.56091517839297,254.50503426160947
223271.0,3.7211833000183105,31527.0,31527.0,10.588950157165527,19.0,107.0,0.720279601738044,0.6123802835557431,0.9934740662574768,252.972440881064,252.3168168409499,254.35495695036326
223550.0,3.7258334159851074,33169.0,33169.0,12.988922119140625,20.0,105.0,0.7171625323872021,0.6091068457650615,0.9931341409683228,252.82898330690847,252.1827853036679,254.3156265901767
223829.0,3.730483293533325,31946.0,31946.0,12.114484786987305,19.0,107.0,0.720279601738044,0.6123802835557431,0.9933873414993286,252.9454961431677,252.28115935196564,254.34638481269195
224109.0,3.735150098800659,34434.0,34434.0,11.565635681152344,19.0,106.0,0.7188657102252042,0.6134341224041879,0.9928722977638245,252.7658756386196,252.06748010944352,254.29739175010695
224388.0,3.739799976348877,30173.0,30173.0,11.619478225708008,10.0,101.0,0.7146961440659562,0.6680147845691156,0.9937543272972107,252.95663134854553,252.34344202600278,254.47126489557468
224667.0,3.744450092315674,27907.0,27907.0,9.370534896850586,25.0,119.0,0.7368319150725244,0.5704096479499912,0.9942233562469482,253.3941838441961,252.68671724394656,254.36719444199704
224947.0,3.7491166591644287,26557.0,26557.0,7.742668151855469,79.0,9.0,0.5618289901887671,0.7101071825352823,0.9945028424263,252.60281419417032,253.8550926383838,254.5936354432427
225226.0,3.7537667751312256,27373.0,27373.0,8.917336463928223,155.0,10.0,0.4634095738240921,0.6692567908186671,0.9943339228630066,252.58817487675168,254.52212578338168,254.09754125612042
225505.0,3.7584166526794434,27700.0,27700.0,8.965856552124023,154.0,8.0,0.4652682725055494,0.6788392744064973,0.9942662119865417,252.54534233043069,254.5304257827056,254.11675351759666
225785.0,3.7630832195281982,25609.0,25609.0,8.428644180297852,154.0,9.0,0.46498450734893165,0.67342594176259,0.9946990609169006,252.73796411077277,254.55855695684656,254.17606322431288
226064.0,3.767733335494995,26039.0,26039.0,8.345434188842773,155.0,10.0,0.4634095738240921,0.6692567908186671,0.9946100115776062,252.70569493198872,254.54541097259045,254.14151500878083
226343.0,3.772383451461792,25540.0,25540.0,9.94978141784668,154.0,8.0,0.4652682725055494,0.6788392744064973,0.994713306427002,252.73674525546411,254.56704102230688,254.18562501945752
226623.0,3.777050018310547,23712.0,23712.0,9.624354362487793,153.0,9.0,0.4662658943067583,0.6722373942193719,0.9950917363166809,252.9070155716566,254.58976994985068,254.24917266555207
226902.0,3.7816998958587646,25462.0,25462.0,8.49231243133545,78.0,8.0,0.5625016816523644,0.7173469853732346,0.9947294592857361,252.69190646223336,253.89701907628336,254.62011777349204
227181.0,3.7863500118255615,25053.0,25053.0,9.582734107971191,154.0,7.0,0.4655475468839855,0.6842547308690291,0.9948141574859619,252.77275865410837,254.5824616637322,254.20836941517433
227461.0,3.7910165786743164,25966.0,25966.0,10.186744689941406,25.0,120.0,0.7383752329857821,0.5699781119117111,0.9946251511573792,253.5204377322194,252.8482092653741,254.41061782488927
227740.0,3.7956666946411133,25088.0,25088.0,8.463590621948242,153.0,9.0,0.4662658943067583,0.6722373942193719,0.9948068857192993,252.78554942737625,254.5659622894664,254.20559847546227
228019.0,3.800316572189331,25960.0,25960.0,9.898795127868652,152.0,7.0,0.4680758513574723,0.6819584164849691,0.9946264028549194,252.69526742903324,254.56419802697567,254.20621391770797
228299.0,3.804983377456665,25263.0,25263.0,9.51828384399414,71.0,5.0,0.5687786350843935,0.7481567764122057,0.9947706460952759,252.66885873147572,253.84076174271587,254.66417077711498
228578.0,3.809633255004883,25666.0,25666.0,8.46073055267334,79.0,8.0,0.5613615407523108,0.7152429462260396,0.9946872591972351,252.67627649729718,253.9007324018968,254.61422569329272
228857.0,3.8142833709716797,25298.0,25298.0,10.863591194152832,43.0,242.0,0.8988138843433651,0.7892102058024302,0.9947634339332581,254.71852725570483,252.61082405025678,253.89044585215473
229137.0,3.8189499378204346,26232.0,26232.0,9.780783653259277,154.0,9.0,0.46498450734893165,0.67342594176259,0.9945700764656067,252.6829233994185,254.5478155980409,254.15601488358553
229416.0,3.8236000537872314,25354.0,25354.0,9.097837448120117,155.0,10.0,0.4634095738240921,0.6692567908186671,0.9947518110275269,252.7660533541409,254.5573702698978,254.16409997371585
229695.0,3.828249931335449,26067.0,26067.0,9.554939270019531,154.0,8.0,0.4652682725055494,0.6788392744064973,0.994604229927063,252.69004916790098,254.55810809490114,254.16882261332427
229975.0,3.832916736602783,25163.0,25163.0,10.674858093261719,27.0,120.0,0.7381447408325256,0.5589164009515154,0.9947913885116577,253.56619498123447,252.92945358178287,254.41415455916257
230254.0,3.837566614151001,25180.0,25180.0,9.258027076721191,154.0,8.0,0.4652682725055494,0.6788392744064973,0.994787871837616,252.7686670071261,254.57314763005803,254.1971112544699
230533.0,3.842216730117798,25931.0,25931.0,8.755805015563965,154.0,9.0,0.46498450734893165,0.67342594176259,0.9946324229240417,252.7095281055537,254.5530075857076,254.16570553256923
230813.0,3.8468832969665527,24878.0,24878.0,9.459917068481445,154.0,8.0,0.4652682725055494,0.6788392744064973,0.9948503375053406,252.79540881027702,254.57826331744667,254.20673361601507
231092.0,3.8515334129333496,26212.0,26212.0,10.452902793884277,152.0,6.0,0.46833169367405686,0.6873940448218864,0.994574248790741,252.66537802880683,254.56748885447107,254.2060690847129
231371.0,3.8561832904815674,25365.0,25365.0,10.179637908935547,154.0,9.0,0.46498450734893165,0.67342594176259,0.9947495460510254,252.75950730971778,254.56276117630517,254.18391024122417
231651.0,3.8608500957489014,24976.0,24976.0,8.978965759277344,155.0,10.0,0.4634095738240921,0.6692567908186671,0.9948300719261169,252.7993659259298,254.56397075638984,254.17656489971827
231930.0,3.865499973297119,25315.0,25315.0,10.51474380493164,152.0,6.0,0.46833169367405686,0.6873940448218864,0.9947599172592163,252.74526847515102,254.5822893270493,254.23323729265894
232209.0,3.870150089263916,25455.0,25455.0,9.869158744812012,28.0,119.0,0.7364367789893527,0.5538304627489047,0.9947309494018555,253.5352783411186,252.91226111106363,254.40052308388266
232488.0,3.874799966812134,26276.0,26276.0,10.059826850891113,154.0,9.0,0.46498450734893165,0.67342594176259,0.994560956954956,252.6790318888653,254.5470561581623,254.1545974177208
232768.0,3.8794667720794678,25944.0,25944.0,8.903949737548828,79.0,8.0,0.5613615407523108,0.7152429462260396,0.9946296811103821,252.65109259342756,253.88881882892417,254.6100447728673
233047.0,3.8841166496276855,26073.0,26073.0,8.744552612304688,155.0,10.0,0.4634095738240921,0.6692567908186671,0.9946029782295227,252.70270111365582,254.54481778340076,254.14039477933048
233326.0,3.8887667655944824,25650.0,25650.0,9.277050018310547,154.0,8.0,0.4652682725055494,0.6788392744064973,0.9946905374526978,252.72699776614763,254.56517633472822,254.18211763194773
233606.0,3.8934333324432373,24943.0,24943.0,9.382707595825195,155.0,10.0,0.4634095738240921,0.6692567908186671,0.9948369264602661,252.80228363023727,254.56454886449845,254.17765664875884
233885.0,3.898083448410034,25163.0,25163.0,9.387048721313477,26.0,120.0,0.7382611161723377,0.5644471084650159,0.9947913885116577,253.56619688990148,252.922107718576,254.42150042236943
234164.0,3.902733325958252,23957.0,23957.0,7.531279563903809,79.0,7.0,0.5609007603575511,0.720384791875851,0.995041012763977,252.82450161289012,253.98067947098696,254.64641489673818
234444.0,3.907399892807007,24680.0,24680.0,9.666205406188965,30.0,120.0,0.7377813740139013,0.5423261445466404,0.994891345500946,253.5937047632901,252.99080109367657,254.40378511180592
234723.0,3.9120500087738037,25364.0,25364.0,8.166166305541992,156.0,10.0,0.4621278533627657,0.6705423674257128,0.9947497844696045,252.76346959218128,254.558920487317,254.1509350098338
235002.0,3.9166998863220215,23874.0,23874.0,11.158220291137695,26.0,119.0,0.7367027802195831,0.5648828698681801,0.9950581789016724,253.6262488636256,253.02799034840487,254.45168089144804
235282.0,3.9213666915893555,25504.0,25504.0,10.21575927734375,41.0,242.0,0.8970290730545322,0.7958465807456754,0.9947207570075989,254.72516724546685,252.58241882840858,253.90626357270114
235561.0,3.9260165691375732,25866.0,25866.0,9.16164779663086,153.0,8.0,0.4665399100409283,0.6776602213681718,0.9946458339691162,252.70946980100337,254.5599055232459,254.1884110488676
235840.0,3.93066668510437,25197.0,25197.0,10.008359909057617,79.0,9.0,0.5618289901887671,0.7101071825352823,0.9947843551635742,252.7255755174372,253.9137240312396,254.61444561598566
236120.0,3.935333251953125,25963.0,25963.0,10.847092628479004,27.0,119.0,0.7365710935937132,0.5593564710169974,0.9946257472038269,253.50603656385024,252.8630041519786,254.39612692197312
236399.0,3.939983367919922,25907.0,25907.0,10.560171127319336,153.0,5.0,0.4673362506479485,0.6939403783831004,0.9946373701095581,252.68358629703536,254.58147245883927,254.20951999151194
236678.0,3.9446332454681396,25560.0,25560.0,11.545982360839844,11.0,102.0,0.7157043870313143,0.6613978649172009,0.9947091937065125,253.2836089044688,252.75851575867884,254.5431730316425
236958.0,3.9493000507354736,25107.0,25107.0,8.224552154541016,68.0,29.0,0.5864848147569983,0.6382044208068514,0.9948029518127441,252.82897403454527,253.64276724275393,254.52053138995424
237237.0,3.9539499282836914,25551.0,25551.0,8.88296127319336,152.0,7.0,0.4680758513574723,0.6819584164849691,0.9947110414505005,252.73156887157347,254.57106226818178,254.21871670446015
237516.0,3.9586000442504883,25749.0,25749.0,10.769316673278809,148.0,0.0,0.47462753410010466,0.7161883814821965,0.9946700930595398,252.6674832867722,254.61426417359309,254.3178963836005
237796.0,3.963266611099243,26325.0,26325.0,9.535127639770508,154.0,9.0,0.46498450734893165,0.67342594176259,0.9945508241653442,252.6747079882506,254.54621233607497,254.15302245564885
238075.0,3.96791672706604,25348.0,25348.0,8.970142364501953,154.0,8.0,0.4652682725055494,0.6788392744064973,0.9947530627250671,252.7537650862863,254.57029690349793,254.19174917513558
238354.0,3.972566604614258,26022.0,26022.0,11.016109466552734,41.0,242.0,0.8970290730545322,0.7958465807456754,0.994613528251648,254.71958501058856,252.5333143977519,253.88404826709646
238634.0,3.977233409881592,26002.0,26002.0,8.41734504699707,154.0,9.0,0.46498450734893165,0.67342594176259,0.9946177005767822,252.70324573230764,254.5517815618513,254.16341720532355
238913.0,3.9818832874298096,25288.0,25288.0,8.332752227783203,73.0,5.0,0.566622732507295,0.7435794638568151,0.9947655200958252,252.6726834254529,253.86423573282798,254.65773182341795
239192.0,3.9865334033966064,24999.0,24999.0,8.841808319091797,156.0,11.0,0.4618150535532491,0.6651539932068133,0.9948253035545349,252.80275005530117,254.55815475751163,254.15597455023396
239472.0,3.9911999702453613,25724.0,25724.0,8.76845645904541,153.0,7.0,0.46680957430439307,0.6830850253553121,0.9946752190589905,252.7146749383968,254.56968678168835,254.2002749851929
239751.0,3.995850086212158,25846.0,25846.0,10.068899154663086,152.0,6.0,0.46833169367405686,0.6873940448218864,0.9946500062942505,252.6979753826763,254.57352782739144,254.2171544112938
240030.0,4.000500202178955,26848.0,26848.0,10.746391296386719,149.0,0.0,0.4734122342951205,0.7170896796162054,0.9944425821304321,252.5666408583668,254.59907602815358,254.27484856752568
240310.0,4.005166530609131,26562.0,26562.0,8.857938766479492,154.0,8.0,0.4652682725055494,0.6788392744064973,0.9945017695426941,252.6461854659769,254.54971700079707,254.1530393695303
240589.0,4.009816646575928,25407.0,25407.0,10.072311401367188,154.0,7.0,0.4655475468839855,0.6842547308690291,0.9947408437728882,252.74127151724747,254.5765588069255,254.1971779111132
240868.0,4.014466762542725,24229.0,24229.0,11.19244384765625,153.0,6.0,0.4670749884229333,0.6885117594540956,0.9949846863746643,252.8405539113989,254.6016361396799,254.253734223154
241147.0,4.0191168785095215,25968.0,25968.0,7.351025581359863,154.0,10.0,0.46469614406595616,0.6680147845691156,0.9946247339248657,252.71366406249925,254.54495023918227,254.15704145904854
241427.0,4.023783206939697,34576.0,34576.0,5.330967426300049,128.0,16.0,0.4992863054874929,0.6183780299523262,0.9928429126739502,252.046367413833,254.3035180498816,254.2938525537445
241706.0,4.028433322906494,73563.0,73563.0,1.5769989490509033,122.0,17.0,0.5079152071129923,0.6135845230575767,0.984772801399231,248.73455514211014,253.2732769249027,253.49957357149765
241985.0,4.033083438873291,191673.0,191673.0,0.9506046175956726,122.0,18.0,0.5079873713444034,0.6080455071093598,0.9603245258331299,238.73100816600044,250.44486465980353,251.0345000088958
242265.0,4.037749767303467,429154.0,429154.0,0.8235580325126648,123.0,18.0,0.5065369357391899,0.6077925342630348,0.9111669659614563,218.57960232460832,245.0355459805204,246.1155503157344
242544.0,4.042399883270264,755985.0,755985.0,0.82899010181427,124.0,18.0,0.5050854129111816,0.6075900801509891,0.8435143232345581,190.8509704782712,237.86177323569478,239.34133437135344
242823.0,4.0470499992370605,1021476.0,1021476.0,0.8616841435432434,123.0,18.0,0.5065369357391899,0.6077925342630348,0.788558840751648,168.31185309476743,231.282519988662,233.85315568857303
243103.0,4.0517168045043945,1083148.0,1083148.0,0.8431695699691772,123.0,18.0,0.5065369357391899,0.6077925342630348,0.7757930159568787,163.07802965608875,229.8505698637454,232.57640848191937
243382.0,4.056366443634033,807344.0,807344.0,0.9005866050720215,124.0,18.0,0.5050854129111816,0.6075900801509891,0.8328832387924194,186.49291187621165,236.6974626119631,238.27753990792226
243661.0,4.06101655960083,419810.0,419810.0,0.9469705820083618,124.0,18.0,0.5050854129111816,0.6075900801509891,0.9131011366844177,219.37707358615572,245.4828834443734,246.30450612289732
243941.0,4.065683364868164,193063.0,193063.0,1.1211836338043213,123.0,18.0,0.5065369357391899,0.6077925342630348,0.9600368142127991,238.6156095027228,250.51730579104495,251.00316574580472
244220.0,4.070333480834961,92738.0,92738.0,1.5991501808166504,122.0,18.0,0.5079873713444034,0.6080455071093598,0.9808036088943481,247.12848903010985,252.79606516706477,253.0813515060077
244499.0,4.0749831199646,62762.0,62762.0,2.299255609512329,122.0,18.0,0.5079873713444034,0.6080455071093598,0.9870085120201111,249.67281951143497,253.50844918021562,253.7015216188217
244779.0,4.079649925231934,49291.0,49291.0,2.8539927005767822,120.0,18.0,0.5108840246224093,0.6087027444836014,0.9897969961166382,250.81453191096904,253.77509147686507,253.98193610851644
245058.0,4.0843000411987305,43534.0,43534.0,3.8099007606506348,129.0,17.0,0.49783965834926813,0.6128823375720699,0.9909886717796326,251.2937759082027,254.11044669940992,254.07393687205004
245337.0,4.088950157165527,40963.0,40963.0,4.57916259765625,118.0,23.0,0.5144289691881522,0.5819401719302997,0.9915208220481873,251.57954418213583,253.87820938324205,254.09607506243967
245617.0,4.093616485595703,38340.0,38340.0,4.5182576179504395,70.0,29.0,0.584095881235612,0.6325406318202006,0.9920637607574463,251.6961605780347,252.96454535681494,254.25635740826291
245896.0,4.0982666015625,36855.0,36855.0,5.0970234870910645,70.0,30.0,0.5848047386109281,0.6277572781796911,0.9923712015151978,251.8334527743622,253.03309376109863,254.27585999838865
246175.0,4.102916717529297,33246.0,33246.0,6.091238021850586,152.0,11.0,0.4670103766562233,0.6602342506012931,0.9931182265281677,252.0865342141821,254.40376131518343,253.9450946195993
246455.0,4.107583522796631,33806.0,33806.0,6.392545223236084,151.0,9.0,0.4688418890926461,0.669991708074726,0.9930022954940796,252.0200423323867,254.41112836959388,253.96411802597592
246734.0,4.1122331619262695,31673.0,31673.0,6.1265130043029785,70.0,30.0,0.5848047386109281,0.6277572781796911,0.9934438467025757,252.2786843070802,253.30965009108743,254.3776775112334
247013.0,4.116883277893066,30238.0,30238.0,6.27785062789917,79.0,8.0,0.5613615407523108,0.7152429462260396,0.9937408566474915,252.26233237137396,253.70491075421657,254.54550451884668
247293.0,4.1215500831604,29438.0,29438.0,6.552381992340088,79.0,7.0,0.5609007603575511,0.720384791875851,0.9939064383506775,252.32676594858765,253.7474675395732,254.56551761025787
247572.0,4.126200199127197,28917.0,28917.0,6.621050834655762,69.0,29.0,0.5852956719082016,0.6353546327992377,0.994014322757721,252.5038802228065,253.45081604927216,254.4434243836312
247851.0,4.130849838256836,28551.0,28551.0,6.629965782165527,152.0,8.0,0.46781589851492084,0.6765245786922889,0.9940900802612305,252.4734279464628,254.51251298676473,254.11875626752203
248131.0,4.13551664352417,29269.0,29269.0,7.8372626304626465,151.0,7.0,0.46934623843601414,0.6808751181873994,0.9939414262771606,252.40315501528173,254.5069723860702,254.12003288972025
248410.0,4.140166759490967,28553.0,28553.0,8.591083526611328,153.0,9.0,0.4662658943067583,0.6722373942193719,0.994089663028717,252.4797109435668,254.5060172010789,254.09588342433213
248689.0,4.144816875457764,28409.0,28409.0,7.811811447143555,152.0,7.0,0.4680758513574723,0.6819584164849691,0.9941194653511047,252.47784223973412,254.5230850893293,254.13132926888602
248969.0,4.1494832038879395,28707.0,28707.0,6.604045391082764,79.0,8.0,0.5613615407523108,0.7152429462260396,0.9940577745437622,252.40094812383234,253.770484737131,254.5685168934864
249248.0,4.154133319854736,25955.0,25955.0,8.445709228515625,152.0,7.0,0.4680758513574723,0.6819584164849691,0.9946274161338806,252.69570202376786,254.56428020451125,254.20636359895784
249527.0,4.158783435821533,27941.0,27941.0,7.43841552734375,69.0,29.0,0.5852956719082016,0.6353546327992377,0.9942163228988647,252.58811739880113,253.5030967460151,254.4622072796199
249806.0,4.16343355178833,28073.0,28073.0,7.684161186218262,153.0,9.0,0.4662658943067583,0.6722373942193719,0.9941890239715576,252.52208049002323,254.51432173547116,254.1110828750289
250086.0,4.168099880218506,25494.0,25494.0,7.426383972167969,153.0,8.0,0.4665399100409283,0.6776602213681718,0.994722843170166,252.7424145956899,254.56623542109477,254.2000841677711
250365.0,4.172749996185303,27675.0,27675.0,10.570480346679688,153.0,6.0,0.4670749884229333,0.6885117594540956,0.9942713975906372,252.5334328039712,254.54497996725377,254.1475986854204
250644.0,4.1774001121521,28718.0,28718.0,9.585351943969727,149.0,2.0,0.4729965482629151,0.7061546315831022,0.9940555095672607,252.41373392952403,254.55457594977895,254.20771520475486
250924.0,4.182066440582275,28749.0,28749.0,7.94580078125,152.0,7.0,0.4680758513574723,0.6819584164849691,0.994049072265625,252.44765068787495,254.5173761675938,254.12093082441118
251203.0,4.186716556549072,26198.0,26198.0,8.877384185791016,153.0,6.0,0.4670749884229333,0.6885117594540956,0.9945771098136902,252.66506346829783,254.56926253668416,254.1930878784542
251482.0,4.191366672515869,27712.0,27712.0,7.513965606689453,153.0,9.0,0.4662658943067583,0.6722373942193719,0.9942637085914612,252.55392754563806,254.52056383600714,254.1225075371303
251762.0,4.196033477783203,25977.0,25977.0,8.402287483215332,152.0,7.0,0.4680758513574723,0.6819584164849691,0.9946228861808777,252.6937591296601,254.56391282258753,254.20569443572322
252041.0,4.200683116912842,25852.0,25852.0,8.773751258850098,153.0,7.0,0.46680957430439307,0.6830850253553121,0.9946487545967102,252.70331674365394,254.56754810066826,254.19630030666184
252320.0,4.205333232879639,26184.0,26184.0,8.600958824157715,152.0,7.0,0.4680758513574723,0.6819584164849691,0.9945800304412842,252.67537832882454,254.5604371962304,254.1993637993325
252600.0,4.210000038146973,28537.0,28537.0,8.222503662109375,152.0,7.0,0.4680758513574723,0.6819584164849691,0.9940929412841797,252.46646608344508,254.52093397148656,254.12741114205173
252879.0,4.2146501541137695,31345.0,31345.0,9.965457916259766,41.0,172.0,0.8256210954295599,0.5394829996940237,0.9935117363929749,254.15546596361847,252.45291426226012,254.23807129815705
253158.0,4.219299793243408,32731.0,32731.0,8.262474060058594,40.0,172.0,0.824879411096302,0.5444205127773889,0.9932247996330261,254.11748689525524,252.3317416016425,254.21290621120082
253438.0,4.223966598510742,32300.0,32300.0,9.676563262939453,41.0,173.0,0.8270691361053001,0.5420425011461992,0.9933140277862549,254.14974977243998,252.37093640465525,254.21921776633474
253717.0,4.228616714477539,31750.0,31750.0,8.604884147644043,41.0,171.0,0.8241593715506995,0.5369685797799493,0.9934278726577759,254.12494117371492,252.42420592703564,254.22400912843005
253996.0,4.233266830444336,29065.0,29065.0,10.584880828857422,10.0,101.0,0.7146961440659562,0.6680147845691156,0.9939836859703064,253.03166959419897,252.44099830871443,254.49068153614184
254276.0,4.237933158874512,29418.0,29418.0,9.843799591064453,149.0,0.0,0.4734122342951205,0.7170896796162054,0.9939106106758118,252.33371297124916,254.56069847341485,254.20543506085636
254555.0,4.242583274841309,26337.0,26337.0,7.679953575134277,154.0,9.0,0.46498450734893165,0.67342594176259,0.9945483803749084,252.67366516516117,254.54600882604214,254.15264261185501
254834.0,4.2472333908081055,26043.0,26043.0,9.234537124633789,153.0,8.0,0.4665399100409283,0.6776602213681718,0.9946092367172241,252.6938133738071,254.5568973519772,254.18286360691195
255114.0,4.2519001960754395,26954.0,26954.0,8.151140213012695,155.0,10.0,0.4634095738240921,0.6692567908186671,0.9944206476211548,252.6250901790768,254.52944010771213,254.1113542548512
255393.0,4.256549835205078,26458.0,26458.0,9.066263198852539,153.0,8.0,0.4665399100409283,0.6776602213681718,0.994523286819458,252.65704371905633,254.54983255886725,254.16983524974566
255672.0,4.261199951171875,26707.0,26707.0,9.043817520141602,153.0,8.0,0.4665399100409283,0.6776602213681718,0.9944717884063721,252.63501252508635,254.5455995621634,254.162029077352
255952.0,4.265866756439209,25754.0,25754.0,8.573880195617676,152.0,7.0,0.4680758513574723,0.6819584164849691,0.9946690201759338,252.71354597228412,254.56765431744213,254.2125093349811
256231.0,4.270516872406006,26484.0,26484.0,7.908840179443359,154.0,9.0,0.46498450734893165,0.67342594176259,0.9945179224014282,252.66066802860755,254.54347239612085,254.14790846115648
256510.0,4.2751665115356445,26334.0,26334.0,8.965109825134277,154.0,10.0,0.46469614406595616,0.6680147845691156,0.9945489764213562,252.68144108034576,254.5385368945459,254.14516103606448
256790.0,4.2798333168029785,26539.0,26539.0,10.431173324584961,148.0,0.0,0.47462753410010466,0.7161883814821965,0.9945065379142761,252.59590696956377,254.60242736671705,254.29696514459172
257069.0,4.284483432769775,24756.0,24756.0,8.505657196044922,157.0,10.0,0.46085112060717714,0.671871264284206,0.9948756098747253,252.81533324765573,254.5712277884542,254.15877996682877
257348.0,4.289133548736572,24174.0,24174.0,8.184345245361328,154.0,8.0,0.4652682725055494,0.6788392744064973,0.9949960708618164,252.85779784529993,254.59019829422644,254.22918273240617
257628.0,4.293799877166748,25756.0,25756.0,9.022110939025879,152.0,7.0,0.4680758513574723,0.6819584164849691,0.9946686029434204,252.71336702151103,254.56762047963338,254.21244770152526
257907.0,4.298449993133545,25595.0,25595.0,10.201437950134277,154.0,7.0,0.4655475468839855,0.6842547308690291,0.9947019219398499,252.7245551754831,254.57342501384034,254.19123640529864
258186.0,4.303100109100342,25757.0,25757.0,8.607946395874023,152.0,7.0,0.4680758513574723,0.6819584164849691,0.9946684241294861,252.71329032832259,254.56760597771532,254.21242128718706
258465.0,4.307750225067139,25181.0,25181.0,8.568425178527832,154.0,10.0,0.46469614406595616,0.6680147845691156,0.9947876334190369,252.7829523474917,254.55874069621711,254.18258764002059
258745.0,4.3124165534973145,24883.0,24883.0,8.509608268737793,153.0,7.0,0.46680957430439307,0.6830850253553121,0.9948493242263794,252.78939855741447,254.58375679803902,254.22642371489854
259024.0,4.317066669464111,25335.0,25335.0,8.371611595153809,155.0,11.0,0.46310657931752236,0.6638579819682754,0.994755744934082,252.7749476090192,254.55048230736264,254.1574490159887
259303.0,4.321716785430908,26438.0,26438.0,9.262275695800781,153.0,7.0,0.46680957430439307,0.6830850253553121,0.9945274591445923,252.6512583510826,254.55774581265948,254.17808303006103
259583.0,4.326383113861084,25373.0,25373.0,9.533686637878418,29.0,119.0,0.7362997571437087,0.5483048568732015,0.9947478771209717,253.539981039103,252.9263687225639,254.39504860913166
259862.0,4.331033229827881,24913.0,24913.0,9.400282859802246,152.0,7.0,0.4680758513574723,0.6819584164849691,0.9948431253433228,252.78821957345318,254.58177435164143,254.23822809561705
260141.0,4.335683345794678,25575.0,25575.0,8.747425079345703,153.0,8.0,0.4665399100409283,0.6776602213681718,0.9947060942649841,252.73524935783627,254.56485871730564,254.19754535475883
260421.0,4.340350151062012,25933.0,25933.0,9.102808952331543,153.0,7.0,0.46680957430439307,0.6830850253553121,0.9946320056915283,252.69612833662075,254.5661945660587,254.19378480065456
260700.0,4.34499979019165,25518.0,25518.0,10.071277618408203,154.0,10.0,0.46469614406595616,0.6680147845691156,0.9947178959846497,252.75328996423474,254.5528369879366,254.17165129470874
260979.0,4.349649906158447,24867.0,24867.0,10.887716293334961,148.0,0.0,0.47462753410010466,0.7161883814821965,0.9948526620864868,252.7473806117028,254.62747705240548,254.34126095542402
261259.0,4.354316711425781,24721.0,24721.0,8.064811706542969,156.0,10.0,0.4621278533627657,0.6705423674257128,0.9948828816413879,252.8201674306157,254.57010220649215,254.17245948786663
261538.0,4.358966827392578,26012.0,26012.0,10.523903846740723,154.0,7.0,0.4655475468839855,0.6842547308690291,0.9946156144142151,252.6874873916013,254.5664759596484,254.17806136637137
261817.0,4.363616466522217,25002.0,25002.0,9.724189758300781,29.0,118.0,0.7346973619493999,0.5488094835994866,0.9948247075080872,253.54730268106132,252.95603676657166,254.4045640625528
262097.0,4.368283271789551,25354.0,25354.0,9.313868522644043,154.0,8.0,0.4652682725055494,0.6788392744064973,0.9947518110275269,252.75322922954376,254.57019439449493,254.19155636063897
262376.0,4.372933387756348,25241.0,25241.0,8.830297470092773,153.0,7.0,0.46680957430439307,0.6830850253553121,0.9947752356529236,252.75760072843846,254.57776945455257,254.21529640540723
262655.0,4.3775835037231445,24599.0,24599.0,9.25798225402832,153.0,9.0,0.4662658943067583,0.6722373942193719,0.9949080944061279,252.82870688981356,254.57442125731168,254.22108057941134
262935.0,4.38224983215332,24979.0,24979.0,10.524672508239746,154.0,8.0,0.4652682725055494,0.6788392744064973,0.9948294758796692,252.78647786456824,254.57655483406305,254.20352004107153
263214.0,4.386899948120117,25871.0,25871.0,8.642693519592285,153.0,8.0,0.4665399100409283,0.6776602213681718,0.994644820690155,252.70903631686272,254.55982223511634,254.18825745519786
263493.0,4.391550064086914,25057.0,25057.0,10.618698120117188,152.0,5.0,0.4685835209054995,0.6928314215597469,0.9948133230209351,252.76105671027136,254.59373803040552,254.24827966412025
263773.0,4.396216869354248,25362.0,25362.0,10.176815032958984,153.0,7.0,0.46680957430439307,0.6830850253553121,0.9947502017021179,252.74685649016817,254.57574637791197,254.21153657436432
264052.0,4.400866508483887,24259.0,24259.0,9.360404968261719,153.0,7.0,0.46680957430439307,0.6830850253553121,0.9949784874916077,252.84483371058502,254.5941949101349,254.24582265268427
264331.0,4.405516624450684,23799.0,23799.0,11.736547470092773,149.0,0.0,0.4734122342951205,0.7170896796162054,0.9950737357139587,252.84299642102107,254.6446087930979,254.35720370725915
264611.0,4.410183429718018,26125.0,26125.0,8.628349304199219,153.0,8.0,0.4665399100409283,0.6776602213681718,0.9945922493934631,252.68654613968508,254.55550105098112,254.18028865421266
264890.0,4.4148335456848145,24522.0,24522.0,11.40106201171875,149.0,0.0,0.4734122342951205,0.7170896796162054,0.9949240684509277,252.77746343227568,254.63381147769746,254.33767459630715
265169.0,4.419483184814453,25212.0,25212.0,7.956273555755615,154.0,8.0,0.4652682725055494,0.6788392744064973,0.9947811961174011,252.7658091044993,254.57260091537526,254.19608291048797
265449.0,4.424149990081787,25066.0,25066.0,9.775606155395508,153.0,8.0,0.4665399100409283,0.6776602213681718,0.9948114156723022,252.78030620939285,254.5735157834813,254.21351006149447
265728.0,4.428800106048584,24698.0,24698.0,10.090210914611816,153.0,8.0,0.4665399100409283,0.6776602213681718,0.9948875904083252,252.81289401714008,254.57977709110577,254.22505669149345
266007.0,4.433450222015381,24271.0,24271.0,10.594463348388672,25.0,119.0,0.7368319150725244,0.5704096479499912,0.9949759840965271,253.603402555238,252.98811042320168,254.44964146602715
266287.0,4.438116550445557,25749.0,25749.0,10.48692512512207,155.0,8.0,0.4640011252051108,0.6800615120198459,0.9946700930595398,252.71658426410477,254.56516319626053,254.16588262709766
266566.0,4.4427666664123535,24333.0,24333.0,10.224312782287598,153.0,7.0,0.46680957430439307,0.6830850253553121,0.9949631690979004,252.83825926002444,254.59295697990476,254.24352199416512
266845.0,4.44741678237915,24686.0,24686.0,10.297149658203125,153.0,8.0,0.4665399100409283,0.6776602213681718,0.9948900938034058,252.81396497795805,254.5799828617789,254.22543615820703
267124.0,4.452066898345947,24444.0,24444.0,10.123811721801758,154.0,6.0,0.46582243457205585,0.6896722611201311,0.9949402213096619,252.81991123637988,254.59960163154767,254.2346487220137
267404.0,4.456733226776123,24877.0,24877.0,9.756611824035645,27.0,119.0,0.7365710935937132,0.5593564710169974,0.9948505759239197,253.56853564976115,252.95240412246312,254.4213895987359
267683.0,4.46138334274292,25328.0,25328.0,9.045947074890137,153.0,7.0,0.46680957430439307,0.6830850253553121,0.9947572350502014,252.74987510949174,254.57631476611098,254.2125929078478
267962.0,4.466033458709717,24641.0,24641.0,9.097979545593262,153.0,6.0,0.4670749884229333,0.6885117594540956,0.9948993921279907,252.80382872507576,254.5948612601995,254.2410426584764
268242.0,4.470699787139893,25003.0,25003.0,9.158555030822754,69.0,29.0,0.5852956719082016,0.6353546327992377,0.9948244690895081,252.8417237448245,253.66049419330582,254.51875549082462
268521.0,4.4753499031066895,24004.0,24004.0,9.83920669555664,152.0,6.0,0.46833169367405686,0.6873940448218864,0.9950312972068787,252.86203932658125,254.60392224892686,254.27294735711425
268800.0,4.480000019073486,25670.0,25670.0,10.077276229858398,27.0,120.0,0.7381447408325256,0.5589164009515154,0.9946864247322083,253.53730098633773,252.887727993674,254.40234861975222
269080.0,4.48466682434082,24781.0,24781.0,10.072480201721191,154.0,7.0,0.4655475468839855,0.6842547308690291,0.9948704242706299,252.79692439166666,254.58699198635458,254.21695866707168
269359.0,4.489316463470459,23763.0,23763.0,10.382737159729004,154.0,7.0,0.4655475468839855,0.6842547308690291,0.9950811862945557,252.88744351031724,254.60396149990615,254.2491319665515
269638.0,4.493966579437256,24881.0,24881.0,10.46307373046875,26.0,118.0,0.735146995554724,0.5653726999851553,0.9948497414588928,253.55434149030776,252.9441710998808,254.42919704415453
269918.0,4.49863338470459,23732.0,23732.0,9.326387405395508,153.0,7.0,0.46680957430439307,0.6830850253553121,0.9950875639915466,252.89164789161973,254.60300974406906,254.26220477365698
270197.0,4.503283500671387,23512.0,23512.0,10.791862487792969,155.0,7.0,0.46428990563080813,0.6854673124012746,0.995133101940155,252.90823561387222,254.60964637560684,254.24510114243301
270476.0,4.507933139801025,23961.0,23961.0,11.631000518798828,149.0,0.0,0.4734122342951205,0.7170896796162054,0.9950401782989502,252.82830304281967,254.64218788964493,254.35282501770678
270756.0,4.512599945068359,25282.0,25282.0,11.423833847045898,149.0,0.0,0.4734122342951205,0.7170896796162054,0.9947667121887207,252.7085637547417,254.62245946150585,254.31714219769572
271035.0,4.517250061035156,23211.0,23211.0,10.544374465942383,148.0,0.0,0.47462753410010466,0.7161883814821965,0.9951954483985901,252.89739351267428,254.65228517060666,254.38512959811325
271314.0,4.521900177001953,23130.0,23130.0,9.652234077453613,154.0,9.0,0.46498450734893165,0.67342594176259,0.995212197303772,252.9569315248432,254.6012891000805,254.2558211565318
271594.0,4.526566505432129,24448.0,24448.0,9.374858856201172,155.0,10.0,0.4634095738240921,0.6692567908186671,0.994939386844635,252.84589696679868,254.57319032396518,254.19397592354795
271873.0,4.531216621398926,24605.0,24605.0,12.62817668914795,26.0,119.0,0.7367027802195831,0.5648828698681801,0.9949068427085876,253.58417970266484,252.9676003772868,254.4348894040929
272152.0,4.535866737365723,25046.0,25046.0,10.48994255065918,26.0,119.0,0.7367027802195831,0.5648828698681801,0.9948155879974365,253.55881228028164,252.93118562904664,254.424764249646
272432.0,4.540533542633057,24592.0,24592.0,10.317176818847656,155.0,6.0,0.464574165959512,0.6908753342047562,0.9949095845222473,252.80514921709255,254.59873888925358,254.21750242887734
272711.0,4.545183181762695,24623.0,24623.0,12.65695858001709,148.0,0.0,0.47462753410010466,0.7161883814821965,0.9949031472206116,252.7694743218615,254.6311307606504,254.34772187358743
272990.0,4.549833297729492,24852.0,24852.0,9.757073402404785,154.0,8.0,0.4652682725055494,0.6788392744064973,0.9948557615280151,252.7977308561613,254.5787075231264,254.20756914550037
273270.0,4.554500102996826,24558.0,24558.0,9.698725700378418,156.0,10.0,0.4621278533627657,0.6705423674257128,0.9949166178703308,252.8345386695561,254.5729364443126,254.17791531167606
273549.0,4.559150218963623,25241.0,25241.0,8.993074417114258,154.0,8.0,0.4652682725055494,0.6788392744064973,0.9947752356529236,252.76325740572537,254.57211277726566,254.1951647462184
273828.0,4.563799858093262,24813.0,24813.0,9.554534912109375,155.0,10.0,0.4634095738240921,0.6692567908186671,0.9948638081550598,252.81372610539097,254.56681605368954,254.18193820369186
274108.0,4.568466663360596,24885.0,24885.0,9.277283668518066,155.0,7.0,0.46428990563080813,0.6854673124012746,0.994848906993866,252.78609028433064,254.586852282541,254.2010199971857
274387.0,4.573116779327393,24017.0,24017.0,10.683713912963867,149.0,0.0,0.4734122342951205,0.7170896796162054,0.995028555393219,252.82321386209273,254.64134938844896,254.3513084200821
274666.0,4.5777668952941895,24432.0,24432.0,9.569276809692383,154.0,6.0,0.46582243457205585,0.6896722611201311,0.9949426651000977,252.82096418363227,254.59979501741753,254.2350183741759
274946.0,4.582433223724365,24149.0,24149.0,12.10327434539795,153.0,6.0,0.4670749884229333,0.6885117594540956,0.9950012564659119,252.84768850385024,254.60295229376482,254.25619981014236
275225.0,4.587083339691162,24253.0,24253.0,9.819901466369629,79.0,8.0,0.5613615407523108,0.7152429462260396,0.994979739189148,252.80420342927258,253.9612498993881,254.63546355719288
275504.0,4.591733455657959,23865.0,23865.0,10.27333927154541,153.0,6.0,0.4670749884229333,0.6885117594540956,0.9950600266456604,252.87299320945095,254.60762037983585,254.26494466183496
275783.0,4.596383571624756,25185.0,25185.0,8.1712064743042,153.0,7.0,0.46680957430439307,0.6830850253553121,0.99478679895401,252.7625635432585,254.5787039232866,254.2170330892699
276063.0,4.601049900054932,24109.0,24109.0,9.99199104309082,152.0,4.0,0.46883142560079094,0.6982705058545758,0.9950095415115356,252.83883714227906,254.61602902860412,254.28367380342056
276342.0,4.6057000160217285,24878.0,24878.0,10.94138240814209,151.0,5.0,0.4698347132352167,0.6917651505045034,0.9948503375053406,252.7784350159422,254.5952371117815,254.26641097448638
276621.0,4.610350131988525,23354.0,23354.0,9.887908935546875,148.0,0.0,0.47462753410010466,0.7161883814821965,0.9951658248901367,252.88442943481257,254.65014125915715,254.3813384808438
276901.0,4.615016460418701,24641.0,24641.0,11.694792747497559,27.0,118.0,0.735000073824097,0.5598511363626781,0.9948993921279907,253.5682744646186,252.97117180875003,254.42751817652524
277180.0,4.619666576385498,24535.0,24535.0,12.016538619995117,152.0,6.0,0.46833169367405686,0.6873940448218864,0.9949213862419128,252.81474623410654,254.595160749269,254.25686447574907
277459.0,4.624316692352295,23783.0,23783.0,10.44395923614502,153.0,7.0,0.46680957430439307,0.6830850253553121,0.9950770139694214,252.88711996263442,254.6021571617705,254.2606202734317
277739.0,4.628983497619629,23375.0,23375.0,10.775786399841309,153.0,7.0,0.46680957430439307,0.6830850253553121,0.9951614737510681,252.92336897603667,254.60898263700807,254.27330522721223
278018.0,4.633633136749268,23596.0,23596.0,9.89080810546875,25.0,119.0,0.7368319150725244,0.5704096479499912,0.9951157569885254,253.642257222015,253.04408310122122,254.46495296292673
278297.0,4.6382832527160645,24481.0,24481.0,11.253085136413574,27.0,119.0,0.7365710935937132,0.5593564710169974,0.9949325323104858,253.59131832291266,252.98499292400507,254.4305985543427
278577.0,4.642950057983398,24077.0,24077.0,9.939988136291504,154.0,8.0,0.4652682725055494,0.6788392744064973,0.9950161576271057,252.86639707016812,254.5918433196558,254.23227694599464
278856.0,4.647600173950195,26052.0,26052.0,12.758245468139648,148.0,0.0,0.47462753410010466,0.7161883814821965,0.9946073293685913,252.6400161358901,254.60972184209146,254.3098640969109
279135.0,4.652249813079834,23198.0,23198.0,10.214807510375977,153.0,6.0,0.4670749884229333,0.6885117594540956,0.995198130607605,252.93245670121243,254.6185899086661,254.28549417641077
279415.0,4.656916618347168,22358.0,22358.0,10.18696403503418,154.0,7.0,0.4655475468839855,0.6842547308690291,0.9953719973564148,253.01234248653216,254.62737616523938,254.29352493266072
279694.0,4.661566734313965,24473.0,24473.0,12.021458625793457,153.0,6.0,0.4670749884229333,0.6885117594540956,0.9949342012405396,252.81881650202385,254.59762613065132,254.24622216495558
279973.0,4.666216850280762,24511.0,24511.0,11.267034530639648,154.0,7.0,0.4655475468839855,0.6842547308690291,0.9949263334274292,252.8209365334354,254.5914935145535,254.22549332626627
280253.0,4.6708831787109375,22645.0,22645.0,12.324731826782227,148.0,0.0,0.47462753410010466,0.7161883814821965,0.9953125715255737,252.94864987685602,254.66076160118658,254.40011862313227
280532.0,4.675533294677734,23629.0,23629.0,12.686201095581055,42.0,242.0,0.8979177423025153,0.7925159349266417,0.9951089024543762,254.74121967563374,252.76432057609813,253.97515851602245
280811.0,4.680183410644531,23778.0,23778.0,10.609621047973633,153.0,7.0,0.46680957430439307,0.6830850253553121,0.9950780272483826,252.88755484846916,254.60223904820594,254.26077245706918
281091.0,4.684850215911865,23281.0,23281.0,9.98580551147461,154.0,8.0,0.4652682725055494,0.6788392744064973,0.9951809048652649,252.9369260242799,254.6053354570052,254.25765500640568
281370.0,4.689499855041504,24083.0,24083.0,10.639854431152344,153.0,6.0,0.4670749884229333,0.6885117594540956,0.9950149059295654,252.85356556022197,254.6040364638564,254.2582308152515
281649.0,4.694149971008301,24564.0,24564.0,9.664375305175781,154.0,9.0,0.46498450734893165,0.67342594176259,0.9949153661727905,252.8302666715419,254.57657007658128,254.20968403230714
281929.0,4.698816776275635,25425.0,25425.0,9.352311134338379,154.0,9.0,0.46498450734893165,0.67342594176259,0.9947371482849121,252.75421689014212,254.56172873516306,254.18198322880676
282208.0,4.703466892242432,24246.0,24246.0,12.385087966918945,148.0,0.0,0.47462753410010466,0.7161883814821965,0.9949811697006226,252.8036191466523,254.6367774006652,254.35770692893087
282487.0,4.70811653137207,25550.0,25550.0,10.847356796264648,153.0,6.0,0.4670749884229333,0.6885117594540956,0.9947112798690796,252.7228331359522,254.5799195972784,254.21305203784573
282767.0,4.712783336639404,23961.0,23961.0,10.615263938903809,155.0,9.0,0.4637077179532019,0.6746579864589245,0.9950401782989502,252.88196871911578,254.58852221334882,254.2169138889049
283046.0,4.717433452606201,22591.0,22591.0,11.11176872253418,9.0,100.0,0.7137077179532019,0.6746579864589245,0.9953237771987915,253.45720314764534,253.00307616557117,254.6120502058125
283325.0,4.722083568572998,26134.0,26134.0,10.195877075195312,153.0,6.0,0.4670749884229333,0.6885117594540956,0.9945904016494751,252.67078654065986,254.57031830057244,254.19506566945566
283605.0,4.726749897003174,26100.0,26100.0,10.039318084716797,24.0,120.0,0.7384871562747103,0.5755094027592944,0.9945974349975586,253.512810029514,252.82949305010698,254.4151987986479
283884.0,4.731400012969971,26672.0,26672.0,11.058417320251465,19.0,108.0,0.7216982555320738,0.6113749386815163,0.9944790005683899,253.29982417794534,252.7314179692543,254.45287232062455
284163.0,4.736050128936768,26316.0,26316.0,14.029769897460938,18.0,106.0,0.7191429384367988,0.6188752183984364,0.9945526719093323,253.29261229457381,252.7512711646208,254.47059150913867
284442.0,4.740699768066406,25447.0,25447.0,10.292251586914062,159.0,4.0,0.46025328094637186,0.7068511869822774,0.9947325587272644,252.70736171087427,254.60624324003058,254.1533973760976
284722.0,4.74536657333374,25647.0,25647.0,10.456086158752441,40.0,242.0,0.8961478382387963,0.7992018317412166,0.9946911931037903,254.7281703313984,252.56433815153466,253.91265004893847
285001.0,4.750016689300537,25606.0,25606.0,10.433635711669922,26.0,119.0,0.7367027802195831,0.5648828698681801,0.9946996569633484,253.52658521526843,252.88492391426735,254.41190113704033
285280.0,4.754666805267334,24108.0,24108.0,11.011983871459961,148.0,0.0,0.47462753410010466,0.7161883814821965,0.99500972032547,252.8161137005673,254.63884366542237,254.36136074215435
285560.0,4.75933313369751,23026.0,23026.0,10.191896438598633,154.0,7.0,0.4655475468839855,0.6842547308690291,0.9952337145805359,252.95295211456687,254.61624232150643,254.27241575426896
285839.0,4.763983249664307,25443.0,25443.0,10.745705604553223,9.0,101.0,0.7149845073489317,0.67342594176259,0.9947333931922913,253.27699880580133,252.75261450344374,254.5614160246248
286118.0,4.7686333656311035,28988.0,28988.0,9.129473686218262,39.0,243.0,0.8959429031653037,0.8069765006890596,0.9939996004104614,254.70465437786066,252.23514183147466,253.77696366851737
286398.0,4.7733001708984375,38940.0,38940.0,3.8106603622436523,40.0,167.0,0.8174882676962721,0.5324242540615112,0.9919396042823792,253.83086471085096,251.85025379677097,254.0389443872424
286677.0,4.777949810028076,52253.0,52253.0,3.282850742340088,39.0,166.0,0.8153066700038917,0.5352474302702619,0.9891838431358337,253.39880853800761,250.76560335706662,253.71815664220858
286956.0,4.782599925994873,57916.0,57916.0,2.881309986114502,39.0,165.0,0.813788258499596,0.5330593298451384,0.9880116581916809,253.19034727097835,250.31339598905285,253.5725496887044
287236.0,4.787266731262207,59740.0,59740.0,2.5758140087127686,39.0,165.0,0.813788258499596,0.5330593298451384,0.9876340627670288,253.13334884687492,250.1657825609421,253.5275894502426
287515.0,4.791916847229004,51812.0,51812.0,3.213101863861084,39.0,165.0,0.813788258499596,0.5330593298451384,0.9892751574516296,253.38107380517647,250.80733591787566,253.72299438245545
287794.0,4.796566486358643,40949.0,40949.0,3.834636688232422,40.0,167.0,0.8174882676962721,0.5324242540615112,0.9915237426757812,253.7705452803033,251.68774831163867,253.98936045300977
288074.0,4.801233291625977,33658.0,33658.0,7.395407199859619,41.0,168.0,0.8196927051914684,0.5297021716200461,0.9930329322814941,254.01042636722977,252.2823276522003,254.1644678113617
288353.0,4.805883407592773,28768.0,28768.0,10.853584289550781,41.0,242.0,0.8970290730545322,0.7958465807456754,0.9940451383590698,254.6899951318785,252.2730254312471,253.76629109408586
288632.0,4.81053352355957,27401.0,27401.0,12.170995712280273,9.0,101.0,0.7149845073489317,0.67342594176259,0.9943280816078186,253.14439875237665,252.5796584788556,254.52766314113188
288912.0,4.815199851989746,27073.0,27073.0,10.437728881835938,154.0,9.0,0.46498450734893165,0.67342594176259,0.9943960309028625,252.60865404768361,254.53332171277629,254.12896259387946
289191.0,4.819849967956543,25826.0,25826.0,11.3837890625,23.0,109.0,0.722113181146799,0.5885620007766131,0.99465411901474,253.36830800416797,252.83447283456616,254.43912786295124
289470.0,4.82450008392334,24794.0,24794.0,11.734214782714844,10.0,102.0,0.7159874225826393,0.6668165921383045,0.994867742061615,253.33508904814707,252.81859416485742,254.56395428656623
289750.0,4.829166889190674,23474.0,23474.0,11.08488655090332,153.0,6.0,0.4670749884229333,0.6885117594540956,0.9951409697532654,252.90784492365557,254.61404965050977,254.27698878820263
290029.0,4.8338165283203125,24147.0,24147.0,10.263648986816406,25.0,119.0,0.7368319150725244,0.5704096479499912,0.9950016736984253,253.61054386073093,252.99839793886323,254.45245564733366
290308.0,4.838466644287109,24948.0,24948.0,10.816636085510254,27.0,119.0,0.7365710935937132,0.5593564710169974,0.9948358535766602,253.5644430532023,252.94654998865886,254.41973533543782
290588.0,4.843133449554443,23810.0,23810.0,11.159085273742676,153.0,6.0,0.4670749884229333,0.6885117594540956,0.9950714111328125,252.877895033761,254.60852464397337,254.26663864426223
290867.0,4.84778356552124,23305.0,23305.0,11.345329284667969,153.0,6.0,0.4670749884229333,0.6885117594540956,0.9951759576797485,252.92290969260853,254.61682872406323,254.2821949017357
291146.0,4.852433204650879,23758.0,23758.0,9.747148513793945,153.0,6.0,0.4670749884229333,0.6885117594540956,0.9950821995735168,252.88254021805486,254.60938156443873,254.26824393651006
291426.0,4.857100009918213,24128.0,24128.0,9.718429565429688,153.0,7.0,0.46680957430439307,0.6830850253553121,0.9950056076049805,252.85647330204446,254.59638657649558,254.24989580298075
291705.0,4.86175012588501,22616.0,22616.0,10.205652236938477,25.0,119.0,0.7368319150725244,0.5704096479499912,0.995318591594696,253.69864205401592,253.1253091239507,254.48717258934428
291984.0,4.866399765014648,23075.0,23075.0,11.049507141113281,28.0,118.0,0.7348502253094688,0.5543300593388915,0.9952235817909241,253.6592698927607,253.10684674842324,254.45717996494804
292264.0,4.871066570281982,22961.0,22961.0,10.567167282104492,29.0,119.0,0.7362997571437087,0.5483048568732015,0.9952471852302551,253.67878192470192,253.1235044210872,254.4525600463429
292543.0,4.875716686248779,23228.0,23228.0,10.794105529785156,26.0,119.0,0.7367027802195831,0.5648828698681801,0.9951919317245483,253.66343011498276,253.08136376124025,254.4665214182794
292822.0,4.880366802215576,24967.0,24967.0,12.010483741760254,10.0,102.0,0.7159874225826393,0.6668165921383045,0.994831919670105,253.32346821913524,252.80336827893998,254.56091075281356
293101.0,4.885016441345215,25315.0,25315.0,11.76467514038086,153.0,6.0,0.4670749884229333,0.6885117594540956,0.9947599172592163,252.74377496127693,254.5837828409234,254.22028915648787
293381.0,4.889683246612549,23287.0,23287.0,10.799070358276367,152.0,6.0,0.46833169367405686,0.6873940448218864,0.9951797127723694,252.92590038963007,254.6157531242783,254.29466447999886
293660.0,4.894333362579346,22964.0,22964.0,10.527584075927734,148.0,0.0,0.47462753410010466,0.7161883814821965,0.9952465295791626,252.91974806947007,254.65598201590285,254.39166679630222
293939.0,4.898983478546143,23197.0,23197.0,10.459783554077148,27.0,119.0,0.7365710935937132,0.5593564710169974,0.9951983094215393,253.6652004607909,253.09067544478725,254.4604623601978
294219.0,4.903649806976318,23258.0,23258.0,9.821170806884766,28.0,120.0,0.7380260393754986,0.5533859982441479,0.9951856732368469,253.67473023152579,253.09298051486226,254.45171283592967
294498.0,4.908299922943115,23734.0,23734.0,9.42611312866211,153.0,8.0,0.4665399100409283,0.6776602213681718,0.9950871467590332,252.89826489377364,254.5961799533333,254.25530560951893
294777.0,4.912950038909912,23229.0,23229.0,10.874191284179688,154.0,7.0,0.4655475468839855,0.6842547308690291,0.9951916933059692,252.93490460929294,254.61285897675137,254.26600111169734
295057.0,4.917616844177246,23087.0,23087.0,11.204629898071289,27.0,118.0,0.735000073824097,0.5598511363626781,0.9952210783958435,253.65857084803474,253.09912639481794,254.46362358706224
295336.0,4.922266483306885,23862.0,23862.0,10.41299819946289,154.0,6.0,0.46582243457205585,0.6896722611201311,0.9950606822967529,252.87181383143076,254.60913413991324,254.2528698688385
295615.0,4.926916599273682,23896.0,23896.0,9.466290473937988,154.0,8.0,0.4652682725055494,0.6788392744064973,0.9950536489486694,252.8824472554562,254.5949137083652,254.23805219925026
295895.0,4.931583404541016,23486.0,23486.0,11.926518440246582,154.0,6.0,0.46582243457205585,0.6896722611201311,0.9951385259628296,252.90535405366558,254.61529418737751,254.26464464259067
296174.0,4.9362335205078125,23599.0,23599.0,10.385329246520996,153.0,6.0,0.4670749884229333,0.6885117594540956,0.9951151013374329,252.896706746951,254.61199493513976,254.27313963441503
296453.0,4.940883159637451,22438.0,22438.0,11.249126434326172,26.0,119.0,0.7367027802195831,0.5648828698681801,0.9953554272651672,253.70887938970324,253.1466058607979,254.48466204443739
296733.0,4.945549964904785,23339.0,23339.0,12.929731369018555,10.0,102.0,0.7159874225826393,0.6668165921383045,0.995168924331665,253.43279295662754,252.94660814412663,254.58954326502254
297012.0,4.950200080871582,23730.0,23730.0,12.159997940063477,10.0,102.0,0.7159874225826393,0.6668165921383045,0.9950879812240601,253.40653491037455,252.91220422885894,254.5826661954117
297291.0,4.954850196838379,25243.0,25243.0,13.00694465637207,13.0,108.0,0.7231525930215434,0.6441527134036721,0.9947748184204102,253.3910666863697,252.80929589961207,254.5258614947971
297571.0,4.959516525268555,28053.0,28053.0,13.407194137573242,42.0,242.0,0.8979177423025153,0.7925159349266417,0.9941931366920471,254.69276794086286,252.34573177208117,253.78327627812251
297850.0,4.964166641235352,28037.0,28037.0,12.064752578735352,9.0,103.0,0.7175517367016916,0.6710925749379666,0.9941964745521545,253.13338940088946,252.52695178748868,254.51325023411013
298129.0,4.968816757202148,30891.0,30891.0,12.570514678955078,10.0,106.0,0.7211966677229362,0.6624665849407155,0.9936056733131409,252.99609084634062,252.28925961522498,254.44963377447687
298409.0,4.973483562469482,29607.0,29607.0,12.516237258911133,9.0,102.0,0.7162658943067582,0.6722373942193719,0.9938714504241943,253.01194373673732,252.3866606078877,254.4877791084514
298688.0,4.978133201599121,27238.0,27238.0,12.72132682800293,9.0,101.0,0.7149845073489317,0.67342594176259,0.9943618774414062,253.15545525683132,252.5940799591411,254.53047753597608
298967.0,4.982783317565918,26265.0,26265.0,12.416204452514648,9.0,101.0,0.7149845073489317,0.67342594176259,0.9945632815361023,253.2213457833787,252.68002384253572,254.54724974087645
299247.0,4.987450122833252,24927.0,24927.0,12.217615127563477,10.0,101.0,0.7146961440659562,0.6680147845691156,0.9948402047157288,253.31189298038404,252.80531322102382,254.56319118399784
299526.0,4.992099761962891,24042.0,24042.0,12.191191673278809,11.0,103.0,0.7170103766562232,0.6602342506012931,0.9950234293937683,253.39928860010437,252.89312039239465,254.5688285984272
299805.0,4.9967498779296875,24508.0,24508.0,9.326963424682617,28.0,120.0,0.7380260393754986,0.5533859982441479,0.994926929473877,253.60350422138666,252.99048863553696,254.42224539614028
300085.0,5.0014166831970215,24772.0,24772.0,10.410907745361328,25.0,120.0,0.7383752329857821,0.5699781119117111,0.9948723316192627,253.5884803684765,252.94716658366067,254.4377225421633
300364.0,5.006066799163818,24515.0,24515.0,12.488414764404297,42.0,242.0,0.8979177423025153,0.7925159349266417,0.9949254989624023,254.73151608360757,252.68048838721762,253.93672961430298
300643.0,5.010716438293457,24125.0,24125.0,11.363375663757324,26.0,119.0,0.7367027802195831,0.5648828698681801,0.9950062036514282,253.61180053422117,253.00724987782002,254.44591398440838
300923.0,5.015383243560791,25352.0,25352.0,10.742144584655762,153.0,6.0,0.4670749884229333,0.6885117594540956,0.9947522282600403,252.7404643050675,254.58317210755305,254.21914505317312
301202.0,5.020033359527588,21796.0,21796.0,10.449119567871094,26.0,119.0,0.7367027802195831,0.5648828698681801,0.9954883456230164,253.74582867246906,253.19964628442662,254.49940998331172
301481.0,5.024683475494385,22124.0,22124.0,11.292284965515137,25.0,119.0,0.7368319150725244,0.5704096479499912,0.9954204559326172,253.72695873867343,253.1661011524093,254.49833137322545
301760.0,5.029333114624023,22242.0,22242.0,12.519360542297363,27.0,119.0,0.7365710935937132,0.5593564710169974,0.9953960180282593,253.72016055304076,253.16929148457973,254.4826777098325
302040.0,5.033999919891357,24326.0,24326.0,12.26722526550293,148.0,0.0,0.47462753410010466,0.7161883814821965,0.994964599609375,252.7963676101421,254.63557819063914,254.35558634422082
302319.0,5.038650035858154,23263.0,23263.0,11.44575023651123,148.0,0.0,0.47462753410010466,0.7161883814821965,0.9951846599578857,252.89267218854357,254.65150438997816,254.38374892965095
302598.0,5.043300151824951,23630.0,23630.0,12.21723747253418,153.0,6.0,0.4670749884229333,0.6885117594540956,0.9951086640357971,252.89393503477567,254.61148362348086,254.2721817804771
302878.0,5.047966480255127,22827.0,22827.0,12.82708740234375,12.0,103.0,0.7167329654327685,0.6548080242598897,0.9952749013900757,253.48013624041943,253.0061215707439,254.5840781381947
303157.0,5.052616596221924,23147.0,23147.0,13.624895095825195,148.0,0.0,0.47462753410010466,0.7161883814821965,0.9952086806297302,252.90318430801696,254.65324281314545,254.3868230146803
303436.0,5.057266712188721,25066.0,25066.0,11.647786140441895,27.0,119.0,0.7365710935937132,0.5593564710169974,0.9948114156723022,253.55764967429894,252.93683260056272,254.41698939231142
303716.0,5.061933517456055,23508.0,23508.0,9.953519821166992,153.0,6.0,0.4670749884229333,0.6885117594540956,0.9951339364051819,252.90481657146398,254.61349099517878,254.2759422440853
303995.0,5.066583156585693,22943.0,22943.0,11.520088195800781,12.0,103.0,0.7167329654327685,0.6548080242598897,0.9952508807182312,253.47240980936877,252.99598542261222,254.5819637436857
304274.0,5.07123327255249,23314.0,23314.0,11.298812866210938,149.0,0.0,0.4734122342951205,0.7170896796162054,0.9951741099357605,252.88694606381165,254.6518500034262,254.37030088879766
304554.0,5.075900077819824,23082.0,23082.0,10.103242874145508,154.0,8.0,0.4652682725055494,0.6788392744064973,0.9952221512794495,252.95458377979557,254.60871337272366,254.26400870315118
304833.0,5.080550193786621,23698.0,23698.0,13.825035095214844,10.0,102.0,0.7159874225826393,0.6668165921383045,0.9950945973396301,253.40868118661464,252.91501633091693,254.58322831229444
305112.0,5.08519983291626,21866.0,21866.0,12.404683113098145,149.0,0.0,0.4734122342951205,0.7170896796162054,0.9954738616943359,253.0181947298413,254.67347473427003,254.40941355266767
305392.0,5.089866638183594,22629.0,22629.0,10.708366394042969,40.0,242.0,0.8961478382387963,0.7992018317412166,0.9953159093856812,254.7601580120951,252.85095577460228,254.04060445222004
305671.0,5.094516754150391,23252.0,23252.0,12.234014511108398,26.0,119.0,0.7367027802195831,0.5648828698681801,0.9951869249343872,253.66203830343463,253.0793658260004,254.46596589053706
305950.0,5.0991668701171875,23473.0,23473.0,10.634068489074707,27.0,120.0,0.7381447408325256,0.5589164009515154,0.9951412081718445,253.66249188983696,253.06851518122116,254.45350098641953
306230.0,5.103833198547363,23900.0,23900.0,10.725417137145996,152.0,6.0,0.46833169367405686,0.6873940448218864,0.9950528144836426,252.8712978983727,254.60563748828503,254.27609590384571
306509.0,5.10848331451416,22623.0,22623.0,10.006036758422852,154.0,8.0,0.4652682725055494,0.6788392744064973,0.9953171610832214,252.9952578582522,254.61649429419074,254.27864424160816
306788.0,5.113133430480957,23118.0,23118.0,9.50326919555664,153.0,7.0,0.46680957430439307,0.6830850253553121,0.9952147006988525,252.94621327312083,254.61328408329396,254.28129934416776
307068.0,5.117800235748291,23889.0,23889.0,10.112916946411133,156.0,10.0,0.4621278533627657,0.6705423674257128,0.995055079460144,252.89352168732736,254.5845688373461,254.20030732353018
307347.0,5.12244987487793,22003.0,22003.0,11.395233154296875,148.0,0.0,0.47462753410010466,0.7161883814821965,0.9954454898834229,253.00681867691972,254.67038116362593,254.41712906882813
307626.0,5.127099990844727,23948.0,23948.0,13.723838806152344,44.0,242.0,0.8997175362901739,0.7859297077823046,0.9950428605079651,254.72940004359594,252.74245881546625,253.93799098508708
307906.0,5.1317667961120605,22397.0,22397.0,12.944352149963379,26.0,119.0,0.7367027802195831,0.5648828698681801,0.9953638911247253,253.711232213987,253.14998332275096,254.48560115085897
308185.0,5.136416435241699,24191.0,24191.0,11.58020305633545,153.0,6.0,0.4670749884229333,0.6885117594540956,0.9949925541877747,252.8439415596132,254.60226107615188,254.25490493352257
308464.0,5.141066551208496,23776.0,23776.0,12.611040115356445,25.0,120.0,0.7383752329857821,0.5699781119117111,0.995078444480896,253.64521811532413,253.02968271740434,254.46032396785262
308744.0,5.14573335647583,24694.0,24694.0,9.732423782348633,28.0,119.0,0.7364367789893527,0.5538304627489047,0.994888424873352,253.57905429838974,252.97465710817417,254.41843957723538
309023.0,5.150383472442627,23852.0,23852.0,11.355785369873047,148.0,0.0,0.47462753410010466,0.7161883814821965,0.9950627088546753,252.83930296660168,254.64267854928272,254.36814203642507
309302.0,5.155033111572266,22775.0,22775.0,9.861241340637207,152.0,6.0,0.46833169367405686,0.6873940448218864,0.99528568983078,252.9715007792288,254.62420103446902,254.31017172678156
309581.0,5.1596832275390625,21695.0,21695.0,10.604958534240723,152.0,6.0,0.46833169367405686,0.6873940448218864,0.9955092072486877,253.0676770790011,254.64201861782965,254.34287823714996
309861.0,5.1643500328063965,23988.0,23988.0,11.165445327758789,152.0,5.0,0.4685835209054995,0.6928314215597469,0.9950345754623413,252.8565651969232,254.61106828887085,254.28034643061437
310140.0,5.169000148773193,24034.0,24034.0,9.26237678527832,153.0,7.0,0.46680957430439307,0.6830850253553121,0.9950250387191772,252.86481287746378,254.59795686931662,254.25281414802834
310419.0,5.173649787902832,23693.0,23693.0,10.316915512084961,148.0,0.0,0.47462753410010466,0.7161883814821965,0.9950956702232361,252.85372778563095,254.64506402821945,254.3723603218375
310699.0,5.178316593170166,25002.0,25002.0,10.839214324951172,26.0,119.0,0.7367027802195831,0.5648828698681801,0.9948247075080872,253.56134736560148,252.9348247253763,254.42577610374815
310978.0,5.182966709136963,26701.0,26701.0,10.882160186767578,20.0,108.0,0.7214405738085206,0.6059172526277088,0.9944729804992676,253.29794204101282,252.73663632718183,254.44458372744464
311257.0,5.18761682510376,31076.0,31076.0,12.011699676513672,20.0,107.0,0.7200096023004879,0.6069316378900472,0.9935674071311951,253.0014031033325,252.3641320663901,254.35524557051937
311537.0,5.1922831535339355,33033.0,33033.0,9.960538864135742,20.0,108.0,0.7214405738085206,0.6059172526277088,0.9931623339653015,252.89432552323856,252.19991490752864,254.31287541477514
311816.0,5.196933269500732,34996.0,34996.0,11.512260437011719,20.0,108.0,0.7214405738085206,0.6059172526277088,0.9927559494972229,252.76917852163848,252.03349685126437,254.2720373923193
312095.0,5.201583385467529,34772.0,34772.0,11.351737976074219,19.0,106.0,0.7188657102252042,0.6134341224041879,0.9928023219108582,252.74394223671248,252.0386902450689,254.29049392946877
312375.0,5.206250190734863,29721.0,29721.0,12.95620346069336,20.0,107.0,0.7200096023004879,0.6069316378900472,0.9938479065895081,253.08855386171797,252.4790716471535,254.38336071349562
312654.0,5.210899829864502,28812.0,28812.0,11.156088829040527,21.0,108.0,0.7211782085554138,0.6004611837729338,0.9940360188484192,253.16334737561124,252.56599431486606,254.39237529782773
312933.0,5.215549945831299,27747.0,27747.0,12.201028823852539,19.0,107.0,0.720279601738044,0.6123802835557431,0.9942564964294434,253.2155361211772,252.63851846149709,254.43229471751903
313213.0,5.220216751098633,24917.0,24917.0,12.999253273010254,10.0,101.0,0.7146961440659562,0.6680147845691156,0.9948422908782959,253.3125755008097,252.8062005572751,254.5633677906558
313492.0,5.22486686706543,24834.0,24834.0,12.149467468261719,17.0,106.0,0.7194153335916568,0.6243181594088288,0.9948594570159912,253.3888028938702,252.87078128387247,254.50754179428304
313771.0,5.229516506195068,25054.0,25054.0,13.072189331054688,26.0,119.0,0.7367027802195831,0.5648828698681801,0.9948139190673828,253.55834834309894,252.93051965063336,254.42457907373188
314051.0,5.234183311462402,24460.0,24460.0,7.493167877197266,79.0,9.0,0.5618289901887671,0.7101071825352823,0.9949368834495544,252.79208964537278,253.94549149563045,254.62572091389998
314330.0,5.238833427429199,25484.0,25484.0,13.516998291015625,43.0,242.0,0.8988138843433651,0.7892102058024302,0.9947249293327332,254.71645757961565,252.59325638007826,253.88228727291042
314609.0,5.243483543395996,24730.0,24730.0,10.874686241149902,78.0,10.0,0.5634570920212915,0.707112218357348,0.9948809742927551,252.7716184106146,253.91480485699017,254.61767847869052
314889.0,5.248149871826172,23795.0,23795.0,12.650671005249023,26.0,119.0,0.7367027802195831,0.5648828698681801,0.9950745105743408,253.6307888203421,253.03450742287765,254.45349297003617
315168.0,5.252799987792969,25178.0,25178.0,12.36466121673584,52.0,242.0,0.9072210978364342,0.7606326915819934,0.9947882890701294,254.68188412952838,252.6601432962376,253.78559266606942
315447.0,5.257450103759766,24622.0,24622.0,12.502928733825684,11.0,103.0,0.7170103766562232,0.6602342506012931,0.9949033260345459,253.360657415804,252.84227346619335,254.55842281142506
315727.0,5.262116432189941,25758.0,25758.0,12.325809478759766,41.0,242.0,0.8970290730545322,0.7958465807456754,0.994668185710907,254.72243042992343,252.55834428263913,253.8953720220934
316006.0,5.266766548156738,30229.0,30229.0,8.529129981994629,43.0,171.0,0.8256641335418403,0.527082749223523,0.9937427043914795,254.16800903989383,252.56337091395625,254.2454083256983
316285.0,5.271416664123535,35235.0,35235.0,4.567705154418945,41.0,170.0,0.8226840196870588,0.5344998776285443,0.9927064776420593,254.00720409459208,252.14606316273606,254.1342404347142
316565.0,5.276083469390869,40549.0,40549.0,3.095867872238159,39.0,169.0,0.819786466126102,0.5420992416991806,0.9916065335273743,253.83132262307436,251.69939263792077,254.0199394610401
316844.0,5.280733108520508,43595.0,43595.0,3.4356131553649902,40.0,169.0,0.8204842146811684,0.5370831269690887,0.9909760355949402,253.74421609135985,251.46300122652633,253.93477692689316
317123.0,5.285383224487305,41257.0,41257.0,3.778162956237793,40.0,168.0,0.818992766692261,0.5347300051361675,0.9914599657058716,253.78638475850755,251.65780504659682,253.9867774633977
317403.0,5.290050029754639,34247.0,34247.0,5.790801525115967,41.0,170.0,0.8226840196870588,0.5344998776285443,0.9929110407829285,254.035049275382,252.22610820196695,254.15852259732657
317682.0,5.2947001457214355,31638.0,31638.0,6.890397071838379,42.0,170.0,0.8234190813026726,0.5295279465835537,0.9934510588645935,254.10911488045645,252.44571893578063,254.21432108516206
317961.0,5.299349784851074,27957.0,27957.0,12.084673881530762,10.0,101.0,0.7146961440659562,0.6680147845691156,0.9942130446434021,253.10670783985245,252.5385545914261,254.51009817670896
318241.0,5.304016590118408,25855.0,25855.0,11.068286895751953,43.0,243.0,0.8994742582944024,0.7936793755494883,0.9946480989456177,254.71842707027798,252.55210339198703,253.8587311591946
318520.0,5.308666706085205,24358.0,24358.0,10.87200927734375,41.0,240.0,0.8956769900253251,0.7870247264417791,0.9949579834938049,254.72617466460355,252.70239691723697,253.96915643398725
318799.0,5.313316822052002,23847.0,23847.0,12.590991020202637,11.0,103.0,0.7170103766562232,0.6602342506012931,0.9950637817382812,253.41226791115716,252.91020395023003,254.5723247362934
319078.0,5.317966461181641,23937.0,23937.0,13.139031410217285,12.0,103.0,0.7167329654327685,0.6548080242598897,0.9950451254844666,253.40622707987268,252.90916164258607,254.56385235449187
319358.0,5.322633266448975,24474.0,24474.0,12.170629501342773,10.0,102.0,0.7159874225826393,0.6668165921383045,0.9949339628219604,253.35657114637024,252.84674051968983,254.56958051951
319637.0,5.3272833824157715,24416.0,24416.0,10.926837921142578,26.0,118.0,0.735146995554724,0.5653726999851553,0.9949460029602051,253.58136173743074,252.98259580706534,254.43986570263925
319916.0,5.331933498382568,24246.0,24246.0,10.50053596496582,26.0,120.0,0.7382611161723377,0.5644471084650159,0.9949811697006226,253.61843900079515,252.99781788981687,254.44257865750063
320196.0,5.336599826812744,23788.0,23788.0,10.952207565307617,26.0,118.0,0.735146995554724,0.5653726999851553,0.9950760006904602,253.6178516191491,253.03448700605568,254.45427334607902
320475.0,5.341249942779541,23765.0,23765.0,12.357072830200195,158.0,0.0,0.4626299019265129,0.7270571313726949,0.9950807690620422,252.83357281757142,254.65761940407012,254.24863060510174
320754.0,5.345900058746338,24320.0,24320.0,11.5377197265625,157.0,0.0,0.4638126882207993,0.7257869027613514,0.9949658513069153,252.78459369032493,254.64799047620187,254.24340255344853
321034.0,5.350566864013672,24499.0,24499.0,11.8934326171875,9.0,102.0,0.7162658943067582,0.6722373942193719,0.9949288368225098,253.3549520824899,252.8375518821152,254.57615489736477
321313.0,5.3552165031433105,23223.0,23223.0,12.73844051361084,41.0,242.0,0.8970290730545322,0.7958465807456754,0.9951929450035095,254.7497489379103,252.79865301387954,254.00408994902136
321592.0,5.359866619110107,24412.0,24412.0,11.949838638305664,25.0,118.0,0.7352910751760635,0.5708947360875085,0.9949468374252319,253.58159960968146,252.97581344522914,254.44707364163915
321872.0,5.364533424377441,22768.0,22768.0,10.488067626953125,27.0,119.0,0.7365710935937132,0.5593564710169974,0.9952871203422546,253.68988859387872,253.12598985518545,254.4704415193644
322151.0,5.369183540344238,23833.0,23833.0,11.528264045715332,153.0,5.0,0.4673362506479485,0.6939403783831004,0.9950666427612305,252.86901267792624,254.6149751303013,254.27279705076648
322430.0,5.373833179473877,23268.0,23268.0,12.721796989440918,24.0,121.0,0.7400178717003745,0.5751351745897352,0.9951836466789246,253.687217731426,253.06546608003416,254.47819372621737
322710.0,5.378499984741211,24697.0,24697.0,12.187946319580078,27.0,119.0,0.7365710935937132,0.5593564710169974,0.9948878288269043,253.57889141028454,252.9672172140731,254.4255754876481
322989.0,5.383150100708008,24855.0,24855.0,14.01761245727539,42.0,240.0,0.896569905606737,0.7836565874532183,0.9948551058769226,254.71616869229646,252.65993530493407,253.9359937850309
323268.0,5.387800216674805,30271.0,30271.0,5.9393815994262695,44.0,227.0,0.8888798907349205,0.720384791875851,0.9937340617179871,254.5532268326114,252.25114464356201,253.78599038986818
323548.0,5.3924665451049805,38515.0,38515.0,3.616769790649414,43.0,226.0,0.8871521174470984,0.7197440700249114,0.9920275807380676,254.43024896752692,251.50381720888757,253.48526697327566
323827.0,5.397116661071777,46936.0,46936.0,2.4616527557373047,43.0,225.0,0.8863489354999302,0.7155439020354376,0.9902844429016113,254.29526938725135,250.74979649257043,253.1674771043902
324106.0,5.401766777038574,52740.0,52740.0,2.0297069549560547,43.0,224.0,0.8855362896713573,0.7113621721360889,0.9890830516815186,254.19648371636498,250.23587264120948,252.95595007419556
324386.0,5.40643310546875,52676.0,52676.0,1.9367284774780273,43.0,223.0,0.884714054831384,0.7071992074049915,0.9890962839126587,254.18588273828584,250.2532220571701,252.97350507906938
324665.0,5.411083221435547,46883.0,46883.0,2.5364325046539307,43.0,224.0,0.8855362896713573,0.7113621721360889,0.99029541015625,254.2857165081334,250.7649426715541,253.18294769093134
324944.0,5.415733337402344,39606.0,39606.0,3.6555025577545166,44.0,225.0,0.8872858650793065,0.7119240355348065,0.9918017387390137,254.3977608849774,251.42112587191957,253.43417891474834
325224.0,5.420400142669678,34621.0,34621.0,5.635879039764404,44.0,227.0,0.8888798907349205,0.720384791875851,0.9928336143493652,254.48902324412396,251.8561200740523,253.61153100170873
325503.0,5.425049781799316,31709.0,31709.0,10.156188011169434,159.0,0.0,0.46145130610220003,0.7283673737488991,0.9934363961219788,252.10719870676917,254.54536331544,253.98143494840738
325782.0,5.429699897766113,27793.0,27793.0,14.047191619873047,148.0,0.0,0.47462753410010466,0.7161883814821965,0.9942469596862793,252.48230825912543,254.583641180877,254.2637451934682
326062.0,5.434366703033447,27609.0,27609.0,13.444326400756836,11.0,101.0,0.7144030719219189,0.662605856123391,0.9942850470542908,253.13020796689648,252.57706287007352,254.50831112761477
326341.0,5.439016819000244,25977.0,25977.0,12.711999893188477,12.0,101.0,0.7141051766636447,0.6571992114550208,0.9946228861808777,253.24068604826022,252.72770806085686,254.52996389139076
326620.0,5.443666458129883,24764.0,24764.0,11.625582695007324,148.0,0.0,0.47462753410010466,0.7161883814821965,0.9948739409446716,252.75669283664575,254.62901704513678,254.34398415233588
326900.0,5.448333263397217,25262.0,25262.0,11.121574401855469,41.0,241.0,0.8963567993608413,0.7914285139269815,0.994770884513855,254.7218856811129,252.61126542095315,253.923774055534
327179.0,5.452983379364014,25284.0,25284.0,12.641619682312012,41.0,242.0,0.8970290730545322,0.7958465807456754,0.9947662949562073,254.727537911085,252.60327251658072,253.91569797708243
327458.0,5.4576334953308105,23982.0,23982.0,12.659687995910645,41.0,240.0,0.8956769900253251,0.7870247264417791,0.9950358271598816,254.73040225250332,252.7378695990363,253.98507162233133
327737.0,5.462283134460449,23557.0,23557.0,12.846649169921875,158.0,0.0,0.4626299019265129,0.7270571313726949,0.9951238036155701,252.85252521637565,254.66061462756508,254.2552037558344
328017.0,5.466949939727783,22527.0,22527.0,12.543717384338379,148.0,0.0,0.47462753410010466,0.7161883814821965,0.9953370094299316,252.95934458897534,254.6625302202898,254.4032461041795
328296.0,5.47160005569458,22792.0,22792.0,11.192071914672852,158.0,0.0,0.4626299019265129,0.7270571313726949,0.9952821731567383,252.92227109396967,254.67163721596685,254.27939331469403
328575.0,5.476250171661377,22768.0,22768.0,10.97287368774414,148.0,0.0,0.47462753410010466,0.7161883814821965,0.9952871203422546,252.93751172545367,254.6589196490962,254.3968614660416
328855.0,5.480916500091553,22464.0,22464.0,13.207642555236816,10.0,102.0,0.7159874225826393,0.6668165921383045,0.9953500628471375,253.49155451963412,253.02359893830814,254.60493311373196
329134.0,5.48556661605835,21190.0,21190.0,12.244688034057617,148.0,0.0,0.47462753410010466,0.7161883814821965,0.9956137537956238,253.08045568256094,254.6825587532072,254.43866292003867
329413.0,5.4902167320251465,24437.0,24437.0,11.600019454956055,26.0,118.0,0.735146995554724,0.5653726999851553,0.9949416518211365,253.58014038879918,252.9808589627158,254.4393834660638
329693.0,5.4948835372924805,23682.0,23682.0,13.281181335449219,43.0,240.0,0.8974705011498694,0.7803133273813083,0.9950979351997375,254.72538583224264,252.7745611196235,253.97466360039925
329972.0,5.499533176422119,22466.0,22466.0,10.500426292419434,155.0,9.0,0.4637077179532019,0.6746579864589245,0.995349645614624,253.01412295660975,254.6141963068485,254.2657744269139
330251.0,5.504183292388916,22298.0,22298.0,13.223150253295898,148.0,0.0,0.47462753410010466,0.7161883814821965,0.9953843951225281,252.98008189662139,254.66595961586793,254.40931036621006
330531.0,5.50885009765625,23629.0,23629.0,11.845706939697266,147.0,0.0,0.47584582534048675,0.7153289465204828,0.9951089024543762,252.86059049393273,254.64494975779914,254.38635140591066
330810.0,5.513500213623047,22824.0,22824.0,12.755846977233887,11.0,101.0,0.7144030719219189,0.662605856123391,0.9952755570411682,253.45427847102255,252.99700393477997,254.59353015621582
331089.0,5.5181498527526855,24204.0,24204.0,12.288520812988281,42.0,242.0,0.8979177423025153,0.7925159349266417,0.9949898719787598,254.73492195926187,252.7099127499056,253.95021782160134
331369.0,5.5228166580200195,23479.0,23479.0,12.323527336120605,148.0,0.0,0.47462753410010466,0.7161883814821965,0.9951399564743042,252.8731086907643,254.64826911113084,254.37802792773527
331648.0,5.527466773986816,23484.0,23484.0,10.081229209899902,153.0,7.0,0.46680957430439307,0.6830850253553121,0.9951388835906982,252.91367358007375,254.60715705118236,254.2699124272949
331927.0,5.532116889953613,23190.0,23190.0,10.720419883728027,26.0,119.0,0.7367027802195831,0.5648828698681801,0.9951997399330139,253.66560067823045,253.08447958881663,254.46738777702046
332207.0,5.536783218383789,23864.0,23864.0,12.065923690795898,27.0,119.0,0.7365710935937132,0.5593564710169974,0.9950602650642395,253.62682615459534,253.03578405251733,254.44495113024482
332486.0,5.541433334350586,22461.0,22461.0,10.490208625793457,153.0,6.0,0.4670749884229333,0.6885117594540956,0.9953506588935852,252.99813088136682,254.63070515436164,254.308189993329
332765.0,5.546083450317383,23534.0,23534.0,12.145264625549316,153.0,5.0,0.4673362506479485,0.6939403783831004,0.9951285719871521,252.89576330410586,254.61980840934172,254.28192574620738
333045.0,5.550749778747559,22277.0,22277.0,10.259458541870117,154.0,7.0,0.4655475468839855,0.6842547308690291,0.9953887462615967,253.0195358893435,254.6287247040708,254.29608169090557
333324.0,5.5553998947143555,23716.0,23716.0,13.54404354095459,9.0,102.0,0.7162658943067582,0.6722373942193719,0.995090901851654,253.40752478215737,252.90665973863295,254.5897002057106
333603.0,5.560050010681152,22686.0,22686.0,11.741289138793945,154.0,7.0,0.4655475468839855,0.6842547308690291,0.9953041076660156,252.983184885813,254.62191002385498,254.28316141792442
333883.0,5.564716815948486,22642.0,22642.0,14.662370681762695,11.0,103.0,0.7170103766562232,0.6602342506012931,0.9953132271766663,253.49250190931943,253.0158091046481,254.5939367554517
334162.0,5.569366455078125,24264.0,24264.0,14.422723770141602,11.0,101.0,0.7144030719219189,0.662605856123391,0.9949774742126465,253.3567531014754,252.8706273994209,254.5678844490288
334441.0,5.574016571044922,24552.0,24552.0,12.79574203491211,11.0,105.0,0.7196357696599682,0.6580410853230118,0.9949178695678711,253.3933272151238,252.8512728303528,254.55684064926146
334721.0,5.578683376312256,23337.0,23337.0,12.307706832885742,148.0,0.0,0.47462753410010466,0.7161883814821965,0.9951693415641785,252.8859684299712,254.65039576775982,254.3817885329945
335000.0,5.583333492279053,22574.0,22574.0,11.017995834350586,29.0,118.0,0.7346973619493999,0.5488094835994866,0.9953272938728333,253.68837796632158,253.15453145122353,254.46238842392142
335279.0,5.587983131408691,22611.0,22611.0,11.57947826385498,153.0,6.0,0.4670749884229333,0.6885117594540956,0.9953196048736572,252.984759936521,254.6282385490442,254.30356923498027
335559.0,5.592649936676025,22653.0,22653.0,12.921880722045898,11.0,101.0,0.7144030719219189,0.662605856123391,0.99531090259552,253.46584266701166,253.01198919482152,254.5965711288937
335838.0,5.597300052642822,22714.0,22714.0,13.335623741149902,25.0,118.0,0.7352910751760635,0.5708947360875085,0.9952983260154724,253.68026090272573,253.11661209716104,254.4855341707299
336117.0,5.601950168609619,22121.0,22121.0,11.635904312133789,153.0,6.0,0.4670749884229333,0.6885117594540956,0.9954210519790649,253.0284400672841,254.63629644203903,254.31866430352062
336396.0,5.606599807739258,21923.0,21923.0,11.450946807861328,41.0,243.0,0.8976939121186341,0.8002786904038457,0.9954620599746704,254.76888755219446,252.91676303488745,254.05366471669652
336676.0,5.611266613006592,23516.0,23516.0,10.550588607788086,71.0,5.0,0.5687786350843935,0.7481567764122057,0.9951322674751282,252.8300623022252,253.92092563022746,254.68739411009017
336955.0,5.615916728973389,22310.0,22310.0,11.683770179748535,148.0,0.0,0.47462753410010466,0.7161883814821965,0.9953819513320923,252.97901242540945,254.66578275395761,254.40899761810536
337234.0,5.6205668449401855,22046.0,22046.0,10.335453987121582,25.0,120.0,0.7383752329857821,0.5699781119117111,0.9954365491867065,253.74379543836073,253.17304793762762,254.49959214759272
337514.0,5.625233173370361,23145.0,23145.0,9.835932731628418,154.0,7.0,0.4655475468839855,0.6842547308690291,0.9952090978622437,252.9423796043851,254.61426030535915,254.26865795656389
337793.0,5.629883289337158,22711.0,22711.0,12.30020523071289,41.0,242.0,0.8970290730545322,0.7958465807456754,0.9952989220619202,254.75526601051376,252.84718424106552,254.0260459319925
338072.0,5.634533405303955,23085.0,23085.0,12.981504440307617,149.0,0.0,0.4734122342951205,0.7170896796162054,0.9952214956283569,252.90769426215994,254.6552685083021,254.37648394065224
338352.0,5.639200210571289,22068.0,22068.0,12.816642761230469,25.0,119.0,0.7368319150725244,0.5704096479499912,0.9954320192337036,253.730173154603,253.17073172790435,254.4995980812845
338631.0,5.643849849700928,22471.0,22471.0,11.911141395568848,24.0,120.0,0.7384871562747103,0.5755094027592944,0.9953485727310181,253.7195793146868,253.13126631337434,254.49650577944487
338910.0,5.648499965667725,20918.0,20918.0,10.538984298706055,153.0,6.0,0.4670749884229333,0.6885117594540956,0.9956700801849365,253.13566426606684,254.6560766282508,254.35571906048986
339190.0,5.653166770935059,21231.0,21231.0,10.878028869628906,152.0,6.0,0.46833169367405686,0.6873940448218864,0.9956052899360657,253.10902006439656,254.64967780299693,254.35693767574034
339469.0,5.6578168869018555,20264.0,20264.0,9.69618034362793,156.0,10.0,0.4621278533627657,0.6705423674257128,0.9958054423332214,253.21316749478424,254.6476080951587,254.32165602659998
339748.0,5.662466526031494,22296.0,22296.0,11.94898796081543,147.0,0.0,0.47584582534048675,0.7153289465204828,0.9953848123550415,252.98127593493965,254.66497836613152,254.4209677105456
340028.0,5.667133331298828,20826.0,20826.0,11.71230697631836,149.0,0.0,0.4734122342951205,0.7170896796162054,0.9956890940666199,253.11243591755917,254.68900205641697,254.43749782970778
340307.0,5.671783447265625,22624.0,22624.0,11.844754219055176,152.0,6.0,0.46833169367405686,0.6873940448218864,0.9953169226646423,252.98493981418363,254.62669074478396,254.31474191649704
340586.0,5.676433563232422,22909.0,22909.0,14.514663696289062,16.0,106.0,0.7196830194283034,0.6297628975968198,0.9952579140663147,253.51372082499682,253.02923869345625,254.55229748036425
340866.0,5.681099891662598,22811.0,22811.0,12.318227767944336,26.0,119.0,0.7367027802195831,0.5648828698681801,0.9952782392501831,253.6874222950029,253.11580435918393,254.47609765840946
341145.0,5.6857500076293945,22914.0,22914.0,10.647825241088867,27.0,119.0,0.7365710935937132,0.5593564710169974,0.9952569007873535,253.68148800094212,253.11397347527145,254.46704592627884
341424.0,5.690400123596191,22298.0,22298.0,10.49167251586914,26.0,119.0,0.7367027802195831,0.5648828698681801,0.9953843951225281,253.71693201366028,253.15816534325688,254.48787616923244
341704.0,5.695066452026367,21642.0,21642.0,9.929746627807617,154.0,9.0,0.46498450734893165,0.67342594176259,0.9955201745033264,253.0883526688207,254.62693632787577,254.3036907390356
341983.0,5.699716567993164,22229.0,22229.0,11.550725936889648,25.0,120.0,0.7383752329857821,0.5699781119117111,0.9953987002372742,253.73337656350583,253.15789532197485,254.49544179903498
342262.0,5.704366683959961,22850.0,22850.0,11.757970809936523,25.0,120.0,0.7383752329857821,0.5699781119117111,0.9952701330184937,253.69798520435305,253.1064241535292,254.48134368590257
342542.0,5.709033489227295,21945.0,21945.0,12.64450454711914,149.0,0.0,0.4734122342951205,0.7170896796162054,0.9954574704170227,253.0110176800982,254.67229223258337,254.40727476114566
342821.0,5.713683128356934,22011.0,22011.0,10.117834091186523,153.0,6.0,0.4670749884229333,0.6885117594540956,0.9954438209533691,253.03824371590426,254.638104970314,254.32205226837513
343100.0,5.7183332443237305,22658.0,22658.0,10.737945556640625,153.0,7.0,0.46680957430439307,0.6830850253553121,0.9953098893165588,252.9870669600675,254.6209765913775,254.29559565410952
343380.0,5.7230000495910645,22426.0,22426.0,12.55337905883789,49.0,248.0,0.908104655290875,0.7975838176483699,0.9953579306602478,254.7603943617391,252.8721502749873,253.91327532246945
343659.0,5.727650165557861,22243.0,22243.0,13.576966285705566,41.0,242.0,0.8970290730545322,0.7958465807456754,0.9953957796096802,254.76030832940052,252.89153927153637,254.04611256434805
343938.0,5.7322998046875,21253.0,21253.0,10.595911026000977,153.0,6.0,0.4670749884229333,0.6885117594540956,0.995600700378418,253.10579136817717,254.650565824816,254.34539552360326
344217.0,5.736949920654297,22225.0,22225.0,14.110485076904297,12.0,102.0,0.7154166763672039,0.6559812639741481,0.995399534702301,253.5075207386683,253.05733749366908,254.59642520450444
344497.0,5.741616725921631,21536.0,21536.0,11.935648918151855,148.0,0.0,0.47462753410010466,0.7161883814821965,0.9955421686172485,253.04912800145038,254.67737799334637,254.42950168897104
344776.0,5.746266841888428,21671.0,21671.0,11.383247375488281,148.0,0.0,0.47462753410010466,0.7161883814821965,0.9955142140388489,253.03689429417238,254.67535486564054,254.42592415577315
345055.0,5.750916481018066,22440.0,22440.0,10.554871559143066,27.0,119.0,0.7365710935937132,0.5593564710169974,0.9953550100326538,253.7087609318566,253.15298523333547,254.47806988331797
345335.0,5.7555832862854,21383.0,21383.0,12.15436840057373,10.0,102.0,0.7159874225826393,0.6668165921383045,0.9955738186836243,253.5641411953586,253.11870372322335,254.62394380542503
345614.0,5.760233402252197,21737.0,21737.0,10.414660453796387,153.0,6.0,0.4670749884229333,0.6885117594540956,0.9955005049705505,253.06265018144816,254.6426073535326,254.3304867044397
345893.0,5.764883518218994,22111.0,22111.0,13.597389221191406,51.0,245.0,0.9081480669237502,0.7775888165032608,0.9954231381416321,254.7404239580317,252.92537649420066,253.92567020326882
346173.0,5.76954984664917,21528.0,21528.0,12.207406997680664,148.0,0.0,0.47462753410010466,0.7161883814821965,0.9955437779426575,253.04983228737044,254.67749446338487,254.42970764504003
346452.0,5.774199962615967,20814.0,20814.0,10.807527542114258,148.0,0.0,0.47462753410010466,0.7161883814821965,0.9956915974617004,253.11452225336058,254.68819245210665,254.44862509137445
346731.0,5.778850078582764,23320.0,23320.0,13.087862014770508,25.0,119.0,0.7368319150725244,0.5704096479499912,0.9951728582382202,253.65813047181132,253.06694955134606,254.47120815014625
347011.0,5.783516883850098,22769.0,22769.0,10.461854934692383,154.0,8.0,0.4652682725055494,0.6788392744064973,0.9952869415283203,252.98232074546831,254.61401943397505,254.27398914876142
347290.0,5.788166522979736,21495.0,21495.0,13.237236022949219,12.0,103.0,0.7167329654327685,0.6548080242598897,0.9955506324768066,253.56882723307552,253.12247348453326,254.60834907863813
347569.0,5.792816638946533,22268.0,22268.0,13.148323059082031,11.0,103.0,0.7170103766562232,0.6602342506012931,0.9953905940055847,253.5173869104221,253.04856310475196,254.60063983809624
347849.0,5.797483444213867,23104.0,23104.0,12.403879165649414,10.0,101.0,0.7146961440659562,0.6680147845691156,0.9952175617218018,253.43535117509091,252.9658196726474,254.5951368054715
348128.0,5.802133560180664,23330.0,23330.0,13.276887893676758,10.0,102.0,0.7159874225826393,0.6668165921383045,0.9951707720756531,253.43339236710904,252.94739350596262,254.58970025262045
348407.0,5.806783199310303,24464.0,24464.0,11.818042755126953,10.0,101.0,0.7146961440659562,0.6680147845691156,0.9949360489845276,253.3432499187964,252.84607998365385,254.57130499845522
348687.0,5.811450004577637,23373.0,23373.0,13.394350051879883,14.0,105.0,0.7188532747880226,0.6417129134459992,0.9951618909835815,253.4703786022599,252.97458955752697,254.55797484409962
348966.0,5.816100120544434,22870.0,22870.0,11.12484359741211,43.0,242.0,0.8988138843433651,0.7892102058024302,0.9952660202980042,254.7455419751846,252.8401283767975,253.99693678123822
349245.0,5.8207502365112305,22913.0,22913.0,12.666358947753906,11.0,101.0,0.7144030719219189,0.662605856123391,0.9952570796012878,253.4482331071834,252.9891701563434,254.5919404403134
349525.0,5.825416564941406,22446.0,22446.0,12.235687255859375,26.0,118.0,0.735146995554724,0.5653726999851553,0.9953537583351135,253.6958171619311,253.14535953576458,254.4850572151433
349804.0,5.830066680908203,22651.0,22651.0,11.157299041748047,153.0,6.0,0.4670749884229333,0.6885117594540956,0.9953113198280334,252.98119264029538,254.62758047200168,254.30233644148606
350083.0,5.834716796875,23159.0,23159.0,11.388998985290527,41.0,241.0,0.8963567993608413,0.7914285139269815,0.9952061772346497,254.74503704177437,252.81011334789696,254.01336345565295
350363.0,5.839383125305176,22148.0,22148.0,11.135210037231445,25.0,120.0,0.7383752329857821,0.5699781119117111,0.995415449142456,253.7379871207251,253.16460065268103,254.49727840997156
350642.0,5.844033241271973,21698.0,21698.0,12.251450538635254,11.0,102.0,0.7157043870313143,0.6613978649172009,0.99550861120224,253.5429480288226,253.0971941414265,254.61219757171588
350921.0,5.8486833572387695,22420.0,22420.0,11.179939270019531,153.0,5.0,0.4673362506479485,0.6939403783831004,0.9953591823577881,252.99537655982186,254.63780644265006,254.31591893452392
351201.0,5.8533501625061035,21669.0,21669.0,11.496158599853516,152.0,5.0,0.4685835209054995,0.6928314215597469,0.9955146312713623,253.06379185411456,254.64867009428022,254.34992232968327
351480.0,5.857999801635742,21929.0,21929.0,10.526412963867188,153.0,7.0,0.46680957430439307,0.6830850253553121,0.9954608082771301,253.0518393679253,254.63317285341105,254.3182620641111
351759.0,5.862649917602539,22247.0,22247.0,11.955354690551758,147.0,0.0,0.47584582534048675,0.7153289465204828,0.9953949451446533,252.98570810710885,254.66571391666434,254.42223899414634
352039.0,5.867316722869873,22196.0,22196.0,13.118144989013672,26.0,118.0,0.735146995554724,0.5653726999851553,0.9954054951667786,253.7103394990845,253.166011328852,254.49079120620507
352318.0,5.87196683883667,22112.0,22112.0,10.763557434082031,153.0,8.0,0.4665399100409283,0.6776602213681718,0.995422899723053,253.04190113871897,254.62377772003805,254.30619932374753
352597.0,5.876616477966309,20670.0,20670.0,11.443121910095215,153.0,6.0,0.4670749884229333,0.6885117594540956,0.9957213997840881,253.15776097146463,254.66015291842032,254.3633552849395
352876.0,5.8812665939331055,20227.0,20227.0,14.251702308654785,149.0,0.0,0.4734122342951205,0.7170896796162054,0.9958130717277527,253.16672051197986,254.697946069174,254.453674871038
353156.0,5.8859333992004395,22227.0,22227.0,12.369134902954102,25.0,119.0,0.7368319150725244,0.5704096479499912,0.9953991174697876,253.7210269814427,253.15755606979482,254.49599383979685
353435.0,5.890583515167236,21338.0,21338.0,11.784833908081055,50.0,242.0,0.9052990605430502,0.7667945332415655,0.9955831170082092,254.73733947877193,253.01005019541478,253.99150570250185
353714.0,5.895233154296875,23339.0,23339.0,10.80375862121582,154.0,7.0,0.4655475468839855,0.6842547308690291,0.995168924331665,252.9251256773573,254.61102573179187,254.26252537628972
353994.0,5.899899959564209,20936.0,20936.0,11.604798316955566,149.0,1.0,0.4732059881760778,0.7116215488292706,0.9956663250923157,253.10850910380867,254.68131669327232,254.42846574237927
354273.0,5.904550075531006,22323.0,22323.0,10.45425796508789,153.0,7.0,0.46680957430439307,0.6830850253553121,0.9953792095184326,253.0168182674682,254.62657858693242,254.30600680530694
354552.0,5.909200191497803,20871.0,20871.0,13.959346771240234,50.0,246.0,0.9078193756561757,0.7852641300484773,0.9956797957420349,254.76343578097587,253.03326004746194,253.99019212350103
354832.0,5.9138665199279785,20838.0,20838.0,12.633164405822754,51.0,248.0,0.9099732859598199,0.7915839512424866,0.9956866502761841,254.77076231688156,253.02942932397232,253.97002824838054
355111.0,5.918516635894775,21380.0,21380.0,13.973613739013672,43.0,243.0,0.8994742582944024,0.7936793755494883,0.995574414730072,254.76716217330514,252.9757893390316,254.05626383605122
355390.0,5.923166751861572,21610.0,21610.0,12.34227180480957,25.0,120.0,0.7383752329857821,0.5699781119117111,0.9955268502235413,253.7686530689201,253.20919945371253,254.5094941602935
355670.0,5.927833557128906,21973.0,21973.0,12.979718208312988,24.0,120.0,0.7384871562747103,0.5755094027592944,0.9954516887664795,253.74796456015173,253.17269368565275,254.5076675852518
355949.0,5.932483196258545,21399.0,21399.0,11.816756248474121,26.0,119.0,0.7367027802195831,0.5648828698681801,0.9955704808235168,253.76866100953245,253.23242193633712,254.50852328365647
356228.0,5.937133312225342,21609.0,21609.0,12.720866203308105,11.0,102.0,0.7157043870313143,0.6613978649172009,0.9955270290374756,253.54892296093004,253.10499697622143,254.61378783289112
356508.0,5.941800117492676,22099.0,22099.0,12.335993766784668,27.0,119.0,0.7365710935937132,0.5593564710169974,0.9954255819320679,253.72837888459213,253.1810471540814,254.48599963127322
356787.0,5.946450233459473,21247.0,21247.0,12.585115432739258,148.0,0.0,0.47462753410010466,0.7161883814821965,0.9956019520759583,253.07529091914722,254.6817046395915,254.43715257553293
357066.0,5.951099872589111,21612.0,21612.0,11.92902946472168,42.0,241.0,0.8972476119362145,0.7880791963278415,0.9955264329910278,254.75824931146522,252.96023151395897,254.0687352488087
357346.0,5.955766677856445,21381.0,21381.0,16.163818359375,11.0,102.0,0.7157043870313143,0.6613978649172009,0.9955742359161377,253.56423735002105,253.1249964751132,254.61786384211703
357625.0,5.960416793823242,20749.0,20749.0,13.023271560668945,149.0,0.0,0.4734122342951205,0.7170896796162054,0.9957050681114197,253.11943027876336,254.69015445806068,254.4395821792638
357904.0,5.965066432952881,20168.0,20168.0,10.804731369018555,26.0,119.0,0.7367027802195831,0.5648828698681801,0.9958252906799316,253.8394942758212,253.33410256907825,254.53679567768688
358184.0,5.969733238220215,20753.0,20753.0,13.340883255004883,11.0,101.0,0.7144030719219189,0.662605856123391,0.9957042336463928,253.594530912091,253.17874759450848,254.63041156515186
358463.0,5.974383354187012,21695.0,21695.0,12.314538955688477,24.0,120.0,0.7384871562747103,0.5755094027592944,0.9955092072486877,253.763797948518,253.1958020175884,254.51389367924236
358742.0,5.979033470153809,21117.0,21117.0,12.260869026184082,153.0,5.0,0.4673362506479485,0.6939403783831004,0.9956288933753967,253.1118795275435,254.65885609390884,254.35567576500532
359022.0,5.983699798583984,20747.0,20747.0,13.219964981079102,149.0,0.0,0.4734122342951205,0.7170896796162054,0.9957054853439331,253.11961296730226,254.69018455810362,254.43963662122982
359301.0,5.988349914550781,21380.0,21380.0,13.937519073486328,51.0,244.0,0.9075250030607332,0.7729470458686235,0.995574414730072,254.74376523662912,252.99918627570761,253.96716588013675
359580.0,5.993000030517578,21546.0,21546.0,13.205642700195312,153.0,6.0,0.4670749884229333,0.6885117594540956,0.9955400824546814,253.0796910785261,254.6457509733614,254.3363757323544
359860.0,5.997666835784912,21291.0,21291.0,12.452045440673828,43.0,242.0,0.8988138843433651,0.7892102058024302,0.9955928325653076,254.76310859127898,252.9892360170279,254.0661836697777
360139.0,6.002316474914551,20341.0,20341.0,13.078950881958008,148.0,0.0,0.47462753410010466,0.7161883814821965,0.9957895278930664,253.15737935582905,254.69527986963482,254.46115789957102
360418.0,6.006966590881348,21302.0,21302.0,11.956846237182617,148.0,1.0,0.47443038172446034,0.7107133162648538,0.9955905675888062,253.0764649405352,254.67472452975593,254.42952320414636
360698.0,6.011633396148682,21623.0,21623.0,12.079015731811523,25.0,120.0,0.7383752329857821,0.5699781119117111,0.9955241084098816,253.767898315781,253.20810178391721,254.5091935051224
360977.0,6.0162835121154785,21164.0,21164.0,12.11275863647461,152.0,6.0,0.46833169367405686,0.6873940448218864,0.9956191182136536,253.11497017147582,254.6507801174875,254.35896111851514
361256.0,6.020933151245117,22399.0,22399.0,12.416435241699219,149.0,0.0,0.4734122342951205,0.7170896796162054,0.9953634738922119,252.96986056211674,254.66551112291134,254.3950097639448
361535.0,6.025583267211914,21885.0,21885.0,13.02682876586914,25.0,120.0,0.7383752329857821,0.5699781119117111,0.9954699277877808,253.75298373744536,253.18641087426627,254.50325229750192
361815.0,6.030250072479248,21317.0,21317.0,12.8660888671875,24.0,120.0,0.7384871562747103,0.5755094027592944,0.9955874681472778,253.78534120128992,253.22724371689563,254.52236503821607
362094.0,6.034900188446045,21351.0,21351.0,12.387395858764648,25.0,118.0,0.7352910751760635,0.5708947360875085,0.9955804347991943,253.75944759086863,253.229618714016,254.5164030335731
362373.0,6.039549827575684,21666.0,21666.0,10.445340156555176,155.0,7.0,0.46428990563080813,0.6854673124012746,0.9955152273178101,253.07247087135772,254.6402950607254,254.30437216218567
362653.0,6.044216632843018,21421.0,21421.0,13.045364379882812,26.0,118.0,0.735146995554724,0.5653726999851553,0.9955659508705139,253.75537882122381,253.23006043828894,254.50857450567315
362932.0,6.0488667488098145,20014.0,20014.0,13.510122299194336,41.0,243.0,0.8976939121186341,0.8002786904038457,0.9958571791648865,254.78901055133417,253.09815082275793,254.13606228667865
363211.0,6.053516864776611,21380.0,21380.0,11.33812141418457,148.0,0.0,0.47462753410010466,0.7161883814821965,0.995574414730072,253.06323980451518,254.67971170782155,254.43362843835288
363491.0,6.058183193206787,21845.0,21845.0,11.903806686401367,26.0,120.0,0.7382611161723377,0.5644471084650159,0.9954781532287598,253.75524638792808,253.19608152292184,254.49777662374564
363770.0,6.062833309173584,20484.0,20484.0,11.46502685546875,152.0,6.0,0.46833169367405686,0.6873940448218864,0.995759904384613,253.17554841682573,254.66200281932691,254.3795618591792
364049.0,6.067483425140381,21542.0,21542.0,14.340913772583008,149.0,0.0,0.4734122342951205,0.7170896796162054,0.9955409169197083,253.04755538788135,254.67831224116986,254.4181631543487
364329.0,6.072150230407715,20850.0,20850.0,10.274479866027832,78.0,8.0,0.5625016816523644,0.7173469853732346,0.9956841468811035,253.1099865775221,254.0968092425844,254.68892833184069
364608.0,6.0767998695373535,21933.0,21933.0,11.673187255859375,153.0,9.0,0.4662658943067583,0.6722373942193719,0.9954599738121033,253.0640396016553,254.62054704251736,254.30550272338323
364887.0,6.08144998550415,20493.0,20493.0,11.18971061706543,41.0,241.0,0.8963567993608413,0.7914285139269815,0.995758056640625,254.77438915027292,253.06221973644583,254.1269480449589
365167.0,6.086116790771484,20624.0,20624.0,10.994847297668457,27.0,119.0,0.7365710935937132,0.5593564710169974,0.9957309365272522,253.81326298245045,253.30246710339006,254.52031052550856
365446.0,6.090766429901123,20357.0,20357.0,12.101166725158691,26.0,119.0,0.7367027802195831,0.5648828698681801,0.995786190032959,253.8286248903977,253.31849964625295,254.53245727055614
365725.0,6.09541654586792,21227.0,21227.0,11.90872859954834,25.0,118.0,0.7352910751760635,0.5708947360875085,0.9956061244010925,253.76665854852544,253.2399094074165,254.5192140371407
366005.0,6.100083351135254,20248.0,20248.0,12.349138259887695,43.0,241.0,0.898146000267706,0.7847547779496484,0.9958087801933289,254.76995429032306,253.09252360827466,254.11764175371647
366284.0,6.104733467102051,20102.0,20102.0,12.28250789642334,25.0,118.0,0.7352910751760635,0.5708947360875085,0.99583899974823,253.83202562872285,253.3331941849471,254.5446956866502
366563.0,6.1093831062316895,20984.0,20984.0,11.476821899414062,27.0,119.0,0.7365710935937132,0.5593564710169974,0.995656430721283,253.79255146140363,253.2728409201701,254.5119387476842
366843.0,6.114049911499023,21335.0,21335.0,11.280705451965332,153.0,6.0,0.4670749884229333,0.6885117594540956,0.9955837726593018,253.0985027917161,254.6492212645278,254.34287672250724
367122.0,6.11870002746582,21384.0,21384.0,12.405651092529297,11.0,103.0,0.7170103766562232,0.6602342506012931,0.9955735802650452,253.57624434754473,253.1260321188651,254.61649381630792
367401.0,6.123350143432617,21029.0,21029.0,13.319158554077148,13.0,106.0,0.7204589973923881,0.6461074408078596,0.9956470727920532,253.63577004537964,253.17282660409444,254.6071805198527
367681.0,6.128016471862793,21264.0,21264.0,13.418777465820312,149.0,0.0,0.4734122342951205,0.7170896796162054,0.9955984354019165,253.07274030788903,254.68246174708838,254.42566836823508
367960.0,6.13266658782959,21208.0,21208.0,13.512799263000488,11.0,100.0,0.7131065793175224,0.6638579819682754,0.9956100583076477,253.55155851567034,253.13741892107512,254.6237108158252
368239.0,6.137316703796387,21215.0,21215.0,12.348736763000488,41.0,242.0,0.8970290730545322,0.7958465807456754,0.9956085681915283,254.77138591612396,252.98898386155548,254.09019741204602
368519.0,6.141983509063721,20991.0,20991.0,11.891836166381836,10.0,102.0,0.7159874225826393,0.6668165921383045,0.9956549406051636,253.5904572490776,253.15318364124937,254.63083606738405
368798.0,6.146633148193359,21402.0,21402.0,11.697395324707031,41.0,242.0,0.8970290730545322,0.7958465807456754,0.9955698847770691,254.76937209153473,252.9712691447705,254.08218310780066
369077.0,6.151283264160156,20427.0,20427.0,12.699261665344238,148.0,0.0,0.47462753410010466,0.7161883814821965,0.9957717061042786,253.14958004138106,254.693990071801,254.4588771268073
369357.0,6.15595006942749,20483.0,20483.0,13.740341186523438,26.0,118.0,0.735146995554724,0.5653726999851553,0.9957600831985474,253.80987104715538,253.30755224714343,254.53009018411572
369636.0,6.160600185394287,20361.0,20361.0,13.316454887390137,42.0,242.0,0.8979177423025153,0.7925159349266417,0.9957853555679321,254.77700975230093,253.07352158734446,254.11689709438267
369915.0,6.165249824523926,20056.0,20056.0,12.704504013061523,41.0,243.0,0.8976939121186341,0.8002786904038457,0.9958484768867493,254.78856735358573,253.0941558586564,254.134247526501
370195.0,6.16991662979126,20759.0,20759.0,13.704339981079102,25.0,119.0,0.7368319150725244,0.5704096479499912,0.9957029819488525,253.80549652994125,253.27923995574102,254.52928083817378
370474.0,6.174566745758057,20515.0,20515.0,12.065183639526367,27.0,120.0,0.7381447408325256,0.5589164009515154,0.9957534670829773,253.83103198954123,253.31190259806053,254.5223656142579
370753.0,6.1792168617248535,21144.0,21144.0,12.278363227844238,148.0,0.0,0.47462753410010466,0.7161883814821965,0.9956232905387878,253.08462922875387,254.68324894602793,254.43988340044734
371032.0,6.183866500854492,21895.0,21895.0,12.513999938964844,152.0,5.0,0.4685835209054995,0.6928314215597469,0.9954678416252136,253.0435940733975,254.64500515546146,254.34314096877327
371312.0,6.188533306121826,20168.0,20168.0,12.754555702209473,10.0,102.0,0.7159874225826393,0.6668165921383045,0.9958252906799316,253.6457190283052,253.2255889356787,254.64530931108644
371591.0,6.193183422088623,18991.0,18991.0,12.649395942687988,41.0,241.0,0.8963567993608413,0.7914285139269815,0.9960689544677734,254.79092447783833,253.20424230072612,254.19093521612425
371870.0,6.19783353805542,20412.0,20412.0,13.239084243774414,44.0,242.0,0.8997175362901739,0.7859297077823046,0.9957748055458069,254.76935540407115,253.07579542429036,254.09480162756705
372150.0,6.202499866485596,20520.0,20520.0,9.885004043579102,154.0,7.0,0.4655475468839855,0.6842547308690291,0.9957524538040161,253.17574280733152,254.6580086327167,254.35160246958938
372429.0,6.207149982452393,20267.0,20267.0,11.674676895141602,26.0,119.0,0.7367027802195831,0.5648828698681801,0.9958048462867737,253.833811045333,253.32594433351565,254.53452727273893
372708.0,6.2118000984191895,20080.0,20080.0,13.13582706451416,44.0,244.0,0.9010260697124651,0.7949185020092319,0.9958435297012329,254.7826341354176,253.0975660122112,254.09823290194706
372988.0,6.216466903686523,21292.0,21292.0,13.188177108764648,11.0,103.0,0.7170103766562232,0.6602342506012931,0.9955926537513733,253.58237932470408,253.1341070649616,254.61814634823878
373267.0,6.221116542816162,20988.0,20988.0,12.992063522338867,42.0,242.0,0.8979177423025153,0.7925159349266417,0.9956555962562561,254.77014438998665,253.01420970070396,254.0897083654118
373546.0,6.225766658782959,20836.0,20836.0,11.626426696777344,154.0,8.0,0.4652682725055494,0.6788392744064973,0.9956870079040527,253.15359076717533,254.64678326389156,254.3356163345353
373826.0,6.230433464050293,20544.0,20544.0,13.715932846069336,11.0,102.0,0.7157043870313143,0.6613978649172009,0.9957475066184998,253.6204481190709,253.19840372672724,254.63282464870764
374105.0,6.235083103179932,19840.0,19840.0,13.080994606018066,24.0,121.0,0.7400178717003745,0.5751351745897352,0.9958931803703308,253.88061368619495,253.3504570061312,254.55506498273752
374384.0,6.2397332191467285,21876.0,21876.0,13.231401443481445,52.0,243.0,0.9078560322858843,0.7652687722187411,0.9954717755317688,254.7289564992803,252.9616490219218,253.9387293607296
374664.0,6.2444000244140625,20307.0,20307.0,13.08265495300293,21.0,0.0,0.6107550248837421,0.9213349724654379,0.9957965612411499,252.9405654575412,253.6031570983489,254.91568077544525
374943.0,6.249050140380859,19937.0,19937.0,11.847290992736816,42.0,242.0,0.8979177423025153,0.7925159349266417,0.9958731532096863,254.78165498826274,253.11365314867726,254.13529351044792
375222.0,6.253699779510498,19908.0,19908.0,12.201359748840332,27.0,119.0,0.7365710935937132,0.5593564710169974,0.9958791136741638,253.8544540555084,253.36138765657788,254.53696031724567
375502.0,6.258366584777832,20704.0,20704.0,13.148040771484375,149.0,0.0,0.4734122342951205,0.7170896796162054,0.9957143664360046,253.1235016233449,254.69082525901746,254.44079545736355
375781.0,6.263016700744629,20010.0,20010.0,11.037714004516602,154.0,6.0,0.46582243457205585,0.6896722611201311,0.9958580136299133,253.21535713375437,254.67222981750143,254.37347564868773
376060.0,6.267666816711426,19934.0,19934.0,11.577489852905273,41.0,242.0,0.8970290730545322,0.7958465807456754,0.995873749256134,254.78519100949447,253.1104211111339,254.14513676426122
376340.0,6.272333145141602,20919.0,20919.0,13.093891143798828,26.0,119.0,0.7367027802195831,0.5648828698681801,0.9956698417663574,253.79628184108878,253.2720714368703,254.51954786397198
376619.0,6.276983261108398,21314.0,21314.0,12.267925262451172,11.0,102.0,0.7157043870313143,0.6613978649172009,0.9955880641937256,253.5687233831891,253.13085491418246,254.61905782461758
376898.0,6.281633377075195,22112.0,22112.0,13.453008651733398,10.0,102.0,0.7159874225826393,0.6668165921383045,0.995422899723053,253.51518289409745,253.0545573951985,254.61112146355853
377178.0,6.286300182342529,22168.0,22168.0,16.849756240844727,10.0,101.0,0.7146961440659562,0.6680147845691156,0.9954113364219666,253.49874757234127,253.04824053415874,254.6115410410442
377457.0,6.290949821472168,22906.0,22906.0,12.78533935546875,9.0,106.0,0.7214345259690688,0.6679226922323597,0.9952585697174072,253.5141146626808,252.98337351369656,254.59849704218112
377736.0,6.295599937438965,24468.0,24468.0,13.578482627868652,9.0,102.0,0.7162658943067582,0.6722373942193719,0.9949352145195007,253.3570209603363,252.84027146308154,254.57668794186384
378016.0,6.300266742706299,23748.0,23748.0,11.621258735656738,149.0,0.0,0.4734122342951205,0.7170896796162054,0.995084285736084,252.84761583121934,254.6453698941835,254.358580311257
378295.0,6.304916858673096,22941.0,22941.0,12.688482284545898,18.0,106.0,0.7191429384367988,0.6188752183984364,0.9952512979507446,253.51158671541722,253.0396732028902,254.53848875198955
378574.0,6.309566497802734,149758.0,149758.0,1.9703513383865356,29.0,11.0,0.6117064014100696,0.846086951539587,0.9690007567405701,240.40703888534705,244.81803155541976,253.7833470523437
378853.0,6.314216613769531,430472.0,430472.0,1.4358370304107666,30.0,11.0,0.6109063757498251,0.8425168716231308,0.9108941555023193,213.13434942896302,225.94382218868984,251.42166987721984
379133.0,6.318883419036865,692378.0,692378.0,1.2752121686935425,30.0,11.0,0.6109063757498251,0.8425168716231308,0.8566807508468628,187.66262567878132,208.26558419761784,249.2445572531187
379412.0,6.323533535003662,811573.0,811573.0,1.3533772230148315,30.0,11.0,0.6109063757498251,0.8425168716231308,0.832007884979248,176.0702819125258,200.22010545483255,248.25373942689072
379691.0,6.328183174133301,718404.0,718404.0,1.4263101816177368,30.0,11.0,0.6109063757498251,0.8425168716231308,0.8512934446334839,185.13144401813986,206.50885849525395,249.02821274493692
379971.0,6.332849979400635,522486.0,522486.0,1.5183017253875732,29.0,11.0,0.6117064014100696,0.846086951539587,0.8918476104736328,204.08702765397445,219.4764161451446,250.7552536875783
380250.0,6.337500095367432,340117.0,340117.0,1.5910608768463135,30.0,11.0,0.6109063757498251,0.8425168716231308,0.9295972585678101,221.92184908118065,232.04264422845296,252.17275278840248
380529.0,6.3421502113342285,221523.0,221523.0,1.9613018035888672,29.0,11.0,0.6117064014100696,0.846086951539587,0.9541456699371338,233.41397449783508,239.93875034818976,253.20031717010315
380809.0,6.346816539764404,146932.0,146932.0,2.0739872455596924,30.0,11.0,0.6109063757498251,0.8425168716231308,0.9695857167243958,240.71009833122534,245.0823248144793,253.7786171982165
381088.0,6.351466655731201,104765.0,104765.0,2.4056808948516846,30.0,10.0,0.6102373731390424,0.8467773679093797,0.9783141016960144,244.78749832140082,247.95832642221137,254.15269354356653
381367.0,6.356116771697998,80975.0,80975.0,3.0593767166137695,29.0,9.0,0.6103726658006136,0.8545870979808734,0.9832385182380676,247.07316490622603,249.54063718723665,254.37847939518846
381647.0,6.360783100128174,68017.0,68017.0,3.3343536853790283,29.0,8.0,0.6097157210383819,0.8588593420771993,0.985920786857605,248.32632439589656,250.43360705692342,254.49327690148198
381926.0,6.365433216094971,56949.0,56949.0,4.050694465637207,28.0,8.0,0.6105055079900692,0.862397434406668,0.9882118105888367,249.40165510250915,251.1487321052286,254.58636829779755
382205.0,6.370083332061768,52324.0,52324.0,3.9105629920959473,28.0,8.0,0.6105055079900692,0.862397434406668,0.989169180393219,249.85632088471147,251.46151021409997,254.61996111583022
382485.0,6.374750137329102,47704.0,47704.0,4.308969497680664,28.0,7.0,0.6098538278116319,0.8666666666666667,0.9901254773139954,250.2997272014618,251.78749831603952,254.66426622867584
382764.0,6.37939977645874,42621.0,42621.0,4.765489101409912,26.0,7.0,0.6114117439431187,0.8737709003583013,0.9911776185035706,250.78456396143343,252.08795824818012,254.71602147538755
383043.0,6.384049892425537,40806.0,40806.0,6.0113606452941895,28.0,9.0,0.61116366129081,0.8581428048019134,0.9915533065795898,250.99773353610675,252.2288077176567,254.69445281948407
383323.0,6.388716697692871,39214.0,39214.0,6.325338840484619,26.0,8.0,0.6120657045863998,0.8695365490150766,0.991882860660553,251.1303013895212,252.30956952577841,254.7299575473608
383602.0,6.393366813659668,37834.0,37834.0,6.962874889373779,26.0,8.0,0.6120657045863998,0.8695365490150766,0.9921685457229614,251.26649654926968,252.4042600030255,254.73946176944065
383881.0,6.398016452789307,36572.0,36572.0,6.568436622619629,26.0,9.0,0.6127260542583634,0.865317022041714,0.9924297332763672,251.39915841784804,252.4804024604759,254.74000555309922
384161.0,6.402683258056641,35226.0,35226.0,7.787137508392334,28.0,11.0,0.6124996841432759,0.8496782302515908,0.9927083849906921,251.5607789057464,252.58769341732855,254.7204974395066
384440.0,6.4073333740234375,33037.0,33037.0,7.7096405029296875,26.0,8.0,0.6120657045863998,0.8695365490150766,0.9931614995002747,251.73986921070292,252.73337510013792,254.77249553443716
384719.0,6.411983489990234,32752.0,32752.0,7.501718997955322,17.0,0.0,0.6136510645000698,0.9357112565078799,0.9932204484939575,251.6535701880981,252.68269475026523,254.88885854382025
384999.0,6.41664981842041,31038.0,31038.0,8.362454414367676,16.0,0.0,0.6143611502543121,0.9393528083619435,0.9935752749443054,251.82274881217273,252.7886933827384,254.90064140942303
385278.0,6.421299934387207,31232.0,31232.0,7.856788635253906,25.0,7.0,0.6121812039503098,0.8773540312307673,0.9935351014137268,251.90508962727827,252.85075755984352,254.7978120937224
385557.0,6.425950050354004,29821.0,29821.0,10.348628997802734,14.0,2.0,0.6170156617381928,0.938435551394709,0.9938271641731262,251.94876067296752,252.82887410302877,254.90309305532685
385837.0,6.430616855621338,31311.0,31311.0,8.50868034362793,25.0,8.0,0.6128361983117989,0.8731370567539612,0.9935187697410583,251.9042406942984,252.8363985336917,254.79033187364135
386116.0,6.435266494750977,28572.0,28572.0,7.415952682495117,25.0,7.0,0.6121812039503098,0.8773540312307673,0.9940857291221619,252.16868903005346,253.03381262619948,254.8150328222491
386395.0,6.439916610717773,29282.0,29282.0,8.685016632080078,18.0,0.0,0.6129354445786406,0.9320884761306943,0.9939387440681458,252.01372490211236,252.942622640982,254.89503457264198
386675.0,6.444583415985107,29986.0,29986.0,10.237520217895508,18.0,0.0,0.6129354445786406,0.9320884761306943,0.9937930107116699,251.94192461876048,252.8931562413714,254.89251084419118
386954.0,6.449233531951904,29420.0,29420.0,9.220210075378418,26.0,7.0,0.6114117439431187,0.8737709003583013,0.9939101934432983,252.09021990973656,252.9899111185796,254.8039787463456
387233.0,6.453883171081543,28625.0,28625.0,11.536588668823242,17.0,0.0,0.6136510645000698,0.9357112565078799,0.9940747618675232,252.07526471161614,252.9747059347393,254.9028638408207
387512.0,6.45853328704834,27883.0,27883.0,10.976358413696289,18.0,0.0,0.6129354445786406,0.9320884761306943,0.9942283630371094,252.15641511757522,253.04092825885837,254.90005003135056
387792.0,6.463200092315674,26772.0,26772.0,11.032066345214844,17.0,0.0,0.6136510645000698,0.9357112565078799,0.9944583177566528,252.2645903418986,253.10580842354767,254.90915171399433
388071.0,6.467850208282471,27755.0,27755.0,8.755585670471191,21.0,0.0,0.6107550248837421,0.9213349724654379,0.9942548274993896,252.18520778369134,253.0908242306749,254.88475424099738
388350.0,6.472499847412109,27793.0,27793.0,10.19890022277832,25.0,7.0,0.6121812039503098,0.8773540312307673,0.9942469596862793,252.24587417667684,253.08741340066285,254.8200752633256
388630.0,6.477166652679443,27181.0,27181.0,9.919100761413574,19.0,0.0,0.6122142548158723,0.9284846869592002,0.9943736791610718,252.23318023664288,253.1036181249481,254.89739613550373
388909.0,6.48181676864624,25996.0,25996.0,12.080506324768066,16.0,2.0,0.6156093548241189,0.9310319294587402,0.9946189522743225,252.35030138208276,253.13302924035318,254.90536427782172
389188.0,6.486466884613037,26250.0,26250.0,10.552700996398926,18.0,0.0,0.6129354445786406,0.9320884761306943,0.9945663809776306,252.32295066231492,253.15566198163611,254.9059036362767
389468.0,6.491133213043213,25921.0,25921.0,11.962942123413086,19.0,0.0,0.6122142548158723,0.9284846869592002,0.9946344494819641,252.36141758715974,253.19151217227477,254.90215164864196
389747.0,6.49578332901001,25298.0,25298.0,10.896413803100586,17.0,0.0,0.6136510645000698,0.9357112565078799,0.9947634339332581,252.41519763038593,253.21009958752748,254.91415367557568
390026.0,6.500433444976807,24187.0,24187.0,11.218130111694336,19.0,0.0,0.6122142548158723,0.9284846869592002,0.9949933886528015,252.5379308042597,253.31249456153216,254.90869740866907
390306.0,6.505099773406982,25306.0,25306.0,10.781367301940918,18.0,0.0,0.6129354445786406,0.9320884761306943,0.9947617650032043,252.41921296449382,253.22198135092998,254.9092871871404
390585.0,6.509749889373779,25360.0,25360.0,12.36378002166748,18.0,0.0,0.6129354445786406,0.9320884761306943,0.9947505593299866,252.41369212471054,253.21817779954887,254.90909313358262
390864.0,6.514400005340576,25047.0,25047.0,11.693601608276367,148.0,0.0,0.47462753410010466,0.7161883814821965,0.9948153495788574,252.731051612223,254.62477667299427,254.3364858258251
391144.0,6.51906681060791,23853.0,23853.0,12.185609817504883,19.0,0.0,0.6122142548158723,0.9284846869592002,0.995062530040741,252.57193202176816,253.3357990403662,254.90995829900973
391423.0,6.523716449737549,25411.0,25411.0,12.446845054626465,149.0,1.0,0.4732059881760778,0.7116215488292706,0.9947400093078613,252.70420607909702,254.61319866791226,254.30630124793328
391702.0,6.528366565704346,25171.0,25171.0,10.917997360229492,148.0,1.0,0.47443038172446034,0.7107133162648538,0.994789719581604,252.72710949622788,254.61564749039016,254.32591231673265
391982.0,6.53303337097168,25005.0,25005.0,10.155716896057129,19.0,0.0,0.6122142548158723,0.9284846869592002,0.9948240518569946,252.45465713275837,253.25541867845672,254.9056093143089
392261.0,6.537683486938477,24837.0,24837.0,11.194042205810547,19.0,0.0,0.6122142548158723,0.9284846869592002,0.9948588609695435,252.4717749870902,253.26715127814558,254.90624410737695
392540.0,6.542333126068115,24594.0,24594.0,11.445138931274414,148.0,1.0,0.47443038172446034,0.7107133162648538,0.9949091672897339,252.7792163963761,254.62445892138817,254.34136603944606
392820.0,6.546999931335449,23769.0,23769.0,14.14556884765625,16.0,100.0,0.711514619850463,0.636901862992588,0.9950799345970154,253.37635423211592,252.94631562283132,254.54445102164652
393099.0,6.551650047302246,24244.0,24244.0,12.491775512695312,147.0,0.0,0.47584582534048675,0.7153289465204828,0.994981586933136,252.80490155420694,254.63570778169242,254.37037810137397
393378.0,6.556300163269043,23572.0,23572.0,10.169289588928223,21.0,0.0,0.6107550248837421,0.9213349724654379,0.9951207041740417,252.60943576358838,253.37856333098804,254.9021233651729
393658.0,6.560966491699219,23411.0,23411.0,11.074127197265625,20.0,0.0,0.6114874598951097,0.9249001109859416,0.9951540231704712,252.6213545590662,253.37814048061486,254.90719725787412
393937.0,6.565616607666016,23140.0,23140.0,11.848796844482422,18.0,0.0,0.6129354445786406,0.9320884761306943,0.9952101111412048,252.64010528816365,253.3741638694865,254.9170513938508
394216.0,6.5702667236328125,24283.0,24283.0,12.783285140991211,18.0,1.0,0.6135552169096746,0.9278882192816857,0.9949735403060913,252.5289346307119,253.2869315630431,254.90757092539468
394496.0,6.5749335289001465,22221.0,22221.0,11.129655838012695,20.0,0.0,0.6114874598951097,0.9249001109859416,0.9954003691673279,252.74227337542226,253.46058796522308,254.91191489991496
394775.0,6.579583168029785,23213.0,23213.0,10.317995071411133,25.0,5.0,0.6108899781666262,0.8858319214177661,0.9951950311660767,252.6893522798503,253.41581955259116,254.86011361484879
395054.0,6.584233283996582,23777.0,23777.0,11.325284004211426,148.0,0.0,0.47462753410010466,0.7161883814821965,0.9950782656669617,252.8461110638289,254.64380442632157,254.37013294509168
395334.0,6.588900089263916,24258.0,24258.0,10.676548957824707,147.0,0.0,0.47584582534048675,0.7153289465204828,0.9949787259101868,252.80365011735918,254.63550009683607,254.37001915071022
395613.0,6.593550205230713,24116.0,24116.0,12.648180961608887,148.0,0.0,0.47462753410010466,0.7161883814821965,0.995008111000061,252.81540941464726,254.63872719538386,254.3611547860854
395892.0,6.598199844360352,23489.0,23489.0,13.623077392578125,15.0,100.0,0.7118436991510484,0.6422878178101646,0.9951378703117371,253.3955340517074,252.96382082930995,254.55649302967595
396171.0,6.602849960327148,22484.0,22484.0,13.330705642700195,149.0,1.0,0.4732059881760778,0.7116215488292706,0.9953458905220032,252.96865111134682,254.6577530548748,254.38620615019462
396451.0,6.607516765594482,22895.0,22895.0,12.941632270812988,16.0,101.0,0.7128629483670311,0.6355966357914823,0.9952608346939087,253.44920859380068,253.02340247806885,254.5596232158246
396730.0,6.612166881561279,23494.0,23494.0,14.364362716674805,149.0,0.0,0.4734122342951205,0.7170896796162054,0.9951368570327759,252.87063458712274,254.64916249959296,254.3654399989749
397009.0,6.616816520690918,22436.0,22436.0,14.004711151123047,19.0,1.0,0.6128331654026009,0.9242680531446609,0.9953558444976807,252.72116698292803,253.42826358180955,254.9103137108891
397289.0,6.621483325958252,22308.0,22308.0,11.41378402709961,149.0,0.0,0.4734122342951205,0.7170896796162054,0.9953823685646057,252.97813374309334,254.66687422485558,254.39747520726294
397568.0,6.626133441925049,22560.0,22560.0,13.718257904052734,15.0,102.0,0.7145243262086071,0.6397447587916482,0.9953301548957825,253.48487878816348,253.0473747213276,254.57100427552146
397847.0,6.630783557891846,22606.0,22606.0,11.53587532043457,148.0,0.0,0.47462753410010466,0.7161883814821965,0.9953206777572632,252.95219739112,254.66134826508423,254.40115603147964
398127.0,6.6354498863220215,23165.0,23165.0,12.235158920288086,148.0,0.0,0.47462753410010466,0.7161883814821965,0.9952049255371094,252.9015409742035,254.65297104972228,254.38634245051938
398406.0,6.640100002288818,24064.0,24064.0,13.339101791381836,15.0,101.0,0.7131813539509868,0.6409935578875688,0.9950188398361206,253.37007684710989,252.91561680636823,254.54399151005327
398685.0,6.644750118255615,21505.0,21505.0,12.480533599853516,20.0,0.0,0.6114874598951097,0.9249001109859416,0.9955485463142395,252.81500605808884,253.51018013718922,254.9147525621733
398965.0,6.649416446685791,21676.0,21676.0,12.316200256347656,20.0,1.0,0.6121054505180347,0.9206670600428283,0.9955131411552429,252.80247069352237,253.4921552170395,254.90923129565152
399244.0,6.654066562652588,23965.0,23965.0,14.239032745361328,148.0,0.0,0.47462753410010466,0.7161883814821965,0.9950393438339233,252.82907777842908,254.64098757687182,254.36515185942378
399523.0,6.658716678619385,21995.0,21995.0,11.612149238586426,148.0,0.0,0.47462753410010466,0.7161883814821965,0.9954471588134766,253.0075490475035,254.67050194736956,254.41734265289963
399803.0,6.663383483886719,23629.0,23629.0,11.898666381835938,152.0,6.0,0.46833169367405686,0.6873940448218864,0.9951089024543762,252.89543173786222,254.61010851386965,254.28430305751417
400082.0,6.668033123016357,21209.0,21209.0,14.284069061279297,16.0,101.0,0.7128629483670311,0.6355966357914823,0.9956098198890686,253.56340660264607,253.16895622591073,254.59205191751425
400361.0,6.672683238983154,21764.0,21764.0,11.931611061096191,148.0,0.0,0.47462753410010466,0.7161883814821965,0.9954949617385864,253.02846894779546,254.67396153888362,254.42346031094814
400641.0,6.677350044250488,22162.0,22162.0,14.090319633483887,149.0,0.0,0.4734122342951205,0.7170896796162054,0.9954125881195068,252.9913656129834,254.66905432796509,254.4014183610872
400920.0,6.682000160217285,21615.0,21615.0,11.577194213867188,148.0,0.0,0.47462753410010466,0.7161883814821965,0.9955257773399353,253.0419547189313,254.6761917244357,254.42740398826868
401199.0,6.686649799346924,21602.0,21602.0,11.198955535888672,12.0,101.0,0.7141051766636447,0.6571992114550208,0.9955284595489502,253.53697657034442,253.11039050608537,254.60912386387923
401479.0,6.691316604614258,22211.0,22211.0,11.785969734191895,20.0,0.0,0.6114874598951097,0.9249001109859416,0.9954023957252502,252.74326811042252,253.4612662169716,254.9119537094551
401758.0,6.695966720581055,22037.0,22037.0,12.149805068969727,18.0,20.0,0.6264668243025006,0.8510165348789923,0.9954384565353394,252.84690944369774,253.32443387086428,254.82670338932533
402037.0,6.700616836547852,21645.0,21645.0,11.572696685791016,20.0,0.0,0.6114874598951097,0.9249001109859416,0.9955195784568787,252.80078719896738,253.50048512690142,254.91419781404073
402317.0,6.705283164978027,21017.0,21017.0,15.064167022705078,18.0,1.0,0.6135552169096746,0.9278882192816857,0.9956495761871338,252.86128164148465,253.51733144697488,254.92000221395358
402596.0,6.709933280944824,20554.0,20554.0,12.918607711791992,16.0,106.0,0.7196830194283034,0.6297628975968198,0.9957454204559326,253.6665165787437,253.23184124912214,254.5983231834035
402875.0,6.714583396911621,21509.0,21509.0,13.379573822021484,13.0,101.0,0.7138023403814658,0.651794907395869,0.9955477118492126,253.54322931495207,253.124661942099,254.60467110099944
403155.0,6.719250202178955,21544.0,21544.0,10.901768684387207,148.0,0.0,0.47462753410010466,0.7161883814821965,0.9955404996871948,253.04839763086662,254.67725720960274,254.42928810489954
403434.0,6.723899841308594,22022.0,22022.0,14.227238655090332,51.0,243.0,0.9068944204298558,0.7683172643414444,0.9954415559768677,254.73069124068545,252.94450230751707,253.9423272425836
403713.0,6.728549957275391,21607.0,21607.0,11.664117813110352,148.0,0.0,0.47462753410010466,0.7161883814821965,0.995527446269989,253.04268508951506,254.67631250817934,254.42761757234018
403993.0,6.733216762542725,22007.0,22007.0,11.674436569213867,148.0,0.0,0.47462753410010466,0.7161883814821965,0.995444655418396,253.00645349162787,254.6703207717541,254.41702227679235
404272.0,6.7378668785095215,23051.0,23051.0,14.28866958618164,149.0,1.0,0.4732059881760778,0.7116215488292706,0.9952285289764404,252.91742708099756,254.64912269698706,254.3707282601255
404551.0,6.74251651763916,21510.0,21510.0,13.002386093139648,42.0,242.0,0.8979177423025153,0.7925159349266417,0.9955475330352783,254.76442693391144,252.9648149140805,254.06706566186372
404830.0,6.747166633605957,21936.0,21936.0,13.240005493164062,148.0,0.0,0.47462753410010466,0.7161883814821965,0.9954593181610107,253.01287031889945,254.67138194321603,254.4188987654207
405110.0,6.751833438873291,22991.0,22991.0,13.317140579223633,12.0,100.0,0.7127986173506914,0.6584616186165145,0.9952409863471985,253.42973113698,252.987376421161,254.58552661591023
405389.0,6.756483554840088,20942.0,20942.0,11.610258102416992,148.0,0.0,0.47462753410010466,0.7161883814821965,0.9956650733947754,253.10291457801154,254.6862728533239,254.44523063023783
405668.0,6.761133193969727,22629.0,22629.0,11.383245468139648,148.0,0.0,0.47462753410010466,0.7161883814821965,0.9953159093856812,252.95011061802353,254.66100316867386,254.4005457912753
405948.0,6.7657999992370605,21770.0,21770.0,11.506024360656738,150.0,4.0,0.4713187271752015,0.6961971729707335,0.9954937100410461,253.0508931463142,254.65089897461934,254.375557752522
406227.0,6.770450115203857,22284.0,22284.0,12.471397399902344,148.0,0.0,0.47462753410010466,0.7161883814821965,0.9953873157501221,252.98136004514296,254.6661709874193,254.40968413833522
406506.0,6.775100231170654,22734.0,22734.0,14.785499572753906,15.0,101.0,0.7131813539509868,0.6409935578875688,0.9952941536903381,253.4601643790376,253.03082281296614,254.5691955691063
406786.0,6.77976655960083,22206.0,22206.0,13.195810317993164,148.0,0.0,0.47462753410010466,0.7161883814821965,0.9954034686088562,252.9884289890072,254.66734000150947,254.41175132702745
407065.0,6.784416675567627,21251.0,21251.0,13.152114868164062,148.0,0.0,0.47462753410010466,0.7161883814821965,0.9956011176109314,253.0749257338553,254.6816442477197,254.43704578349718
407344.0,6.789066791534424,21150.0,21150.0,13.10728645324707,149.0,0.0,0.4734122342951205,0.7170896796162054,0.9956220388412476,253.08307525951915,254.6841645495171,254.4287482280268
407624.0,6.7937331199646,21340.0,21340.0,12.906387329101562,11.0,101.0,0.7144030719219189,0.662605856123391,0.9955826997756958,253.55476801896828,253.12722154859824,254.61995533700662
407903.0,6.7983832359313965,21987.0,21987.0,13.551849365234375,148.0,0.0,0.47462753410010466,0.7161883814821965,0.9954487681388855,253.00825333342354,254.67061841740806,254.41754860896862
408182.0,6.803033351898193,21274.0,21274.0,15.3653564453125,15.0,102.0,0.7145243262086071,0.6397447587916482,0.9955963492393494,253.57124497106852,253.15867987014698,254.5954582419212
408462.0,6.807700157165527,22091.0,22091.0,14.296239852905273,42.0,242.0,0.8979177423025153,0.7925159349266417,0.9954272508621216,254.75806299217962,252.9098349475024,254.04186269674514
408741.0,6.812349796295166,21107.0,21107.0,14.292724609375,148.0,0.0,0.47462753410010466,0.7161883814821965,0.9956309199333191,253.08796806570817,254.68380110028457,254.44085978477426
409020.0,6.816999912261963,21221.0,21221.0,13.053047180175781,149.0,0.0,0.4734122342951205,0.7170896796162054,0.995607316493988,253.07662896393165,254.68310244800224,254.4268272043688
409300.0,6.821666717529297,21326.0,21326.0,11.203258514404297,149.0,0.0,0.4734122342951205,0.7170896796162054,0.9955856204032898,253.06712915990806,254.68153724576973,254.42399622213603
409579.0,6.826316833496094,21923.0,21923.0,11.423938751220703,152.0,6.0,0.46833169367405686,0.6873940448218864,0.9954620599746704,253.04739029150247,254.63826029557944,254.33597934389624
409858.0,6.830966472625732,22119.0,22119.0,12.145441055297852,148.0,0.0,0.47462753410010466,0.7161883814821965,0.9954214692115784,252.9963065574463,254.66864274045867,254.41405498379882
410138.0,6.835633277893066,22564.0,22564.0,13.578227043151855,15.0,101.0,0.7131813539509868,0.6409935578875688,0.9953293204307556,253.4716715545815,253.04553845355775,254.5724149661276
410417.0,6.840283393859863,27415.0,27415.0,15.52519702911377,19.0,101.0,0.7118744596731029,0.619421664756492,0.9943252205848694,253.14284726369192,252.65658551446793,254.44927698381545
410696.0,6.84493350982666,32318.0,32318.0,11.356818199157715,19.0,104.0,0.7160530018557488,0.615686274509804,0.9933103322982788,252.86628938184762,252.24385690689087,254.34441256523132
410976.0,6.849599838256836,35928.0,35928.0,7.9172892570495605,32.0,181.0,0.8312721112475809,0.607083649489832,0.9925630688667297,254.22638995624723,251.95229854120157,254.2548665808306
411255.0,6.854249954223633,39169.0,39169.0,8.149483680725098,20.0,106.0,0.7185835209054995,0.6079949209605943,0.9918921589851379,252.45860337351195,251.6754713711772,254.18952971124315
411534.0,6.85890007019043,37973.0,37973.0,8.9298095703125,19.0,106.0,0.7188657102252042,0.6134341224041879,0.9921397566795349,252.53626617572468,251.7660938801723,254.2251820263905
411814.0,6.863566875457764,32380.0,32380.0,9.67060661315918,18.0,106.0,0.7191429384367988,0.6188752183984364,0.9932974576950073,252.89918320758963,252.233102192356,254.34860123209774
412093.0,6.868216514587402,30005.0,30005.0,14.144365310668945,18.0,101.0,0.7122096420426887,0.6248106210585894,0.9937890768051147,252.96746196827397,252.42664863672465,254.40578053388387
412372.0,6.872866630554199,27831.0,27831.0,12.362565040588379,17.0,101.0,0.7125390905638579,0.6302023011760077,0.994239091873169,253.11479851729894,252.60518135026797,254.4567555050482
412652.0,6.877533435821533,24575.0,24575.0,15.490069389343262,18.0,104.0,0.7163538252055972,0.6211076412649242,0.9949131011962891,253.37754602552496,252.89716531713552,254.5085162929719
412931.0,6.88218355178833,24564.0,24564.0,16.804668426513672,16.0,101.0,0.7128629483670311,0.6355966357914823,0.9949153661727905,253.3361613420043,252.8793154545861,254.52752129353706
413210.0,6.886833190917969,22528.0,22528.0,13.976838111877441,149.0,0.0,0.4734122342951205,0.7170896796162054,0.9953367710113525,252.95816849562613,254.66358472016367,254.39152547811986
413489.0,6.891483306884766,23677.0,23677.0,14.999190330505371,43.0,242.0,0.8988138843433651,0.7892102058024302,0.9950989484786987,254.73656163141067,252.7639020927257,253.96153663012095
413769.0,6.8961501121521,22414.0,22414.0,15.765673637390137,17.0,103.0,0.7152740165124434,0.6277082805775106,0.9953603744506836,253.50742675681906,253.07425098402263,254.559539985826
414048.0,6.9008002281188965,21483.0,21483.0,14.19119930267334,148.0,0.0,0.47462753410010466,0.7161883814821965,0.9955531358718872,253.05392757957225,254.67817171509023,254.43090524144102
414327.0,6.905449867248535,22032.0,22032.0,14.6319580078125,16.0,100.0,0.711514619850463,0.636901862992588,0.9954394698143005,253.4950026211386,253.09638920891263,254.57774039638065
414607.0,6.910116672515869,21027.0,21027.0,12.7093505859375,149.0,0.0,0.4734122342951205,0.7170896796162054,0.9956474900245667,253.094219260393,254.686000652136,254.4320691879537
414886.0,6.914766788482666,21982.0,21982.0,12.69660472869873,148.0,0.0,0.47462753410010466,0.7161883814821965,0.9954498410224915,253.00872285737026,254.67069606410038,254.41768591301457
415165.0,6.919416904449463,21127.0,21127.0,14.034308433532715,12.0,100.0,0.7127986173506914,0.6584616186165145,0.9956268072128296,253.5570353508789,253.1505430409752,254.61912863756788
415445.0,6.924083232879639,20972.0,20972.0,13.870662689208984,16.0,123.0,0.7435801904089961,0.6188752183984364,0.9956588745117188,253.84023547715208,253.20792617940128,254.57809982157528
415724.0,6.9287333488464355,22738.0,22738.0,13.804547309875488,12.0,100.0,0.7127986173506914,0.6584616186165145,0.9952933192253113,253.4469987253939,253.00950839894514,254.5900844059636
416003.0,6.933383464813232,22343.0,22343.0,14.224960327148438,14.0,102.0,0.7148267664920627,0.6451546551233256,0.9953750967979431,253.4995053935308,253.05978633674854,254.58151303020244
416283.0,6.938049793243408,21882.0,21882.0,12.839228630065918,11.0,101.0,0.7144030719219189,0.662605856123391,0.9954705238342285,253.5180668101125,253.07966293241233,254.6103042230442
416562.0,6.942699909210205,20822.0,20822.0,12.537485122680664,149.0,0.0,0.4734122342951205,0.7170896796162054,0.9956899285316467,253.112801294637,254.68906225650284,254.4376067136398
416841.0,6.947350025177002,20400.0,20400.0,13.74188232421875,12.0,102.0,0.7154166763672039,0.6559812639741481,0.9957773089408875,253.63007795409553,253.21686219425243,254.62956536560017
417121.0,6.952016830444336,22065.0,22065.0,13.901382446289062,13.0,101.0,0.7138023403814658,0.651794907395869,0.9954326152801514,253.50557018282058,253.0761823808073,254.5944514120699
417400.0,6.956666469573975,20528.0,20528.0,14.148039817810059,51.0,243.0,0.9068944204298558,0.7683172643414444,0.9957507848739624,254.74896020487546,253.08394008084537,254.014076062708
417679.0,6.9613165855407715,20270.0,20270.0,13.667564392089844,12.0,101.0,0.7141051766636447,0.6571992114550208,0.9958041906356812,253.62719179809153,253.22691054765897,254.6332266765384
417959.0,6.9659833908081055,19775.0,19775.0,11.740169525146484,152.0,5.0,0.4685835209054995,0.6928314215597469,0.99590665102005,253.23301580796945,254.67937621225607,254.40673890382976
418238.0,6.970633506774902,20417.0,20417.0,12.639947891235352,148.0,0.0,0.47462753410010466,0.7161883814821965,0.9957737922668457,253.15049300461075,254.69414105148056,254.4591441068967
418517.0,6.975283145904541,20459.0,20459.0,13.708708763122559,14.0,102.0,0.7148267664920627,0.6451546551233256,0.9957650899887085,253.6260340263988,253.22339411062833,254.616801783613
418797.0,6.979949951171875,21295.0,21295.0,13.979571342468262,13.0,101.0,0.7138023403814658,0.651794907395869,0.9955919981002808,253.5577195972792,253.14331565211438,254.6086033790288
419076.0,6.984600067138672,20845.0,20845.0,13.697942733764648,42.0,243.0,0.8985803996680687,0.7969665672677622,0.9956851601600647,254.7766055301801,253.0228261514529,254.09003177341825
419355.0,6.989250183105469,21232.0,21232.0,13.347021102905273,148.0,0.0,0.47462753410010466,0.7161883814821965,0.9956050515174866,253.0766473216599,254.68192895225826,254.43754923166577
419635.0,6.9939165115356445,20772.0,20772.0,12.367310523986816,10.0,100.0,0.713409573824092,0.6692567908186671,0.9957002997398376,253.58138064313414,253.169787516271,254.6373653510462
419914.0,6.998566627502441,21803.0,21803.0,10.847464561462402,153.0,5.0,0.4673362506479485,0.6939403783831004,0.995486855506897,253.05052558896213,254.64777071955533,254.33473863195843
420193.0,7.003216743469238,21192.0,21192.0,13.94687271118164,149.0,0.0,0.4734122342951205,0.7170896796162054,0.9956133365631104,253.07926489856462,254.68353674862166,254.42761272416416
420473.0,7.007883548736572,20846.0,20846.0,13.300790786743164,149.0,0.0,0.4734122342951205,0.7170896796162054,0.9956849813461304,253.11063513053273,254.68870535599376,254.43696118747133
420752.0,7.012533187866211,20848.0,20848.0,14.668571472167969,149.0,0.0,0.4734122342951205,0.7170896796162054,0.9956845641136169,253.1104524419938,254.68867525595084,254.43690674550533
421031.0,7.017183303833008,20492.0,20492.0,12.152246475219727,42.0,242.0,0.8979177423025153,0.7925159349266417,0.9957582354545593,254.77557486950212,253.06112521232313,254.1112145626042
421311.0,7.021850109100342,20884.0,20884.0,14.265941619873047,14.0,101.0,0.7134944413647996,0.646393002653399,0.99567711353302,253.58552289055734,253.18512164222227,254.61020625961794
421590.0,7.026500225067139,21640.0,21640.0,13.95519733428955,14.0,101.0,0.7134944413647996,0.646393002653399,0.9955205917358398,253.5343079208996,253.119409062354,254.5960927229243
421869.0,7.031149864196777,20284.0,20284.0,13.20332145690918,12.0,102.0,0.7154166763672039,0.6559812639741481,0.9958012700080872,253.6378513842946,253.22698035923105,254.6316673448934
422148.0,7.035799980163574,21059.0,21059.0,11.992106437683105,11.0,101.0,0.7144030719219189,0.662605856123391,0.9956408739089966,253.57380116447476,253.15188531554693,254.62496037804132
422428.0,7.040466785430908,18764.0,18764.0,16.98940658569336,17.0,105.0,0.7180299407271973,0.625401063167957,0.9961159229278564,253.77192484524988,253.39013833436545,254.62898235884134
422707.0,7.045116901397705,20688.0,20688.0,12.720758438110352,148.0,0.0,0.47462753410010466,0.7161883814821965,0.9957176446914673,253.12592125139997,254.69007754124834,254.45195852849065
422986.0,7.049766540527344,20742.0,20742.0,12.77580451965332,148.0,0.0,0.47462753410010466,0.7161883814821965,0.9957064986228943,253.12104341928702,254.68927087838907,254.450532092013
423266.0,7.054433345794678,20755.0,20755.0,12.176267623901367,12.0,102.0,0.7154166763672039,0.6559812639741481,0.9957038164138794,253.60623556744014,253.18582812107175,254.62311825000674
423545.0,7.059083461761475,20809.0,20809.0,10.891613006591797,149.0,0.0,0.4734122342951205,0.7170896796162054,0.9956926107406616,253.1139757209586,254.68925575677883,254.43795669770705
423824.0,7.063733100891113,20198.0,20198.0,14.274927139282227,10.0,101.0,0.7146961440659562,0.6680147845691156,0.995819091796875,253.63215106467888,253.2216767425866,254.64606007381965
424104.0,7.068399906158447,19888.0,19888.0,13.033857345581055,14.0,101.0,0.7134944413647996,0.646393002653399,0.9958832859992981,253.65298388829004,253.27167907320637,254.62879678643566
424383.0,7.073050022125244,20425.0,20425.0,12.816596984863281,148.0,0.0,0.47462753410010466,0.7161883814821965,0.995772123336792,253.14976263402698,254.69402026773693,254.45893052282517
424662.0,7.077700138092041,20135.0,20135.0,14.546470642089844,148.0,0.0,0.47462753410010466,0.7161883814821965,0.9958321452140808,253.17602989037863,254.69836416880258,254.46661192139726
424942.0,7.082366466522217,19673.0,19673.0,12.960132598876953,41.0,243.0,0.8976939121186341,0.8002786904038457,0.9959277510643005,254.79260470293795,253.13054833985532,254.1507792459272
425221.0,7.087016582489014,20138.0,20138.0,13.664804458618164,12.0,102.0,0.7154166763672039,0.6559812639741481,0.9958315491676331,253.6476745249442,253.23976649805977,254.6343235774331
425500.0,7.0916666984558105,20283.0,20283.0,13.812261581420898,148.0,0.0,0.47462753410010466,0.7161883814821965,0.9958015084266663,253.16262237323392,254.69614692436588,254.4626911280844
425780.0,7.0963335037231445,20350.0,20350.0,11.351577758789062,149.0,0.0,0.4734122342951205,0.7170896796162054,0.9957876205444336,253.155576511106,254.69610996655513,254.45035391111108
426059.0,7.100983142852783,20642.0,20642.0,12.097678184509277,147.0,0.0,0.47584582534048675,0.7153289465204828,0.9957271814346313,253.13103121105624,254.68983132060575,254.4639221399738
426338.0,7.10563325881958,20856.0,20856.0,15.137063980102539,12.0,102.0,0.7154166763672039,0.6559812639741481,0.9956828951835632,253.59944831868424,253.17699360388892,254.62128293972833
426618.0,7.110300064086914,21774.0,21774.0,12.979509353637695,12.0,102.0,0.7154166763672039,0.6559812639741481,0.9954928755760193,253.53780231004083,253.09675303186938,254.60461351190045
426897.0,7.114950180053711,20131.0,20131.0,14.948921203613281,16.0,101.0,0.7128629483670311,0.6355966357914823,0.9958329796791077,253.6364309143655,253.26203107337784,254.61278856296707
427176.0,7.11959981918335,20795.0,20795.0,11.489015579223633,148.0,0.0,0.47462753410010466,0.7161883814821965,0.9956955313682556,253.11624384116516,254.6884771566452,254.44912853954304
427456.0,7.124266624450684,21210.0,21210.0,14.693374633789062,149.0,0.0,0.4734122342951205,0.7170896796162054,0.9956096410751343,253.07764680007705,254.68327014824143,254.42713052389377
427735.0,7.1289167404174805,20850.0,20850.0,13.14877700805664,11.0,102.0,0.7157043870313143,0.6613978649172009,0.9956841468811035,253.5998935791672,253.1715609649571,254.62735394440568
428014.0,7.133566856384277,18769.0,18769.0,12.630546569824219,148.0,0.0,0.47462753410010466,0.7161883814821965,0.9961149096488953,253.29977553499847,254.7188283859381,254.5027991655144
428294.0,7.138233184814453,18930.0,18930.0,11.018067359924316,153.0,6.0,0.4670749884229333,0.6885117594540956,0.9960815906524658,253.31284853327506,254.6887626994825,254.41695076037394
428573.0,7.14288330078125,20261.0,20261.0,11.628644943237305,11.0,101.0,0.7144030719219189,0.662605856123391,0.9958060383796692,253.62783891672734,253.2219091866687,254.63917038696258
428852.0,7.147533416748047,19570.0,19570.0,12.76144790649414,149.0,1.0,0.4732059881760778,0.7116215488292706,0.9959490895271301,253.23192545727576,254.7021102015606,254.4657573170303
429132.0,7.152200222015381,19370.0,19370.0,12.017545700073242,21.0,0.0,0.6107550248837421,0.9213349724654379,0.995990514755249,253.03559112330734,253.66760970607376,254.91957140186966
429411.0,7.1568498611450195,20766.0,20766.0,12.641027450561523,149.0,0.0,0.4734122342951205,0.7170896796162054,0.9957015514373779,253.11789047536394,254.6899007576988,254.4391233112645
429690.0,7.161499977111816,19185.0,19185.0,11.325146675109863,152.0,5.0,0.4685835209054995,0.6928314215597469,0.9960287809371948,253.2857358750895,254.68894240287986,254.4244395516063
429970.0,7.16616678237915,19852.0,19852.0,11.836812973022461,148.0,0.0,0.47462753410010466,0.7161883814821965,0.995890736579895,253.20167111480134,254.70260454094512,254.47411024790807
430249.0,7.170816898345947,19215.0,19215.0,13.99992561340332,16.0,106.0,0.7196830194283034,0.6297628975968198,0.9960225820541382,253.75338542027976,253.34702670991763,254.62449013769285
430528.0,7.175466537475586,20451.0,20451.0,13.406559944152832,51.0,246.0,0.9087637269367285,0.782242362817849,0.9957667589187622,254.76493575325446,253.07611129531426,254.00060359171766
430807.0,7.180116653442383,20623.0,20623.0,13.854260444641113,148.0,0.0,0.47462753410010466,0.7161883814821965,0.9957311153411865,253.13181638539749,254.69105243860764,254.45368245706786
431087.0,7.184783458709717,19761.0,19761.0,16.1060791015625,15.0,102.0,0.7145243262086071,0.6397447587916482,0.995909571647644,253.67286930854414,253.289649094743,254.62423244555546
431366.0,7.1894330978393555,19596.0,19596.0,13.710744857788086,149.0,0.0,0.4734122342951205,0.7170896796162054,0.9959437251091003,253.2239281230232,254.70737168261797,254.47072298382446
431645.0,7.194083213806152,20630.0,20630.0,12.393289566040039,42.0,242.0,0.8979177423025153,0.7925159349266417,0.9957296848297119,254.77406430057766,253.0480749625754,254.10523229288574
431925.0,7.198750019073486,21335.0,21335.0,13.825215339660645,149.0,0.0,0.4734122342951205,0.7170896796162054,0.9955837726593018,253.06632011066426,254.68140394557963,254.4237551220008
432204.0,7.203400135040283,20066.0,20066.0,13.322381019592285,11.0,103.0,0.7170103766562232,0.6602342506012931,0.9958464503288269,253.66401286453083,253.24155431645792,254.6401353512438
432483.0,7.208049774169922,20818.0,20818.0,14.462759017944336,43.0,243.0,0.8994742582944024,0.7936793755494883,0.9956907629966736,254.77328346029498,253.02900566800855,254.08107458086974
432763.0,7.212716579437256,19777.0,19777.0,12.574666976928711,10.0,102.0,0.7159874225826393,0.6668165921383045,0.9959062337875366,253.6719770745582,253.25999285094636,254.65218638069732
433042.0,7.217366695404053,19634.0,19634.0,13.148700714111328,11.0,102.0,0.7157043870313143,0.6613978649172009,0.99593585729599,253.6815509846359,253.2781997071539,254.649087513801
433321.0,7.22201681137085,21005.0,21005.0,13.870741844177246,148.0,0.0,0.47462753410010466,0.7161883814821965,0.9956520795822144,253.09722812132372,254.6853324656056,254.443567725681
433601.0,7.226683139801025,19402.0,19402.0,16.006200790405273,50.0,243.0,0.9059404437949544,0.7713935820572154,0.995983898639679,254.7658828307501,253.18590547548618,254.07757728858704
433880.0,7.231333255767822,20116.0,20116.0,12.80863094329834,42.0,242.0,0.8979177423025153,0.7925159349266417,0.995836079120636,254.77969345617296,253.0967068953514,254.12752530217054
434159.0,7.235983371734619,19934.0,19934.0,15.739376068115234,13.0,101.0,0.7138023403814658,0.651794907395869,0.995873749256134,253.64990743652606,253.26199140883418,254.63362071179418
434439.0,7.240650177001953,20914.0,20914.0,15.811392784118652,12.0,101.0,0.7141051766636447,0.6571992114550208,0.9956709146499634,253.58358582116924,253.17059000875742,254.6215764627239
434718.0,7.245299816131592,19570.0,19570.0,13.30809211730957,149.0,0.0,0.4734122342951205,0.7170896796162054,0.9959490895271301,253.2262769756664,254.70775868316997,254.47142295195894
434997.0,7.249949932098389,20909.0,20909.0,12.607288360595703,148.0,0.0,0.47462753410010466,0.7161883814821965,0.9956719279289246,253.1059143143377,254.68676892941383,254.44610785053158
435277.0,7.254616737365723,20126.0,20126.0,13.864485740661621,149.0,0.0,0.4734122342951205,0.7170896796162054,0.9958339929580688,253.17588103728835,254.69945537132676,254.45640474676247
435556.0,7.2592668533325195,20510.0,20510.0,14.59643840789795,147.0,0.0,0.47584582534048675,0.7153289465204828,0.9957545399665833,253.14299807591303,254.69181730704443,254.46735460569585
435835.0,7.263916492462158,20586.0,20586.0,12.870499610900879,12.0,102.0,0.7154166763672039,0.6559812639741481,0.9957388043403625,253.61758632248208,253.2006026555057,254.6261875580792
436115.0,7.268583297729492,20949.0,20949.0,12.068726539611816,10.0,100.0,0.713409573824092,0.6692567908186671,0.9956636428833008,253.56928628234186,253.15418414106142,254.63427372942198
436394.0,7.273233413696289,19916.0,19916.0,12.129544258117676,148.0,0.0,0.47462753410010466,0.7161883814821965,0.9958774447441101,253.19585423479495,254.7016425847012,254.47240920333846
436673.0,7.277883529663086,20257.0,20257.0,11.658931732177734,152.0,5.0,0.4685835209054995,0.6928314215597469,0.995806872844696,253.18994436221104,254.67156078858395,254.39227775967268
436953.0,7.282549858093262,19899.0,19899.0,10.431020736694336,152.0,7.0,0.4680758513574723,0.6819584164849691,0.9958810210227966,253.2333724037019,254.66594831792438,254.3915457193603
437232.0,7.287199974060059,20341.0,20341.0,14.197617530822754,148.0,0.0,0.47462753410010466,0.7161883814821965,0.9957895278930664,253.15737935582905,254.69527986963482,254.46115789957102
437511.0,7.2918500900268555,21150.0,21150.0,11.970025062561035,26.0,119.0,0.7367027802195831,0.5648828698681801,0.9956220388412476,253.78299335464118,253.25299591231865,254.5142438967176
437791.0,7.2965168952941895,21450.0,21450.0,14.14459228515625,12.0,102.0,0.7154166763672039,0.6559812639741481,0.9955599308013916,253.5595563124636,253.12506879207075,254.61049591663897
438070.0,7.301166534423828,19678.0,19678.0,12.677984237670898,148.0,0.0,0.47462753410010466,0.7161883814821965,0.9959267377853394,253.2174262516796,254.70521001884347,254.47871756145076
438349.0,7.305816650390625,19510.0,19510.0,13.25727367401123,152.0,6.0,0.46833169367405686,0.6873940448218864,0.9959614872932434,253.26228661571372,254.67807190384042,254.40905877066345
438629.0,7.310483455657959,19553.0,19553.0,14.00274658203125,50.0,247.0,0.9084309910363318,0.7899113971697715,0.9959526062011719,254.78317061638364,253.152658546214,254.0484847924264
438908.0,7.315133571624756,20683.0,20683.0,13.609728813171387,148.0,0.0,0.47462753410010466,0.7161883814821965,0.9957187175750732,253.12639077534666,254.6901551879407,254.45209583253663
439187.0,7.3197832107543945,20815.0,20815.0,13.634475708007812,148.0,0.0,0.47462753410010466,0.7161883814821965,0.9956913590431213,253.11441791470577,254.6881751972861,254.44859457936423
439466.0,7.324433326721191,20763.0,20763.0,13.420595169067383,148.0,0.0,0.47462753410010466,0.7161883814821965,0.9957021474838257,253.11913923883648,254.68895597791462,254.44997524782656
439746.0,7.329100131988525,20144.0,20144.0,15.155645370483398,148.0,0.0,0.47462753410010466,0.7161883814821965,0.9958302974700928,253.17522126580377,254.69823044394354,254.46637545331808
440025.0,7.333749771118164,18350.0,18350.0,11.621992111206055,22.0,0.0,0.6100169152605214,0.9177894979111336,0.9962016344070435,253.14246126093326,253.7467705667109,254.9203722866589
440304.0,7.338399887084961,19281.0,19281.0,12.690092086791992,12.0,104.0,0.718053889106521,0.6536797330399335,0.9960089325904846,253.72724649887124,253.3170134414805,254.64754217966666
440584.0,7.343066692352295,18833.0,18833.0,14.503171920776367,16.0,105.0,0.7183091161031061,0.6308364549021604,0.9961016774177551,253.76744863550132,253.37883072207626,254.63302476097886
440863.0,7.347716808319092,18657.0,18657.0,14.962376594543457,17.0,124.0,0.7449605780304723,0.6131332104182587,0.9961380958557129,253.97870052134618,253.41140971319663,254.61901917321694
441142.0,7.3523664474487305,19858.0,19858.0,10.418425559997559,153.0,6.0,0.4670749884229333,0.6885117594540956,0.9958894848823547,253.23013345604272,254.6735038339582,254.38836591554102
441422.0,7.3570332527160645,19037.0,19037.0,13.908918380737305,16.0,124.0,0.7450057448419429,0.6186763909668086,0.9960594177246094,253.95789381506904,253.37347548856155,254.61682755098923
441701.0,7.361683368682861,19984.0,19984.0,12.767555236816406,50.0,245.0,0.9072004872508085,0.7806285975448777,0.9958633780479431,254.76859857744242,253.12172422700857,254.03869905068498
441980.0,7.366333484649658,20181.0,20181.0,13.391326904296875,12.0,103.0,0.7167329654327685,0.6548080242598897,0.9958226084709167,253.65631037174606,253.23724083918543,254.6322894809821
442260.0,7.370999813079834,20293.0,20293.0,12.712934494018555,150.0,0.0,0.4722000561071075,0.718032683278453,0.9957994222640991,253.159733891073,254.69797146361756,254.4413939543535
442539.0,7.375649929046631,19943.0,19943.0,11.735002517700195,148.0,0.0,0.47462753410010466,0.7161883814821965,0.995871901512146,253.19342836107035,254.7012414101241,254.47169979910092
442818.0,7.380300045013428,20088.0,20088.0,15.383075714111328,13.0,106.0,0.7204589973923881,0.6461074408078596,0.9958418607711792,253.69681760791147,253.25459029925835,254.62475869404304
443098.0,7.384966850280762,20258.0,20258.0,12.097967147827148,153.0,6.0,0.4670749884229333,0.6885117594540956,0.9958066940307617,253.19448615778776,254.6669277979007,254.37604684961707
443377.0,7.3896164894104,20802.0,20802.0,14.573083877563477,44.0,240.0,0.8983788177439326,0.7769952673735879,0.995694100856781,254.75513984877682,253.0488515881815,254.08922177004956
443656.0,7.394266605377197,21105.0,21105.0,12.163711547851562,149.0,1.0,0.4732059881760778,0.7116215488292706,0.9956313371658325,253.09323815113473,254.67874380343986,254.4238514602713
443936.0,7.398933410644531,20628.0,20628.0,12.992654800415039,11.0,100.0,0.7131065793175224,0.6638579819682754,0.9957301020622253,253.59116641168586,253.18835153968118,254.63400051205375
444215.0,7.403583526611328,19393.0,19393.0,14.903294563293457,14.0,101.0,0.7134944413647996,0.646393002653399,0.995985746383667,253.6865096052899,253.31469503847427,254.6380356171959
444494.0,7.408233165740967,19936.0,19936.0,14.948867797851562,14.0,102.0,0.7148267664920627,0.6451546551233256,0.9958733320236206,253.6611518618395,253.26880320697035,254.62659612507616
444774.0,7.412899971008301,20053.0,20053.0,12.140743255615234,148.0,0.0,0.47462753410010466,0.7161883814821965,0.9958491325378418,253.18346401953474,254.69959357476458,254.4687859021252
445053.0,7.417550086975098,18389.0,18389.0,14.965259552001953,148.0,0.0,0.47462753410010466,0.7161883814821965,0.996193528175354,253.33418120642634,254.7245181630042,254.5128605008834
445332.0,7.4222002029418945,18830.0,18830.0,13.454634666442871,148.0,0.0,0.47462753410010466,0.7161883814821965,0.9961022734642029,253.2942455862929,254.71791388045057,254.5011820289729
445612.0,7.42686653137207,19833.0,19833.0,15.272401809692383,43.0,243.0,0.8994742582944024,0.7936793755494883,0.9958946704864502,254.7840113920533,253.1222705560363,254.12455693641482
445891.0,7.431516647338867,19133.0,19133.0,13.854456901550293,45.0,244.0,0.9019322497871735,0.7917005092019741,0.9960395693778992,254.78963630110923,253.19054408161935,254.1314603397086
446170.0,7.436166763305664,18509.0,18509.0,11.62131118774414,149.0,0.0,0.4734122342951205,0.7170896796162054,0.9961687326431274,253.32244944222424,254.72360420577076,254.50008275835407
446450.0,7.440833568572998,20540.0,20540.0,14.068192481994629,12.0,101.0,0.7141051766636447,0.6571992114550208,0.9957482814788818,253.60889912977618,253.20328413196592,254.62833942226382
446729.0,7.445483207702637,21749.0,21749.0,9.863707542419434,148.0,2.0,0.47423016850573696,0.7052393585615333,0.9954980611801147,253.04239476729637,254.66161643456215,254.41125401745836
447008.0,7.450133323669434,27590.0,27590.0,5.279839515686035,118.0,22.0,0.5142929393553857,0.5874635460317398,0.994288980960846,252.68816119348566,254.2524828154938,254.39921909654578
447288.0,7.454800128936768,52949.0,52949.0,2.0244059562683105,120.0,24.0,0.5115128437252895,0.5755094027592944,0.9890397787094116,250.59667741659064,253.59139349154552,253.8136097252093
447567.0,7.459449768066406,120857.0,120857.0,1.2934067249298096,124.0,25.0,0.5054324483264524,0.5687896996381492,0.9749830961227417,244.99220341453247,252.01263684937854,252.2491756080658
447846.0,7.464099884033203,255240.0,255240.0,0.8638393878936768,125.0,24.0,0.5038435749093568,0.5741717535845691,0.9471664428710938,233.79188121520113,248.90621811795708,249.26300464905668
448125.0,7.46875,481578.0,481578.0,0.7658642530441284,125.0,23.0,0.5038068083827772,0.5797160874275434,0.9003154039382935,214.8442931828145,243.64339112689876,244.31656282571515
448405.0,7.473416805267334,773113.0,773113.0,0.8271234035491943,125.0,24.0,0.5038435749093568,0.5741717535845691,0.8399689197540283,190.76131641419727,236.54213817200824,237.62283266035718
448684.0,7.478066444396973,1062494.0,1062494.0,0.8532578349113464,125.0,23.0,0.5038068083827772,0.5797160874275434,0.7800682783126831,166.40543188430166,229.94418756088945,231.42939005516672
448963.0,7.4827165603637695,1229946.0,1229946.0,0.7936598062515259,125.0,23.0,0.5038068083827772,0.5797160874275434,0.745406448841095,152.4426902271375,225.99532428926332,227.71459868182095
449243.0,7.4873833656311035,1194774.0,1194774.0,0.8367427587509155,125.0,24.0,0.5038435749093568,0.5741717535845691,0.7526869177818298,155.72511657845564,226.47509913185965,228.14521149027757
449522.0,7.4920334815979,877373.0,877373.0,0.9156861305236816,125.0,24.0,0.5038435749093568,0.5741717535845691,0.8183875679969788,182.09826405746662,234.0529616434199,235.27939562099255
449801.0,7.496683120727539,505941.0,505941.0,0.9475609064102173,124.0,24.0,0.5053800010728362,0.5743324359814416,0.8952723741531372,212.95659492991862,242.64210341818847,243.63231588818135
450081.0,7.501349925994873,241262.0,241262.0,1.0672589540481567,124.0,25.0,0.5054324483264524,0.5687896996381492,0.9500597715377808,235.0218424176781,249.03644835613446,249.5086410665901
450360.0,7.50600004196167,115101.0,115101.0,1.4178588390350342,120.0,24.0,0.5115128437252895,0.5755094027592944,0.9761745929718018,245.4280260366391,251.9379611490768,252.4210163789798
450639.0,7.510650157928467,69614.0,69614.0,1.685570240020752,120.0,23.0,0.5114030514254516,0.5810409727999222,0.9855902194976807,249.19047438727884,253.16838705708435,253.4605375565383
450919.0,7.515316486358643,50217.0,50217.0,2.6112494468688965,120.0,25.0,0.5116247670142178,0.5699781119117111,0.9896053075790405,250.83854290685497,253.649410114075,253.8601639584557
451198.0,7.5199666023254395,42625.0,42625.0,3.4816465377807617,119.0,25.0,0.5131680849274756,0.5704096479499912,0.9911767840385437,251.46670381468658,253.8306607768337,254.0334560449707
451477.0,7.524616718292236,41721.0,41721.0,3.6835694313049316,119.0,25.0,0.5131680849274756,0.5704096479499912,0.9913639426231384,251.54165230465736,253.85546487036092,254.05395843314324
451757.0,7.52928352355957,42124.0,42124.0,5.437519073486328,118.0,26.0,0.5148530044452759,0.5653726999851553,0.9912804961204529,251.5194353007333,253.80955874473787,254.03361772069766
452036.0,7.533933162689209,44702.0,44702.0,5.038758277893066,145.0,8.0,0.4768572923434007,0.6698080543565388,0.9907468557357788,251.0600014207675,254.2208950044797,253.78198518763085
452315.0,7.538583278656006,41142.0,41142.0,5.9595866203308105,19.0,0.0,0.6122142548158723,0.9284846869592002,0.9914838075637817,250.81204659036658,252.12957126995715,254.8446952671621
452595.0,7.54325008392334,37625.0,37625.0,5.891262531280518,19.0,0.0,0.6122142548158723,0.9284846869592002,0.9922117590904236,251.17002665022082,252.37493126995724,254.8579704858952
452874.0,7.547900199890137,31989.0,31989.0,6.330171585083008,19.0,0.0,0.6122142548158723,0.9284846869592002,0.9933784008026123,251.7437385728874,252.76815417014572,254.87924583644488
453153.0,7.552549839019775,31466.0,31466.0,7.086956024169922,19.0,0.0,0.6122142548158723,0.9284846869592002,0.9934867024421692,251.79699737651916,252.80465782362973,254.88122086898713
453433.0,7.557216644287109,28562.0,28562.0,8.113534927368164,19.0,0.0,0.6122142548158723,0.9284846869592002,0.994087815284729,252.092602789082,253.00726615901016,254.89218300612978
453712.0,7.561866760253906,26140.0,26140.0,7.174181938171387,151.0,8.0,0.4690960954395591,0.6754325653437191,0.9945891499519348,252.68829383393637,254.55217264155038,254.206565844854
453991.0,7.566516876220703,28460.0,28460.0,7.458975315093994,151.0,7.0,0.46934623843601414,0.6808751181873994,0.9941089153289795,252.47494470112338,254.52060211665616,254.14435954871212
454271.0,7.571183204650879,26679.0,26679.0,8.364367485046387,146.0,1.0,0.4768882152295293,0.7090235120489419,0.9944775700569153,252.5933195328244,254.59024119620238,254.31332665407749
454550.0,7.575833320617676,26131.0,26131.0,7.248412609100342,151.0,7.0,0.46934623843601414,0.6808751181873994,0.9945909976959229,252.68157636627893,254.55983245864172,254.21437877217338
454829.0,7.580483436584473,23050.0,23050.0,9.29244613647461,147.0,0.0,0.47584582534048675,0.7153289465204828,0.9952287673950195,252.91302048353415,254.6536508879258,254.40138994309382
455109.0,7.585149765014648,25051.0,25051.0,8.677912712097168,152.0,6.0,0.46833169367405686,0.6873940448218864,0.9948145747184753,252.768786786322,254.5866463201004,254.24123512466105
455388.0,7.589799880981445,23992.0,23992.0,10.373889923095703,147.0,0.0,0.47584582534048675,0.7153289465204828,0.9950337409973145,252.82771420507777,254.6394937035526,254.3769214728485
455667.0,7.594449996948242,24542.0,24542.0,8.925972938537598,147.0,1.0,0.47565783576225806,0.7098472524960574,0.9949198961257935,252.78501857881483,254.62412844533984,254.3555209588066
455947.0,7.599116802215576,23333.0,23333.0,10.603761672973633,146.0,0.0,0.4770669757910647,0.714511525793754,0.9951701760292053,252.88839883930197,254.64839093559274,254.40621928748212
456226.0,7.603766441345215,23570.0,23570.0,8.316340446472168,148.0,1.0,0.47443038172446034,0.7107133162648538,0.9951211214065552,252.87167754254736,254.64009437479578,254.36878791467998
456505.0,7.608416557312012,22998.0,22998.0,9.6411771774292,148.0,0.0,0.47462753410010466,0.7161883814821965,0.9952394962310791,252.91667007915282,254.65547299869752,254.39076669200082
456784.0,7.613066673278809,22817.0,22817.0,10.58430004119873,147.0,0.0,0.47584582534048675,0.7153289465204828,0.9952769875526428,252.93411240873928,254.65715124310856,254.40743975740565
457064.0,7.617733478546143,22135.0,22135.0,10.624802589416504,148.0,0.0,0.47462753410010466,0.7161883814821965,0.995418131351471,252.99484581627883,254.66840117297136,254.41362781565576
457343.0,7.622383117675781,22406.0,22406.0,10.689739227294922,148.0,0.0,0.47462753410010466,0.7161883814821965,0.9953620433807373,252.97030014773173,254.6643419764443,254.40644986525223
457622.0,7.627033233642578,22168.0,22168.0,10.252629280090332,148.0,0.0,0.47462753410010466,0.7161883814821965,0.9954113364219666,252.99187216461635,254.6679094105866,254.4127582233646
457902.0,7.631700038909912,23754.0,23754.0,12.228471755981445,147.0,0.0,0.47584582534048675,0.7153289465204828,0.9950830340385437,252.84927541910082,254.64307194055647,254.38310589365926
458181.0,7.636350154876709,32300.0,32300.0,8.88267707824707,31.0,189.0,0.8403044285613633,0.6346280701241205,0.9933140277862549,254.3770690244377,252.2130851465523,254.28655699832973
458460.0,7.640999794006348,72215.0,72215.0,2.320075035095215,34.0,195.0,0.8495179571047724,0.6395524194257943,0.9850518107414246,253.62605014368418,248.75037333444234,253.1525841749519
458740.0,7.645666599273682,192707.0,192707.0,1.0636237859725952,34.0,198.0,0.8528241225585186,0.6494311828109488,0.9601104855537415,251.43407492609407,238.22227270631407,249.8890242119907
459019.0,7.6503167152404785,441030.0,441030.0,0.8272562623023987,35.0,199.0,0.8547307051278468,0.648388414118609,0.9087086915969849,246.8147341601833,216.626698554279,242.93906643055
459298.0,7.654966831207275,827682.0,827682.0,0.9116525650024414,35.0,197.0,0.8525539406066636,0.6416649814984088,0.8286733627319336,239.34495489750665,183.27846009577948,232.87916243084936
459578.0,7.659633159637451,1298186.0,1298186.0,0.7891036868095398,35.0,198.0,0.8536479953292545,0.6450116158809076,0.731281042098999,230.6750122949021,142.2783191755874,219.9005186412458
459857.0,7.664283275604248,1663971.0,1663971.0,0.7792661190032959,35.0,198.0,0.8536479953292545,0.6450116158809076,0.6555651426315308,223.82105476986166,110.51716797221903,210.0106737911523
460136.0,7.668933391571045,1662989.0,1662989.0,0.7927756309509277,35.0,198.0,0.8536479953292545,0.6450116158809076,0.6557683944702148,223.8394535405165,110.60242763929308,210.03722210087614
460416.0,7.673600196838379,1293941.0,1293941.0,0.8045872449874878,35.0,198.0,0.8536479953292545,0.6450116158809076,0.7321597337722778,230.75455325589732,142.64691096796437,220.015291421876
460695.0,7.678249835968018,756708.0,756708.0,0.8390928506851196,35.0,198.0,0.8536479953292545,0.6450116158809076,0.8433647155761719,240.82105483901944,189.29495010482822,234.54064242917028
460974.0,7.6828999519348145,378565.0,378565.0,0.9021797180175781,35.0,198.0,0.8536479953292545,0.6450116158809076,0.9216386675834656,247.90657249314904,222.1291479744184,244.76461449580873
461254.0,7.687566757202148,185384.0,185384.0,1.0558182001113892,35.0,198.0,0.8536479953292545,0.6450116158809076,0.9616262912750244,251.52633368250136,238.9030748677611,249.98771026585047
461533.0,7.692216873168945,110836.0,110836.0,1.321708083152771,34.0,198.0,0.8528241225585186,0.6494311828109488,0.9770573973655701,252.94904492745843,245.3502277289823,252.06040326120117
461812.0,7.696866512298584,76538.0,76538.0,2.0298714637756348,34.0,196.0,0.8506312852846405,0.6428143617945501,0.9841569662094116,253.55697944542155,248.36307332137838,253.01791581398174
462092.0,7.701533317565918,61403.0,61403.0,2.0377883911132812,34.0,198.0,0.8528241225585186,0.6494311828109488,0.9872898459434509,253.86377516315682,249.65404626800316,253.37146953161312
462371.0,7.706183433532715,52266.0,52266.0,2.908576726913452,33.0,194.0,0.8475949807136545,0.6408495898784412,0.9891811609268188,254.0091744250061,250.4732176476715,253.7066030127437
462650.0,7.710833549499512,46907.0,46907.0,2.5829520225524902,35.0,199.0,0.8547307051278468,0.648388414118609,0.9902904629707336,254.12943364317618,250.91870247189797,253.71722639155175
462930.0,7.7154998779296875,42624.0,42624.0,3.6689529418945312,32.0,194.0,0.8468079116695326,0.6453929834118847,0.9911770224571228,254.20218411530453,251.2980973378281,253.96739604663517
463209.0,7.720149993896484,38987.0,38987.0,3.698272705078125,32.0,194.0,0.8468079116695326,0.6453929834118847,0.991929829120636,254.27025649918366,251.6139563523407,254.05550135270508
463488.0,7.724800109863281,35816.0,35816.0,4.049224853515625,32.0,194.0,0.8468079116695326,0.6453929834118847,0.9925862550735474,254.32961367762073,251.88937640988843,254.1323266682829
463768.0,7.729466438293457,36732.0,36732.0,4.485126972198486,31.0,193.0,0.8449082044667482,0.6468211090380942,0.9923966526985168,254.31523784927833,251.80705502696526,254.1410464915944
464047.0,7.734116554260254,32983.0,32983.0,4.950657367706299,33.0,193.0,0.8464629704399187,0.6376740702862373,0.9931726455688477,254.36919947685305,252.14884976325925,254.1942851609179
464326.0,7.738766670227051,32702.0,32702.0,5.179883003234863,32.0,192.0,0.8445411203190614,0.6391194442163327,0.9932308197021484,254.3770692852374,252.1706487628583,254.22869473794285
464606.0,7.743433475494385,31998.0,31998.0,5.461809158325195,30.0,191.0,0.8418763223955225,0.6452976626590978,0.9933765530586243,254.40091521160335,252.22112684829503,254.28918376272955
464885.0,7.748083114624023,32771.0,32771.0,6.301239013671875,32.0,191.0,0.843391072458676,0.6360320091374673,0.9932165145874023,254.37041225304958,252.17001018652562,254.23762583331379
465164.0,7.75273323059082,29782.0,29782.0,7.332898139953613,32.0,190.0,0.8422298663035451,0.6329781071423337,0.9938352704048157,254.42303936513002,252.43294854132597,254.3168099133639
465443.0,7.757383346557617,29845.0,29845.0,6.911838531494141,31.0,191.0,0.8426282205949045,0.6406575822070394,0.9938222169876099,254.4339154315105,252.41541523217052,254.32134504076856
465723.0,7.762050151824951,28739.0,28739.0,7.791360855102539,31.0,189.0,0.8403044285613633,0.6346280701241205,0.9940511584281921,254.4457473699676,252.5203434284104,254.36521432459347
466002.0,7.76669979095459,28793.0,28793.0,8.166767120361328,32.0,190.0,0.8422298663035451,0.6329781071423337,0.9940399527549744,254.44219570554543,252.5181801994915,254.3394933012366
466281.0,7.771349906921387,27267.0,27267.0,9.460914611816406,33.0,189.0,0.8418217300320936,0.6253026948667441,0.9943558573722839,254.46071451673984,252.66077274312497,254.36904279788516
466561.0,7.776016712188721,27772.0,27772.0,9.993844985961914,33.0,188.0,0.8406329020818938,0.6222949921746593,0.9942513108253479,254.4463162841272,252.62185223680024,254.36640947967075
466840.0,7.780666828155518,26573.0,26573.0,11.369901657104492,32.0,188.0,0.8398738322318529,0.6269728570485219,0.9944995045661926,254.4767823053948,252.71796502336343,254.40776105041988
467119.0,7.785316467285156,25984.0,25984.0,8.947036743164062,32.0,190.0,0.8422298663035451,0.6329781071423337,0.9946213960647583,254.49661332370275,252.760298669324,254.4039302402867
467399.0,7.78998327255249,26442.0,26442.0,11.640953063964844,32.0,188.0,0.8398738322318529,0.6269728570485219,0.9945266246795654,254.47936202268886,252.7292165638895,254.4106810760157
467678.0,7.794633388519287,26232.0,26232.0,13.504447937011719,32.0,188.0,0.8398738322318529,0.6269728570485219,0.9945700764656067,254.48349524006764,252.74724375739177,254.41535953460766
467957.0,7.799283504486084,25323.0,25323.0,11.93093490600586,33.0,188.0,0.8406329020818938,0.6222949921746593,0.9947582483291626,254.49514185675773,252.8315647911152,254.4222814858026
468237.0,7.80394983291626,24936.0,24936.0,10.573677062988281,34.0,188.0,0.8414034525638553,0.6176314968472152,0.9948383569717407,254.49671932177625,252.87084273381151,254.41799321426228
468516.0,7.808599948883057,25292.0,25292.0,12.43513298034668,36.0,187.0,0.8417635310062532,0.6053078055071817,0.9947646856307983,254.47308388210382,252.85690578960333,254.39133567733728
468795.0,7.8132500648498535,24137.0,24137.0,16.64046859741211,11.0,108.0,0.7236050166566205,0.655089793423112,0.9950037598609924,253.46160411345323,252.89134735481164,254.5605701742945
469075.0,7.8179168701171875,26128.0,26128.0,15.31773567199707,11.0,107.0,0.7222779968173761,0.6560281499197426,0.9945915937423706,253.319876279931,252.71609938274673,254.52561342586228
469354.0,7.822566509246826,23846.0,23846.0,14.136270523071289,32.0,187.0,0.8386789413914171,0.6240224958730514,0.9950639605522156,254.52676085307823,252.9558590285517,254.47637630036834
469633.0,7.827216625213623,23837.0,23837.0,14.571102142333984,11.0,107.0,0.7222779968173761,0.6560281499197426,0.9950658679008484,253.46720975036885,252.91637927883752,254.56721335059515
469913.0,7.831883430480957,24814.0,24814.0,13.738929748535156,34.0,188.0,0.8414034525638553,0.6176314968472152,0.9948636293411255,254.49918347807971,252.88126748589428,254.4208428283083
470192.0,7.836533546447754,24095.0,24095.0,15.891042709350586,9.0,108.0,0.724042578049723,0.6660319931632075,0.9950124621391296,253.46432348241777,252.88110360095268,254.57525209000343
470471.0,7.841183185577393,23785.0,23785.0,16.140827178955078,33.0,187.0,0.8394325942630924,0.619322346735289,0.995076596736908,254.5220714519312,252.96699288389186,254.4651624722147
470751.0,7.845849990844727,24521.0,24521.0,16.18206787109375,11.0,106.0,0.7209548594660253,0.6570119818763613,0.9949242472648621,253.40928956580458,252.85530130971284,254.5560647953668
471030.0,7.850500106811523,23016.0,23016.0,16.49846076965332,148.0,0.0,0.47462753410010466,0.7161883814821965,0.995235800743103,252.91505283000305,254.6552055489795,254.39029375584246
471309.0,7.85515022277832,22961.0,22961.0,16.18994903564453,16.0,103.0,0.7155757958973722,0.6331238650749862,0.9952471852302551,253.47105730876405,253.0207065171784,254.5553579502517
471589.0,7.859816551208496,22329.0,22329.0,13.938955307006836,11.0,108.0,0.7236050166566205,0.655089793423112,0.9953780174255371,253.57684202872264,253.04930197298492,254.593486914039
471868.0,7.864466667175293,24065.0,24065.0,12.819574356079102,32.0,188.0,0.8398738322318529,0.6269728570485219,0.9950186610221863,254.52616546502347,252.93335165629153,254.4636586832541
472147.0,7.86911678314209,22791.0,22791.0,14.364995956420898,34.0,185.0,0.8377511225914054,0.6087532718136862,0.9952823519706726,254.52933008916673,253.0646694158763,254.49050671603166
472427.0,7.873783111572266,23633.0,23633.0,14.645580291748047,36.0,187.0,0.8417635310062532,0.6053078055071817,0.9951080679893494,254.5076441179487,252.99747055661948,254.43125774809414
472706.0,7.8784332275390625,22678.0,22678.0,15.834014892578125,10.0,108.0,0.723825609406847,0.6605602692268479,0.9953057765960693,253.55461728824562,253.0122645757423,254.59368148825305
472985.0,7.883083343505859,22483.0,22483.0,14.634504318237305,10.0,102.0,0.7159874225826393,0.6668165921383045,0.9953461289405823,253.49027835538323,253.021926877625,254.60459888207197
473265.0,7.887750148773193,23931.0,23931.0,14.279932022094727,33.0,185.0,0.8369974295574463,0.6134842600522,0.9950463771820068,254.51176343682565,252.96188892599784,254.4776901007678
473544.0,7.892399787902832,23758.0,23758.0,13.601523399353027,11.0,102.0,0.7157043870313143,0.6613978649172009,0.9950821995735168,253.40461578190735,252.91654210219474,254.57537968029885
473823.0,7.897049903869629,23031.0,23031.0,13.308525085449219,12.0,102.0,0.7154166763672039,0.6559812639741481,0.9952327013015747,253.4533967806404,252.98688788228807,254.58178978151503
474102.0,7.901700019836426,21315.0,21315.0,16.946807861328125,15.0,103.0,0.7158724553305649,0.6385416872463404,0.9955878853797913,253.580697329088,253.15649439779915,254.5933271458944
474382.0,7.90636682510376,22579.0,22579.0,13.318923950195312,51.0,246.0,0.9087637269367285,0.782242362817849,0.9953262209892273,254.74047347610517,252.87589922840075,253.89660005966257
474661.0,7.911016464233398,22555.0,22555.0,14.919201850891113,11.0,107.0,0.7222779968173761,0.6560281499197426,0.9953312277793884,253.549643910277,253.02843735316154,254.59048881432656
474940.0,7.915666580200195,22216.0,22216.0,16.041126251220703,11.0,108.0,0.7236050166566205,0.655089793423112,0.9954013824462891,253.58403636902932,253.05916313086416,254.59554191674326
475220.0,7.920333385467529,21962.0,21962.0,13.579339027404785,11.0,107.0,0.7222779968173761,0.6560281499197426,0.995453953742981,253.5877687834241,253.08026295402252,254.60125345489777
475499.0,7.924983501434326,21502.0,21502.0,16.768596649169922,50.0,245.0,0.9072004872508085,0.7806285975448777,0.995549201965332,254.75102365923806,252.97906934308128,253.96568832600033
475778.0,7.929633140563965,21517.0,21517.0,16.54212760925293,16.0,106.0,0.7196830194283034,0.6297628975968198,0.9955461025238037,253.604045738723,253.14900680161674,254.57950548552316
476058.0,7.934299945831299,22153.0,22153.0,14.211416244506836,11.0,106.0,0.7209548594660253,0.6570119818763613,0.9954144358634949,253.5629117296998,253.06242464694785,254.59893764343454
476337.0,7.938950061798096,21540.0,21540.0,15.02726936340332,51.0,246.0,0.9087637269367285,0.782242362817849,0.9955413341522217,254.75241832230077,252.9736620953323,253.94738462835244
476616.0,7.943600177764893,22118.0,22118.0,13.201803207397461,25.0,119.0,0.7368319150725244,0.5704096479499912,0.9954216480255127,253.72729012175895,253.1665785313263,254.49846196168517
476896.0,7.948266506195068,21829.0,21829.0,13.961980819702148,26.0,117.0,0.7335940524617486,0.5659164584181102,0.9954814910888672,253.7194082556791,253.1957200947798,254.49984036054246
477175.0,7.952916622161865,21439.0,21439.0,17.131988525390625,11.0,107.0,0.7222779968173761,0.6560281499197426,0.9955621957778931,253.62139421792395,253.1259721775114,254.61074766921408
477454.0,7.957566738128662,22655.0,22655.0,15.963485717773438,50.0,244.0,0.9065742143680213,0.7760050099522378,0.9953104853630066,254.73214091496723,252.87620662016613,253.91655933760487
477734.0,7.962233543395996,22937.0,22937.0,10.718962669372559,148.0,0.0,0.47462753410010466,0.7161883814821965,0.9952521324157715,252.92220002785842,254.65638750418503,254.3923838285423
478013.0,7.966883182525635,21367.0,21367.0,13.376489639282227,11.0,101.0,0.7144030719219189,0.662605856123391,0.9955770969390869,253.55293490864287,253.12484614481426,254.61947329412007
478292.0,7.971533298492432,22184.0,22184.0,17.875362396240234,11.0,102.0,0.7157043870313143,0.6613978649172009,0.9954079985618591,253.51030827025497,253.05456894681888,254.60351031972928
478572.0,7.976200103759766,22659.0,22659.0,17.71092414855957,11.0,106.0,0.7209548594660253,0.6570119818763613,0.9953097105026245,253.53009143033648,253.01817419661688,254.58977815972162
478851.0,7.9808502197265625,22176.0,22176.0,15.036908149719238,42.0,243.0,0.8985803996680687,0.7969665672677622,0.9954096674919128,254.76234230354268,252.89658811733287,254.03193238063102
479130.0,7.985499858856201,20819.0,20819.0,13.690494537353516,10.0,105.0,0.7198880404046373,0.6634872280662207,0.9956905841827393,253.63764095236465,253.17199216602785,254.63020576716917
479410.0,7.990166664123535,22419.0,22419.0,16.364418029785156,14.0,102.0,0.7148267664920627,0.6451546551233256,0.9953593611717224,253.49440015754163,253.05318501437284,254.5800891832056
479689.0,7.994816780090332,21066.0,21066.0,15.802199363708496,14.0,107.0,0.7215605620374639,0.6396485963381656,0.995639443397522,253.6453267476883,253.1768059693109,254.59931016342532
479968.0,7.999466896057129,21296.0,21296.0,14.787945747375488,12.0,105.0,0.7193792889896024,0.6525966234521723,0.9955918192863464,253.6063629413264,253.14233913644753,254.60948869958915
480248.0,8.004133224487305,21111.0,21111.0,14.450401306152344,11.0,102.0,0.7157043870313143,0.6613978649172009,0.9956300854682922,253.58235550984207,253.14865749842323,254.6226860904058
480527.0,8.008783340454102,21855.0,21855.0,12.436182022094727,24.0,120.0,0.7384871562747103,0.5755094027592944,0.9954761266708374,253.75469169925037,253.18251173341812,254.51031286870895
480806.0,8.013433456420898,21516.0,21516.0,16.133426666259766,16.0,106.0,0.7196830194283034,0.6297628975968198,0.995546281337738,253.60410178313688,253.14908111481725,254.57952236742915
481086.0,8.018099784851074,21752.0,21752.0,15.27064323425293,13.0,105.0,0.7191184934893133,0.6471538848769007,0.9954974055290222,253.5764850999328,253.10880117640144,254.5948756433999
481365.0,8.022749900817871,21297.0,21297.0,16.332759857177734,49.0,246.0,0.9068822971100216,0.7883133314214165,0.9955916404724121,254.76203630971565,252.98970033121452,253.97991546161825
481644.0,8.027400016784668,21590.0,21590.0,15.772037506103516,12.0,103.0,0.7167329654327685,0.6548080242598897,0.9955309629440308,253.5625003788653,253.11417341286216,254.60661768859353
481924.0,8.032066345214844,21395.0,21395.0,16.680747985839844,12.0,104.0,0.718053889106521,0.6536797330399335,0.9955713152885437,253.5876901105547,253.13247533140344,254.60889546575385
482203.0,8.03671646118164,21295.0,21295.0,15.785292625427246,14.0,102.0,0.7148267664920627,0.6451546551233256,0.9955919981002808,253.56987643051792,253.15077956449554,254.60113946664765
482482.0,8.041366577148438,20984.0,20984.0,17.901912689208984,14.0,103.0,0.7161641220027624,0.6439616906131267,0.995656430721283,253.60278509676445,253.1791313188426,254.60564834901172
482761.0,8.046016693115234,19960.0,19960.0,16.157535552978516,13.0,104.0,0.717782412185908,0.648246088424178,0.9958683848381042,253.68239540346764,253.26347077498545,254.62940549244772
483041.0,8.05068302154541,21343.0,21343.0,15.986858367919922,15.0,102.0,0.7145243262086071,0.6397447587916482,0.995582103729248,253.56662304591978,253.1527233250131,254.5941495769034
483320.0,8.055333137512207,20854.0,20854.0,15.158523559570312,13.0,107.0,0.7218037547770351,0.645106978899855,0.9956833124160767,253.65897714713876,253.1891397181391,254.60934961406
483599.0,8.059983253479004,21037.0,21037.0,14.633474349975586,10.0,110.0,0.7264690426860699,0.658835200643586,0.9956454038619995,253.68299920853855,253.15799287363305,254.6211630959867
483879.0,8.06464958190918,20595.0,20595.0,16.390268325805664,16.0,102.0,0.7142167283614299,0.6343372120390465,0.9957368969917297,253.6168025421285,253.2233262892812,254.60249117650096
484158.0,8.069299697875977,19640.0,19640.0,13.284740447998047,11.0,103.0,0.7170103766562232,0.6602342506012931,0.9959346055984497,253.69236796208926,253.2788757079476,254.64777314726174
484437.0,8.073949813842773,21268.0,21268.0,15.365206718444824,14.0,107.0,0.7215605620374639,0.6396485963381656,0.9955976009368896,253.63232775068016,253.15931120169088,254.59546527612284
484717.0,8.078617095947266,20446.0,20446.0,15.76063346862793,9.0,109.0,0.7253519882577497,0.6651539932068133,0.9957677721977234,253.70846012516324,253.20293568859395,254.63862813224497
484996.0,8.083266258239746,20387.0,20387.0,14.662839889526367,14.0,105.0,0.7188532747880226,0.6417129134459992,0.9957799911499023,253.6657977706049,253.23334902886424,254.61444645758596
485275.0,8.087916374206543,20845.0,20845.0,16.043251037597656,14.0,103.0,0.7161641220027624,0.6439616906131267,0.9956851601600647,253.6120266208318,253.19117499351384,254.60825668811916
485555.0,8.092583656311035,21487.0,21487.0,13.538938522338867,13.0,104.0,0.717782412185908,0.648246088424178,0.9955523014068604,253.5815939092395,253.13062003879878,254.6010536787
485834.0,8.097233772277832,21423.0,21423.0,16.017778396606445,18.0,104.0,0.7163538252055972,0.6211076412649242,0.9955655336380005,253.58563776254928,253.16686943738577,254.57155271799448
486113.0,8.101882934570312,20665.0,20665.0,16.006011962890625,149.0,0.0,0.4734122342951205,0.7170896796162054,0.9957224130630493,253.12702490230973,254.69140575984542,254.44184540956527
486393.0,8.106550216674805,20181.0,20181.0,12.588260650634766,12.0,103.0,0.7167329654327685,0.6548080242598897,0.9958226084709167,253.65631037174606,253.23724083918543,254.6322894809821
486672.0,8.111200332641602,21528.0,21528.0,15.44542121887207,48.0,243.0,0.9040553030359142,0.7776283703369761,0.9955437779426575,254.74731097293696,252.98001577781835,253.9973913894688
486951.0,8.115850448608398,20579.0,20579.0,12.979728698730469,11.0,101.0,0.7144030719219189,0.662605856123391,0.9957402348518372,253.6063096209905,253.1940108273333,254.63350894710365
487231.0,8.120516777038574,20832.0,20832.0,11.839119911193848,25.0,119.0,0.7368319150725244,0.5704096479499912,0.9956878423690796,253.80128796475518,253.27317724349496,254.52762236473563
487510.0,8.125166893005371,19881.0,19881.0,13.09707260131836,25.0,117.0,0.7337529954279751,0.5714332399435811,0.9958847165107727,253.8336904689369,253.3509422169755,254.55026320351857
487789.0,8.129817008972168,19170.0,19170.0,12.883684158325195,25.0,111.0,0.7245978565172658,0.575776559677759,0.9960318803787231,253.81053458125322,253.40551817927258,254.57074081387623
488069.0,8.134483337402344,20072.0,20072.0,14.507408142089844,12.0,101.0,0.7141051766636447,0.6571992114550208,0.9958451986312866,253.6406090217599,253.24423994424404,254.63681135771213
488348.0,8.13913345336914,20363.0,20363.0,13.302029609680176,50.0,243.0,0.9059404437949544,0.7713935820572154,0.9957849383354187,254.75428451212034,253.0960340389432,254.0318798604463
488627.0,8.143783569335938,20590.0,20590.0,15.17514419555664,13.0,102.0,0.7151241757200318,0.6505668424191395,0.9957379698753357,253.617275925909,253.2061347706836,254.6202298657376
488907.0,8.148449897766113,20304.0,20304.0,13.61065673828125,149.0,0.0,0.4734122342951205,0.7170896796162054,0.9957971572875977,253.15975224913836,254.69679796753644,254.4515982989057
489186.0,8.15310001373291,21050.0,21050.0,16.148448944091797,50.0,245.0,0.9072004872508085,0.7806285975448777,0.9956427216529846,254.75625512322262,253.02153291979954,253.98742117119673
489465.0,8.157750129699707,19114.0,19114.0,14.695048332214355,11.0,107.0,0.7222779968173761,0.6560281499197426,0.9960435032844543,253.77091260095594,253.32922216631783,254.65296450875388
489745.0,8.162416458129883,19278.0,19278.0,13.432149887084961,11.0,105.0,0.7196357696599682,0.6580410853230118,0.9960095286369324,253.73844604669407,253.3128268052084,254.6520327996271
490024.0,8.16706657409668,20782.0,20782.0,16.4990234375,51.0,246.0,0.9087637269367285,0.782242362817849,0.9956982135772705,254.7611295539957,253.04495937041227,253.98442119936706
490303.0,8.171716690063477,19601.0,19601.0,13.948263168334961,12.0,107.0,0.7220428660909669,0.6505668424191395,0.9959426522254944,253.73956368560061,253.29228445528568,254.63846817971645
490583.0,8.176383018493652,20343.0,20343.0,13.85457992553711,13.0,101.0,0.7138023403814658,0.651794907395869,0.995789110660553,253.62221403019424,253.22634098054095,254.62610545634107
490862.0,8.18103313446045,19834.0,19834.0,12.87017822265625,26.0,118.0,0.735146995554724,0.5653726999851553,0.9958944320678711,253.8475822775053,253.3611802904833,254.54498006413095
491141.0,8.185683250427246,19126.0,19126.0,15.420308113098145,12.0,108.0,0.7233807091012984,0.6496205972836951,0.9960409998893738,253.78096501406412,253.33463372757998,254.64627621600064
491420.0,8.190333366394043,18692.0,18692.0,14.13863468170166,43.0,243.0,0.8994742582944024,0.7936793755494883,0.9961308240890503,254.79643584853574,253.2302844368799,254.17491563055975
491700.0,8.194999694824219,19246.0,19246.0,15.727143287658691,12.0,101.0,0.7141051766636447,0.6571992114550208,0.9960161447525024,253.69654012274967,253.31647934745047,254.65175447632578
491979.0,8.199649810791016,20499.0,20499.0,13.765379905700684,17.0,105.0,0.7180299407271973,0.625401063167957,0.9957568049430847,253.6583782120265,253.24129209203153,254.59467842894168
492258.0,8.204299926757812,19502.0,19502.0,13.624576568603516,13.0,102.0,0.7151241757200318,0.6505668424191395,0.9959631562232971,253.69033279678396,253.30091447610778,254.64029519777375
492538.0,8.208966255187988,20948.0,20948.0,11.311813354492188,42.0,242.0,0.8979177423025153,0.7925159349266417,0.9956638813018799,254.77058273879774,253.017996725161,254.0914443476474
492817.0,8.213616371154785,20009.0,20009.0,14.822837829589844,13.0,104.0,0.717782412185908,0.648246088424178,0.9958582520484924,253.67916397710167,253.2592119356206,254.62849660911053
493096.0,8.218266487121582,20317.0,20317.0,13.30084228515625,10.0,102.0,0.7159874225826393,0.6668165921383045,0.9957944750785828,253.63572240833994,253.2124911269943,254.6426911630829
493376.0,8.222933769226074,20089.0,20089.0,14.16933822631836,43.0,242.0,0.8988138843433651,0.7892102058024302,0.9958416819572449,254.7764845938677,253.10277320432718,254.11891132975444
493655.0,8.227582931518555,20864.0,20864.0,14.761423110961914,12.0,104.0,0.718053889106521,0.6536797330399335,0.9956812262535095,253.62274077523134,253.17882350288014,254.61860188640972
493934.0,8.232233047485352,19759.0,19759.0,13.147523880004883,24.0,120.0,0.7384871562747103,0.5755094027592944,0.9959099888801575,253.87412302973544,253.356818000941,254.55727632793932
494214.0,8.236900329589844,18986.0,18986.0,14.780957221984863,14.0,102.0,0.7148267664920627,0.6451546551233256,0.9960699677467346,253.72494797368904,253.35129473165767,254.64438881917698
494493.0,8.24155044555664,20006.0,20006.0,12.886978149414062,42.0,242.0,0.8979177423025153,0.7925159349266417,0.9958588480949402,254.78089812700622,253.10711440141327,254.1322961310483
494772.0,8.246199607849121,20197.0,20197.0,13.160783767700195,148.0,0.0,0.47462753410010466,0.7161883814821965,0.9958193302154541,253.1704216876819,254.69743672219968,254.4649719008481
495052.0,8.250866889953613,19947.0,19947.0,16.34453773498535,50.0,245.0,0.9072004872508085,0.7806285975448777,0.9958710670471191,254.76902869780824,253.12521549622252,254.0404858811696
495331.0,8.25551700592041,19519.0,19519.0,16.294677734375,149.0,0.0,0.4734122342951205,0.7170896796162054,0.9959596395492554,253.23089638586472,254.70851978425551,254.47279955595675
495610.0,8.260167121887207,19407.0,19407.0,14.094482421875,25.0,112.0,0.7261136424700626,0.5749212205531887,0.995982825756073,253.8068097151494,253.3866830943278,254.56455804126944
495890.0,8.264833450317383,18200.0,18200.0,15.006856918334961,47.0,244.0,0.9037667395813056,0.7853424625886406,0.9962326884269714,254.79378613464348,253.28488496311195,254.15612383942837
496169.0,8.26948356628418,19998.0,19998.0,13.416714668273926,42.0,244.0,0.8992356857482625,0.801430861880469,0.9958605170249939,254.79039674051515,253.09846694223174,254.12138381754838
496448.0,8.274133682250977,18996.0,18996.0,13.296293258666992,11.0,100.0,0.7131065793175224,0.6638579819682754,0.9960678815841675,253.7026152432251,253.33166591388206,254.66295369404335
496728.0,8.278800010681152,18349.0,18349.0,14.90194320678711,14.0,105.0,0.7188532747880226,0.6417129134459992,0.9962018132209778,253.79916145955164,253.40993926788582,254.65298547481285
497007.0,8.28345012664795,19614.0,19614.0,12.646624565124512,12.0,104.0,0.718053889106521,0.6536797330399335,0.9959399700164795,253.70525429766144,253.287932728683,254.64145197972155
497286.0,8.288100242614746,21152.0,21152.0,10.431602478027344,26.0,117.0,0.7335940524617486,0.5659164584181102,0.9956216216087341,253.75912268147715,253.25167543006333,254.51535159039108
497566.0,8.292766571044922,19445.0,19445.0,15.239078521728516,50.0,246.0,0.9078193756561757,0.7852641300484773,0.9959749579429626,254.7795981685341,253.16763038237684,254.0591835640775
497845.0,8.297416687011719,19744.0,19744.0,14.220939636230469,16.0,105.0,0.7183091161031061,0.6308364549021604,0.9959130883216858,253.7078215156861,253.30040343899518,254.61527160506458
498124.0,8.302066802978516,20397.0,20397.0,15.52714729309082,17.0,107.0,0.720805435085365,0.6232827234294593,0.9957779049873352,253.68827448930327,253.2523182578622,254.59441328567874
498404.0,8.306733131408691,18200.0,18200.0,13.16679573059082,10.0,101.0,0.7146961440659562,0.6680147845691156,0.9962326884269714,253.76746561420833,253.39759749251806,254.68107360523737
498683.0,8.311383247375488,19653.0,19653.0,13.602245330810547,12.0,106.0,0.7207090031249812,0.6515589208177518,0.9959319233894348,253.7250667447176,253.286739604729,254.63854132388275
498962.0,8.316033363342285,19174.0,19174.0,15.094250679016113,16.0,105.0,0.7183091161031061,0.6308364549021604,0.9960310459136963,253.74511673380061,253.34945767199687,254.62637574398823
499242.0,8.320699691772461,20164.0,20164.0,12.676217079162598,44.0,243.0,0.9003755232205838,0.7904174263037794,0.9958261251449585,254.77693328422663,253.0943905397022,254.1001251831957
499521.0,8.325349807739258,19718.0,19718.0,14.885749816894531,14.0,104.0,0.717506346536984,0.6428143617945501,0.9959184527397156,253.69833170422953,253.2901677633277,254.62824313392724
499800.0,8.329999923706055,20525.0,20525.0,15.18673324584961,12.0,101.0,0.7141051766636447,0.6571992114550208,0.9957514405250549,253.60993272404133,253.2046191000168,254.62861556776122
500079.0,8.334650039672852,20052.0,20052.0,13.261564254760742,11.0,101.0,0.7144030719219189,0.662605856123391,0.9958493113517761,253.64199676881518,253.2402553903621,254.64289339904371
500359.0,8.339316368103027,18377.0,18377.0,15.394720077514648,12.0,104.0,0.718053889106521,0.6536797330399335,0.9961960315704346,253.7869124622226,253.39591089824052,254.66406520268112
500638.0,8.343966484069824,18726.0,18726.0,15.403606414794922,13.0,108.0,0.7231525930215434,0.6441527134036721,0.9961237907409668,253.80644105616892,253.3748646074052,254.64826867048788
500917.0,8.348616600036621,19088.0,19088.0,13.788095474243164,15.0,105.0,0.7185835209054995,0.6362737544936451,0.9960488677024841,253.75077914583827,253.35139080986588,254.63353171840103
501197.0,8.353282928466797,18661.0,18661.0,12.441755294799805,25.0,121.0,0.7399207440126766,0.5696002496878354,0.996137261390686,253.94714141430455,253.45394635115719,254.5760569580927
501476.0,8.357933044433594,19672.0,19672.0,11.916778564453125,11.0,102.0,0.7157043870313143,0.6613978649172009,0.9959279894828796,253.67899858645407,253.27486645733862,254.64840817893
501755.0,8.36258316040039,19266.0,19266.0,12.863340377807617,12.0,107.0,0.7220428660909669,0.6505668424191395,0.9960120320320129,253.7611168854943,253.3214860373698,254.6446502989568
502035.0,8.367250442504883,19510.0,19510.0,16.400468826293945,44.0,242.0,0.8997175362901739,0.7859297077823046,0.9959614872932434,254.77954597320863,253.1608125463455,254.13479600315722
502314.0,8.371899604797363,19679.0,19679.0,17.393253326416016,9.0,108.0,0.724042578049723,0.6660319931632075,0.995926558971405,253.74577639150436,253.26944681564476,254.6530982597718
502593.0,8.37654972076416,19999.0,19999.0,17.30608367919922,12.0,109.0,0.7247223601117118,0.6487203859732169,0.9958602786064148,253.73664707734798,253.25956302126738,254.62917906800416
502873.0,8.381217002868652,19118.0,19118.0,16.251150131225586,15.0,106.0,0.719946115550059,0.6352093867485401,0.9960426688194275,253.75970529522058,253.3498784012991,254.63188269660893
503152.0,8.38586711883545,20334.0,20334.0,14.014233589172363,25.0,119.0,0.7368319150725244,0.5704096479499912,0.995790958404541,253.82995260165248,253.31447051981644,254.53891826649948
503431.0,8.39051628112793,18514.0,18514.0,16.35129165649414,14.0,103.0,0.7161641220027624,0.6439616906131267,0.9961676597595215,253.76723437461843,253.39344376211085,254.6520627152451
503711.0,8.395183563232422,18409.0,18409.0,14.6815824508667,11.0,107.0,0.7222779968173761,0.6560281499197426,0.9961894154548645,253.8162402791804,253.3908390050297,254.6657628769512
503990.0,8.399833679199219,18644.0,18644.0,15.285112380981445,15.0,106.0,0.719946115550059,0.6352093867485401,0.9961407780647278,253.79045439654254,253.39078783680378,254.6410089762074
504269.0,8.404483795166016,19473.0,19473.0,13.386816024780273,52.0,244.0,0.9084833102136358,0.7699168856214873,0.9959691762924194,254.7635067596015,253.1807731495324,254.0498523943753
504549.0,8.409150123596191,19859.0,19859.0,14.11634349822998,14.0,105.0,0.7188532747880226,0.6417129134459992,0.9958892464637756,253.700340040188,253.27908732307458,254.624428373451
504828.0,8.413800239562988,19210.0,19210.0,14.35256576538086,12.0,105.0,0.7193792889896024,0.6525966234521723,0.9960235953330994,253.74286803013518,253.32429480387015,254.64773881601053
505107.0,8.418450355529785,18438.0,18438.0,16.157556533813477,51.0,245.0,0.9081480669237502,0.7775888165032608,0.9961833953857422,254.78354183495495,253.26998981177357,254.10412588661762
505387.0,8.423116683959961,18544.0,18544.0,15.260568618774414,12.0,107.0,0.7220428660909669,0.6505668424191395,0.9961614608764648,253.80753773784258,253.3843798228379,254.65796522415917
505666.0,8.427766799926758,19315.0,19315.0,16.285642623901367,18.0,105.0,0.7177458710447541,0.6199676294708422,0.9960018992424011,253.73584316596165,253.34841757929843,254.61255103432615
505945.0,8.432416915893555,18890.0,18890.0,14.02025032043457,16.0,106.0,0.7196830194283034,0.6297628975968198,0.9960898756980896,253.77447680137527,253.37499324437744,254.63084336164826
506225.0,8.43708324432373,19823.0,19823.0,12.890409469604492,15.0,106.0,0.719946115550059,0.6352093867485401,0.9958966970443726,253.71395526536796,253.2890113250227,254.6183041676073
506504.0,8.441733360290527,19402.0,19402.0,15.623905181884766,12.0,106.0,0.7207090031249812,0.6515589208177518,0.995983898639679,253.74135576317312,253.30862885272063,254.64315945351564
506783.0,8.446383476257324,19211.0,19211.0,18.034778594970703,11.0,103.0,0.7170103766562232,0.6602342506012931,0.996023416519165,253.72093394948755,253.31647467570934,254.65546774906483
507063.0,8.4510498046875,18517.0,18517.0,14.754399299621582,50.0,245.0,0.9072004872508085,0.7806285975448777,0.9961670637130737,254.78558666476005,253.25961582890756,254.10927192912706
507342.0,8.455699920654297,17949.0,17949.0,14.893974304199219,50.0,245.0,0.9072004872508085,0.7806285975448777,0.9962846636772156,254.79216517237097,253.31301330300897,254.13660073956208
507621.0,8.460350036621094,19050.0,19050.0,15.41397762298584,43.0,242.0,0.8988138843433651,0.7892102058024302,0.9960567355155945,254.78804402317073,253.20089108978246,254.164478131478
507901.0,8.46501636505127,19009.0,19009.0,11.510400772094727,26.0,119.0,0.7367027802195831,0.5648828698681801,0.9960651993751526,253.90618524583576,253.4298369659866,254.56341471534122
508180.0,8.469666481018066,18371.0,18371.0,13.841686248779297,51.0,247.0,0.9093720961890389,0.7869074758983801,0.9961972832679749,254.79336572074797,253.2672487459192,254.09710144031354
508459.0,8.474316596984863,19230.0,19230.0,14.50776481628418,43.0,243.0,0.8994742582944024,0.7936793755494883,0.9960194826126099,254.7905779775844,253.17935815484662,254.15117256123548
508738.0,8.47896671295166,19001.0,19001.0,13.27169418334961,11.0,104.0,0.7183208892245916,0.6591152482070716,0.9960668683052063,253.74575039499342,253.33599271415008,254.65811012150513
509018.0,8.483633041381836,19617.0,19617.0,14.254600524902344,13.0,104.0,0.717782412185908,0.648246088424178,0.9959393739700317,253.70503439641988,253.2933077025356,254.6357730221806
509297.0,8.488283157348633,20095.0,20095.0,12.86998176574707,148.0,0.0,0.47462753410010466,0.7161883814821965,0.9958404302597046,253.17965565863372,254.69896377381562,254.46767221375228
509576.0,8.49293327331543,20446.0,20446.0,13.93382740020752,50.0,243.0,0.9059404437949544,0.7713935820572154,0.9957677721977234,254.75328381836198,253.08828000247695,254.02793712248808
509856.0,8.497599601745605,18827.0,18827.0,14.681716918945312,29.0,115.0,0.7299100591436731,0.5506558251346386,0.9961028695106506,253.87430728191916,253.45900743587202,254.5534560145598
510135.0,8.502249717712402,17119.0,17119.0,13.14872932434082,149.0,0.0,0.4734122342951205,0.7170896796162054,0.9964564442634583,253.44842623898805,254.74436033537566,254.53762438263337
510414.0,8.5068998336792,18917.0,18917.0,12.16703987121582,149.0,0.0,0.4734122342951205,0.7170896796162054,0.9960842728614807,253.28546806227513,254.71751109708003,254.48906214894785
510694.0,8.511567115783691,19695.0,19695.0,15.398822784423828,49.0,244.0,0.9056309230696131,0.7790904504785774,0.9959232211112976,254.77034715611055,253.15049561065123,254.06767898130676
510973.0,8.516216278076172,19584.0,19584.0,13.3931884765625,12.0,100.0,0.7127986173506914,0.6584616186165145,0.9959461688995361,253.66241090750955,253.28560356143936,254.64694257732407
511252.0,8.520866394042969,19388.0,19388.0,15.995386123657227,50.0,245.0,0.9072004872508085,0.7806285975448777,0.9959867596626282,254.77550050889434,253.17774691904603,254.0673714468332
511532.0,8.525533676147461,18704.0,18704.0,14.6830415725708,13.0,104.0,0.717782412185908,0.648246088424178,0.9961283802986145,253.76531000234056,253.37274758268794,254.65272636960546
511811.0,8.530183792114258,18691.0,18691.0,14.122018814086914,13.0,105.0,0.7191184934893133,0.6471538848769007,0.9961310625076294,253.77681852022926,253.37495246766946,254.65188941122153
512090.0,8.534832954406738,19010.0,19010.0,14.014595031738281,14.0,105.0,0.7188532747880226,0.6417129134459992,0.9960650205612183,253.75591295508184,253.3526728275079,254.64048765871343
512370.0,8.53950023651123,18096.0,18096.0,13.608192443847656,14.0,106.0,0.7202047375940965,0.6406575822070394,0.9962542057037354,253.82602687891261,253.43288071754358,254.65676419136145
512649.0,8.544150352478027,19416.0,19416.0,13.804807662963867,50.0,244.0,0.9065742143680213,0.7760050099522378,0.995980978012085,254.77043859850286,253.17986018766047,254.07146641351375
512928.0,8.548800468444824,19390.0,19390.0,13.808256149291992,13.0,105.0,0.7191184934893133,0.6471538848769007,0.9959863424301147,253.73106463588348,253.31416652700545,254.63886811235307
513208.0,8.553466796875,20008.0,20008.0,13.337139129638672,12.0,104.0,0.718053889106521,0.6536797330399335,0.9958584308624268,253.67925141844367,253.2535486188239,254.63425112101373
513487.0,8.558116912841797,19708.0,19708.0,8.718770027160645,155.0,10.0,0.4634095738240921,0.6692567908186671,0.9959205389022827,253.26353462423748,254.6559402159267,254.35024793186895
513766.0,8.562767028808594,18548.0,18548.0,14.153379440307617,12.0,102.0,0.7154166763672039,0.6559812639741481,0.996160626411438,253.75443350038972,253.37872766434577,254.6631918054876
514046.0,8.56743335723877,18367.0,18367.0,13.251174926757812,153.0,5.0,0.4673362506479485,0.6939403783831004,0.9961981177330017,253.3577587190886,254.70328132474228,254.43958244591073
514325.0,8.572083473205566,19355.0,19355.0,14.511327743530273,24.0,121.0,0.7400178717003745,0.5751351745897352,0.9959936141967773,253.9079887016339,253.39079720358365,254.5659460367728
514604.0,8.576733589172363,18505.0,18505.0,13.612934112548828,154.0,5.0,0.4660930365178929,0.6950918166706184,0.9961695671081543,253.34430146043522,254.70217776472347,254.42592899114715
514884.0,8.581399917602539,18547.0,18547.0,13.820064544677734,12.0,106.0,0.7207090031249812,0.6515589208177518,0.9961608648300171,253.79681688220336,253.38315772575632,254.6588833375524
515163.0,8.586050033569336,18665.0,18665.0,14.16165542602539,10.0,102.0,0.7159874225826393,0.6668165921383045,0.9961364269256592,253.74665201905688,253.35783373516122,254.67174399692496
515442.0,8.590700149536133,19297.0,19297.0,15.645076751708984,13.0,106.0,0.7204589973923881,0.6461074408078596,0.9960055947303772,253.74813267959902,253.32331883983827,254.6395344726541
515722.0,8.595366477966309,18251.0,18251.0,14.926416397094727,12.0,104.0,0.718053889106521,0.6536797330399335,0.9962221384048462,253.79523794548092,253.40691984569537,254.6663707407762
516001.0,8.600016593933105,17875.0,17875.0,13.395675659179688,26.0,118.0,0.735146995554724,0.5653726999851553,0.9962999224662781,253.96140193148514,253.52303990842526,254.58992054937656
516280.0,8.604666709899902,18635.0,18635.0,12.56341552734375,148.0,0.0,0.47462753410010466,0.7161883814821965,0.9961426258087158,253.31190490362167,254.7208342588234,254.5063461867021
516560.0,8.609333038330078,18965.0,18965.0,13.822413444519043,43.0,243.0,0.8994742582944024,0.7936793755494883,0.9960743188858032,254.793463010387,253.20443962137264,254.1628661499819
516839.0,8.613983154296875,18241.0,18241.0,12.272480964660645,11.0,103.0,0.7170103766562232,0.6602342506012931,0.9962241649627686,253.78550458408984,253.40146348337487,254.6728606476371
517118.0,8.618633270263672,18506.0,18506.0,16.04155731201172,14.0,106.0,0.7202047375940965,0.6406575822070394,0.9961693286895752,253.7994254893698,253.39737091775015,254.6489867139332
517397.0,8.623283386230469,18908.0,18908.0,13.37702465057373,10.0,105.0,0.7198880404046373,0.6634872280662207,0.9960861206054688,253.76268403175757,253.33977446182647,254.6641470469626
517677.0,8.627949714660645,19340.0,19340.0,13.47636890411377,9.0,101.0,0.7149845073489317,0.67342594176259,0.9959967136383057,253.69030147232132,253.29170317125923,254.66662078427666
517956.0,8.632599830627441,18759.0,18759.0,17.408069610595703,11.0,110.0,0.726270028034234,0.6533502810691705,0.9961169958114624,253.82561570714077,253.3629086530396,254.65675921080623
518235.0,8.637249946594238,18000.0,18000.0,11.655952453613281,11.0,102.0,0.7157043870313143,0.6613978649172009,0.9962740540504456,253.79126543375483,253.42147894542637,254.67828862030086
518515.0,8.641916275024414,18872.0,18872.0,13.729816436767578,149.0,0.0,0.4734122342951205,0.7170896796162054,0.9960935711860657,253.28953940685668,254.71818189803682,254.49027542704764
518794.0,8.646566390991211,17995.0,17995.0,13.689569473266602,14.0,107.0,0.7215605620374639,0.6396485963381656,0.9962751269340515,253.84281150992763,253.44259186199932,254.65772287436695
519073.0,8.651216506958008,17806.0,17806.0,11.149553298950195,29.0,119.0,0.7362997571437087,0.5483048568732015,0.9963142275810242,253.9754052330452,253.54479166890442,254.5754643974179
519353.0,8.6558837890625,17890.0,17890.0,14.933570861816406,13.0,105.0,0.7191184934893133,0.6471538848769007,0.9962968230247498,253.8292244314177,253.44457590300163,254.66680383962074
519632.0,8.66053295135498,18458.0,18458.0,12.769319534301758,51.0,242.0,0.9062562022674213,0.7636996899666841,0.9961792826652527,254.76977664385865,253.28165751542022,254.1186691468901
519911.0,8.665183067321777,19148.0,19148.0,13.796762466430664,51.0,243.0,0.9068944204298558,0.7683172643414444,0.9960364699363708,254.76583822055832,253.2127614469908,254.0803621257104
520191.0,8.66985034942627,18597.0,18597.0,14.681840896606445,149.0,0.0,0.4734122342951205,0.7170896796162054,0.9961504936218262,253.31446334323735,254.722288403894,254.49770286669684
520470.0,8.674500465393066,19260.0,19260.0,14.151138305664062,51.0,246.0,0.9087637269367285,0.782242362817849,0.9960132837295532,254.77862483163213,253.18814987044001,254.05880391759771
520749.0,8.679149627685547,18246.0,18246.0,15.040009498596191,12.0,107.0,0.7220428660909669,0.6505668424191395,0.9962231516838074,253.82670230991297,253.4103451471137,254.66346221162806
521029.0,8.683816909790039,18200.0,18200.0,15.340989112854004,44.0,243.0,0.9003755232205838,0.7904174263037794,0.9962326884269714,254.79866147187536,253.28000962588007,254.18777899928432
521308.0,8.688467025756836,18817.0,18817.0,15.909128189086914,12.0,109.0,0.7247223601117118,0.6487203859732169,0.9961049556732178,253.81131719595317,253.36243105861203,254.65109633472903
521587.0,8.693117141723633,18286.0,18286.0,15.323064804077148,14.0,103.0,0.7161641220027624,0.6439616906131267,0.9962148666381836,253.78241961748424,253.41323336862462,254.65634861684902
521867.0,8.697783470153809,18778.0,18778.0,14.210393905639648,51.0,246.0,0.9087637269367285,0.782242362817849,0.9961130619049072,254.78416533385752,253.23349623764517,254.08235985220202
522146.0,8.702433586120605,18025.0,18025.0,13.272361755371094,13.0,103.0,0.7164509189934326,0.6493838205600974,0.9962689280509949,253.79984151405276,253.43073772496115,254.66641558104624
522425.0,8.707083702087402,18135.0,18135.0,12.463094711303711,43.0,243.0,0.8994742582944024,0.7936793755494883,0.9962461590766907,254.80250382513682,253.28303730397542,254.19951029819487
522705.0,8.711750030517578,18774.0,18774.0,14.737555503845215,12.0,101.0,0.7141051766636447,0.6571992114550208,0.9961138367652893,253.72850353785506,253.3577626047222,254.66029414557534
522984.0,8.716400146484375,18836.0,18836.0,15.3095064163208,47.0,247.0,0.9056505805645839,0.7990863679556286,0.9961010217666626,254.80024374107896,253.21127735991897,254.11078569330797
523263.0,8.721050262451172,18382.0,18382.0,12.1531982421875,11.0,100.0,0.7131065793175224,0.6638579819682754,0.9961950182914734,253.74456342703897,253.38560795732133,254.6738513713301
523543.0,8.725716590881348,18499.0,18499.0,12.587303161621094,154.0,5.0,0.4660930365178929,0.6950918166706184,0.9961707592010498,253.34481674069775,254.70227045183765,254.42610765136402
523822.0,8.730366706848145,18184.0,18184.0,15.42024040222168,149.0,0.0,0.4734122342951205,0.7170896796162054,0.9962359666824341,253.35188839535238,254.728454612689,254.5088556923062
524101.0,8.735016822814941,18191.0,18191.0,16.626388549804688,16.0,105.0,0.7183091161031061,0.6308364549021604,0.9962345361709595,253.80945522528265,253.43408180108628,254.64553164610305
524381.0,8.739683151245117,18555.0,18555.0,11.835469245910645,52.0,243.0,0.9078560322858843,0.7652687722187411,0.9961591958999634,254.77010305117244,253.27108685780888,254.09983865615425
524660.0,8.744333267211914,18400.0,18400.0,16.61261749267578,47.0,247.0,0.9056505805645839,0.7990863679556286,0.9961912631988525,254.80486707822402,253.25267715319077,254.1313664628731
524939.0,8.748983383178711,18645.0,18645.0,13.86387825012207,14.0,107.0,0.7215605620374639,0.6396485963381656,0.9961405396461487,253.80099992126037,253.3863195182871,254.64535570124872
525218.0,8.753633499145508,18940.0,18940.0,12.98794937133789,13.0,108.0,0.7231525930215434,0.6441527134036721,0.9960795044898987,253.7928044727136,253.35629720064085,254.64425008920747
525498.0,8.758299827575684,17575.0,17575.0,13.808696746826172,13.0,104.0,0.717782412185908,0.648246088424178,0.996362030506134,253.83982289266194,253.47095140804186,254.6736841500865
525777.0,8.76294994354248,18671.0,18671.0,13.822748184204102,10.0,104.0,0.7185835209054995,0.664552588026696,0.9961351752281189,253.7675600129144,253.3595329605424,254.66940640579824
526056.0,8.767600059509277,18588.0,18588.0,12.391109466552734,50.0,245.0,0.9072004872508085,0.7806285975448777,0.9961523413658142,254.7847631009588,253.25293099560645,254.10585063354804
526336.0,8.772266387939453,18947.0,18947.0,15.998174667358398,17.0,105.0,0.7180299407271973,0.625401063167957,0.9960780739784241,253.75995768971512,253.37445080509042,254.62536692390586
526615.0,8.77691650390625,19176.0,19176.0,16.501399993896484,51.0,247.0,0.9093720961890389,0.7869074758983801,0.9960306286811829,254.78430994487707,253.1913106825262,254.0575317860418
526894.0,8.781566619873047,17687.0,17687.0,14.511709213256836,13.0,102.0,0.7151241757200318,0.6505668424191395,0.9963388442993164,253.81221671873342,253.45903953785705,254.67377105479432
527174.0,8.786232948303223,17592.0,17592.0,14.185523986816406,11.0,102.0,0.7157043870313143,0.6613978649172009,0.9963585138320923,253.8186650415098,253.45726087715568,254.6855811772114
527453.0,8.79088306427002,17851.0,17851.0,11.357707977294922,26.0,119.0,0.7367027802195831,0.5648828698681801,0.9963049292564392,253.97282650829504,253.52550000806497,254.59001391271903
527732.0,8.795533180236816,17179.0,17179.0,13.150233268737793,149.0,0.0,0.4734122342951205,0.7170896796162054,0.996444046497345,253.44299777954598,254.74346593409996,254.5360066785003
528012.0,8.800200462341309,17495.0,17495.0,14.800759315490723,13.0,103.0,0.7164509189934326,0.6493838205600974,0.9963786005973816,253.83511942855574,253.47686521647145,254.67622108819316
528291.0,8.804849624633789,18205.0,18205.0,11.979795455932617,42.0,242.0,0.8979177423025153,0.7925159349266417,0.9962316155433655,254.80062066991545,253.27750325720095,254.21040284257043
528570.0,8.809499740600586,17965.0,17965.0,16.079334259033203,45.0,244.0,0.9019322497871735,0.7917005092019741,0.9962813258171082,254.80247752562124,253.30099864110392,254.18447857828397
528850.0,8.814167022705078,18558.0,18558.0,12.899660110473633,149.0,0.0,0.4734122342951205,0.7170896796162054,0.9961585998535156,253.31801272056484,254.72287320472813,254.49876059632228
529129.0,8.818817138671875,18738.0,18738.0,13.32675552368164,50.0,246.0,0.9078193756561757,0.7852641300484773,0.9961212873458862,254.78761082230136,253.23424572410062,254.09338671161692
529408.0,8.823466300964355,17965.0,17965.0,14.621379852294922,10.0,104.0,0.7185835209054995,0.664552588026696,0.9962813258171082,253.81416544540826,253.42156817253402,254.68190799419114
529688.0,8.828133583068848,19341.0,19341.0,14.670194625854492,12.0,107.0,0.7220428660909669,0.6505668424191395,0.9959964752197266,253.75628408036349,253.31493825994372,254.64326410211683
529967.0,8.832783699035645,19292.0,19292.0,14.58308219909668,11.0,101.0,0.7144030719219189,0.662605856123391,0.9960066676139832,253.6934798673164,253.3069688583381,254.6564316247933
530246.0,8.837432861328125,18720.0,18720.0,13.2398099899292,50.0,245.0,0.9072004872508085,0.7806285975448777,0.9961250424385071,254.7832360069467,253.2405356366919,254.09950669275776
530526.0,8.842100143432617,17343.0,17343.0,13.625627517700195,51.0,246.0,0.9087637269367285,0.782242362817849,0.996410071849823,254.80065776073278,253.36847888267695,254.15247886183946
530805.0,8.846750259399414,18741.0,18741.0,14.982139587402344,149.0,0.0,0.4734122342951205,0.7170896796162054,0.9961206912994385,253.3014141618862,254.7201384008274,254.4938141548386
531084.0,8.851400375366211,19418.0,19418.0,14.588238716125488,13.0,103.0,0.7164509189934326,0.6493838205600974,0.9959805607795715,253.70708360624548,253.30945250543562,254.64063349214587
531364.0,8.856066703796387,18216.0,18216.0,13.923532485961914,25.0,112.0,0.7261136424700626,0.5749212205531887,0.996229350566864,253.8800330784763,253.48568866908423,254.59128012001642
531643.0,8.860716819763184,18143.0,18143.0,13.236108779907227,11.0,104.0,0.7183208892245916,0.6591152482070716,0.996244490146637,253.80239282187932,253.41113996606083,254.67355000872402
531922.0,8.86536693572998,18108.0,18108.0,12.265071868896484,42.0,243.0,0.8985803996680687,0.7969665672677622,0.9962517023086548,254.80593741447007,253.28243076294387,254.20951137714883
532202.0,8.870033264160156,18314.0,18314.0,12.601984977722168,9.0,104.0,0.7188418890926461,0.669991708074726,0.9962090849876404,253.79115465702364,253.38564685765257,254.68098648604402
532481.0,8.874683380126953,17525.0,17525.0,12.629203796386719,10.0,101.0,0.7146961440659562,0.6680147845691156,0.996372401714325,253.81317498214275,253.4570236688892,254.69290120541652
532760.0,8.87933349609375,19434.0,19434.0,14.757974624633789,13.0,109.0,0.7245053361106599,0.6432448499190087,0.9959772229194641,253.7723212777922,253.31434603140949,254.6340376575172
533040.0,8.883999824523926,20368.0,20368.0,13.852340698242188,18.0,108.0,0.721951376710902,0.6168341990079214,0.9957839250564575,253.70169289640026,253.26174299065354,254.5880587881398
533319.0,8.888649940490723,20579.0,20579.0,15.529293060302734,18.0,106.0,0.7191429384367988,0.6188752183984364,0.9957402348518372,253.6648370502162,253.2415128001877,254.58600697424924
533598.0,8.89330005645752,20164.0,20164.0,14.938438415527344,8.0,107.0,0.7229604657204046,0.6724203844284081,0.9958261251449585,253.70344121307258,253.21997928564576,254.65134453828307
533877.0,8.897950172424316,21494.0,21494.0,16.19176483154297,20.0,106.0,0.7185835209054995,0.6079949209605943,0.995550811290741,253.6054051682078,253.17566042404468,254.5552533342332
534157.0,8.902616500854492,21196.0,21196.0,14.066183090209961,10.0,102.0,0.7159874225826393,0.6668165921383045,0.9956125020980835,253.5766901438256,253.13514565327395,254.62723041674863
534436.0,8.907266616821289,19065.0,19065.0,14.091952323913574,13.0,107.0,0.7218037547770351,0.645106978899855,0.9960536360740662,253.7740219537559,253.34449133686272,254.64286306091103
534715.0,8.911916732788086,19123.0,19123.0,13.4601411819458,25.0,118.0,0.7352910751760635,0.5708947360875085,0.9960415959358215,253.88889348272613,253.41434979253003,254.56686413473895
534995.0,8.916583061218262,19460.0,19460.0,14.225379943847656,13.0,108.0,0.7231525930215434,0.6441527134036721,0.9959718585014343,253.7596582146782,253.31116565741561,254.6344821783159
535274.0,8.921233177185059,18522.0,18522.0,13.399599075317383,10.0,101.0,0.7146961440659562,0.6680147845691156,0.9961660504341125,253.74566396175499,253.3692534374059,254.6754322839915
535553.0,8.925883293151855,18710.0,18710.0,16.237159729003906,10.0,108.0,0.723825609406847,0.6605602692268479,0.9961271286010742,253.8075170516665,253.36006022491532,254.66477536163254
535833.0,8.930549621582031,18392.0,18392.0,17.460966110229492,45.0,247.0,0.9038325284710215,0.8053359151176562,0.9961929321289062,254.8110196572811,253.2473757284611,254.14960582649866
536112.0,8.935199737548828,18973.0,18973.0,14.326939582824707,43.0,242.0,0.8988138843433651,0.7892102058024302,0.9960726499557495,254.78889944656981,253.20815203086244,254.1678501758406
536391.0,8.939849853515625,17460.0,17460.0,17.003461837768555,16.0,101.0,0.7128629483670311,0.6355966357914823,0.9963858723640442,253.81735332769594,253.492629974314,254.66416493134852
536671.0,8.944517135620117,19648.0,19648.0,14.368579864501953,50.0,245.0,0.9072004872508085,0.7806285975448777,0.995932936668396,254.7724896663334,253.15330803454856,254.05486363344102
536950.0,8.949166297912598,19379.0,19379.0,13.032737731933594,51.0,246.0,0.9087637269367285,0.782242362817849,0.9959886074066162,254.77725459989898,253.1769351774753,254.0529782563515
537229.0,8.953816413879395,19325.0,19325.0,13.001148223876953,12.0,101.0,0.7141051766636447,0.6571992114550208,0.995999813079834,253.69119663541662,253.30957781450817,254.65032685620716
537509.0,8.958483695983887,18673.0,18673.0,15.798005104064941,48.0,244.0,0.9046951063236085,0.7822030423009437,0.9961347579956055,254.78533132292142,253.24339525483737,254.12511957298463
537788.0,8.963132858276367,18509.0,18509.0,15.228372573852539,11.0,102.0,0.7157043870313143,0.6613978649172009,0.9961687326431274,253.75709810354806,253.37685885130804,254.66919479668695
538067.0,8.967782974243164,17330.0,17330.0,18.17856216430664,12.0,106.0,0.7207090031249812,0.6515589208177518,0.9964127540588379,253.87575884549798,253.48924025100013,254.6812643190072
538347.0,8.972450256347656,18187.0,18187.0,15.914552688598633,12.0,101.0,0.7141051766636447,0.6571992114550208,0.9962353706359863,253.76826766439555,253.4091210925667,254.67091793178633
538626.0,8.977100372314453,18041.0,18041.0,14.359784126281738,43.0,242.0,0.8988138843433651,0.7892102058024302,0.9962655901908875,254.7992702538464,253.2961807435062,254.20873147771957
538905.0,8.981749534606934,18412.0,18412.0,15.519144058227539,50.0,246.0,0.9078193756561757,0.7852641300484773,0.9961888194084167,254.79130871913162,253.26498917916092,254.109171708017
539185.0,8.986416816711426,18079.0,18079.0,14.604557037353516,14.0,105.0,0.7188532747880226,0.6417129134459992,0.9962577223777771,253.8168377546247,253.4333448979836,254.65809351468272
539464.0,8.991066932678223,18786.0,18786.0,12.436880111694336,26.0,119.0,0.7367027802195831,0.5648828698681801,0.9961113929748535,253.91902636428577,253.44827029706832,254.56854012010697
539743.0,8.99571704864502,18060.0,18060.0,14.107620239257812,49.0,247.0,0.9074970489133407,0.7929427280293581,0.9962616562843323,254.80261693087905,253.2908277741304,254.12989752465077
540023.0,9.000383377075195,16815.0,16815.0,13.093210220336914,10.0,102.0,0.7159874225826393,0.6668165921383045,0.9965193867683411,253.87088467529816,253.52060630923697,254.70428094261698
540302.0,9.005033493041992,17446.0,17446.0,12.731672286987305,149.0,0.0,0.4734122342951205,0.7170896796162054,0.9963887333869934,253.41877849895826,254.73947552840838,254.52878922929148
540581.0,9.009683609008789,19744.0,19744.0,10.53382682800293,25.0,120.0,0.7383752329857821,0.5699781119117111,0.9959130883216858,253.87497481547086,253.36382772053125,254.5518473235285
540861.0,9.014349937438965,21791.0,21791.0,15.694110870361328,51.0,246.0,0.9087637269367285,0.782242362817849,0.9954893589019775,254.74953223034106,252.95004080966748,253.93511415345702
541140.0,9.019000053405762,37142.0,37142.0,2.886873722076416,0.0,200.0,0.8322881909754828,0.8134301377526094,0.9923117756843567,254.61422970015607,251.44477529165354,254.63423030736837
541419.0,9.023650169372559,99735.0,99735.0,1.2667289972305298,2.0,199.0,0.8324196618685956,0.8010469888555096,0.9793552756309509,253.90639500973313,245.51855974153992,253.95263083024506
541699.0,9.028316497802734,264124.0,264124.0,1.0543949604034424,3.0,200.0,0.8339263820601556,0.7990093828288375,0.9453274607658386,252.19788981223786,229.91911517833984,252.11861541864712
541978.0,9.032966613769531,589214.0,589214.0,0.9867607355117798,3.0,199.0,0.8329684169120797,0.7962329609508608,0.8780352473258972,248.55419893319657,199.135337249002,248.6626388872056
542257.0,9.037616729736328,1071997.0,1071997.0,0.999398946762085,4.0,200.0,0.8344856436868251,0.7942217312568418,0.7781012058258057,243.35620282615318,153.4754121450077,242.73477943206166
542537.0,9.042283058166504,1625291.0,1625291.0,1.027072548866272,4.0,200.0,0.8344856436868251,0.7942217312568418,0.6635717153549194,237.34644435752375,101.07513047348516,236.40428328228865
542816.0,9.0469331741333,2029499.0,2029499.0,1.0114279985427856,4.0,200.0,0.8344856436868251,0.7942217312568418,0.5799024105072021,232.95602655940453,62.794202799268575,231.77955117167735
543095.0,9.051583290100098,2100023.0,2100023.0,1.0927172899246216,4.0,200.0,0.8344856436868251,0.7942217312568418,0.5653042793273926,232.1900121283325,56.115170328637696,230.97265494916113
543374.0,9.056233406066895,1659270.0,1659270.0,1.0811702013015747,4.0,200.0,0.8344856436868251,0.7942217312568418,0.6565382480621338,236.97737400321714,97.8571325084711,236.01551583528905
543654.0,9.06089973449707,1006414.0,1006414.0,1.1049836874008179,4.0,200.0,0.8344856436868251,0.7942217312568418,0.7916766405105591,244.0685528351036,159.68653382528154,243.48514719018218
543933.0,9.065549850463867,551079.0,551079.0,1.0744097232818604,4.0,200.0,0.8344856436868251,0.7942217312568418,0.8859289884567261,249.0142995063653,202.809484606565,248.69484578682398
544212.0,9.070199966430664,272075.0,272075.0,1.047593593597412,4.0,200.0,0.8344856436868251,0.7942217312568418,0.9436816573143005,252.0447817806315,229.23286344966178,251.88706332257675
544492.0,9.07486629486084,151013.0,151013.0,1.0985040664672852,4.0,200.0,0.8344856436868251,0.7942217312568418,0.9687409400939941,253.35972901635088,240.69815043158613,253.2721886077822
544771.0,9.079516410827637,98996.0,98996.0,1.3524723052978516,3.0,200.0,0.8339263820601556,0.7990093828288375,0.9795082807540894,253.94974595897588,245.5994772256097,253.9200332615302
545050.0,9.084166526794434,74007.0,74007.0,1.6439918279647827,3.0,200.0,0.8339263820601556,0.7990093828288375,0.9846808910369873,254.21485572292798,247.97239870593555,254.19264323581098
545330.0,9.088833808898926,59539.0,59539.0,1.9843788146972656,2.0,200.0,0.8333737894157728,0.8038067828143922,0.987675666809082,254.38342260250965,249.33116747012218,254.3821962358088
545609.0,9.093482971191406,51182.0,51182.0,2.636873722076416,1.0,200.0,0.8328277602608289,0.8086137577053254,0.9894055724143982,254.46970164171492,250.1138869909853,254.48295494035779
545888.0,9.098133087158203,44983.0,44983.0,2.5328946113586426,1.0,200.0,0.8328277602608289,0.8086137577053254,0.9906887412071228,254.53392996350829,250.70567995764014,254.5455780579925
546168.0,9.102800369262695,40773.0,40773.0,2.7504043579101562,1.0,200.0,0.8328277602608289,0.8086137577053254,0.991560161113739,254.5775484169001,251.10757577576047,254.58810639224643
546447.0,9.107449531555176,37850.0,37850.0,3.324204444885254,1.0,201.0,0.8337715915058025,0.8113857218957397,0.992165207862854,254.6231728159236,251.38108319413195,254.61464758228783
546726.0,9.112099647521973,35633.0,35633.0,3.3344712257385254,2.0,200.0,0.8333737894157728,0.8038067828143922,0.9926241040229797,254.63098930585372,251.60730374586595,254.63025534701998
547006.0,9.116766929626465,35059.0,35059.0,3.8479743003845215,0.0,198.0,0.8303889241467761,0.8080049333502481,0.9927429556846619,254.59187268659548,251.65420315946346,254.6447042397141
547285.0,9.121417045593262,32238.0,32238.0,4.206317901611328,2.0,200.0,0.8333737894157728,0.8038067828143922,0.9933268427848816,254.66614681338106,251.93054300690855,254.66548278250232
547564.0,9.126066207885742,31542.0,31542.0,5.646022796630859,0.0,201.0,0.8332282891567161,0.8161857445154094,0.9934709668159485,254.69225411253316,251.9762260664427,254.69396700969102
547844.0,9.130733489990234,29968.0,29968.0,5.164593696594238,0.0,201.0,0.8332282891567161,0.8161857445154094,0.9937967658042908,254.70761064327468,252.1271124933849,254.70923806680338
548123.0,9.135383605957031,29450.0,29450.0,4.922366619110107,0.0,199.0,0.8313417350035147,0.8107031042621488,0.9939039945602417,254.67562320539128,252.1852957267908,254.70574149893247
548402.0,9.140033721923828,28187.0,28187.0,6.005338191986084,0.0,198.0,0.8303889241467761,0.8080049333502481,0.9941654205322266,254.67187037317734,252.31001814225158,254.71434632918397
548682.0,9.144700050354004,28775.0,28775.0,5.4392194747924805,0.0,200.0,0.8322881909754828,0.8134301377526094,0.9940437078475952,254.70113247022255,252.2456634769003,254.71662752537327
548961.0,9.1493501663208,27293.0,27293.0,7.647063732147217,0.0,202.0,0.8341620284547003,0.8189696361270764,0.9943504929542542,254.73920325937053,252.3795481472991,254.72747065129363
549240.0,9.154000282287598,25613.0,25613.0,7.004211902618408,0.0,200.0,0.8322881909754828,0.8134301377526094,0.9946982264518738,254.73397410281024,252.5483290363935,254.74776645406212
549520.0,9.158666610717773,26179.0,26179.0,7.396730422973633,0.0,202.0,0.8341620284547003,0.8189696361270764,0.9945810437202454,254.74984611508046,252.48648618224468,254.73859230307502
549799.0,9.16331672668457,26110.0,26110.0,8.592072486877441,0.0,202.0,0.8341620284547003,0.8189696361270764,0.9945953488349915,254.75050647841303,252.4931214274326,254.73928237454027
550078.0,9.167966842651367,25317.0,25317.0,8.392507553100586,0.0,199.0,0.8313417350035147,0.8107031042621488,0.9947595000267029,254.72114582241048,252.5803076597686,254.74703735384986
550358.0,9.172633171081543,24895.0,24895.0,8.734867095947266,0.0,201.0,0.8332282891567161,0.8161857445154094,0.9948468208312988,254.7571049722306,252.61342171099218,254.75845691297022
550637.0,9.17728328704834,24199.0,24199.0,10.326016426086426,0.0,202.0,0.8341620284547003,0.8189696361270764,0.994990885257721,254.76876552455863,252.67658595687905,254.75836285055408
550916.0,9.181933403015137,23899.0,23899.0,9.867626190185547,0.0,200.0,0.8322881909754828,0.8134301377526094,0.9950529932975769,254.75177515892184,252.71238198331127,254.76464459845295
551196.0,9.186599731445312,25015.0,25015.0,12.482831954956055,0.0,201.0,0.8332282891567161,0.8161857445154094,0.9948220252990723,254.75593623516718,252.601938221492,254.75729468103486
551475.0,9.19124984741211,22969.0,22969.0,13.654680252075195,51.0,245.0,0.9081480669237502,0.7775888165032608,0.9952455163002014,254.73035016162,252.8448631514827,253.88397691151033
551754.0,9.195899963378906,23891.0,23891.0,12.533369064331055,0.0,202.0,0.8341620284547003,0.8189696361270764,0.9950546622276306,254.77170964441635,252.70616809167527,254.7614394191699
552033.0,9.200550079345703,23447.0,23447.0,12.051313400268555,0.0,200.0,0.8322881909754828,0.8134301377526094,0.9951465725898743,254.75647066599433,252.75565535808624,254.76909666274963
552313.0,9.205216407775879,22827.0,22827.0,16.37775993347168,10.0,105.0,0.7198880404046373,0.6634872280662207,0.9952749013900757,253.5062288915319,252.99566399681456,254.59453571212404
552592.0,9.209866523742676,23557.0,23557.0,14.065816879272461,48.0,247.0,0.9065702519385274,0.7960011553336966,0.9951238036155701,254.7463417006586,252.76679814328213,253.8764876783365
552871.0,9.214516639709473,23978.0,23978.0,14.370363235473633,43.0,243.0,0.8994742582944024,0.7936793755494883,0.9950366616249084,254.73887003640849,252.72982739229482,253.94159040380103
553151.0,9.219182968139648,21975.0,21975.0,12.158378601074219,5.0,170.0,0.8031490089052931,0.719102777289892,0.9954512715339661,254.37205702235443,253.0059684065304,254.6741800757923
553430.0,9.223833084106445,22602.0,22602.0,12.390934944152832,5.0,170.0,0.8031490089052931,0.719102777289892,0.99532151222229,254.3541440057478,252.94908566029463,254.6648855730733
553709.0,9.228483200073242,21164.0,21164.0,14.943746566772461,49.0,244.0,0.9056309230696131,0.7790904504785774,0.9956191182136536,254.75321645140826,253.01253383755505,253.99813350654364
553989.0,9.233149528503418,22800.0,22800.0,15.345817565917969,12.0,101.0,0.7141051766636447,0.6571992114550208,0.9952805042266846,253.45584917141926,253.00560810812905,254.58744904748008
554268.0,9.237799644470215,22410.0,22410.0,16.95419692993164,13.0,101.0,0.7138023403814658,0.651794907395869,0.9953612089157104,253.48220630902793,253.04610547017683,254.5881110768355
554547.0,9.242449760437012,21324.0,21324.0,17.0577392578125,50.0,245.0,0.9072004872508085,0.7806285975448777,0.9955860376358032,254.7530842358744,252.99579495838523,253.97424849064748
554827.0,9.247117042541504,22022.0,22022.0,15.204235076904297,49.0,246.0,0.9068822971100216,0.7883133314214165,0.9954415559768677,254.75393473356453,252.92125881463798,253.94518624491133
555106.0,9.251766204833984,21967.0,21967.0,19.980459213256836,0.0,148.0,0.7753724658998954,0.7161883814821965,0.9954529404640198,254.0933376259448,253.01007925988293,254.67092037676716
555385.0,9.256416320800781,22747.0,22747.0,15.239788055419922,50.0,245.0,0.9072004872508085,0.7806285975448777,0.9952914714813232,254.73660629131626,252.8620441641586,253.9057948762685
555665.0,9.261083602905273,22548.0,22548.0,19.568668365478516,15.0,104.0,0.717225576528524,0.6373846021856989,0.995332658290863,253.5114767576104,253.0512304708416,254.56842525749855
555944.0,9.26573371887207,22068.0,22068.0,17.64024543762207,48.0,247.0,0.9065702519385274,0.7960011553336966,0.9954320192337036,254.76237498631048,252.90795482287837,253.94750287489583
556223.0,9.27038288116455,22272.0,22272.0,15.29977798461914,11.0,103.0,0.7170103766562232,0.6602342506012931,0.9953898191452026,253.51713767697498,253.0482350600668,254.60057270398656
556503.0,9.275050163269043,20647.0,20647.0,17.22022819519043,12.0,108.0,0.7233807091012984,0.6496205972836951,0.9957261681556702,253.68402364317672,253.202198734868,254.61814702452378
556782.0,9.27970027923584,19841.0,19841.0,13.94417667388916,44.0,242.0,0.8997175362901739,0.7859297077823046,0.9958930015563965,254.77580747897525,253.12962331478695,254.12012373701637
557061.0,9.284350395202637,20182.0,20182.0,16.723798751831055,50.0,245.0,0.9072004872508085,0.7806285975448777,0.9958224296569824,254.76630793642434,253.1031311886367,254.02918313949957
557341.0,9.289016723632812,20743.0,20743.0,17.256988525390625,49.0,246.0,0.9068822971100216,0.7883133314214165,0.9957062602043152,254.76822349436162,253.04196920983912,254.00643821131143
557620.0,9.29366683959961,21124.0,21124.0,15.836652755737305,49.0,245.0,0.9062602917618213,0.7836958350411356,0.9956274032592773,254.7588182238905,253.01115743834094,253.9941087111613
557899.0,9.298316955566406,20962.0,20962.0,14.97642707824707,47.0,247.0,0.9056505805645839,0.7990863679556286,0.9956609606742859,254.77769810161928,253.00939184226652,254.01042385599018
558179.0,9.302983283996582,20295.0,20295.0,14.445796966552734,43.0,242.0,0.8988138843433651,0.7892102058024302,0.9957990050315857,254.77419064947162,253.08330191663708,254.10986869393565
558458.0,9.307633399963379,19411.0,19411.0,17.207313537597656,17.0,105.0,0.7180299407271973,0.625401063167957,0.9959819912910461,253.72957807597967,253.33462671502534,254.6161888434082
558737.0,9.312283515930176,18709.0,18709.0,13.89763069152832,51.0,247.0,0.9093720961890389,0.7869074758983801,0.9961273074150085,254.7895633313086,253.23536345034574,254.0804867142352
559017.0,9.316949844360352,19358.0,19358.0,17.7469539642334,49.0,244.0,0.9056309230696131,0.7790904504785774,0.9959929585456848,254.77427560074045,253.1821332575588,254.08362727716582
559296.0,9.321599960327148,19451.0,19451.0,14.997278213500977,51.0,245.0,0.9081480669237502,0.7775888165032608,0.9959737062454224,254.7716493464394,253.174940838726,254.05490541668263
559575.0,9.326250076293945,20092.0,20092.0,15.728673934936523,12.0,107.0,0.7220428660909669,0.6505668424191395,0.9958410263061523,253.7079930620451,253.24951066022263,254.62941275591507
559854.0,9.330900192260742,19492.0,19492.0,18.39306640625,50.0,246.0,0.9078193756561757,0.7852641300484773,0.9959652423858643,254.7790661674897,253.16320744930107,254.0569126422653
560134.0,9.335566520690918,18498.0,18498.0,16.80449104309082,44.0,243.0,0.9003755232205838,0.7904174263037794,0.9961709976196289,254.79536449574042,253.25184429027033,254.1744786474808
560413.0,9.340216636657715,21149.0,21149.0,18.812593460083008,15.0,100.0,0.7118436991510484,0.6422878178101646,0.9956222772598267,253.55538467338093,253.16668241488605,254.60067898762554
560692.0,9.344866752624512,20664.0,20664.0,17.919048309326172,45.0,242.0,0.9006287339438227,0.7826747581267987,0.9957226514816284,254.7629581706606,253.0555940849699,254.0735716698535
560972.0,9.349533081054688,18606.0,18606.0,16.641769409179688,10.0,105.0,0.7198880404046373,0.6634872280662207,0.9961486458778381,253.78245048598953,253.366297009791,254.66951238790645
561251.0,9.354183197021484,20622.0,20622.0,21.091320037841797,0.0,123.0,0.7443850973879,0.7075470566472891,0.9957313537597656,253.85960216462337,253.14132684753793,254.68166356994254
561530.0,9.358833312988281,20369.0,20369.0,14.859931945800781,51.0,247.0,0.9093720961890389,0.7869074758983801,0.9957836866378784,254.77089146153185,253.07878872378615,253.99889906871425
561810.0,9.363499641418457,20445.0,20445.0,14.366888046264648,45.0,242.0,0.9006287339438227,0.7826747581267987,0.9957679510116577,254.7654685771473,253.07618643879815,254.08338306768118
562089.0,9.368149757385254,20608.0,20608.0,13.521890640258789,47.0,246.0,0.9050298786624172,0.7944927702720836,0.9957342147827148,254.77645432583225,253.04799521335232,254.03290704318795
562368.0,9.37279987335205,20539.0,20539.0,15.57470703125,11.0,99.0,0.711815053553249,0.6651539932068133,0.9957485198974609,253.58544524021164,253.19476088720552,254.63698426049956
562648.0,9.377466201782227,19737.0,19737.0,13.562409400939941,9.0,105.0,0.7201362027966999,0.6689350106272706,0.9959145188331604,253.70845914756046,253.2613073485778,254.65509725633402
562927.0,9.382116317749023,19639.0,19639.0,12.05960750579834,10.0,102.0,0.7159874225826393,0.6668165921383045,0.995934784412384,253.6812389332881,253.27212795802532,254.65461209229053
563206.0,9.38676643371582,19004.0,19004.0,18.295785903930664,7.0,105.0,0.7206205929306424,0.6798353375051365,0.9960662722587585,253.75647837743668,253.31495620869526,254.6788426432716
563486.0,9.391433715820312,17985.0,17985.0,14.835223197937012,11.0,108.0,0.7236050166566205,0.655089793423112,0.9962771534919739,253.85369566016695,253.42878045923172,254.67256782167496
563765.0,9.396082878112793,19899.0,19899.0,14.90089225769043,13.0,108.0,0.7231525930215434,0.6441527134036721,0.9958810210227966,253.73168761819647,253.27308123223546,254.62623948939083
564044.0,9.40073299407959,18503.0,18503.0,18.102642059326172,50.0,245.0,0.9072004872508085,0.7806285975448777,0.9961699843406677,254.78575004381375,253.2609419699268,254.10995064768323
564324.0,9.405400276184082,20701.0,20701.0,15.485054016113281,49.0,244.0,0.9056309230696131,0.7790904504785774,0.9957149624824524,254.75861554454065,253.05601532151007,254.02005219008325
564603.0,9.410050392150879,19701.0,19701.0,16.469335556030273,45.0,244.0,0.9019322497871735,0.7917005092019741,0.9959219694137573,254.7833898178838,253.13681458313243,254.10567015610178
564882.0,9.41469955444336,19197.0,19197.0,15.208990097045898,13.0,108.0,0.7231525930215434,0.6441527134036721,0.9960262775421143,253.77641487779354,253.33398132683126,254.639420219647
565162.0,9.419366836547852,19391.0,19391.0,13.99679183959961,44.0,242.0,0.8997175362901739,0.7859297077823046,0.9959861636161804,254.78089300246242,253.1720504417896,254.14008261602257
565441.0,9.424016952514648,19054.0,19054.0,13.106172561645508,11.0,107.0,0.7222779968173761,0.6560281499197426,0.9960559010505676,253.77476397230834,253.33445758398616,254.65405195180332
565720.0,9.428667068481445,18247.0,18247.0,14.776147842407227,10.0,106.0,0.7211966677229362,0.6624665849407155,0.996222972869873,253.81632271694286,253.3988087444661,254.67490741916916
566000.0,9.433333396911621,17896.0,17896.0,15.228069305419922,12.0,108.0,0.7233807091012984,0.6496205972836951,0.9962956309318542,253.8593696972203,253.44174510373782,254.66902667150785
566279.0,9.437983512878418,19310.0,19310.0,15.763442993164062,49.0,247.0,0.9074970489133407,0.7929427280293581,0.9960029125213623,254.78895536256556,253.17253002332922,254.0696747078729
566558.0,9.442633628845215,19522.0,19522.0,14.623136520385742,51.0,246.0,0.9087637269367285,0.782242362817849,0.9959590435028076,254.77561296960997,253.16349921682192,254.04599872017246
566838.0,9.44729995727539,18551.0,18551.0,20.50780487060547,11.0,110.0,0.726270028034234,0.6533502810691705,0.9961600303649902,253.83863117178086,253.38105220678818,254.66056327935684
567117.0,9.451950073242188,19631.0,19631.0,15.140697479248047,44.0,242.0,0.8997175362901739,0.7859297077823046,0.9959364533424377,254.77817942179172,253.14941178285153,254.1294327727141
567396.0,9.456600189208984,19862.0,19862.0,14.959815979003906,12.0,106.0,0.7207090031249812,0.6515589208177518,0.9958886504173279,253.7115050160494,253.26851529963506,254.63469641320216
567676.0,9.46126651763916,19007.0,19007.0,16.020160675048828,11.0,106.0,0.7209548594660253,0.6570119818763613,0.996065616607666,253.76698786546766,253.33757329228985,254.65589117761982
567955.0,9.465916633605957,19304.0,19304.0,14.565923690795898,12.0,104.0,0.718053889106521,0.6536797330399335,0.9960041642189026,253.7257258626597,253.31500267482207,254.64712107681825
568234.0,9.470566749572754,18967.0,18967.0,14.347713470458984,50.0,244.0,0.9065742143680213,0.7760050099522378,0.9960739016532898,254.77574627817503,253.22194356500276,254.0929350001741
568513.0,9.47521686553955,18791.0,18791.0,13.854860305786133,44.0,242.0,0.8997175362901739,0.7859297077823046,0.9961103200912476,254.78767044675152,253.22859279978474,254.16668168510122
568793.0,9.479883193969727,18714.0,18714.0,15.108119010925293,13.0,105.0,0.7191184934893133,0.6471538848769007,0.9961262941360474,253.77531097873515,253.37294963601659,254.65146037336757
569072.0,9.484533309936523,19235.0,19235.0,14.832725524902344,9.0,105.0,0.7201362027966999,0.6689350106272706,0.9960184097290039,253.74130211775147,253.30552107268426,254.66386788910773
569351.0,9.48918342590332,20052.0,20052.0,16.26357650756836,49.0,246.0,0.9068822971100216,0.7883133314214165,0.9958493113517761,254.7759454096764,253.1072033797294,254.03953992699715
569631.0,9.493849754333496,19523.0,19523.0,16.307899475097656,15.0,106.0,0.719946115550059,0.6352093867485401,0.9959588050842285,253.7334209783555,253.3149090357128,254.62408155724376
569910.0,9.498499870300293,18067.0,18067.0,13.70036506652832,10.0,102.0,0.7159874225826393,0.6668165921383045,0.9962602257728577,253.78681252131574,253.41045297817374,254.68226216598367
570189.0,9.50314998626709,18642.0,18642.0,13.018819808959961,43.0,243.0,0.8994742582944024,0.7936793755494883,0.9961411952972412,254.79698149604405,253.23502810554896,254.1771272440835
570469.0,9.507816314697266,18287.0,18287.0,12.440327644348145,45.0,243.0,0.9012842283556267,0.7871810333327107,0.9962146878242493,254.79457551243215,253.27491527793498,254.17500187404892
570748.0,9.512466430664062,19234.0,19234.0,14.305183410644531,50.0,246.0,0.9078193756561757,0.7852641300484773,0.996018648147583,254.78199054132898,253.18752001393835,254.06939574621452
571027.0,9.51711654663086,17852.0,17852.0,15.39584732055664,50.0,246.0,0.9078193756561757,0.7852641300484773,0.9963046908378601,254.79765356594365,253.317738761365,254.13625558533536
571307.0,9.521782875061035,18754.0,18754.0,13.929037094116211,11.0,107.0,0.7222779968173761,0.6560281499197426,0.9961180090904236,253.7940578614872,253.3606850128823,254.65949962323373
571586.0,9.526432991027832,18311.0,18311.0,14.695226669311523,12.0,109.0,0.7247223601117118,0.6487203859732169,0.9962096810340881,253.84327709811868,253.40646008214785,254.6604772452371
571865.0,9.531083106994629,19074.0,19074.0,13.740904808044434,10.0,102.0,0.7159874225826393,0.6668165921383045,0.9960517883300781,253.71919515184092,253.32185909622154,254.6645529521183
572145.0,9.535750389099121,17859.0,17859.0,12.743570327758789,26.0,120.0,0.7382611161723377,0.5644471084650159,0.9963032603263855,253.9823781533493,253.5252448082508,254.58941795820581
572424.0,9.540399551391602,18615.0,18615.0,14.553703308105469,48.0,247.0,0.9065702519385274,0.7960011553336966,0.9961467981338501,254.79955757411503,253.23530947414852,254.1121933094616
572703.0,9.545049667358398,18731.0,18731.0,16.16057586669922,50.0,246.0,0.9078193756561757,0.7852641300484773,0.9961227774620056,254.78769241755356,253.2349240880693,254.09373501250835
572983.0,9.54971694946289,18098.0,18098.0,18.09300422668457,49.0,247.0,0.9074970489133407,0.7929427280293581,0.9962537884712219,254.80220151345972,253.28723060686346,254.12806628488696
573262.0,9.554367065429688,17752.0,17752.0,13.2958345413208,50.0,245.0,0.9072004872508085,0.7806285975448777,0.9963254332542419,254.79444581058985,253.33152514907354,254.1460750965502
573541.0,9.559016227722168,17509.0,17509.0,12.481851577758789,50.0,248.0,0.9090354430987427,0.7945701930091565,0.9963757395744324,254.8101445644742,253.3414826184863,254.14305971741345
573821.0,9.56368350982666,18322.0,18322.0,13.090803146362305,24.0,120.0,0.7384871562747103,0.5755094027592944,0.9962074160575867,253.9559972348626,253.47631082618332,254.58947136318588
574100.0,9.568333625793457,19434.0,19434.0,12.371295928955078,52.0,247.0,0.9103203805247077,0.7839312793050282,0.9959772229194641,254.77835494415473,253.17002874477197,254.0354332340887
574379.0,9.572983741760254,17767.0,17767.0,13.802488327026367,48.0,246.0,0.9059524718287203,0.7913896498278652,0.9963223338127136,254.80436419605778,253.32002604842617,254.1576160509567
574659.0,9.57765007019043,18579.0,18579.0,14.131207466125488,51.0,246.0,0.9087637269367285,0.782242362817849,0.996154248714447,254.78645236315128,253.2522144812167,254.09208335925788
574938.0,9.582300186157227,20024.0,20024.0,15.89132308959961,16.0,106.0,0.7196830194283034,0.6297628975968198,0.9958550930023193,253.70089048593218,253.2774200121036,254.60867741907927
575217.0,9.586950302124023,19230.0,19230.0,13.254758834838867,10.0,101.0,0.7146961440659562,0.6680147845691156,0.9960194826126099,253.6977120267077,253.3069117276377,254.66302440479333
575497.0,9.5916166305542,19881.0,19881.0,15.593372344970703,50.0,245.0,0.9072004872508085,0.7806285975448777,0.9958847165107727,254.76979224481428,253.1314131756798,254.04365785156472
575776.0,9.596266746520996,17435.0,17435.0,16.303709030151367,47.0,246.0,0.9050298786624172,0.7944927702720836,0.9963910579681396,254.81087576179985,253.34856380195137,254.18181946751264
576055.0,9.600916862487793,17983.0,17983.0,17.61906623840332,18.0,106.0,0.7191429384367988,0.6188752183984364,0.9962775707244873,253.83325735598387,253.4633321308761,254.63822893861243
576335.0,9.605583190917969,16793.0,16793.0,13.504029273986816,45.0,243.0,0.9012842283556267,0.7871810333327107,0.996523916721344,254.8113570048897,253.41584052299575,254.24239744111134
576614.0,9.610233306884766,18798.0,18798.0,15.49952507019043,49.0,245.0,0.9062602917618213,0.7836958350411356,0.996108889579773,254.78537583549647,253.23015785018774,254.1048719313254
576893.0,9.614883422851562,18453.0,18453.0,14.506322860717773,50.0,245.0,0.9072004872508085,0.7806285975448777,0.9961802959442139,254.78632687190125,253.26562405964782,254.1123469397285
577172.0,9.61953353881836,18276.0,18276.0,13.877031326293945,12.0,101.0,0.7141051766636447,0.6571992114550208,0.9962169528007507,253.7622416148119,253.40133797694926,254.6693079514336
577452.0,9.624199867248535,19239.0,19239.0,13.268152236938477,11.0,100.0,0.7131065793175224,0.6638579819682754,0.9960176348686218,253.68603656579657,253.31034704720633,254.6586467357908
577731.0,9.628849983215332,18130.0,18130.0,13.799619674682617,14.0,107.0,0.7215605620374639,0.6396485963381656,0.9962471723556519,253.83412699483242,253.43090376226456,254.65515413911788
578010.0,9.633500099182129,18509.0,18509.0,14.109952926635742,50.0,247.0,0.9084309910363318,0.7899113971697715,0.9961687326431274,254.79474907045105,253.25130457754395,254.09929467317957
578290.0,9.638166427612305,18132.0,18132.0,11.640813827514648,43.0,242.0,0.8988138843433651,0.7892102058024302,0.9962467551231384,254.7982578426325,253.2875872701681,254.20474059375485
578569.0,9.642816543579102,18064.0,18064.0,14.870023727416992,43.0,242.0,0.8988138843433651,0.7892102058024302,0.9962608218193054,254.79901394720997,253.2940051806358,254.20772112734872
578848.0,9.647466659545898,18511.0,18511.0,13.513442039489746,42.0,242.0,0.8979177423025153,0.7925159349266417,0.996168315410614,254.7972715588554,253.24856930055773,254.19713943872705
579128.0,9.652132987976074,17115.0,17115.0,13.067434310913086,41.0,242.0,0.8970290730545322,0.7958465807456754,0.9964572787284851,254.81556904143358,253.37764311009383,254.2660305062677
579407.0,9.656783103942871,18495.0,18495.0,15.311628341674805,13.0,107.0,0.7218037547770351,0.645106978899855,0.9961715936660767,253.81066667809122,253.39397481560954,254.65353795408956
579686.0,9.661433219909668,19123.0,19123.0,12.22645378112793,51.0,244.0,0.9075250030607332,0.7729470458686235,0.9960415959358215,254.77081432921355,253.21039959805543,254.07619568298244
579966.0,9.666099548339844,18958.0,18958.0,14.343969345092773,10.0,101.0,0.7146961440659562,0.6680147845691156,0.9960757493972778,253.71612057761646,253.33084445395784,254.66778773865386
580245.0,9.67074966430664,18212.0,18212.0,15.001371383666992,50.0,245.0,0.9072004872508085,0.7806285975448777,0.9962301850318909,254.78911765287967,253.28827671338468,254.12394056077972
580524.0,9.675399780273438,17902.0,17902.0,13.562017440795898,45.0,244.0,0.9019322497871735,0.7917005092019741,0.996294379234314,254.8031708757613,253.3069625337388,254.18734124944964
580804.0,9.68006706237793,17234.0,17234.0,12.928377151489258,51.0,247.0,0.9093720961890389,0.7869074758983801,0.9964326620101929,254.80615587057423,253.37450175462413,254.1529886236895
581083.0,9.68471622467041,17849.0,17849.0,15.65217399597168,49.0,246.0,0.9068822971100216,0.7883133314214165,0.9963053464889526,254.80056223220706,253.3151644771588,254.14506543812695
581362.0,9.689366340637207,18331.0,18331.0,14.128976821899414,50.0,245.0,0.9072004872508085,0.7806285975448777,0.9962055683135986,254.78774060085567,253.27709923907963,254.11821993294916
581642.0,9.6940336227417,20005.0,20005.0,12.586852073669434,43.0,242.0,0.8988138843433651,0.7892102058024302,0.9958590269088745,254.7774169092577,253.1106868142683,254.12258647922826
581921.0,9.698683738708496,19236.0,19236.0,14.680479049682617,14.0,107.0,0.7215605620374639,0.6396485963381656,0.9960182309150696,253.7630028530827,253.33518096678253,254.63411679990296
582200.0,9.703332901000977,18436.0,18436.0,16.344057083129883,47.0,247.0,0.9056505805645839,0.7990863679556286,0.9961838126182556,254.80448536280582,253.24925907250454,254.12966725798827
582480.0,9.708000183105469,17600.0,17600.0,13.343063354492188,149.0,0.0,0.4734122342951205,0.7170896796162054,0.9963569045066833,253.40484197327527,254.73717932513324,254.5246360850269
582759.0,9.712650299072266,17634.0,17634.0,15.122825622558594,10.0,108.0,0.723825609406847,0.6605602692268479,0.9963498115539551,253.87608261887556,253.45435373328328,254.6840501592338
583038.0,9.717300415039062,17278.0,17278.0,14.672351837158203,50.0,244.0,0.9065742143680213,0.7760050099522378,0.9964235424995422,254.79571731663358,253.38028935813296,254.1737141723033
583318.0,9.721966743469238,18824.0,18824.0,12.663769721984863,17.0,124.0,0.7449605780304723,0.6131332104182587,0.9961035251617432,253.96955813189038,253.39718909388642,254.6156087386026
583597.0,9.726616859436035,19626.0,19626.0,11.039770126342773,26.0,119.0,0.7367027802195831,0.5648828698681801,0.9959375262260437,253.87069405135844,253.37888961737104,254.54924875791124
583876.0,9.731266975402832,18935.0,18935.0,14.233990669250488,49.0,245.0,0.9062602917618213,0.7836958350411356,0.9960805177688599,254.78381091557515,253.21725314654338,254.09834515578711
584156.0,9.735933303833008,17074.0,17074.0,16.235774993896484,18.0,106.0,0.7191429384367988,0.6188752183984364,0.9964657425880432,253.89223715690554,253.54101195638728,254.65651676351476
584435.0,9.740583419799805,17202.0,17202.0,13.775557518005371,49.0,247.0,0.9074970489133407,0.7929427280293581,0.9964392781257629,254.81199529383096,253.37203655030814,254.17123914962153
584714.0,9.745233535766602,18047.0,18047.0,15.255170822143555,12.0,104.0,0.718053889106521,0.6536797330399335,0.9962643384933472,253.8086955759533,253.42471513062245,254.6700975009846
584994.0,9.749899864196777,18109.0,18109.0,12.824642181396484,50.0,245.0,0.9072004872508085,0.7806285975448777,0.9962515234947205,254.79031132025153,253.2979656620559,254.12889936165945
585273.0,9.754549980163574,17596.0,17596.0,18.15816879272461,8.0,106.0,0.721668529170243,0.6733802671869974,0.9963576793670654,253.85857600187654,253.44577819415022,254.69663828305315
585552.0,9.759200096130371,17016.0,17016.0,14.584123611450195,50.0,247.0,0.9084309910363318,0.7899113971697715,0.9964777827262878,254.81130568499583,253.39236350541097,254.17195028037898
585832.0,9.763866424560547,18983.0,18983.0,13.86227798461914,49.0,246.0,0.9068822971100216,0.7883133314214165,0.9960706233978271,254.78789185616134,253.2081260767305,254.0907510396393
586111.0,9.768516540527344,17635.0,17635.0,15.071842193603516,49.0,247.0,0.9074970489133407,0.7929427280293581,0.9963496327400208,254.80726205293178,253.3310506444788,254.15037411473696
586390.0,9.77316665649414,18753.0,18753.0,15.730356216430664,12.0,101.0,0.7141051766636447,0.6571992114550208,0.9961181879043579,253.72992716769195,253.35960133430174,254.6606744969208
586669.0,9.777816772460938,18246.0,18246.0,13.587730407714844,26.0,119.0,0.7367027802195831,0.5648828698681801,0.9962231516838074,253.95009358634223,253.49286706581444,254.58094029292732
586949.0,9.782483100891113,18723.0,18723.0,13.517826080322266,45.0,242.0,0.9006287339438227,0.7826747581267987,0.9961244463920593,254.78522481556425,253.238242844386,254.16059618663837
587228.0,9.78713321685791,17810.0,17810.0,14.556015968322754,15.0,106.0,0.719946115550059,0.6352093867485401,0.9963133931159973,253.84455488100687,253.4627645835969,254.65706590556172
587507.0,9.791783332824707,17927.0,17927.0,13.190818786621094,45.0,244.0,0.9019322497871735,0.7917005092019741,0.9962891936302185,254.8028954352947,253.30459331611675,254.1862040239181
587787.0,9.796449661254883,17316.0,17316.0,16.136859893798828,15.0,106.0,0.719946115550059,0.6352093867485401,0.9964156746864319,253.87661165978477,253.50541378853373,254.66658030154653
588066.0,9.80109977722168,17870.0,17870.0,12.745269775390625,46.0,246.0,0.9041144948448081,0.797622379937115,0.996300995349884,254.80910808178857,253.3043995466523,254.1700779746695
588345.0,9.805749893188477,18066.0,18066.0,15.989813804626465,48.0,245.0,0.9053274593345317,0.7867902078818483,0.996260404586792,254.7966838180327,253.2961225212312,254.148494223586
588625.0,9.810416221618652,17782.0,17782.0,13.53923225402832,50.0,243.0,0.9059404437949544,0.7713935820572154,0.9963191747665405,254.7854276307179,253.33735150021778,254.15458388933357
588904.0,9.81506633758545,18171.0,18171.0,13.469817161560059,43.0,243.0,0.8994742582944024,0.7936793755494883,0.9962387084960938,254.80211183698432,253.2796294960235,254.19792149537605
589183.0,9.819716453552246,18641.0,18641.0,15.914461135864258,13.0,109.0,0.7245053361106599,0.6432448499190087,0.9961413741111755,253.82241724912112,253.3831298845084,254.64897091219112
589463.0,9.824383735656738,18064.0,18064.0,17.476741790771484,47.0,246.0,0.9050298786624172,0.7944927702720836,0.9962608218193054,254.80405082190973,253.28896830593604,254.15229372820687
589742.0,9.829032897949219,17978.0,17978.0,16.610515594482422,50.0,245.0,0.9072004872508085,0.7806285975448777,0.9962786436080933,254.7918284114644,253.31027982866317,254.13520174825243
590021.0,9.833683013916016,18334.0,18334.0,17.48345184326172,18.0,106.0,0.7191429384367988,0.6188752183984364,0.9962049126625061,253.81048371730049,253.43333792520676,254.63116753267136
590301.0,9.838350296020508,17185.0,17185.0,15.50221061706543,50.0,245.0,0.9072004872508085,0.7806285975448777,0.9964427947998047,254.8010109811352,253.3848143667652,254.17334850138872
590580.0,9.843000411987305,16866.0,16866.0,13.76190185546875,10.0,105.0,0.7198880404046373,0.6634872280662207,0.9965088367462158,253.89631958315218,253.51908610164017,254.7004206389299
590859.0,9.847649574279785,17705.0,17705.0,13.884281158447266,42.0,243.0,0.8985803996680687,0.7969665672677622,0.9963351488113403,254.81025773409198,253.3206681596916,254.22710963545737
591139.0,9.852316856384277,19009.0,19009.0,12.8256196975708,11.0,103.0,0.7170103766562232,0.6602342506012931,0.9960651993751526,253.7343733838273,253.33416385450195,254.65908782682587
591418.0,9.856966972351074,18057.0,18057.0,12.38270378112793,26.0,118.0,0.735146995554724,0.5653726999851553,0.99626225233078,253.95082806388035,253.50800311898837,254.58574556970945
591697.0,9.861617088317871,17181.0,17181.0,15.223469734191895,43.0,243.0,0.8994742582944024,0.7936793755494883,0.9964436292648315,254.81289307913136,253.37335784593273,254.2416199281045
591977.0,9.866283416748047,16476.0,16476.0,11.704278945922852,50.0,245.0,0.9072004872508085,0.7806285975448777,0.9965895414352417,254.80921994501665,253.45144618695662,254.20745064598628
592256.0,9.870933532714844,18256.0,18256.0,14.924272537231445,13.0,103.0,0.7164509189934326,0.6493838205600974,0.9962210655212402,253.78444577201694,253.4106070860031,254.66213632982942
592535.0,9.87558364868164,17151.0,17151.0,14.066291809082031,12.0,101.0,0.7141051766636447,0.6571992114550208,0.9964498281478882,253.8384350637544,253.49974779156832,254.68966456385465
592815.0,9.880249977111816,17397.0,17397.0,17.494598388671875,18.0,102.0,0.7135855327829048,0.6235294117647059,0.9963988661766052,253.83150840592074,253.50913059711456,254.6542911529541
593094.0,9.884900093078613,18145.0,18145.0,12.098159790039062,43.0,243.0,0.8994742582944024,0.7936793755494883,0.9962440729141235,254.80239406845413,253.28208311774887,254.1990654334056
593373.0,9.88955020904541,18203.0,18203.0,18.08007049560547,17.0,104.0,0.7166494414608552,0.6265311885753121,0.9962320327758789,253.79824752851354,253.43717736707154,254.6411593486267
593653.0,9.894216537475586,17498.0,17498.0,13.366254806518555,49.0,243.0,0.9049940795405619,0.7744973937948416,0.9963780045509338,254.79172379957595,253.3610585214003,254.1765885511349
593932.0,9.898866653442383,17074.0,17074.0,15.610919952392578,14.0,107.0,0.7215605620374639,0.6396485963381656,0.9964657425880432,253.9020291629648,253.52229024782375,254.6752384720783
594211.0,9.90351676940918,17380.0,17380.0,14.107986450195312,13.0,108.0,0.7231525930215434,0.6441527134036721,0.9964024424552917,253.89224324681985,253.49169183031668,254.6735538218821
594490.0,9.908166885375977,17779.0,17779.0,13.446269035339355,51.0,245.0,0.9081480669237502,0.7775888165032608,0.9963198304176331,254.79127972756783,253.33183378542503,254.13615137146166
594770.0,9.912833213806152,17283.0,17283.0,14.958402633666992,43.0,243.0,0.8994742582944024,0.7936793755494883,0.9964224696159363,254.8117798327782,253.3636796713493,254.23710772809912
595049.0,9.91748332977295,17102.0,17102.0,16.796663284301758,8.0,105.0,0.7203803552075878,0.6743843932660475,0.9964599609375,253.8809101778078,253.4885165297604,254.7060635483646
595328.0,9.922133445739746,16653.0,16653.0,14.093330383300781,150.0,0.0,0.4722000561071075,0.718032683278453,0.9965528845787048,253.48982447601136,254.7521466591281,254.5415917439357
595608.0,9.926799774169922,17986.0,17986.0,13.879573822021484,50.0,245.0,0.9072004872508085,0.7806285975448777,0.9962769746780396,254.79173505200512,253.30952203379505,254.13481390907748
595887.0,9.931449890136719,17917.0,17917.0,15.625195503234863,45.0,242.0,0.9006287339438227,0.7826747581267987,0.9962912797927856,254.79447037840146,253.31408231591922,254.1967305320591
596166.0,9.936100006103516,16851.0,16851.0,15.367656707763672,48.0,246.0,0.9059524718287203,0.7913896498278652,0.9965119361877441,254.81445021560916,253.40663724014036,254.20104522296214
596446.0,9.940766334533691,18633.0,18633.0,17.146778106689453,50.0,246.0,0.9078193756561757,0.7852641300484773,0.9961430430412292,254.78880211298366,253.24414983804326,254.09847190463194
596725.0,9.945416450500488,17240.0,17240.0,13.722126007080078,51.0,248.0,0.9099732859598199,0.7915839512424866,0.9964314103126526,254.81034340262022,253.3696758568326,254.14786724786214
597004.0,9.950066566467285,17874.0,17874.0,12.679054260253906,10.0,102.0,0.7159874225826393,0.6668165921383045,0.9963001608848572,253.7997675220444,253.42742692753262,254.68565512374454
597284.0,9.954732894897461,17606.0,17606.0,14.177976608276367,9.0,106.0,0.7214345259690688,0.6679226922323597,0.9963556528091431,253.85792224450182,253.4499852086091,254.69139772405387
597563.0,9.959383010864258,17329.0,17329.0,14.375457763671875,49.0,244.0,0.9056309230696131,0.7790904504785774,0.996412992477417,254.79793692493436,253.3726892385483,254.17968508991683
597842.0,9.964033126831055,17022.0,17022.0,11.04250717163086,28.0,118.0,0.7348502253094688,0.5543300593388915,0.9964765310287476,254.01096999364393,253.6034583975328,254.59957242712846
598122.0,9.968700408935547,19077.0,19077.0,15.115127563476562,49.0,246.0,0.9068822971100216,0.7883133314214165,0.9960511326789856,254.7868397451997,253.19923792108295,254.0862409308771
598401.0,9.973349571228027,18037.0,18037.0,13.814798355102539,9.0,102.0,0.7162658943067582,0.6722373942193719,0.9962664246559143,253.78885570633622,253.40792680234858,254.6879497721677
598680.0,9.977999687194824,17513.0,17513.0,12.391481399536133,43.0,243.0,0.8994742582944024,0.7936793755494883,0.9963749051094055,254.80927738041248,253.34192422538433,254.22696481090384
598960.0,9.982666969299316,16770.0,16770.0,16.668834686279297,50.0,245.0,0.9072004872508085,0.7806285975448777,0.996528685092926,254.8058156590203,253.42381373837196,254.19330836749964
599239.0,9.987317085266113,17027.0,17027.0,14.599575996398926,51.0,245.0,0.9081480669237502,0.7775888165032608,0.9964754581451416,254.80010613106813,253.40237752295408,254.1726819703816
599518.0,9.991966247558594,17239.0,17239.0,14.605480194091797,50.0,246.0,0.9078193756561757,0.7852641300484773,0.9964315891265869,254.80460221762206,253.37550823693726,254.1659168892504
599798.0,9.996633529663086,18131.0,18131.0,11.52041244506836,50.0,243.0,0.9059404437949544,0.7713935820572154,0.9962469339370728,254.78121637781817,253.30471993008894,254.13799153375936
600077.0,10.001283645629883,17877.0,17877.0,12.922332763671875,43.0,243.0,0.8994742582944024,0.7936793755494883,0.9962995648384094,254.80531359621415,253.30746447137466,254.21089883680008
600356.0,10.00593376159668,18209.0,18209.0,17.637174606323242,10.0,100.0,0.713409573824092,0.6692567908186671,0.9962308406829834,253.75642439177165,253.3956178296701,254.68211091865143
600636.0,10.010600090026855,18003.0,18003.0,10.333551406860352,154.0,6.0,0.46582243457205585,0.6896722611201311,0.9962734580039978,253.39435816666122,254.70510541537766,254.43631651626262
600915.0,10.015250205993652,18026.0,18026.0,13.077170372009277,47.0,246.0,0.9050298786624172,0.7944927702720836,0.9962686896324158,254.8044631294912,253.29256858304083,254.15407743419698
601194.0,10.01990032196045,16149.0,16149.0,16.528581619262695,49.0,246.0,0.9068822971100216,0.7883133314214165,0.9966572523117065,254.81955814388144,253.4756405350889,254.22649565871382
601474.0,10.024566650390625,17376.0,17376.0,15.595396041870117,150.0,0.0,0.4722000561071075,0.718032683278453,0.9964032173156738,253.4242554973878,254.74138533360585,254.52168852032676
601753.0,10.029216766357422,18209.0,18209.0,13.165790557861328,28.0,117.0,0.7332666858824456,0.55488463909776,0.9962308406829834,253.9317739626491,253.50554497929298,254.57218376902856
602032.0,10.033866882324219,17961.0,17961.0,13.517961502075195,10.0,103.0,0.7172832643519763,0.6656624501209011,0.996282160282135,253.80418806460426,253.42087016652795,254.6830315773609
602312.0,10.038533210754395,16803.0,16803.0,17.22032928466797,12.0,107.0,0.7220428660909669,0.6505668424191395,0.9965218305587769,253.91948846512523,253.5360574562404,254.6900761287358
602591.0,10.043183326721191,17608.0,17608.0,12.245382308959961,41.0,242.0,0.8970290730545322,0.7958465807456754,0.9963552355766296,254.81025676455107,253.33091337953005,254.2448895372876
602870.0,10.047833442687988,17940.0,17940.0,12.770313262939453,50.0,244.0,0.9065742143680213,0.7760050099522378,0.9962865114212036,254.78789027650126,253.31823054831258,254.14205523661883
603149.0,10.052483558654785,17361.0,17361.0,14.397038459777832,51.0,246.0,0.9087637269367285,0.782242362817849,0.9964063763618469,254.80045255694662,253.3667993875953,254.15160641981706
603429.0,10.057149887084961,18810.0,18810.0,13.83156967163086,45.0,244.0,0.9019322497871735,0.7917005092019741,0.9961063861846924,254.79318536735133,253.2210715868418,254.14611355604072
603708.0,10.061800003051758,18672.0,18672.0,16.429780960083008,14.0,104.0,0.717506346536984,0.6428143617945501,0.9961349964141846,253.7673908177791,253.38088173321293,254.6479664380212
603987.0,10.066450119018555,18173.0,18173.0,17.02122688293457,11.0,101.0,0.7144030719219189,0.662605856123391,0.9962382912635803,253.76926142821625,253.40516906157853,254.67635948284743
604267.0,10.07111644744873,18123.0,18123.0,14.491891860961914,10.0,103.0,0.7172832643519763,0.6656624501209011,0.9962486028671265,253.79339460376855,253.40661685837173,254.68017060386276
604546.0,10.075766563415527,18298.0,18298.0,14.471712112426758,44.0,242.0,0.8997175362901739,0.7859297077823046,0.996212363243103,254.79324077062233,253.2750644833602,254.1885432339551
604825.0,10.080416679382324,16667.0,16667.0,15.021065711975098,47.0,245.0,0.9044019671526693,0.7899113971697715,0.9965500235557556,254.81517581360305,253.42533619983232,254.22253179813097
605105.0,10.0850830078125,18274.0,18274.0,11.58965015411377,41.0,242.0,0.8970290730545322,0.7958465807456754,0.9962173700332642,254.80307960542183,253.2677791115429,254.2163270015102
605384.0,10.089733123779297,17338.0,17338.0,13.416366577148438,42.0,243.0,0.8985803996680687,0.7969665672677622,0.9964110851287842,254.81418922494788,253.35546419073205,254.24312405051816
605663.0,10.094383239746094,17083.0,17083.0,15.31801986694336,14.0,107.0,0.7215605620374639,0.6396485963381656,0.9964638948440552,253.90145513318237,253.52151768686045,254.6750686836077
605943.0,10.09904956817627,18282.0,18282.0,19.507200241088867,19.0,105.0,0.7174567790708115,0.6145362057468863,0.9962157011032104,253.80341641339322,253.4419786665301,254.62802889610722
606222.0,10.103699684143066,17290.0,17290.0,15.948312759399414,149.0,0.0,0.4734122342951205,0.7170896796162054,0.9964210391044617,253.4329238115429,254.74180613173255,254.5330045929458
606501.0,10.108349800109863,17381.0,17381.0,12.150157928466797,27.0,119.0,0.7365710935937132,0.5593564710169974,0.9964022040367126,253.99986550247394,253.5693871637285,254.59573689499496
606781.0,10.113017082214355,17943.0,17943.0,11.986705780029297,52.0,246.0,0.9097153686762235,0.7792483488817347,0.9962858557701111,254.79092461483393,253.31486182792273,254.11445653508488
607060.0,10.117666244506836,17485.0,17485.0,13.71126937866211,50.0,244.0,0.9065742143680213,0.7760050099522378,0.9963806867599487,254.7932694515378,253.36088079603604,254.16381300885956
607339.0,10.122316360473633,17509.0,17509.0,17.984027862548828,12.0,108.0,0.7233807091012984,0.6496205972836951,0.9963757395744324,253.88403633911216,253.47544306477621,254.6761841181843
607619.0,10.126983642578125,17592.0,17592.0,12.843464851379395,43.0,242.0,0.8988138843433651,0.7892102058024302,0.9963585138320923,254.80426502942385,253.33857702494322,254.22842068057074
607898.0,10.131633758544922,17595.0,17595.0,13.185481071472168,11.0,101.0,0.7144030719219189,0.662605856123391,0.9963579177856445,253.80840028378137,253.4558864593921,254.6866516112866
608177.0,10.136282920837402,17167.0,17167.0,15.431612014770508,15.0,107.0,0.7213131836383493,0.6341917329731384,0.9964464902877808,253.89602970971794,253.51918537033916,254.66852467642903
608457.0,10.140950202941895,18202.0,18202.0,17.517507553100586,16.0,105.0,0.7183091161031061,0.6308364549021604,0.996232271194458,253.80873909678928,253.433139880493,254.64531842868058
608736.0,10.145600318908691,18554.0,18554.0,16.883712768554688,45.0,244.0,0.9019322497871735,0.7917005092019741,0.9961593747138977,254.79599992568248,253.24528117840535,254.15773417095528
609015.0,10.150250434875488,18441.0,18441.0,15.983963012695312,5.0,168.0,0.8008181063110685,0.7155439020354376,0.9961827993392944,254.45135189165052,253.33011329433862,254.72311436870154
609295.0,10.154916763305664,17733.0,17733.0,14.450811386108398,149.0,0.0,0.4734122342951205,0.7170896796162054,0.9963293671607971,253.39278452970683,254.7351927222997,254.5210429152699
609574.0,10.159566879272461,18378.0,18378.0,15.630626678466797,45.0,244.0,0.9019322497871735,0.7917005092019741,0.9961958527565002,254.79793750689583,253.2619473989193,254.16573396434978
609853.0,10.164216995239258,18658.0,18658.0,14.968927383422852,49.0,244.0,0.9056309230696131,0.7790904504785774,0.9961378574371338,254.7824380356937,253.24786925724453,254.11676429189518
610133.0,10.168883323669434,19118.0,19118.0,16.03630828857422,50.0,245.0,0.9072004872508085,0.7806285975448777,0.9960426688194275,254.77862805077928,253.20313304712874,254.08036405919407
610412.0,10.17353343963623,19124.0,19124.0,12.253202438354492,50.0,245.0,0.9072004872508085,0.7806285975448777,0.9960414171218872,254.77855803118484,253.20256470097763,254.08007317981284
610691.0,10.178183555603027,18656.0,18656.0,14.414627075195312,49.0,243.0,0.9049940795405619,0.7744973937948416,0.9961382746696472,254.77793857275705,253.25258150876303,254.12208922012738
610971.0,10.182849884033203,19334.0,19334.0,12.735794067382812,10.0,104.0,0.7185835209054995,0.664552588026696,0.995997965335846,253.72380564684553,253.30129272481452,254.65766959646692
611250.0,10.1875,18802.0,18802.0,13.681902885437012,9.0,100.0,0.7137077179532019,0.6746579864589245,0.9961080551147461,253.71595504026118,253.33799247083812,254.6771156376824
611529.0,10.192150115966797,17917.0,17917.0,15.48482608795166,12.0,102.0,0.7154166763672039,0.6559812639741481,0.9962912797927856,253.79681996555482,253.43389935000036,254.67465334432032
611808.0,10.196800231933594,17906.0,17906.0,11.893067359924316,42.0,243.0,0.8985803996680687,0.7969665672677622,0.9962935447692871,254.8081037461662,253.30160408617022,254.2183356466721
612088.0,10.20146656036377,17196.0,17196.0,15.103889465332031,43.0,242.0,0.8988138843433651,0.7892102058024302,0.9964405298233032,254.80867350357045,253.3759967063142,254.2457987069487
612367.0,10.206116676330566,16667.0,16667.0,14.22189712524414,51.0,246.0,0.9087637269367285,0.782242362817849,0.9965500235557556,254.80842902669764,253.43208298673773,254.18551908552573
612646.0,10.210766792297363,17608.0,17608.0,14.138031005859375,49.0,243.0,0.9049940795405619,0.7744973937948416,0.9963552355766296,254.79041451149916,253.35075563258195,254.17141233421677
612926.0,10.215433120727539,17335.0,17335.0,12.938974380493164,11.0,101.0,0.7144030719219189,0.662605856123391,0.9964117407798767,253.82600984360963,253.47870549787024,254.69128229986688
613205.0,10.220083236694336,18892.0,18892.0,10.410219192504883,52.0,242.0,0.9072210978364342,0.7606326915819934,0.9960894584655762,254.76130577060428,253.24431804683957,254.08878478047853
613484.0,10.224733352661133,18043.0,18043.0,16.764617919921875,14.0,107.0,0.7215605620374639,0.6396485963381656,0.996265172958374,253.8397191559385,253.43843000132617,254.65680820744458
613764.0,10.229399681091309,17578.0,17578.0,13.234094619750977,42.0,242.0,0.8979177423025153,0.7925159349266417,0.9963614344596863,254.80748918581827,253.33684238862173,254.23760406062212
614043.0,10.234049797058105,16076.0,16076.0,13.726285934448242,11.0,104.0,0.7183208892245916,0.6591152482070716,0.9966723322868347,253.93882884207628,253.59214901781084,254.71074044847487
614322.0,10.238699913024902,17298.0,17298.0,15.150918960571289,43.0,242.0,0.8988138843433651,0.7892102058024302,0.996419370174408,254.80753614287127,253.3663426460768,254.24131527717822
614602.0,10.243366241455078,19186.0,19186.0,13.405280113220215,26.0,117.0,0.7335940524617486,0.5659164584181102,0.9960286021232605,253.87446513122154,253.41418628898117,254.56040079388168
614881.0,10.248016357421875,17986.0,17986.0,12.514413833618164,10.0,101.0,0.7146961440659562,0.6680147845691156,0.9962769746780396,253.78195454781553,253.41643437350942,254.68482271229075
615160.0,10.252666473388672,15853.0,15853.0,15.719703674316406,11.0,105.0,0.7196357696599682,0.6580410853230118,0.9967185258865356,253.96258956302106,253.61259118036034,254.71385702177284
615440.0,10.257333755493164,18211.0,18211.0,12.926810264587402,44.0,243.0,0.9003755232205838,0.7904174263037794,0.99623042345047,254.7985404234762,253.2789755362635,254.1872906771891
615719.0,10.261982917785645,17506.0,17506.0,12.56658935546875,51.0,246.0,0.9087637269367285,0.782242362817849,0.9963763356208801,254.79878444874973,253.35314671789914,254.14451431047385
615998.0,10.266633033752441,17097.0,17097.0,13.71609115600586,43.0,242.0,0.8988138843433651,0.7892102058024302,0.9964609742164612,254.80977241827412,253.38532443212108,254.25013058416354
616278.0,10.271300315856934,17863.0,17863.0,13.176443099975586,11.0,103.0,0.7170103766562232,0.6602342506012931,0.9963024258613586,253.81067716224686,253.434595996577,254.6796411927159
616557.0,10.27595043182373,16838.0,16838.0,12.814699172973633,149.0,0.0,0.4734122342951205,0.7170896796162054,0.996514618396759,253.47389824098545,254.74855714136166,254.5452151481806
616836.0,10.280599594116211,16707.0,16707.0,15.646472930908203,49.0,246.0,0.9068822971100216,0.7883133314214165,0.9965417385101318,254.81332269726477,253.42296394290247,254.1997660232976
617116.0,10.285266876220703,17966.0,17966.0,12.652441024780273,51.0,245.0,0.9081480669237502,0.7775888165032608,0.996281087398529,254.78908242298138,253.31427215026844,254.1270571970848
617395.0,10.2899169921875,17343.0,17343.0,11.665186882019043,42.0,242.0,0.8979177423025153,0.7925159349266417,0.996410071849823,254.81006251409042,253.3590741293193,254.24779515058086
617674.0,10.294567108154297,17171.0,17171.0,12.830345153808594,49.0,247.0,0.9074970489133407,0.7929427280293581,0.9964456558227539,254.81233203370877,253.37495243589572,254.1727235636725
617954.0,10.299233436584473,16539.0,16539.0,16.296669006347656,15.0,106.0,0.719946115550059,0.6352093867485401,0.9965764880180359,253.92701328515935,253.5724694732188,254.6815394159795
618233.0,10.30388355255127,17474.0,17474.0,11.94838809967041,43.0,243.0,0.8994742582944024,0.7936793755494883,0.9963829517364502,254.80970072761718,253.34560465797242,254.22868071794818
618512.0,10.308533668518066,17288.0,17288.0,13.197477340698242,10.0,101.0,0.7146961440659562,0.6680147845691156,0.9964214563369751,253.82922396243717,253.47788874702633,254.69705398483097
618792.0,10.313199996948242,18130.0,18130.0,15.976858139038086,10.0,105.0,0.7198880404046373,0.6634872280662207,0.9962471723556519,253.8135981969956,253.4080908818457,254.67796701953674
619071.0,10.317850112915039,17131.0,17131.0,12.834168434143066,46.0,241.0,0.9008870038648876,0.7749341106294092,0.9964539408683777,254.79648527718408,253.39502456568854,254.22844238618035
619350.0,10.322500228881836,17563.0,17563.0,13.592496871948242,51.0,246.0,0.9087637269367285,0.782242362817849,0.9963645339012146,254.79812912052952,253.34778316908992,254.14172812466046
619630.0,10.327166557312012,18273.0,18273.0,12.926399230957031,50.0,245.0,0.9072004872508085,0.7806285975448777,0.9962175488471985,254.78841078840244,253.28253912366878,254.12100406416934
619909.0,10.331816673278809,16321.0,16321.0,14.321109771728516,42.0,242.0,0.8979177423025153,0.7925159349266417,0.9966216087341309,254.82125459992102,253.45576585448572,254.29211889845297
620188.0,10.336466789245605,16735.0,16735.0,12.601739883422852,10.0,101.0,0.7146961440659562,0.6680147845691156,0.9965358972549438,253.86666508292953,253.52656547852487,254.7067421214965
620467.0,10.341116905212402,17634.0,17634.0,13.346872329711914,11.0,100.0,0.7131065793175224,0.6638579819682754,0.9963498115539551,253.79563676663795,253.45128422868177,254.68711966383532
620747.0,10.345783233642578,15687.0,15687.0,15.840906143188477,11.0,107.0,0.7222779968173761,0.6560281499197426,0.9967528581619263,253.99127399742204,253.62877363588882,254.71518402669358
621026.0,10.350433349609375,15625.0,15625.0,15.47945499420166,13.0,107.0,0.7218037547770351,0.645106978899855,0.996765673160553,253.99522350853593,253.64319251781754,254.70730079406448
621305.0,10.355083465576172,17341.0,17341.0,14.185346603393555,50.0,246.0,0.9078193756561757,0.7852641300484773,0.9964104890823364,254.80344682885072,253.36590260314085,254.16098494862763
621585.0,10.359749794006348,17393.0,17393.0,18.20233154296875,16.0,122.0,0.7421556658632157,0.6191236628959585,0.9963997006416321,254.02841876725364,253.5135208794161,254.65032644781627
621864.0,10.364399909973145,18008.0,18008.0,12.879756927490234,44.0,242.0,0.8997175362901739,0.7859297077823046,0.9962724447250366,254.7965204940229,253.30242631574578,254.2014149870186
622143.0,10.369050025939941,17181.0,17181.0,16.680770874023438,50.0,244.0,0.9065742143680213,0.7760050099522378,0.9964436292648315,254.7968646470053,253.3893862780588,254.17835491233186
622423.0,10.373716354370117,16880.0,16880.0,14.669546127319336,12.0,108.0,0.7233807091012984,0.6496205972836951,0.9965059161186218,253.92411963218638,253.53020225146363,254.6878149690335
622702.0,10.378366470336914,17155.0,17155.0,17.45957374572754,15.0,106.0,0.719946115550059,0.6352093867485401,0.9964489936828613,253.88705439832606,253.51930709014195,254.66967968811733
622981.0,10.383016586303711,16889.0,16889.0,16.504535675048828,11.0,109.0,0.7249357507975259,0.6541971080715279,0.9965040683746338,253.9331301304136,253.52534520390236,254.69172966716087
623261.0,10.387682914733887,16716.0,16716.0,12.905746459960938,8.0,103.0,0.7178158985149208,0.6765245786922889,0.996539831161499,253.88711832804566,253.52073018343611,254.7145837089284
623540.0,10.392333030700684,18248.0,18248.0,14.53830337524414,44.0,243.0,0.9003755232205838,0.7904174263037794,0.996222734451294,254.7981294960159,253.27546507414402,254.18563295218172
623819.0,10.39698314666748,17113.0,17113.0,15.389976501464844,12.0,106.0,0.7207090031249812,0.6515589208177518,0.9964576959609985,253.88984361604324,253.50816742185526,254.685257518254
624099.0,10.401650428771973,18503.0,18503.0,13.543034553527832,50.0,244.0,0.9065742143680213,0.7760050099522378,0.9961699843406677,254.7812343985288,253.26545761521174,254.11513343615638
624378.0,10.406299591064453,17721.0,17721.0,13.023921012878418,43.0,241.0,0.898146000267706,0.7847547779496484,0.9963318109512329,254.79866215758722,253.33056142754157,254.22775301573188
624657.0,10.41094970703125,18788.0,18788.0,16.369646072387695,13.0,108.0,0.7231525930215434,0.6441527134036721,0.9961109757423401,253.80249507306945,253.3694918046403,254.64710582395315
624937.0,10.415616989135742,19622.0,19622.0,14.783952713012695,13.0,108.0,0.7231525930215434,0.6441527134036721,0.9959383010864258,253.74932524498055,253.29709641110563,254.63143714297152
625216.0,10.420267105102539,18352.0,18352.0,14.340719223022461,10.0,106.0,0.7211966677229362,0.6624665849407155,0.99620121717453,253.80950472981502,253.3895858747484,254.6730348842619
625495.0,10.42491626739502,18171.0,18171.0,17.420639038085938,47.0,246.0,0.9050298786624172,0.7944927702720836,0.9962387084960938,254.80289198772243,253.27884934528538,254.14728043334077
625775.0,10.429583549499512,18678.0,18678.0,17.223339080810547,12.0,105.0,0.7193792889896024,0.6525966234521723,0.9961337447166443,253.7776915260102,253.37071309119716,254.65749671429143
626054.0,10.434233665466309,18763.0,18763.0,16.407546997070312,15.0,107.0,0.7213131836383493,0.6341917329731384,0.9961161613464355,253.79340628476666,253.38153105993658,254.63771122674555
626333.0,10.438883781433105,18264.0,18264.0,15.144453048706055,11.0,104.0,0.7183208892245916,0.6591152482070716,0.9962194561958313,253.79440966104306,253.40054874263714,254.67137391723682
626613.0,10.443550109863281,18668.0,18668.0,13.567672729492188,10.0,103.0,0.7172832643519763,0.6656624501209011,0.9961358308792114,253.75712244053378,253.35871764161934,254.6705561067785
626892.0,10.448200225830078,18419.0,18419.0,15.198394775390625,15.0,104.0,0.717225576528524,0.6373846021856989,0.9961873292922974,253.7840511113889,253.40808388095078,254.64745405812087
627171.0,10.452850341796875,17734.0,17734.0,15.055752754211426,47.0,247.0,0.9056505805645839,0.7990863679556286,0.996329128742218,254.81193034032208,253.3159253182091,254.16280855006207
627451.0,10.45751667022705,17928.0,17928.0,13.399364471435547,48.0,247.0,0.9065702519385274,0.7960011553336966,0.9962889552116394,254.8069525434207,253.3004146145154,254.14494736937144
627730.0,10.462166786193848,17719.0,17719.0,15.576749801635742,45.0,243.0,0.9012842283556267,0.7871810333327107,0.9963322281837463,254.80095429098384,253.3284820827268,254.20061946430474
628009.0,10.466816902160645,17955.0,17955.0,13.428016662597656,11.0,103.0,0.7170103766562232,0.6602342506012931,0.9962834119796753,253.8045613568911,253.42654628468705,254.67799382494735
628289.0,10.47148323059082,18365.0,18365.0,11.389068603515625,51.0,248.0,0.9099732859598199,0.7915839512424866,0.9961985349655151,254.79796698789585,253.26328584451687,254.0922596471439
628568.0,10.476133346557617,18263.0,18263.0,16.994945526123047,45.0,244.0,0.9019322497871735,0.7917005092019741,0.9962196350097656,254.79920073386336,253.2728131211171,254.17094951592563
628847.0,10.480783462524414,17323.0,17323.0,13.70906925201416,148.0,0.0,0.47462753410010466,0.7161883814821965,0.9964141845703125,253.43074663146484,254.74048749939453,254.54109936633907
629126.0,10.485433578491211,17751.0,17751.0,11.547802925109863,41.0,242.0,0.8970290730545322,0.7958465807456754,0.9963256120681763,254.8087145907131,253.3173475640568,254.23875223496103
629406.0,10.490099906921387,16147.0,16147.0,17.87611198425293,43.0,242.0,0.8988138843433651,0.7892102058024302,0.99665766954422,254.8203450670269,253.4750664005253,254.2918075369595
629685.0,10.494750022888184,17689.0,17689.0,16.92854118347168,48.0,245.0,0.9053274593345317,0.7867902078818483,0.996338427066803,254.80092578300236,253.33167202106716,254.16625994021535
629964.0,10.49940013885498,16017.0,16017.0,11.758794784545898,41.0,242.0,0.8970290730545322,0.7958465807456754,0.9966845512390137,254.82740064876594,253.48172048313103,254.31311608729638
630244.0,10.504066467285156,15912.0,15912.0,17.25279426574707,11.0,101.0,0.7144030719219189,0.662605856123391,0.9967063069343567,253.92238464390996,253.60359108830104,254.71662544822087
630523.0,10.508716583251953,17064.0,17064.0,15.271624565124512,12.0,105.0,0.7193792889896024,0.6525966234521723,0.9964678287506104,253.88331149050128,253.51150015854998,254.6870925042613
630802.0,10.51336669921875,16446.0,16446.0,13.191417694091797,43.0,242.0,0.8988138843433651,0.7892102058024302,0.9965957403182983,254.81701628458626,253.4468112777459,254.2786856115186
631082.0,10.518033027648926,17172.0,17172.0,14.580177307128906,45.0,244.0,0.9019322497871735,0.7917005092019741,0.9964454770088196,254.8111966410813,253.3759966334167,254.2204776485593
631361.0,10.522683143615723,17269.0,17269.0,16.716976165771484,10.0,105.0,0.7198880404046373,0.6634872280662207,0.9964253902435303,253.86993918665578,253.4836889928219,254.69326003137854
631640.0,10.52733325958252,17532.0,17532.0,17.614164352416992,44.0,242.0,0.8997175362901739,0.7859297077823046,0.9963709712028503,254.80189884995656,253.34729646349712,254.2225231296912
631920.0,10.531999588012695,16895.0,16895.0,13.025581359863281,50.0,246.0,0.9078193756561757,0.7852641300484773,0.9965028166770935,254.8085024706778,253.40793403463988,254.18256567186125
632199.0,10.536649703979492,15700.0,15700.0,12.257617950439453,51.0,245.0,0.9081480669237502,0.7775888165032608,0.9967501759529114,254.81568671082033,253.52690302516447,254.23716666223223
632478.0,10.541299819946289,15795.0,15795.0,11.742424011230469,41.0,242.0,0.8970290730545322,0.7958465807456754,0.9967305064201355,254.82979303514236,253.50276523912675,254.32263693255553
632758.0,10.545967102050781,17371.0,17371.0,13.7472562789917,44.0,241.0,0.8990520034232417,0.7814555765664908,0.9964042901992798,254.7996153070657,253.366572694567,254.2345493790122
633037.0,10.550616264343262,17102.0,17102.0,15.921589851379395,51.0,244.0,0.9075250030607332,0.7729470458686235,0.9964599609375,254.79503703664528,253.39954304147972,254.1738328590699
633316.0,10.555266380310059,17080.0,17080.0,17.26775360107422,52.0,247.0,0.9103203805247077,0.7839312793050282,0.9964644908905029,254.80520220277492,253.39168815138157,254.15226856489318
633596.0,10.55993366241455,16473.0,16473.0,15.829317092895508,51.0,247.0,0.9093720961890389,0.7869074758983801,0.9965901374816895,254.8147128662291,253.44625724943253,254.19037883348417
633875.0,10.564583778381348,17083.0,17083.0,14.951860427856445,12.0,108.0,0.7233807091012984,0.6496205972836951,0.9964638948440552,253.91118065708687,253.51252586565107,254.68406050481707
634154.0,10.569232940673828,16029.0,16029.0,15.524907112121582,50.0,245.0,0.9072004872508085,0.7806285975448777,0.9966820478439331,254.8143947264724,253.4934496739335,254.2289480173979
634434.0,10.57390022277832,17455.0,17455.0,14.436541557312012,42.0,243.0,0.8985803996680687,0.7969665672677622,0.9963868856430054,254.81293633225752,253.34437534567522,254.2380205556087
634713.0,10.578550338745117,21162.0,21162.0,14.58346176147461,148.0,0.0,0.47462753410010466,0.7161883814821965,0.995619535446167,253.08298589494038,254.6829771826048,254.43940283628643
634992.0,10.583200454711914,36105.0,36105.0,3.6110823154449463,212.0,90.0,0.3164750696335244,0.5127066682258132,0.9925264120101929,252.31480285925284,254.07133345407553,252.11713667112284
635272.0,10.58786678314209,91111.0,91111.0,1.2542918920516968,215.0,87.0,0.318992766692261,0.5347300051361675,0.9811404347419739,248.0617345911147,252.76242859316238,247.6191931252443
635551.0,10.592516899108887,237415.0,237415.0,0.9135270118713379,214.0,88.0,0.3181769062131166,0.5273744386477444,0.95085608959198,237.06141323762262,249.07719959787298,235.8594060940368
635830.0,10.597167015075684,567850.0,567850.0,0.8649308681488037,214.0,88.0,0.3181769062131166,0.5273744386477444,0.8824574947357178,212.0944515516937,240.83383390401312,209.21948841120295
636110.0,10.60183334350586,1092658.0,1092658.0,0.8788338899612427,214.0,87.0,0.31969270519146836,0.5297021716200461,0.7738244533538818,171.77551525790483,227.87568355281883,166.7747876576609
636389.0,10.606483459472656,1704835.0,1704835.0,0.9207992553710938,214.0,88.0,0.3181769062131166,0.5273744386477444,0.6471064686775208,126.18625325189944,212.46944164858903,117.55485737694656
636668.0,10.611133575439453,2152998.0,2152998.0,0.9450059533119202,214.0,88.0,0.3181769062131166,0.5273744386477444,0.5543386936187744,92.32401543184079,201.2891140991414,81.42361964643356
636948.0,10.615799903869629,2257109.0,2257109.0,0.991370677947998,214.0,88.0,0.3181769062131166,0.5273744386477444,0.5327881574630737,84.45760514020681,198.6918538658937,73.03010644027391
637227.0,10.620450019836426,1943607.0,1943607.0,1.054516077041626,214.0,88.0,0.3181769062131166,0.5273744386477444,0.5976817011833191,108.14514759823994,206.51279248576782,98.3048751177249
637506.0,10.625100135803223,1312307.0,1312307.0,1.0646703243255615,214.0,88.0,0.3181769062131166,0.5273744386477444,0.7283580899238586,155.84484666072586,222.2618478896835,149.2007779714844
637785.0,10.62975025177002,726438.0,726438.0,1.1019225120544434,214.0,88.0,0.3181769062131166,0.5273744386477444,0.8496304750442505,200.11188166670638,236.8775373086668,196.43400496390095
638065.0,10.634416580200195,371850.0,371850.0,1.1483650207519531,214.0,88.0,0.3181769062131166,0.5273744386477444,0.9230286478996277,226.9037971051507,245.72344973390744,225.02116069490268
638344.0,10.639066696166992,198694.0,198694.0,1.1909005641937256,214.0,88.0,0.3181769062131166,0.5273744386477444,0.9588711857795715,239.98709613864074,250.04317512828595,238.98112961929553
638623.0,10.643716812133789,120435.0,120435.0,1.3359038829803467,214.0,88.0,0.3181769062131166,0.5273744386477444,0.9750704765319824,245.90018649385345,251.9955058440544,245.29043718725663
638903.0,10.648383140563965,86097.0,86097.0,1.7241404056549072,214.0,89.0,0.31664780713674484,0.5250949640408422,0.982178270816803,248.5469466658641,252.84177462065688,248.06914349591264
639182.0,10.653033256530762,67947.0,67947.0,1.8591904640197754,215.0,87.0,0.318992766692261,0.5347300051361675,0.9859352707862854,249.82571189453458,253.33130639529836,249.4956817057072
639461.0,10.657683372497559,56382.0,56382.0,2.4091572761535645,212.0,88.0,0.31959445038444184,0.5173052941901474,0.9883291721343994,250.73822415511344,253.56347106009838,250.48440672844532
639741.0,10.662349700927734,50295.0,50295.0,2.3585033416748047,213.0,86.0,0.321919484108593,0.527082749223523,0.9895891547203064,251.13760753606908,253.74451557637735,250.9459533309789
640020.0,10.666999816894531,42347.0,42347.0,2.8586111068725586,212.0,88.0,0.31959445038444184,0.5173052941901474,0.9912343621253967,251.79909735717067,253.92106261624505,251.60846206770728
640299.0,10.671649932861328,41034.0,41034.0,3.1672048568725586,211.0,88.0,0.3203240901487749,0.5122865643653165,0.9915061593055725,251.89771111292757,253.94364714216272,251.72449410367926
640579.0,10.676316261291504,39495.0,39495.0,3.861785650253296,209.0,84.0,0.3280298005262756,0.5123466002924375,0.9918246865272522,251.9151794769721,253.98338655079158,251.84720357810704
640858.0,10.6809663772583,36185.0,36185.0,3.9097952842712402,206.0,83.0,0.3320777482190842,0.5004419423263496,0.9925098419189453,252.14857207900653,254.04584895022674,252.13417042843537
641137.0,10.685616493225098,32380.0,32380.0,4.13932991027832,211.0,94.0,0.31072371732441195,0.49896471056717817,0.9932974576950073,252.66942606784343,254.14365639295198,252.43804703150175
641417.0,10.69028377532959,30278.0,30278.0,4.042561054229736,208.0,83.0,0.33037110962445376,0.510120565314953,0.9937325716018677,252.61551421619035,254.21707750844544,252.58653400850707
641696.0,10.69493293762207,31521.0,31521.0,4.667408466339111,212.0,94.0,0.3100717656526438,0.5041160836149977,0.9934753179550171,252.73158716284743,254.1749513541636,252.49746080289512
641975.0,10.699583053588867,31257.0,31257.0,6.892086029052734,208.0,93.0,0.3144405292045783,0.4857207473101709,0.9935299158096313,252.73043478838247,254.15150533412287,252.5487517287891
642255.0,10.70425033569336,29832.0,29832.0,6.635295391082764,207.0,93.0,0.31516395578183765,0.48062819331330575,0.9938248991966248,252.83353948373056,254.18217081851603,252.6685277717626
642534.0,10.708900451660156,28056.0,28056.0,6.216004371643066,213.0,95.0,0.3078129068979428,0.5072788143253011,0.9941925406455994,252.99792819023082,254.27032814399124,252.76786758526444
642813.0,10.713549613952637,27473.0,27473.0,7.081515312194824,205.0,83.0,0.33295601248958884,0.49562484106774696,0.9943131804466248,252.83439038802084,254.26858591840653,252.8311361093721
643093.0,10.718216896057129,26473.0,26473.0,7.093324661254883,212.0,94.0,0.3100717656526438,0.5041160836149977,0.9945201873779297,253.09485317270696,254.30707550925754,252.8982200534866
643372.0,10.722867012023926,26746.0,26746.0,8.398613929748535,206.0,93.0,0.31590286118970357,0.47554578207536774,0.9944636821746826,253.05730678011125,254.25959596500894,252.9168819440792
643651.0,10.727517127990723,25482.0,25482.0,6.769649505615234,211.0,94.0,0.31072371732441195,0.49896471056717817,0.9947253465652466,253.1659243259025,254.32608918486343,252.98383756341232
643931.0,10.732183456420898,25531.0,25531.0,9.112231254577637,208.0,93.0,0.3144405292045783,0.4857207473101709,0.9947152137756348,253.1462116082648,254.3069467429265,252.99781228264723
644210.0,10.736833572387695,25384.0,25384.0,10.912786483764648,204.0,83.0,0.3338514885588759,0.4908231283563241,0.9947456121444702,253.0024924502035,254.3177697434763,253.0065815570188
644489.0,10.741483688354492,25697.0,25697.0,8.43028450012207,209.0,93.0,0.3137321290915574,0.4908231283563241,0.9946808218955994,253.13445529610829,254.30935737093685,252.97786179581882
644769.0,10.746150016784668,24300.0,24300.0,10.478944778442383,152.0,6.0,0.46833169367405686,0.6873940448218864,0.9949700236320496,252.835674196937,254.59903785540828,254.26398141240526
645048.0,10.750800132751465,23437.0,23437.0,10.130802154541016,204.0,83.0,0.3338514885588759,0.4908231283563241,0.9951486587524414,253.15571460747063,254.3701013562745,253.15949005250897
645327.0,10.755450248718262,22901.0,22901.0,11.036543846130371,152.0,7.0,0.4680758513574723,0.6819584164849691,0.9952595829963684,252.96683800938885,254.61554931875904,254.29974708930533
645607.0,10.760116577148438,22445.0,22445.0,9.681629180908203,209.0,93.0,0.3137321290915574,0.4908231283563241,0.9953539967536926,253.37055150621075,254.3967624633567,253.23377588102653
645886.0,10.764766693115234,23041.0,23041.0,12.125335693359375,153.0,6.0,0.4670749884229333,0.6885117594540956,0.9952306151390076,252.94644358209723,254.62117013879663,254.29032779119015
646165.0,10.769416809082031,22785.0,22785.0,10.567977905273438,153.0,7.0,0.46680957430439307,0.6830850253553121,0.9952836036682129,252.9757855098837,254.61885236090487,254.2916478315145
646444.0,10.774066925048828,21520.0,21520.0,13.476359367370605,148.0,0.0,0.47462753410010466,0.7161883814821965,0.9955454468727112,253.0505626579542,254.6776152471285,254.42992122911153
646724.0,10.778733253479004,22364.0,22364.0,11.665864944458008,10.0,102.0,0.7159874225826393,0.6668165921383045,0.9953707456588745,253.49826404986223,253.03238992402086,254.60669036200514
647003.0,10.7833833694458,20750.0,20750.0,10.705182075500488,208.0,93.0,0.3144405292045783,0.4857207473101709,0.9957048296928406,253.49334740935632,254.4367261711859,253.37273697216278
647282.0,10.788033485412598,20065.0,20065.0,12.743114471435547,148.0,0.0,0.47462753410010466,0.7161883814821965,0.9958466291427612,253.18236846365912,254.6994123991491,254.46846552601792
647562.0,10.792699813842773,21934.0,21934.0,14.204917907714844,149.0,0.0,0.4734122342951205,0.7170896796162054,0.9954597353935242,253.01200941788085,254.67245563281648,254.40757030324687
647841.0,10.79734992980957,22022.0,22022.0,14.511610984802246,147.0,0.0,0.47584582534048675,0.7153289465204828,0.9954415559768677,253.0060960990871,254.6690974491154,254.4280868987099
648120.0,10.802000045776367,21773.0,21773.0,15.246655464172363,11.0,102.0,0.7157043870313143,0.6613978649172009,0.9954930543899536,253.53790124150854,253.0906033974736,254.61085434140276
648400.0,10.806666374206543,21457.0,21457.0,16.016742706298828,149.0,0.0,0.4734122342951205,0.7170896796162054,0.995558500289917,253.05525440487853,254.67958074297914,254.42045749434504
648679.0,10.81131649017334,21642.0,21642.0,10.881813049316406,152.0,6.0,0.46833169367405686,0.6873940448218864,0.9955201745033264,253.07239612944326,254.6428928672532,254.34448303659207
648958.0,10.815966606140137,21415.0,21415.0,14.706026077270508,148.0,0.0,0.47462753410010466,0.7161883814821965,0.9955672025680542,253.06008356020678,254.67918974950086,254.4327054500438
649238.0,10.820632934570312,21630.0,21630.0,12.494882583618164,147.0,0.0,0.47584582534048675,0.7153289465204828,0.995522677898407,253.0415795480416,254.67498618014596,254.43826464565484
649517.0,10.82528305053711,21429.0,21429.0,14.188194274902344,148.0,0.0,0.47462753410010466,0.7161883814821965,0.9955642819404602,253.0588054116852,254.6789783779495,254.43233167791865
649796.0,10.829933166503906,19810.0,19810.0,13.66836929321289,147.0,0.0,0.47584582534048675,0.7153289465204828,0.9958994388580322,253.20637813793243,254.702335679664,254.4855339611868
650076.0,10.834600448608398,20446.0,20446.0,16.106788635253906,14.0,102.0,0.7148267664920627,0.6451546551233256,0.9957677721977234,253.62690423707878,253.22451933603327,254.61704448480566
650355.0,10.839249610900879,20261.0,20261.0,15.52182388305664,147.0,0.0,0.47584582534048675,0.7153289465204828,0.9958060383796692,253.16552393917289,254.6955556344584,254.47381571764328
650634.0,10.843899726867676,21002.0,21002.0,15.887792587280273,148.0,0.0,0.47462753410010466,0.7161883814821965,0.9956526756286621,253.09748896796077,254.6853756026569,254.44364400570655
650914.0,10.848567008972168,20015.0,20015.0,14.646782875061035,148.0,0.0,0.47462753410010466,0.7161883814821965,0.9958570003509521,253.1869071951439,254.7001629838417,254.46979279846238
651193.0,10.853217124938965,21431.0,21431.0,16.76235008239746,149.0,0.0,0.4734122342951205,0.7170896796162054,0.9955638647079468,253.05760325752172,254.67996774353114,254.42115746247953
651472.0,10.857866287231445,19636.0,19636.0,13.581239700317383,148.0,0.0,0.47462753410010466,0.7161883814821965,0.9959354400634766,253.22123461258062,254.70583981979243,254.4798312498237
651752.0,10.862533569335938,21019.0,21019.0,16.385765075683594,149.0,0.0,0.4734122342951205,0.7170896796162054,0.9956491589546204,253.09495001454866,254.68612105230773,254.43228695581774
652031.0,10.867183685302734,21149.0,21149.0,15.234321594238281,14.0,107.0,0.7215605620374639,0.6396485963381656,0.9956222772598267,253.63999382583881,253.16962862874882,254.59773277376277
652310.0,10.871833801269531,20375.0,20375.0,18.174800872802734,15.0,105.0,0.7185835209054995,0.6362737544936451,0.9957824349403381,253.666541682336,253.2402217911765,254.60882002839594
652590.0,10.876500129699707,20851.0,20851.0,13.592382431030273,148.0,0.0,0.47462753410010466,0.7161883814821965,0.9956839084625244,253.11115733174256,254.6876359841449,254.44764107904496
652869.0,10.881150245666504,21344.0,21344.0,16.410892486572266,44.0,243.0,0.9003755232205838,0.7904174263037794,0.995581865310669,254.76387917002276,252.9828721384184,254.04746350040267
653148.0,10.8858003616333,21133.0,21133.0,17.37258529663086,148.0,0.0,0.47462753410010466,0.7161883814821965,0.9956255555152893,253.08562044597468,254.68341286682286,254.4401732645444
653428.0,10.890466690063477,21303.0,21303.0,17.973262786865234,17.0,106.0,0.7194153335916568,0.6243181594088288,0.9955903887748718,253.61789836848257,253.17353404482824,254.5775642303564
653707.0,10.895116806030273,20718.0,20718.0,17.356063842773438,12.0,102.0,0.7154166763672039,0.6559812639741481,0.9957114458084106,253.6087106894936,253.18904982534355,254.62378753694588
653986.0,10.89976692199707,20472.0,20472.0,15.229812622070312,11.0,102.0,0.7157043870313143,0.6613978649172009,0.9957624077796936,253.62528220653647,253.20471669986225,254.6341112677815
654266.0,10.904433250427246,21234.0,21234.0,15.202253341674805,10.0,103.0,0.7172832643519763,0.6656624501209011,0.9956046342849731,253.58626751519117,253.13309511535238,254.62526836998393
654545.0,10.909083366394043,19885.0,19885.0,13.526372909545898,147.0,0.0,0.47584582534048675,0.7153289465204828,0.9958838820457458,253.19957345007268,254.7012063932577,254.4835821669527
654824.0,10.91373348236084,20612.0,20612.0,13.378985404968262,11.0,101.0,0.7144030719219189,0.662605856123391,0.995733380317688,253.6040669860179,253.19110474823586,254.63291921378502
655103.0,10.918383598327637,21009.0,21009.0,16.324798583984375,148.0,0.0,0.47462753410010466,0.7161883814821965,0.9956512451171875,253.0968629360318,254.6852720737338,254.44346093364524
655383.0,10.923049926757812,21755.0,21755.0,17.21067237854004,149.0,0.0,0.4734122342951205,0.7170896796162054,0.9954968094825745,253.02824259948167,254.6751302366313,254.4124078607985
655662.0,10.92770004272461,22668.0,22668.0,16.617630004882812,16.0,103.0,0.7155757958973722,0.6331238650749862,0.9953078031539917,253.4905576124672,253.04595064454435,254.56102896399142
655941.0,10.932350158691406,22376.0,22376.0,17.228179931640625,147.0,0.0,0.47584582534048675,0.7153289465204828,0.995368242263794,252.97402802986298,254.66377552467193,254.4188887879514
656221.0,10.937016487121582,26659.0,26659.0,13.058050155639648,0.0,6.0,0.628834316870679,0.976754033985309,0.9944816827774048,252.21836926320321,252.84235781085806,254.96728895327323
656500.0,10.941666603088379,26738.0,26738.0,13.909213066101074,0.0,7.0,0.6294910841963145,0.972936355505676,0.9944653511047363,252.2155249447916,252.8280921122721,254.96180411862392
656779.0,10.946316719055176,27781.0,27781.0,13.214801788330078,0.0,7.0,0.6294910841963145,0.972936355505676,0.9942494630813599,252.106911945632,252.74337329637058,254.96031422586154
657059.0,10.950983047485352,29149.0,29149.0,14.272385597229004,0.0,7.0,0.6294910841963145,0.972936355505676,0.993966281414032,251.96444359692762,252.6322470969371,254.9583599242287
657338.0,10.955633163452148,26137.0,26137.0,15.85099983215332,0.0,7.0,0.6294910841963145,0.972936355505676,0.9945897459983826,252.27810786286068,252.8769071781988,254.96266259631443
657617.0,10.960283279418945,24653.0,24653.0,16.303796768188477,0.0,8.0,0.6301530145930407,0.9691353752829167,0.9948969483375549,252.43760711464367,252.99018196022195,254.95983653750935
657897.0,10.964949607849121,22491.0,22491.0,18.360980987548828,0.0,9.0,0.630820146012844,0.9653512905605146,0.9953444600105286,252.6668082607262,253.1597821053956,254.95886634464335
658176.0,10.969599723815918,22280.0,22280.0,15.757381439208984,16.0,102.0,0.7142167283614299,0.6343372120390465,0.9953881502151489,253.50364889468634,253.07798398147233,254.56997262825362
658455.0,10.974249839782715,20914.0,20914.0,21.333885192871094,0.0,124.0,0.7456321377009073,0.7073731534079063,0.9956709146499634,253.85515386324974,253.11520215310665,254.67696431837467
658735.0,10.978917121887207,20696.0,20696.0,17.064868927001953,148.0,0.0,0.47462753410010466,0.7161883814821965,0.9957160353660583,253.1252169654799,254.68996107120986,254.4517525724217
659014.0,10.983566284179688,19851.0,19851.0,18.228404998779297,17.0,101.0,0.7125390905638579,0.6302023011760077,0.9958909153938293,253.65534179307278,253.29184700891986,254.6125198419331
659293.0,10.988216400146484,20426.0,20426.0,16.329505920410156,148.0,0.0,0.47462753410010466,0.7161883814821965,0.9957718849182129,253.14965829537215,254.69400301291643,254.45890001081497
659573.0,10.992883682250977,20872.0,20872.0,16.42939567565918,148.0,0.0,0.47462753410010466,0.7161883814821965,0.9956795573234558,253.10925315129202,254.68732108367044,254.4470842348585
659852.0,10.997533798217773,20182.0,20182.0,14.931469917297363,148.0,0.0,0.47462753410010466,0.7161883814821965,0.9958224296569824,253.1717780901946,254.69766103486643,254.4653685569809
660131.0,11.002182960510254,20320.0,20320.0,15.188721656799316,13.0,101.0,0.7138023403814658,0.651794907395869,0.9957938194274902,253.62375471970145,253.22832434943896,254.62652355858106
660411.0,11.006850242614746,20535.0,20535.0,18.497291564941406,17.0,104.0,0.7166494414608552,0.6265311885753121,0.9957493543624878,253.64430245900425,253.2369790362462,254.59519168862258
660690.0,11.011500358581543,23360.0,23360.0,18.876659393310547,0.0,149.0,0.7765877657048795,0.7170896796162054,0.9951645731925964,254.04907166555395,252.8827703257793,254.6511620024449
660969.0,11.01615047454834,24839.0,24839.0,16.16750717163086,6.0,104.0,0.7195924135284859,0.6863193262677455,0.99485844373703,253.36056284741545,252.7890720481985,254.5887342576868
661249.0,11.020816802978516,26114.0,26114.0,14.119482040405273,6.0,104.0,0.7195924135284859,0.6863193262677455,0.9945945143699646,253.27640630260794,252.67557940412325,254.5676229245587
661528.0,11.025466918945312,26510.0,26510.0,14.108943939208984,7.0,103.0,0.7180758513574723,0.6819584164849691,0.9945125579833984,253.23513393565878,252.64643943237698,254.55496513915622
661807.0,11.03011703491211,26267.0,26267.0,12.466975212097168,7.0,103.0,0.7180758513574723,0.6819584164849691,0.9945628643035889,253.25131340818118,252.66801578273189,254.55904501209844
662087.0,11.034783363342285,23349.0,23349.0,17.33671760559082,6.0,107.0,0.7233972498352954,0.6833551351066756,0.9951668381690979,253.4986840009295,252.92533841435306,254.60974905188687
662366.0,11.039433479309082,21037.0,21037.0,17.110578536987305,7.0,104.0,0.7193462384360142,0.6808751181873994,0.9956454038619995,253.61146545972937,253.13351926397942,254.64563670564033
662645.0,11.044083595275879,20843.0,20843.0,13.495035171508789,44.0,242.0,0.8997175362901739,0.7859297077823046,0.9956855773925781,254.76448462437804,253.0351598458368,254.0756855419162
662925.0,11.048749923706055,20343.0,20343.0,14.106247901916504,9.0,102.0,0.7162658943067582,0.6722373942193719,0.995789110660553,253.63401856807315,253.20439031283257,254.64805612404945
663204.0,11.053400039672852,19201.0,19201.0,15.367849349975586,13.0,103.0,0.7164509189934326,0.6493838205600974,0.9960255026817322,253.72153988207987,253.3283547492393,254.6446516184441
663483.0,11.058050155639648,19945.0,19945.0,12.362839698791504,148.0,0.0,0.47462753410010466,0.7161883814821965,0.9958714842796326,253.1932457684244,254.70121121418822,254.47164640308304
663762.0,11.062700271606445,18329.0,18329.0,20.0504093170166,0.0,150.0,0.7777999438928925,0.718032683278453,0.9962059855461121,254.26427033612742,253.3378485876844,254.72720404083276
664042.0,11.067366600036621,19296.0,19296.0,17.24761199951172,1.0,150.0,0.7780152119443403,0.712571788946316,0.9960058331489563,254.2254764076207,253.2557241452923,254.7072507606754
664321.0,11.072016716003418,18674.0,18674.0,17.05575942993164,51.0,247.0,0.9093720961890389,0.7869074758983801,0.9961345791816711,254.78995846888236,253.23867691376992,254.08221328713262
664600.0,11.076666831970215,19403.0,19403.0,14.011837005615234,148.0,0.0,0.47462753410010466,0.7161883814821965,0.9959836602210999,253.24233710551854,254.70932960724238,254.48600230389005
664880.0,11.08133316040039,19081.0,19081.0,15.038393020629883,13.0,101.0,0.7138023403814658,0.651794907395869,0.9960502982139587,253.7076735418464,253.33635518954162,254.64929689957734
665159.0,11.085983276367188,18945.0,18945.0,13.371118545532227,43.0,242.0,0.8988138843433651,0.7892102058024302,0.9960784912109375,254.78921342219942,253.2108170953787,254.16908785504484
665438.0,11.090633392333984,19304.0,19304.0,11.50117301940918,148.0,0.0,0.47462753410010466,0.7161883814821965,0.9960041642189026,253.25131022983328,254.71081352180704,254.4886263367687
665718.0,11.09529972076416,18867.0,18867.0,17.424407958984375,45.0,246.0,0.9032062960561118,0.8007781682466651,0.9960945844650269,254.80159877065802,253.20663930650568,254.13293151155966
665997.0,11.099949836730957,17378.0,17378.0,19.00358772277832,10.0,107.0,0.7225092445342525,0.6614908656368812,0.9964028000831604,253.88254515584777,253.4759377250568,254.689490317355
666276.0,11.104599952697754,17974.0,17974.0,17.220733642578125,15.0,101.0,0.7131813539509868,0.6409935578875688,0.9962794780731201,253.78257983482828,253.4431351089327,254.65939870835857
666556.0,11.10926628112793,18139.0,18139.0,12.436006546020508,43.0,243.0,0.8994742582944024,0.7936793755494883,0.9962453246116638,254.80245992246375,253.2826556294848,254.19933235227916
666835.0,11.113916397094727,19294.0,19294.0,14.482865333557129,11.0,102.0,0.7157043870313143,0.6613978649172009,0.9960062503814697,253.7043872138233,253.30802219224375,254.6551655023058
667114.0,11.118566513061523,18617.0,18617.0,16.556867599487305,149.0,0.0,0.4734122342951205,0.7170896796162054,0.9961463809013367,253.3126625562109,254.7219917034708,254.49716622446036
667394.0,11.123233795166016,19052.0,19052.0,13.627458572387695,149.0,0.0,0.4734122342951205,0.7170896796162054,0.996056318283081,253.27322793016776,254.71549439420357,254.48541453722484
667673.0,11.127882957458496,18894.0,18894.0,15.806968688964844,148.0,0.0,0.47462753410010466,0.7161883814821965,0.9960890412330627,253.28845479095023,254.71695623791177,254.49948861240588
667952.0,11.132533073425293,18335.0,18335.0,17.485429763793945,51.0,248.0,0.9099732859598199,0.7915839512424866,0.9962047338485718,254.79829643430776,253.26611782846385,254.09373985970458
668232.0,11.137200355529785,18740.0,18740.0,18.289705276489258,46.0,246.0,0.9041144948448081,0.797622379937115,0.9961209297180176,254.79981556201034,253.22185859417863,254.1296778000208
668511.0,11.141850471496582,17646.0,17646.0,16.100637435913086,50.0,246.0,0.9078193756561757,0.7852641300484773,0.9963473677635193,254.799990453967,253.33716710542782,254.1462309228662
668790.0,11.146499633789062,17193.0,17193.0,14.305715560913086,49.0,244.0,0.9056309230696131,0.7790904504785774,0.996441125869751,254.79952173336622,253.38545246020678,254.18611893234885
669070.0,11.151166915893555,18352.0,18352.0,15.810684204101562,49.0,247.0,0.9074970489133407,0.7929427280293581,0.99620121717453,254.79942576979408,253.26319498921623,254.1158302737379
669349.0,11.155817031860352,17607.0,17607.0,15.478142738342285,13.0,107.0,0.7218037547770351,0.645106978899855,0.996355414390564,253.8677724536597,253.47108802857326,254.67017331061436
669628.0,11.160466194152832,18900.0,18900.0,17.72951889038086,11.0,106.0,0.7209548594660253,0.6570119818763613,0.9960877895355225,253.77393672793957,253.34694219810837,254.6578304650081
669908.0,11.165133476257324,18124.0,18124.0,13.989229202270508,10.0,104.0,0.7185835209054995,0.664552588026696,0.9962484240531921,253.80367352096428,253.4076026598834,254.6790936072446
670187.0,11.169783592224121,18209.0,18209.0,15.75619888305664,50.0,244.0,0.9065742143680213,0.7760050099522378,0.9962308406829834,254.7847104350556,253.29301831326595,254.12919336366133
670466.0,11.174433708190918,18438.0,18438.0,14.464109420776367,50.0,244.0,0.9065742143680213,0.7760050099522378,0.9961833953857422,254.78200042029033,253.27153122643819,254.1182318530894
670746.0,11.179100036621094,17046.0,17046.0,12.63041877746582,148.0,0.0,0.47462753410010466,0.7161883814821965,0.9964715242385864,253.45584007794972,254.74463728372936,254.54843750479623
671025.0,11.18375015258789,17653.0,17653.0,16.995967864990234,14.0,107.0,0.7215605620374639,0.6396485963381656,0.9963458776473999,253.86479129546706,253.4721734704964,254.66422412967756
671304.0,11.188400268554688,17809.0,17809.0,14.416973114013672,149.0,0.0,0.4734122342951205,0.7170896796162054,0.9963136315345764,253.38589456195342,254.73405752068055,254.51898967540873
671584.0,11.193066596984863,18710.0,18710.0,13.661297798156738,44.0,242.0,0.8997175362901739,0.7859297077823046,0.9961271286010742,254.78858798841716,253.2362475981307,254.17028271125588
671863.0,11.19771671295166,16721.0,16721.0,14.801141738891602,48.0,247.0,0.9065702519385274,0.7960011553336966,0.9965388178825378,254.81995032594878,253.41484679414552,254.2025176080055
672142.0,11.202366828918457,18086.0,18086.0,17.381763458251953,12.0,106.0,0.7207090031249812,0.6515589208177518,0.9962562918663025,253.82672366952818,253.4233465858877,254.66736226592656
672421.0,11.207016944885254,17855.0,17855.0,16.359458923339844,14.0,100.0,0.7121673039498345,0.6476764728884756,0.9963040947914124,253.78042430396988,253.44713770515494,254.66795063846536
672701.0,11.21168327331543,17364.0,17364.0,13.189539909362793,149.0,0.0,0.4734122342951205,0.7170896796162054,0.9964057207107544,253.42621653232843,254.74070103015632,254.53100579505065
672980.0,11.216333389282227,17914.0,17914.0,15.055107116699219,50.0,244.0,0.9065742143680213,0.7760050099522378,0.9962918758392334,254.7881966852059,253.32065999280314,254.14329460339204
673259.0,11.220983505249023,18159.0,18159.0,12.41500473022461,148.0,0.0,0.47462753410010466,0.7161883814821965,0.9962411522865295,253.35502285272716,254.7279648134029,254.51895527492422
673539.0,11.2256498336792,17999.0,17999.0,15.736333847045898,43.0,242.0,0.8988138843433651,0.7892102058024302,0.9962742924690247,254.79973801345787,253.3001511457447,254.21057536714628
673818.0,11.230299949645996,19119.0,19119.0,10.87393569946289,153.0,6.0,0.4670749884229333,0.6885117594540956,0.9960424304008484,253.29598728420848,254.6856522202242,254.41112381558486
674097.0,11.234950065612793,17379.0,17379.0,16.56037139892578,15.0,105.0,0.7185835209054995,0.6362737544936451,0.9964026212692261,253.86262463708795,253.49899441745458,254.66634242985072
674377.0,11.239616394042969,18190.0,18190.0,16.363000869750977,12.0,103.0,0.7167329654327685,0.6548080242598897,0.9962347745895386,253.78888672587854,253.4111650682934,254.66856997237127
674656.0,11.244266510009766,17717.0,17717.0,15.403703689575195,11.0,105.0,0.7196357696599682,0.6580410853230118,0.9963326454162598,253.84059669839718,253.44944073355634,254.68020842873614
674935.0,11.248916625976562,17581.0,17581.0,14.426597595214844,149.0,0.0,0.4734122342951205,0.7170896796162054,0.9963607788085938,253.40653836685092,254.7374588255319,254.52514161756844
675215.0,11.253582954406738,18251.0,18251.0,11.68694019317627,49.0,242.0,0.9043496479753652,0.7699168856214873,0.9962221384048462,254.77834834881648,253.29494223765508,254.14627213802356
675494.0,11.258233070373535,18827.0,18827.0,15.741537094116211,16.0,106.0,0.7196830194283034,0.6297628975968198,0.9961028695106506,253.77854936211824,253.3803933369481,254.63207011348373
675773.0,11.262883186340332,17104.0,17104.0,12.533828735351562,26.0,119.0,0.7367027802195831,0.5648828698681801,0.9964595437049866,254.0158069744361,253.58719815106625,254.6071691384769
676053.0,11.267550468444824,18984.0,18984.0,17.058578491210938,50.0,246.0,0.9078193756561757,0.7852641300484773,0.996070384979248,254.7848235284858,253.21107281093072,254.08148875316533
676332.0,11.272199630737305,18518.0,18518.0,14.202231407165527,49.0,244.0,0.9056309230696131,0.7790904504785774,0.9961668252944946,254.78406985115532,253.26101104903694,254.1233889686366
676611.0,11.276849746704102,20161.0,20161.0,12.88703727722168,43.0,242.0,0.8988138843433651,0.7892102058024302,0.995826780796051,254.77568363562884,253.09597457035719,254.11575398484564
676891.0,11.281517028808594,36758.0,36758.0,3.780518054962158,199.0,232.0,0.09550095756623575,0.7022236335572422,0.9923912286758423,254.42224336910962,253.25870105660698,251.69728325556994
677170.0,11.286166191101074,97278.0,97278.0,1.8254239559173584,200.0,231.0,0.09725164603823143,0.7008206317327998,0.9798638820648193,253.4638006839837,250.46631230245927,246.26677916907417
677449.0,11.290816307067871,239500.0,239500.0,1.4209165573120117,200.0,231.0,0.09725164603823143,0.7008206317327998,0.9504245519638062,251.21785243761687,243.83798756119347,233.49866906392427
677729.0,11.295483589172363,467128.0,467128.0,1.20199716091156,200.0,231.0,0.09725164603823143,0.7008206317327998,0.9033064842224121,247.6231802337023,233.22925926814813,213.06312671972788
678008.0,11.30013370513916,775238.0,775238.0,1.2144438028335571,200.0,231.0,0.09725164603823143,0.7008206317327998,0.8395290374755859,242.75755169571264,218.86963808260353,185.4022574168362
678287.0,11.30478286743164,1034784.0,1034784.0,1.18498957157135,200.0,231.0,0.09725164603823143,0.7008206317327998,0.7858041524887085,238.65884052230913,206.77337151817096,162.1012772469322
678567.0,11.309450149536133,1093981.0,1093981.0,1.2260143756866455,200.0,231.0,0.09725164603823143,0.7008206317327998,0.7735506296157837,237.72401020810597,204.01446604893687,156.78681089594372
678846.0,11.31410026550293,923778.0,923778.0,1.1849929094314575,200.0,231.0,0.09725164603823143,0.7008206317327998,0.8087819218635559,240.41183152637697,211.94686278729327,172.06694862403654
679125.0,11.318750381469727,633506.0,633506.0,1.218435525894165,200.0,231.0,0.09725164603823143,0.7008206317327998,0.8688669800758362,244.9957650147302,225.47513522292,198.12639482394624
679405.0,11.323416709899902,394883.0,394883.0,1.1254550218582153,201.0,230.0,0.09900914447908711,0.69950276182613,0.918260931968689,248.73659713044967,236.89918875854914,219.5764781735817
679684.0,11.3280668258667,245037.0,245037.0,1.2636879682540894,201.0,230.0,0.09900914447908711,0.69950276182613,0.9492784142494202,251.1133674093687,243.76789432947024,233.0186238578356
679963.0,11.332716941833496,166068.0,166068.0,1.2790371179580688,200.0,231.0,0.09725164603823143,0.7008206317327998,0.9656246304512024,252.37747765688198,247.2603159892348,240.09108387323124
680243.0,11.337383270263672,123584.0,123584.0,1.3409301042556763,200.0,231.0,0.09725164603823143,0.7008206317327998,0.9744186401367188,253.04837915375535,249.24030506417077,243.9051273159712
680522.0,11.342033386230469,102606.0,102606.0,1.4956274032592773,200.0,231.0,0.09725164603823143,0.7008206317327998,0.9787610173225403,253.37966231787948,250.2180000741431,245.78845651661607
680801.0,11.346683502197266,79926.0,79926.0,1.5729807615280151,200.0,231.0,0.09725164603823143,0.7008206317327998,0.9834556579589844,253.73781992094197,251.2750079128107,247.82456563814006
681080.0,11.351333618164062,72178.0,72178.0,1.6741445064544678,200.0,231.0,0.09725164603823143,0.7008206317327998,0.9850594401359558,253.86017364827083,251.63610271512943,248.52014082106663
681360.0,11.355999946594238,65671.0,65671.0,1.9614989757537842,200.0,231.0,0.09725164603823143,0.7008206317327998,0.9864063858985901,253.96293313577138,251.9393702790644,249.10432367250957
681639.0,11.360650062561035,58176.0,58176.0,1.9915248155593872,200.0,231.0,0.09725164603823143,0.7008206317327998,0.9879578351974487,254.08129434915983,252.28868222798306,249.77720160153902
681918.0,11.365300178527832,53671.0,53671.0,2.2670516967773438,199.0,231.0,0.09621539139324482,0.6976535616754321,0.9888903498649597,254.14346439691286,252.4725643028111,250.1906140342166
682198.0,11.369966506958008,48807.0,48807.0,2.3327417373657227,199.0,231.0,0.09621539139324482,0.6976535616754321,0.9898971319198608,254.22108562387228,252.70160634049154,250.62645165525674
682477.0,11.374616622924805,45022.0,45022.0,2.6768882274627686,199.0,231.0,0.09621539139324482,0.6976535616754321,0.9906806349754333,254.28149241023084,252.8798526009444,250.96563142724017
682756.0,11.379266738891602,43996.0,43996.0,2.4878501892089844,199.0,231.0,0.09621539139324482,0.6976535616754321,0.9908930063247681,254.29786588910457,252.92816689733036,251.05756733652714
683036.0,11.383933067321777,41584.0,41584.0,2.324808120727539,200.0,230.0,0.09797894846832886,0.696285525669204,0.9913923144340515,254.33335893229895,253.0736381995603,251.27672142906732
683315.0,11.388583183288574,41443.0,41443.0,3.569913864135742,199.0,232.0,0.09550095756623575,0.7022236335572422,0.9914214611053467,254.3486060339334,253.03676571725995,251.2763391297934
683594.0,11.393233299255371,37370.0,37370.0,3.433337926864624,200.0,232.0,0.09653371080247147,0.7053701845628866,0.9922645688056946,254.41883239039828,253.24786393527037,251.63609770050596
683874.0,11.397899627685547,38092.0,38092.0,3.5128607749938965,199.0,232.0,0.09550095756623575,0.7022236335572422,0.9921151399612427,254.40127913207604,253.19551700670806,251.57744224815772
684153.0,11.402549743652344,35377.0,35377.0,3.6470558643341064,199.0,231.0,0.09621539139324482,0.6976535616754321,0.9926770925521851,254.43541597881807,253.3340449549854,251.8299012227963
684432.0,11.40719985961914,33668.0,33668.0,3.6505794525146484,200.0,231.0,0.09725164603823143,0.7008206317327998,0.993030846118927,254.46831810084845,253.43088090193956,251.97741341980432
684712.0,11.411867141723633,33344.0,33344.0,3.9738447666168213,199.0,232.0,0.09550095756623575,0.7022236335572422,0.9930979609489441,254.4759076520343,253.42043967483914,252.0040524319272
684991.0,11.416516304016113,32675.0,32675.0,4.540388107299805,199.0,232.0,0.09550095756623575,0.7022236335572422,0.9932364225387573,254.48642145225648,253.45212718518354,252.06415404250976
685270.0,11.42116641998291,32380.0,32380.0,4.702416896820068,200.0,232.0,0.09653371080247147,0.7053701845628866,0.9932974576950073,254.49643395541875,253.48182140038952,252.08526946903498
685550.0,11.425833702087402,30398.0,30398.0,4.527348518371582,200.0,233.0,0.09582499161411712,0.7099339064167874,0.9937077164649963,254.53457958329727,253.56622045546456,252.25635581385086
685829.0,11.430482864379883,30825.0,30825.0,4.72841739654541,199.0,232.0,0.09550095756623575,0.7022236335572422,0.9936193823814392,254.51550073182054,253.53976913695396,252.23038428271346
686108.0,11.43513298034668,31285.0,31285.0,4.581445693969727,199.0,232.0,0.09550095756623575,0.7022236335572422,0.9935241341590881,254.50826825108226,253.51797118536967,252.1890401700527
686388.0,11.439800262451172,29671.0,29671.0,5.381125450134277,199.0,232.0,0.09550095756623575,0.7022236335572422,0.9938582181930542,254.53363624516112,253.59442770516316,252.33405503329652
686667.0,11.444450378417969,28682.0,28682.0,6.2116546630859375,199.0,232.0,0.09550095756623575,0.7022236335572422,0.9940629601478577,254.54918291057785,253.6412837525299,252.42292676482955
686946.0,11.44909954071045,28086.0,28086.0,6.311211109161377,199.0,233.0,0.09479577667984708,0.7068076723807228,0.9941863417625427,254.56534740239113,253.66164548838182,252.46968689650566
687226.0,11.453766822814941,27806.0,27806.0,7.191673278808594,199.0,233.0,0.09479577667984708,0.7068076723807228,0.9942442774772644,254.56967891068925,253.67498279202343,252.4949026027156
687505.0,11.458416938781738,28698.0,28698.0,6.471566677093506,199.0,232.0,0.09550095756623575,0.7022236335572422,0.9940596222877502,254.54892945693496,253.64051986937048,252.42147790981767
687784.0,11.463067054748535,25998.0,25998.0,7.458828926086426,199.0,232.0,0.09550095756623575,0.7022236335572422,0.9946185350418091,254.5913693642458,253.7684293762578,252.66408350707684
688064.0,11.467733383178711,26861.0,26861.0,6.01915168762207,200.0,232.0,0.09653371080247147,0.7053701845628866,0.9944398999214172,254.582266328709,253.74059355884873,252.58208263121378
688343.0,11.472383499145508,25811.0,25811.0,6.065560340881348,199.0,232.0,0.09550095756623575,0.7022236335572422,0.9946572184562683,254.59430671092863,253.77728223644445,252.6808747017682
688622.0,11.477033615112305,25799.0,25799.0,7.505101680755615,199.0,233.0,0.09479577667984708,0.7068076723807228,0.9946597218513489,254.60073921196297,253.7706216874783,252.67571893222495
688902.0,11.48169994354248,25546.0,25546.0,7.943375587463379,199.0,232.0,0.09550095756623575,0.7022236335572422,0.9947121143341064,254.5984751181626,253.7898453862624,252.70470319223168
689181.0,11.486350059509277,25225.0,25225.0,7.140105247497559,199.0,233.0,0.09479577667984708,0.7068076723807228,0.9947785139083862,254.60962058648784,253.79796864854592,252.72742150678914
689460.0,11.491000175476074,24700.0,24700.0,8.831936836242676,51.0,239.0,0.9042945389252507,0.7499224617101892,0.9948872327804565,254.67395999877138,252.71852871926146,253.84140143249434
689739.0,11.495650291442871,24523.0,24523.0,8.379241943359375,51.0,239.0,0.9042945389252507,0.7499224617101892,0.9949238300323486,254.67629379719,252.7348595193078,253.84969469557404
690019.0,11.500316619873047,23971.0,23971.0,7.107440948486328,199.0,232.0,0.09550095756623575,0.7022236335572422,0.9950380921363831,254.62322758196586,253.86444676124023,252.8461994075895
690298.0,11.504966735839844,23685.0,23685.0,9.327481269836426,50.0,239.0,0.9033280579045094,0.7530739262060605,0.995097279548645,254.69129457444956,252.8083179953594,253.9005040122852
690577.0,11.50961685180664,23197.0,23197.0,9.417366981506348,199.0,233.0,0.09479577667984708,0.7068076723807228,0.9951983094215393,254.64100619651236,253.8946092139245,252.91013160847268
690857.0,11.514283180236816,23622.0,23622.0,9.368525505065918,199.0,233.0,0.09479577667984708,0.7068076723807228,0.9951103329658508,254.6344287209485,253.87435627135758,252.87184109163542
691136.0,11.518933296203613,23673.0,23673.0,10.510955810546875,51.0,240.0,0.9049563829654517,0.7545020585799511,0.9950997829437256,254.69323673404418,252.80765256725587,253.8829290038637
691415.0,11.52358341217041,23025.0,23025.0,10.781341552734375,50.0,242.0,0.9052990605430502,0.7667945332415655,0.995233952999115,254.71657560506432,252.85274042448432,253.91178208004737
691695.0,11.528249740600586,22497.0,22497.0,9.277078628540039,197.0,235.0,0.09134205019688169,0.7099339064167874,0.9953432083129883,254.655551769813,253.89353753352364,252.96948446981102
691974.0,11.532899856567383,23773.0,23773.0,10.726396560668945,50.0,242.0,0.9052990605430502,0.7667945332415655,0.9950791001319885,254.70736690859925,252.7829741587149,253.87642496650403
692253.0,11.53754997253418,24194.0,24194.0,10.536930084228516,51.0,239.0,0.9042945389252507,0.7499224617101892,0.9949919581413269,254.6806383111843,252.7652603408924,253.86513313156763
692533.0,11.542216300964355,23346.0,23346.0,10.562149047851562,51.0,240.0,0.9049563829654517,0.7545020585799511,0.9951674938201904,254.69747556864405,252.83794627965307,253.89836461729737
692812.0,11.546866416931152,22824.0,22824.0,8.656316757202148,198.0,234.0,0.0930651027289284,0.708329092870135,0.9952755570411682,254.64861444631117,253.89492200692644,252.94191964468462
693091.0,11.55151653289795,22530.0,22530.0,11.795598983764648,48.0,242.0,0.9034079380731704,0.7730664137854066,0.9953364133834839,254.73012726894538,252.8914435566314,253.95705706265352
693371.0,11.556182861328125,22871.0,22871.0,11.752612113952637,45.0,242.0,0.9006287339438227,0.7826747581267987,0.995265781879425,254.73763939997573,252.84790935853104,253.97461855886755
693650.0,11.560832977294922,21592.0,21592.0,12.32828140258789,51.0,241.0,0.9056102299473181,0.7590945455128085,0.9955305457115173,254.7254374412474,252.99514087162643,253.97507464360322
693929.0,11.565483093261719,23905.0,23905.0,13.449914932250977,50.0,244.0,0.9065742143680213,0.7760050099522378,0.9950517416000366,254.71736180178132,252.75902641423735,253.85678054691056
694209.0,11.570150375366211,22335.0,22335.0,11.445535659790039,51.0,239.0,0.9042945389252507,0.7499224617101892,0.9953767657279968,254.70517740335168,252.9369731179267,253.95233395639238
694488.0,11.574799537658691,21519.0,21519.0,12.219673156738281,52.0,247.0,0.9103203805247077,0.7839312793050282,0.9955456852912903,254.75457828942564,252.9737212091324,253.93196072093588
694767.0,11.579449653625488,22052.0,22052.0,10.956757545471191,50.0,241.0,0.9046499478339515,0.7622080875858231,0.995435357093811,254.72321403263166,252.94881808521197,253.9639505621101
695047.0,11.58411693572998,22286.0,22286.0,13.64789867401123,50.0,243.0,0.9059404437949544,0.7713935820572154,0.9953868985176086,254.73108092559855,252.91623731838186,253.94045762404005
695326.0,11.588767051696777,22363.0,22363.0,12.34134292602539,50.0,245.0,0.9072004872508085,0.7806285975448777,0.9953709840774536,254.7410542026964,252.89814767680494,253.92427264267513
695605.0,11.593416213989258,21422.0,21422.0,13.820491790771484,50.0,244.0,0.9065742143680213,0.7760050099522378,0.9955657124519348,254.74671916022456,252.9917941902622,253.97552565452565
695885.0,11.59808349609375,22801.0,22801.0,10.283364295959473,51.0,242.0,0.9062562022674213,0.7636996899666841,0.9952802658081055,254.71560496353104,252.87733059860275,253.91129152005968
696164.0,11.602733612060547,22410.0,22410.0,13.716056823730469,50.0,245.0,0.9072004872508085,0.7806285975448777,0.9953612089157104,254.7405073830065,252.89370916400583,253.92200101322186
696443.0,11.607383728027344,20436.0,20436.0,10.895606994628906,51.0,240.0,0.9049563829654517,0.7545020585799511,0.9957698583602905,254.73518477856172,253.10744298518645,254.03568179103058
696723.0,11.61205005645752,21171.0,21171.0,11.998899459838867,49.0,243.0,0.9049940795405619,0.7744973937948416,0.995617687702179,254.7480031746873,253.01701755342395,254.003740846925
697002.0,11.616700172424316,21295.0,21295.0,11.552977561950684,50.0,244.0,0.9065742143680213,0.7760050099522378,0.9955919981002808,254.74822056287718,253.003698468266,253.98159855171437
697281.0,11.621350288391113,21724.0,21724.0,11.84929084777832,50.0,242.0,0.9052990605430502,0.7667945332415655,0.9955032467842102,254.73258980469063,252.97406605525657,253.97326916202914
697561.0,11.626016616821289,22328.0,22328.0,11.923628807067871,43.0,242.0,0.8988138843433651,0.7892102058024302,0.9953781962394714,254.75157158880663,252.8913084933238,254.02070527371157
697840.0,11.630666732788086,22918.0,22918.0,13.13241958618164,46.0,244.0,0.9028457966554072,0.7885083908917698,0.9952560663223267,254.74415794741657,252.83643587697003,253.9484951847128
698119.0,11.635316848754883,21507.0,21507.0,13.150490760803223,9.0,100.0,0.7137077179532019,0.6746579864589245,0.9955481290817261,253.53122215690252,253.0988828970672,254.6306629346131
698398.0,11.63996696472168,20694.0,20694.0,10.316160202026367,51.0,242.0,0.9062562022674213,0.7636996899666841,0.9957164525985718,254.74188808735502,253.07350273791658,254.0119074103431
698678.0,11.644633293151855,20134.0,20134.0,12.976509094238281,50.0,241.0,0.9046499478339515,0.7622080875858231,0.9958323240280151,254.7472848918763,253.12720036241143,254.0540512287987
698957.0,11.649283409118652,21079.0,21079.0,15.931890487670898,49.0,244.0,0.9056309230696131,0.7790904504785774,0.9956367611885071,254.75421031432316,253.02053789181545,254.00216828908577
699236.0,11.65393352508545,21116.0,21116.0,12.574825286865234,50.0,243.0,0.9059404437949544,0.7713935820572154,0.995629072189331,254.74519835177972,253.02562846477912,253.99608034738813
699516.0,11.658599853515625,20759.0,20759.0,13.268528938293457,50.0,245.0,0.9072004872508085,0.7806285975448777,0.9957029819488525,254.75962606655492,253.04889472735988,254.0014249356923
699795.0,11.663249969482422,21162.0,21162.0,14.030418395996094,50.0,242.0,0.9052990605430502,0.7667945332415655,0.995619535446167,254.73950518837168,253.02645788917349,253.99982102058306
700074.0,11.667900085449219,20825.0,20825.0,17.421924591064453,48.0,244.0,0.9046951063236085,0.7822030423009437,0.995689332485199,254.76059318105416,253.04096638639732,254.02429947936437
700354.0,11.672566413879395,21503.0,21503.0,14.755966186523438,50.0,244.0,0.9065742143680213,0.7760050099522378,0.9955489635467529,254.74576248415792,252.98420892468607,253.97165607604487
700633.0,11.677216529846191,22289.0,22289.0,12.980108261108398,50.0,243.0,0.9059404437949544,0.7713935820572154,0.9953862428665161,254.73104270465637,252.91594115726684,253.94030703335415
700912.0,11.681866645812988,20557.0,20557.0,16.272113800048828,50.0,244.0,0.9065742143680213,0.7760050099522378,0.9957447648048401,254.75694640187638,253.07288364859207,254.0168929632669
701192.0,11.686532974243164,22079.0,22079.0,9.32174301147461,51.0,239.0,0.9042945389252507,0.7499224617101892,0.9954297542572021,254.70855646979172,252.96061820138138,253.96434162883185
701471.0,11.691183090209961,20369.0,20369.0,14.519947052001953,50.0,245.0,0.9072004872508085,0.7806285975448777,0.9957836866378784,254.7641406632631,253.0855395220549,254.02017973008103
701750.0,11.695833206176758,20917.0,20917.0,14.0287504196167,50.0,244.0,0.9065742143680213,0.7760050099522378,0.9956702589988708,254.7526907254234,253.03914136400073,253.99967953586128
702030.0,11.700499534606934,21677.0,21677.0,15.965282440185547,45.0,243.0,0.9012842283556267,0.7871810333327107,0.9955129623413086,254.7564936869304,252.95511710713697,254.02206278171542
702309.0,11.70514965057373,20722.0,20722.0,14.657659530639648,50.0,244.0,0.9065742143680213,0.7760050099522378,0.9957106113433838,254.7549955997903,253.05741618533543,254.00900232814416
702588.0,11.709799766540527,22242.0,22242.0,17.691165924072266,10.0,105.0,0.7198880404046373,0.6634872280662207,0.9953960180282593,253.54451815273237,253.04704037189933,254.6049288225129
702868.0,11.71446704864502,20966.0,20966.0,16.117847442626953,50.0,244.0,0.9065742143680213,0.7760050099522378,0.995660126209259,254.75211195342578,253.03455241329632,253.99733850973408
703147.0,11.7191162109375,20374.0,20374.0,15.499155044555664,49.0,243.0,0.9049940795405619,0.7744973937948416,0.9957826733589172,254.75749037206043,253.09167304098736,254.04124809412266
703426.0,11.723766326904297,20182.0,20182.0,15.757364273071289,47.0,244.0,0.9037667395813056,0.7853424625886406,0.9958224296569824,254.77132952464032,253.0981096004207,254.06422605265178
703706.0,11.728433609008789,20089.0,20089.0,18.258445739746094,50.0,245.0,0.9072004872508085,0.7806285975448777,0.9958416819572449,254.76738490447212,253.11187289372276,254.03365714141063
703985.0,11.733083724975586,19259.0,19259.0,11.286725997924805,51.0,242.0,0.9062562022674213,0.7636996899666841,0.9960134625434875,254.759784890582,253.20708100659664,254.0804191596301
704264.0,11.737732887268066,20522.0,20522.0,14.445484161376953,48.0,244.0,0.9046951063236085,0.7822030423009437,0.9957520365715027,254.76407565465834,253.06946299680803,254.03849227188257
704544.0,11.742400169372559,19925.0,19925.0,14.664060592651367,49.0,244.0,0.9056309230696131,0.7790904504785774,0.9958755970001221,254.7676643977693,253.12889007229296,254.05678779464748
704823.0,11.747050285339355,19849.0,19849.0,16.535886764526367,50.0,245.0,0.9072004872508085,0.7806285975448777,0.9958913326263428,254.7701623483849,253.1344172910499,254.04519535686543
705102.0,11.751700401306152,20410.0,20410.0,15.195191383361816,48.0,242.0,0.9034079380731704,0.7730664137854066,0.9957752227783203,254.75552031930226,253.0898432976411,254.05519036579943
705382.0,11.756366729736328,19938.0,19938.0,15.58016300201416,13.0,106.0,0.7204589973923881,0.6461074408078596,0.9958729147911072,253.70655009875574,253.2676254538423,254.62756108962236
705661.0,11.761016845703125,19593.0,19593.0,16.609867095947266,51.0,245.0,0.9081480669237502,0.7775888165032608,0.9959443211555481,254.76998277542228,253.16162101390725,254.04800783519372
705940.0,11.765666961669922,20226.0,20226.0,14.925798416137695,50.0,246.0,0.9078193756561757,0.7852641300484773,0.9958133101463318,254.77074671557412,253.0940414590551,254.02139988337407
706220.0,11.770333290100098,20526.0,20526.0,15.125020980834961,49.0,243.0,0.9049940795405619,0.7744973937948416,0.9957512021064758,254.75568067545169,253.077432398851,254.03409353251848
706499.0,11.774983406066895,19796.0,19796.0,14.426261901855469,50.0,243.0,0.9059404437949544,0.7713935820572154,0.9959022998809814,254.76112606076683,253.1490468785337,254.05883559322314
706778.0,11.779633522033691,19703.0,19703.0,15.585067749023438,49.0,244.0,0.9056309230696131,0.7790904504785774,0.9959215521812439,254.77025314205105,253.14973847038334,254.0672973126879
707057.0,11.784283638000488,18991.0,18991.0,11.357084274291992,51.0,242.0,0.9062562022674213,0.7636996899666841,0.9960689544677734,254.76312864410485,253.2320381344596,254.0932195687383
707337.0,11.788949966430664,19547.0,19547.0,12.577945709228516,45.0,243.0,0.9012842283556267,0.7871810333327107,0.9959538578987122,254.78042057584878,253.15604695249442,254.11815472650358
707616.0,11.793600082397461,19283.0,19283.0,17.320404052734375,49.0,246.0,0.9068822971100216,0.7883133314214165,0.9960085153579712,254.78453925792886,253.17980357463645,254.07637937807905
707895.0,11.798250198364258,19478.0,19478.0,14.43759536743164,48.0,244.0,0.9046951063236085,0.7822030423009437,0.9959681630134583,254.7760789334501,253.16768420341361,254.08741153582838
708175.0,11.802916526794434,20016.0,20016.0,15.28593635559082,49.0,244.0,0.9056309230696131,0.7790904504785774,0.995856761932373,254.76660338195472,253.12034520355553,254.05248039166332
708454.0,11.80756664276123,19572.0,19572.0,16.193347930908203,50.0,245.0,0.9072004872508085,0.7806285975448777,0.9959486722946167,254.77336991266353,253.160452957591,254.05852040280482
708733.0,11.812216758728027,19358.0,19358.0,16.819486618041992,50.0,245.0,0.9072004872508085,0.7806285975448777,0.9959929585456848,254.77584727260012,253.18056158569914,254.06881199234016
709013.0,11.816883087158203,19046.0,19046.0,11.205010414123535,45.0,244.0,0.9019322497871735,0.7917005092019741,0.9960575699806213,254.7905924277864,253.19876826233047,254.1354079501745
709292.0,11.821533203125,19716.0,19716.0,15.268623352050781,43.0,242.0,0.8988138843433651,0.7892102058024302,0.995918869972229,254.78063355754492,253.13799012829188,254.13526637638194
709571.0,11.826183319091797,19528.0,19528.0,15.131939888000488,45.0,244.0,0.9019322497871735,0.7917005092019741,0.9959577918052673,254.78529257329103,253.1531812473953,254.1135261623601
709851.0,11.830849647521973,18157.0,18157.0,16.00977325439453,47.0,244.0,0.9037667395813056,0.7853424625886406,0.996241569519043,254.79427226494866,253.28892818976325,254.15811320020558
710130.0,11.83549976348877,18996.0,18996.0,13.804168701171875,49.0,247.0,0.9074970489133407,0.7929427280293581,0.9960678815841675,254.79238570337685,253.20223390454856,254.08479630895283
710409.0,11.840149879455566,19008.0,19008.0,16.397611618041992,49.0,245.0,0.9062602917618213,0.7836958350411356,0.9960654377937317,254.7829791409111,253.21039413389207,254.09487609231823
710689.0,11.844816207885742,19551.0,19551.0,14.466917991638184,48.0,245.0,0.9053274593345317,0.7867902078818483,0.9959530234336853,254.7799719667352,253.15606998444431,254.07850354317532
710968.0,11.849466323852539,19384.0,19384.0,14.898460388183594,49.0,243.0,0.9049940795405619,0.7744973937948416,0.995987594127655,254.76927396475148,253.1843990403526,254.08783404638618
711247.0,11.854116439819336,19236.0,19236.0,10.109480857849121,50.0,244.0,0.9065742143680213,0.7760050099522378,0.9960182309150696,254.77256643672936,253.19673132995612,254.08007312721656
711527.0,11.858783721923828,18337.0,18337.0,18.840133666992188,50.0,245.0,0.9072004872508085,0.7806285975448777,0.9962043166160583,254.78767058126124,253.27653089292852,254.11792905356796
711806.0,11.863432884216309,17450.0,17450.0,17.563289642333984,47.0,244.0,0.9037667395813056,0.7853424625886406,0.9963878989219666,254.8022819958157,253.35554645438725,254.19089092307885
712085.0,11.868083000183105,18539.0,18539.0,14.065244674682617,51.0,245.0,0.9081480669237502,0.7775888165032608,0.9961625337600708,254.78235867094685,253.26053354668926,254.09922902349166
712365.0,11.872750282287598,18576.0,18576.0,16.44246482849121,50.0,245.0,0.9072004872508085,0.7806285975448777,0.9961548447608948,254.78490314014763,253.2540676879087,254.10643239231047
712644.0,11.877400398254395,18483.0,18483.0,14.543031692504883,49.0,243.0,0.9049940795405619,0.7744973937948416,0.9961740970611572,254.77999847363174,253.26879102755845,254.13023295407453
712923.0,11.882049560546875,20075.0,20075.0,15.067315101623535,47.0,246.0,0.9050298786624172,0.7944927702720836,0.9958445429801941,254.7822360025996,253.09848091729938,254.05791946582178
713203.0,11.886716842651367,19795.0,19795.0,15.429594039916992,46.0,244.0,0.9028457966554072,0.7885083908917698,0.9959025382995605,254.77902241408725,253.13127211868863,254.09178732225027
713482.0,11.891366958618164,18601.0,18601.0,19.09212303161621,49.0,245.0,0.9062602917618213,0.7836958350411356,0.9961496591567993,254.78762458597166,253.248701583996,254.1142507432333
713761.0,11.896017074584961,21055.0,21055.0,11.590205192565918,49.0,244.0,0.9056309230696131,0.7790904504785774,0.9956417083740234,254.75448899885674,253.0227822718952,254.00329966392025
714041.0,11.900683403015137,24560.0,24560.0,15.62615966796875,6.0,105.0,0.7208570082990788,0.6852878060805034,0.9949162006378174,253.39294853792353,252.8152454062202,254.59201691906665
714320.0,11.905333518981934,29131.0,29131.0,14.932477951049805,5.0,108.0,0.7248759262933037,0.6879307744828577,0.9939700365066528,253.14344727616873,252.4045689578957,254.52014966049725
714599.0,11.90998363494873,40351.0,40351.0,11.67556381225586,2.0,106.0,0.722996548262915,0.7061546315831022,0.9916475415229797,252.38275751802166,251.36610064250323,254.37414553421644
714879.0,11.914649963378906,52633.0,52633.0,8.095382690429688,2.0,105.0,0.7217661954559857,0.707112218357348,0.989105224609375,251.55625658229118,250.25735593267328,254.18630861810797
715158.0,11.919300079345703,65649.0,65649.0,7.187828063964844,0.0,106.0,0.7234122342951205,0.7170896796162054,0.986410915851593,250.7419775396018,249.04991258260023,254.0196545017122
715437.0,11.9239501953125,76075.0,76075.0,6.59744930267334,0.0,104.0,0.7209911276013975,0.7190172283763705,0.9842528104782104,249.9794005711556,248.09722902795167,253.87170431593566
715716.0,11.928600311279297,74239.0,74239.0,5.849673748016357,0.0,104.0,0.7209911276013975,0.7190172283763705,0.9846328496932983,250.1005666156468,248.2638189872913,253.89893435629085
715996.0,11.933266639709473,64285.0,64285.0,6.771166801452637,0.0,104.0,0.7209911276013975,0.7190172283763705,0.986693263053894,250.75747813163994,249.16699993372373,254.04656422376223
716275.0,11.93791675567627,52755.0,52755.0,8.988248825073242,1.0,107.0,0.7244303817244602,0.7107133162648538,0.9890799522399902,251.60814182289698,250.2363268650893,254.19444877730572
716554.0,11.942566871643066,37705.0,37705.0,10.71992301940918,2.0,106.0,0.722996548262915,0.7061546315831022,0.9921952486038208,252.55438150676716,251.60439125054882,254.4151855373998
716834.0,11.947233200073242,29089.0,29089.0,14.979183197021484,0.0,113.0,0.7319774580096929,0.7116647690873626,0.9939786791801453,253.22824088999025,252.37184690876705,254.55727947310703
717113.0,11.951883316040039,25202.0,25202.0,16.679096221923828,6.0,105.0,0.7208570082990788,0.6852878060805034,0.9947832822799683,253.35093141134155,252.75812395585993,254.58135000692388
717392.0,11.956533432006836,22424.0,22424.0,15.553964614868164,7.0,104.0,0.7193462384360142,0.6808751181873994,0.9953583478927612,253.51993294657623,253.0104804287434,254.62227699656484
717672.0,11.961199760437012,20296.0,20296.0,13.924821853637695,50.0,244.0,0.9065742143680213,0.7760050099522378,0.9957988262176514,254.76003432071064,253.09736705029155,254.02938302619245
717951.0,11.965849876403809,19903.0,19903.0,14.080835342407227,43.0,242.0,0.8988138843433651,0.7892102058024302,0.9958801865577698,254.77855426995689,253.1203408745057,254.12706990899875
718230.0,11.970499992370605,18710.0,18710.0,14.34842300415039,50.0,243.0,0.9059404437949544,0.7713935820572154,0.9961271286010742,254.77423236929633,253.25060321725152,254.11047450842594
718510.0,11.975166320800781,19344.0,19344.0,15.588081359863281,49.0,245.0,0.9062602917618213,0.7836958350411356,0.9959958791732788,254.77914245698634,253.17875592138586,254.07887452287883
718789.0,11.979816436767578,18801.0,18801.0,13.548418045043945,50.0,245.0,0.9072004872508085,0.7806285975448777,0.9961082935333252,254.78229907808776,253.2329306239081,254.09561444960914
719068.0,11.984466552734375,18860.0,18860.0,15.615608215332031,49.0,245.0,0.9062602917618213,0.7836958350411356,0.9960960745811462,254.78466899141435,253.22432904497023,254.10192391296252
719348.0,11.98913288116455,19959.0,19959.0,17.661670684814453,45.0,243.0,0.9012842283556267,0.7871810333327107,0.9958685636520386,254.77579175632167,253.117175706218,254.09956508570434
719627.0,11.993782997131348,18345.0,18345.0,13.747832298278809,44.0,242.0,0.8997175362901739,0.7859297077823046,0.9962026476860046,254.79271041852482,253.27063990133755,254.18646178975933
719906.0,11.998433113098145,18946.0,18946.0,14.12864875793457,50.0,246.0,0.9078193756561757,0.7852641300484773,0.9960782527923584,254.78525435141745,253.21465457268533,254.08332778187213
720186.0,12.003100395202637,17338.0,17338.0,15.569414138793945,50.0,245.0,0.9072004872508085,0.7806285975448777,0.9964110851287842,254.7992371514094,253.37041626427055,254.16597955706467
720465.0,12.007749557495117,17656.0,17656.0,16.882648468017578,46.0,244.0,0.9028457966554072,0.7885083908917698,0.9963452816009521,254.80289971986173,253.33319389662387,254.18992248706937
720744.0,12.012399673461914,19452.0,19452.0,14.064672470092773,149.0,0.0,0.4734122342951205,0.7170896796162054,0.995973527431488,253.23697730437436,254.70952168568454,254.47461169568268
721024.0,12.017066955566406,19652.0,19652.0,17.604751586914062,0.0,150.0,0.7777999438928925,0.718032683278453,0.9959321022033691,254.21115928393044,253.21786075145374,254.70751137226452
721303.0,12.021717071533203,20179.0,20179.0,15.980466842651367,45.0,243.0,0.9012842283556267,0.7871810333327107,0.9958230257034302,254.7733204648341,253.0964226439153,254.0896402180799
721582.0,12.026366233825684,18768.0,18768.0,15.250654220581055,10.0,106.0,0.7211966677229362,0.6624665849407155,0.9961150884628296,253.7825129725556,253.35307341792085,254.66562169812224
721862.0,12.031033515930176,19673.0,19673.0,13.846672058105469,51.0,243.0,0.9068944204298558,0.7683172643414444,0.9959277510643005,254.7594152077051,253.16373783508817,254.05513663459496
722141.0,12.035683631896973,17872.0,17872.0,14.350970268249512,151.0,0.0,0.47099112760139733,0.7190172283763705,0.9963005781173706,253.3783606624255,254.7349341774335,254.49881816945637
722420.0,12.04033374786377,19581.0,19581.0,16.72807502746582,45.0,246.0,0.9032062960561118,0.8007781682466651,0.9959468245506287,254.79409233545246,253.13878818536816,254.10012630441025
722700.0,12.045000076293945,19320.0,19320.0,14.939176559448242,49.0,244.0,0.9056309230696131,0.7790904504785774,0.9960008263587952,254.77471880987818,253.18570263310735,254.08542657208326
722979.0,12.049650192260742,19634.0,19634.0,13.226330757141113,45.0,242.0,0.9006287339438227,0.7826747581267987,0.99593585729599,254.7747735969802,253.1525136239747,254.11974978831358
723258.0,12.054300308227539,20128.0,20128.0,14.762412071228027,11.0,101.0,0.7144030719219189,0.662605856123391,0.9958335757255554,253.63684845896506,253.23358404356452,254.64153957646874
723538.0,12.058966636657715,20787.0,20787.0,18.367313385009766,46.0,244.0,0.9028457966554072,0.7885083908917698,0.9956972002983093,254.76794846169184,253.0376236904459,254.04627363851282
723817.0,12.063616752624512,20081.0,20081.0,14.357722282409668,48.0,243.0,0.9040553030359142,0.7776283703369761,0.9958432912826538,254.76429480666476,253.11578374748868,254.06477911157623
724096.0,12.068266868591309,18863.0,18863.0,16.727630615234375,48.0,245.0,0.9053274593345317,0.7867902078818483,0.9960954189300537,254.78771379585092,253.22094985847647,254.1109269939221
724375.0,12.072916984558105,19108.0,19108.0,12.41446590423584,50.0,244.0,0.9065742143680213,0.7760050099522378,0.9960447549819946,254.77408145754663,253.20874358327063,254.086201107373
724655.0,12.077583312988281,21084.0,21084.0,15.412199020385742,45.0,243.0,0.9012842283556267,0.7871810333327107,0.9956356883049011,254.76315388218293,253.01104715331664,254.04881055977665
724934.0,12.082233428955078,21199.0,21199.0,14.623350143432617,46.0,243.0,0.9022004062303263,0.7839705131411623,0.9956119060516357,254.75827079059187,253.00380129574236,254.03331971900775
725213.0,12.086883544921875,21996.0,21996.0,16.710235595703125,48.0,243.0,0.9040553030359142,0.7776283703369761,0.9954469203948975,254.74181868839815,252.93611071299955,253.97559934003104
725493.0,12.09154987335205,23333.0,23333.0,16.710676193237305,45.0,243.0,0.9012842283556267,0.7871810333327107,0.9951701760292053,254.7378910726044,252.7988987022903,253.94735347057897
725772.0,12.096199989318848,25573.0,25573.0,11.238479614257812,45.0,242.0,0.9006287339438227,0.7826747581267987,0.9947065114974976,254.7066457893644,252.59367507435937,253.85348652489742
726051.0,12.100850105285645,37485.0,37485.0,10.290719985961914,106.0,236.0,0.9688657102252042,0.6134341224041879,0.9922407865524292,254.23514097526757,251.80766016647132,252.2611275120142
726331.0,12.10551643371582,87532.0,87532.0,2.627495288848877,61.0,128.0,0.7511966311583573,0.36881513786828174,0.9818812608718872,250.40419064756912,248.67569287859996,252.08375016606252
726610.0,12.110166549682617,222300.0,222300.0,2.085320472717285,61.0,127.0,0.7488033688416427,0.36881513786828174,0.9539848566055298,243.20399557233804,238.93851266336972,247.59376420545047
726889.0,12.114816665649414,508598.0,508598.0,1.8827159404754639,61.0,127.0,0.7488033688416427,0.36881513786828174,0.8947224020957947,228.0120364862134,218.25307972912995,238.05534533972533
727169.0,12.11948299407959,921621.0,921621.0,1.8487720489501953,61.0,127.0,0.7488033688416427,0.36881513786828174,0.8092284202575684,206.09561258948028,188.41158831224593,224.29490601911394
727448.0,12.124133110046387,1319041.0,1319041.0,1.846102237701416,61.0,127.0,0.7488033688416427,0.36881513786828174,0.7269641757011414,185.0071334184582,159.69742978244136,211.05429982514073
727727.0,12.128783226013184,1611573.0,1611573.0,1.8306320905685425,61.0,127.0,0.7488033688416427,0.36881513786828174,0.666411280632019,169.48436926623447,138.56157133228845,201.30818179004126
728007.0,12.13344955444336,1588051.0,1588051.0,1.810699701309204,61.0,127.0,0.7488033688416427,0.36881513786828174,0.6712802648544312,170.73253574380962,140.26107985625674,202.09185521950315
728286.0,12.138099670410156,1340000.0,1340000.0,1.8043745756149292,61.0,127.0,0.7488033688416427,0.36881513786828174,0.722625732421875,183.89497137013703,158.18310543940342,210.35601809575283
728565.0,12.142749786376953,988702.0,988702.0,1.7882187366485596,60.0,127.0,0.7488210960573292,0.3743609189735865,0.7953429222106934,202.5360584767583,183.27546417623515,222.34942615121847
728845.0,12.147417068481445,687868.0,687868.0,1.7841753959655762,60.0,127.0,0.7488210960573292,0.3743609189735865,0.857614278793335,218.499351051902,205.0992104851912,232.28407169940962
729124.0,12.152066230773926,471807.0,471807.0,1.7549629211425781,61.0,127.0,0.7488033688416427,0.36881513786828174,0.9023379683494568,229.96429060562892,220.9112768338501,239.28108702437285
729403.0,12.156716346740723,325588.0,325588.0,1.7853785753250122,60.0,127.0,0.7488210960573292,0.3743609189735865,0.9326046705245972,237.72317447932463,231.38049572715275,244.2478862403918
729683.0,12.161383628845215,238611.0,238611.0,1.7743380069732666,61.0,127.0,0.7488033688416427,0.36881513786828174,0.9506085515022278,242.3384781141772,237.760020591827,247.05034067430918
729962.0,12.166033744812012,186523.0,186523.0,1.823204517364502,61.0,127.0,0.7488033688416427,0.36881513786828174,0.9613905549049377,245.10244993943326,241.52345580774204,248.7857271937762
730241.0,12.170682907104492,155001.0,155001.0,1.820214033126831,61.0,127.0,0.7488033688416427,0.36881513786828174,0.9679154753684998,246.77511647919613,243.80096533323916,249.8359271046957
730521.0,12.175350189208984,130270.0,130270.0,1.8375709056854248,61.0,127.0,0.7488033688416427,0.36881513786828174,0.973034679889679,248.087427052267,245.5878127170598,250.65987402667648
730800.0,12.180000305175781,118090.0,118090.0,1.894855260848999,61.0,127.0,0.7488033688416427,0.36881513786828174,0.9755558967590332,248.733742225058,246.46783807029811,251.06566927680882
731079.0,12.184650421142578,110976.0,110976.0,1.9548907279968262,61.0,127.0,0.7488033688416427,0.36881513786828174,0.9770284295082092,249.1112267127244,246.98182247540825,251.30267657377846
731359.0,12.189316749572754,111537.0,111537.0,2.251073122024536,61.0,127.0,0.7488033688416427,0.36881513786828174,0.9769123196601868,249.08146189661534,246.9412945814129,251.28398844528235
731638.0,12.19396686553955,141249.0,141249.0,3.421823024749756,61.0,127.0,0.7488033688416427,0.36881513786828174,0.9707620739936829,247.50484342361918,244.79456449208348,250.29409324469478
731917.0,12.198616981506348,244713.0,244713.0,2.3707308769226074,214.0,91.0,0.31355016118921714,0.5206833117271102,0.9493454694747925,236.9541261670747,248.80871173657312,235.35747769557105
732197.0,12.203283309936523,492740.0,492740.0,1.2834548950195312,214.0,89.0,0.31664780713674484,0.5250949640408422,0.898004949092865,218.06870693881913,242.6483193537292,215.33420468363195
732476.0,12.20793342590332,928036.0,928036.0,1.1496526002883911,212.0,88.0,0.31959445038444184,0.5173052941901474,0.8079005479812622,184.8520367314771,231.35502593800322,180.6742535324405
732755.0,12.212583541870117,1499901.0,1499901.0,1.0606623888015747,213.0,88.0,0.3188788467546524,0.5223346873098603,0.6895269155502319,141.64872920161477,217.18293314377954,134.47579378683875
733034.0,12.217233657836914,2057241.0,2057241.0,1.0715246200561523,213.0,88.0,0.3188788467546524,0.5223346873098603,0.5741599798202515,99.52917221558987,203.13070336924062,89.69088633908763
733314.0,12.22189998626709,2334234.0,2334234.0,1.0851538181304932,213.0,88.0,0.3188788467546524,0.5223346873098603,0.5168235898017883,78.59610910288015,196.14686417923392,67.43316661967813
733593.0,12.226550102233887,2336305.0,2336305.0,1.1299893856048584,213.0,88.0,0.3188788467546524,0.5223346873098603,0.516394853591919,78.4395808991162,196.09464211321793,67.26673321866072
733872.0,12.231200218200684,1811796.0,1811796.0,1.1984891891479492,213.0,88.0,0.3188788467546524,0.5223346873098603,0.624966025352478,118.07805813761657,209.3191162037942,109.41355672596957
734152.0,12.23586654663086,1165563.0,1165563.0,1.2333247661590576,214.0,89.0,0.31664780713674484,0.5250949640408422,0.7587334513664246,167.64001994019392,225.78243176658464,161.1716284302919
734431.0,12.240516662597656,661943.0,661943.0,1.3847334384918213,213.0,89.0,0.31733798813459335,0.5200331223000315,0.8629806041717529,205.3777363589022,238.22998324199497,201.89012488559902
734710.0,12.245166778564453,362208.0,362208.0,1.6511982679367065,212.0,89.0,0.31804172367788025,0.5149812522016552,0.9250245094299316,227.84214921230108,245.7270477692754,226.03545203998974
734990.0,12.249833106994629,219516.0,219516.0,2.059812545776367,212.0,91.0,0.3148946076960306,0.5104822033815112,0.9545611143112183,238.80693160636594,249.3279984831912,237.4981698155301
735269.0,12.254483222961426,149730.0,149730.0,2.556283473968506,214.0,91.0,0.31355016118921714,0.5206833117271102,0.9690065383911133,243.95845856154457,251.21180073899646,242.98153384047131
735548.0,12.259133338928223,120551.0,120551.0,3.573794364929199,210.0,92.0,0.31467321170413814,0.49810096884406746,0.9750464558601379,246.1770707036599,251.80633929493555,245.4673531937348
735828.0,12.263799667358398,100196.0,100196.0,4.276456832885742,212.0,93.0,0.31169280321726384,0.5061862592241093,0.9792598485946655,247.72937751284746,252.38834820381973,247.0341745794597
736107.0,12.268449783325195,88924.0,88924.0,4.35441780090332,213.0,95.0,0.3078129068979428,0.5072788143253011,0.981593132019043,248.65439011417405,252.68728927688562,247.9252080528263
736386.0,12.273099899291992,79337.0,79337.0,4.350955009460449,214.0,95.0,0.3072009203672775,0.5124666510468923,0.9835776090621948,249.33920995413172,252.95835187081005,248.6662287509093
736666.0,12.277766227722168,73342.0,73342.0,4.574367523193359,215.0,95.0,0.3066012089273233,0.5176619130370229,0.9848185181617737,249.76756735620884,253.13273523868608,249.1247090238185
736945.0,12.282416343688965,69224.0,69224.0,4.666594505310059,215.0,96.0,0.30499687876256926,0.5157570964564374,0.9856709241867065,250.10236496961045,253.23061791438408,249.46155342083625
737224.0,12.287066459655762,67047.0,67047.0,4.615285873413086,215.0,96.0,0.30499687876256926,0.5157570964564374,0.9861215353012085,250.25638249371485,253.2862602491702,249.63572275444614
737504.0,12.291733741760254,64190.0,64190.0,4.607213973999023,61.0,128.0,0.7511966311583573,0.36881513786828174,0.9867129325866699,251.62974182404255,250.36217755162312,252.86141806757854
737783.0,12.296382904052734,61487.0,61487.0,4.71795654296875,61.0,128.0,0.7511966311583573,0.36881513786828174,0.9872724413871765,251.7716609586994,250.55747290117867,252.95147220628135
738062.0,12.301033020019531,58021.0,58021.0,4.415064811706543,61.0,128.0,0.7511966311583573,0.36881513786828174,0.9879899024963379,251.95364461949254,250.80790116607687,253.06694910705545
738342.0,12.305700302124023,55818.0,55818.0,4.4909257888793945,61.0,128.0,0.7511966311583573,0.36881513786828174,0.9884459376335144,252.06931770985793,250.96707925486444,253.1403489382279
738621.0,12.31035041809082,54919.0,54919.0,4.261946678161621,61.0,128.0,0.7511966311583573,0.36881513786828174,0.9886320233345032,252.11651825725312,251.0320320706003,253.1702998299963
738900.0,12.3149995803833,51889.0,51889.0,4.374333381652832,61.0,128.0,0.7511966311583573,0.36881513786828174,0.9892591834068298,252.27559710404762,251.25094095182146,253.27124258566175
739180.0,12.319666862487793,50570.0,50570.0,4.280139923095703,61.0,128.0,0.7511966311583573,0.36881513786828174,0.9895322322845459,252.3448558188514,251.34624807830636,253.31519038681205
739459.0,12.32431697845459,48249.0,48249.0,4.479619026184082,61.0,128.0,0.7511966311583573,0.36881513786828174,0.9900126457214355,252.46671245306197,251.51393536044307,253.39251395748906
739738.0,12.328967094421387,47920.0,47920.0,4.480109214782715,61.0,129.0,0.7535893524618054,0.3688985236115739,0.9900807738304138,252.5107877188354,251.5375044149765,253.40369023853455
740018.0,12.333633422851562,47090.0,47090.0,4.495205402374268,61.0,128.0,0.7511966311583573,0.36881513786828174,0.9902525544166565,252.5275651767217,251.59767497714287,253.43112777535194
740297.0,12.33828353881836,48442.0,48442.0,4.056549072265625,61.0,129.0,0.7535893524618054,0.3688985236115739,0.989972710609436,252.48366944446587,251.4997828811449,253.38629952966747
740576.0,12.342933654785156,45430.0,45430.0,4.864265441894531,61.0,129.0,0.7535893524618054,0.3688985236115739,0.9905961751937866,252.64012678032086,251.71741511715052,253.48663423168065
740856.0,12.347599983215332,43600.0,43600.0,4.734949111938477,61.0,129.0,0.7535893524618054,0.3688985236115739,0.9909749627113342,252.73518283857692,251.84963814390156,253.5475928388789
741135.0,12.352250099182129,41252.0,41252.0,4.509357452392578,61.0,128.0,0.7511966311583573,0.36881513786828174,0.9914610385894775,252.8340965983866,252.01949379169898,253.62563588893457
741414.0,12.356900215148926,42178.0,42178.0,4.5761332511901855,61.0,128.0,0.7511966311583573,0.36881513786828174,0.9912693500518799,252.7854748942152,251.95258531783398,253.59478320862476
741693.0,12.361550331115723,41860.0,41860.0,4.221490859985352,61.0,129.0,0.7535893524618054,0.3688985236115739,0.9913351535797119,252.82557210058187,251.97536965462638,253.6055586710267
741973.0,12.366216659545898,39969.0,39969.0,4.23140811920166,61.0,128.0,0.7511966311583573,0.36881513786828174,0.9917265772819519,252.90145035836275,252.11217950409588,253.6683749096996
742252.0,12.370866775512695,39440.0,39440.0,4.592387676239014,61.0,128.0,0.7511966311583573,0.36881513786828174,0.9918360710144043,252.92922339025415,252.1503980571089,253.6859981602373
742531.0,12.375516891479492,40811.0,40811.0,4.398209095001221,61.0,129.0,0.7535893524618054,0.3688985236115739,0.9915522933006287,252.88006292988587,252.0511664266884,253.6405031566322
742811.0,12.380183219909668,39131.0,39131.0,4.776636123657227,61.0,129.0,0.7535893524618054,0.3688985236115739,0.9919000267982483,252.96732603670978,252.17254945392133,253.6964642131853
743090.0,12.384833335876465,39905.0,39905.0,4.948869705200195,61.0,129.0,0.7535893524618054,0.3688985236115739,0.991739809513092,252.9271197920847,252.11662254661897,253.67068030505797
743369.0,12.389483451843262,38622.0,38622.0,4.1114912033081055,61.0,128.0,0.7511966311583573,0.36881513786828174,0.9920054078102112,252.97217558601002,252.20950470333105,253.71325327987665
743649.0,12.394149780273438,37708.0,37708.0,4.5147600173950195,61.0,129.0,0.7535893524618054,0.3688985236115739,0.9921945929527283,253.0412468927132,252.27537340328462,253.7438690026068
743928.0,12.398799896240234,37795.0,37795.0,4.591752529144287,61.0,129.0,0.7535893524618054,0.3688985236115739,0.9921765923500061,253.03672967326497,252.26908994866955,253.74097214983357
744207.0,12.403450012207031,35921.0,35921.0,4.7900776863098145,61.0,129.0,0.7535893524618054,0.3688985236115739,0.9925644993782043,253.13407425660574,252.4044963150103,253.8033983678739
744487.0,12.408116340637207,37366.0,37366.0,4.218273162841797,61.0,128.0,0.7511966311583573,0.36881513786828174,0.9922654032707214,253.03812330789918,252.30025556247253,253.7551001055954
744766.0,12.412766456604004,35528.0,35528.0,4.624194622039795,61.0,128.0,0.7511966311583573,0.36881513786828174,0.9926458597183228,253.1346259004756,252.43305307139047,253.81633538495413
745045.0,12.4174165725708,35731.0,35731.0,4.921475887298584,61.0,130.0,0.7559804521919458,0.36906523857821855,0.9926038384437561,253.16393219478408,252.41791394018168,253.81004366613394
745325.0,12.422082901000977,37295.0,37295.0,4.880635738372803,61.0,128.0,0.7511966311583573,0.36881513786828174,0.9922800660133362,253.04184250541974,252.3053735614062,253.75746010539524
745604.0,12.426733016967773,35994.0,35994.0,4.949249267578125,61.0,129.0,0.7535893524618054,0.3688985236115739,0.9925494194030762,253.13028996349183,252.3992323613096,253.80097153425925
745883.0,12.43138313293457,34259.0,34259.0,4.979466438293457,61.0,131.0,0.758368854178287,0.36931516991967045,0.9929085373878479,253.25874581161415,252.52383593040682,253.8595181373956
746163.0,12.436050415039062,33961.0,33961.0,5.13932991027832,61.0,131.0,0.758368854178287,0.36931516991967045,0.9929702281951904,253.2738935156274,252.5453768407832,253.8694395387639
746442.0,12.440699577331543,35521.0,35521.0,4.6633453369140625,61.0,128.0,0.7511966311583573,0.36881513786828174,0.9926472902297974,253.13498874901418,252.4335523883596,253.81656562883705
746721.0,12.44534969329834,33201.0,33201.0,5.491543769836426,61.0,130.0,0.7559804521919458,0.36906523857821855,0.9931275248527527,253.29393527114684,252.60073895909233,253.89429871581154
747001.0,12.450016975402832,34237.0,34237.0,5.943305969238281,60.0,131.0,0.7582450945274215,0.37485355336016696,0.9929130673408508,253.2598571998466,252.51540889004184,253.87025545379208
747280.0,12.454667091369629,32210.0,32210.0,6.111605644226074,61.0,131.0,0.758368854178287,0.36931516991967045,0.9933326840400696,253.36289176500395,252.67193749392206,253.92773136651343
747559.0,12.45931625366211,33814.0,33814.0,5.3364458084106445,61.0,130.0,0.7559804521919458,0.36906523857821855,0.9930006265640259,253.26243327369903,252.55643728992996,253.87388225772324
747839.0,12.463983535766602,34152.0,34152.0,6.052797317504883,61.0,130.0,0.7559804521919458,0.36906523857821855,0.9929307103157043,253.24507684203806,252.53202871410676,253.86263354690246
748118.0,12.468633651733398,31698.0,31698.0,5.363252639770508,61.0,130.0,0.7559804521919458,0.36906523857821855,0.9934386610984802,253.37117361153082,252.70936024280658,253.94435691741833
748397.0,12.473283767700195,32908.0,32908.0,5.917963981628418,60.0,131.0,0.7582450945274215,0.37485355336016696,0.993188202381134,253.3274145314096,252.6118678389276,253.91411537545076
748677.0,12.477950096130371,32460.0,32460.0,5.238309860229492,61.0,130.0,0.7559804521919458,0.36906523857821855,0.9932809472084045,253.3320217631293,252.65430048864798,253.91898258763834
748956.0,12.482600212097168,32116.0,32116.0,5.919073581695557,61.0,131.0,0.758368854178287,0.36931516991967045,0.9933521151542664,253.36766292588158,252.67872236037877,253.93085636829707
749235.0,12.487250328063965,31411.0,31411.0,5.543474197387695,60.0,131.0,0.7582450945274215,0.37485355336016696,0.9934980869293213,253.4035043422406,252.72050953634033,253.96351479761353
749515.0,12.49191665649414,34003.0,34003.0,5.833798408508301,61.0,130.0,0.7559804521919458,0.36906523857821855,0.9929615259170532,253.25272669299179,252.542786799103,253.86759141859415
749794.0,12.496566772460938,33993.0,33993.0,5.846080780029297,61.0,130.0,0.7559804521919458,0.36906523857821855,0.9929636120796204,253.2532445745844,252.54351510272943,253.86792705787695
750073.0,12.501216888427734,31978.0,31978.0,6.0373125076293945,61.0,130.0,0.7559804521919458,0.36906523857821855,0.9933806657791138,253.35677650325619,252.68911340199165,253.93502614535637
750352.0,12.505867004394531,30666.0,30666.0,4.5697102546691895,61.0,129.0,0.7535893524618054,0.3688985236115739,0.9936522841453552,253.40705192193593,252.78420839025912,253.97845652387204
750632.0,12.510533332824707,31071.0,31071.0,5.988897323608398,60.0,131.0,0.7582450945274215,0.37485355336016696,0.9935684204101562,253.42077419736287,252.7451675865321,253.9747268226476
750911.0,12.515183448791504,30020.0,30020.0,5.101479530334473,60.0,130.0,0.7558919344351707,0.374607317147898,0.9937859773635864,253.45739320815917,252.82183054884112,254.00901790658796
751190.0,12.5198335647583,30524.0,30524.0,5.76049280166626,61.0,131.0,0.758368854178287,0.36931516991967045,0.9936816692352295,253.44858239978436,252.79379452798355,253.9838567819835
751470.0,12.524499893188477,30830.0,30830.0,6.0151591300964355,61.0,131.0,0.758368854178287,0.36931516991967045,0.9936183094978333,253.4330249028123,252.77167086834095,253.973666975554
751749.0,12.529150009155273,30771.0,30771.0,6.471486568450928,61.0,130.0,0.7559804521919458,0.36906523857821855,0.9936305284500122,253.41880392143426,252.7763433677637,253.97522614174252
752028.0,12.53380012512207,29776.0,29776.0,7.421257972717285,60.0,131.0,0.7582450945274215,0.37485355336016696,0.993836522102356,253.48660454341362,252.83916073039865,254.0174655418029
752308.0,12.538466453552246,30038.0,30038.0,5.95767879486084,60.0,131.0,0.7582450945274215,0.37485355336016696,0.9937822818756104,253.4732862653109,252.82014477643722,254.00881898012406
752587.0,12.543116569519043,30803.0,30803.0,6.2363080978393555,61.0,131.0,0.758368854178287,0.36931516991967045,0.9936239123344421,253.4344006363169,252.77362724087754,253.97456804968795
752866.0,12.54776668548584,28819.0,28819.0,6.003970146179199,61.0,130.0,0.7559804521919458,0.36906523857821855,0.9940345883369446,253.51911018761493,252.91740537586693,254.0402346759748
753146.0,12.552433013916016,28728.0,28728.0,6.561280250549316,61.0,131.0,0.758368854178287,0.36931516991967045,0.9940534234046936,253.53986378136003,252.9236019270342,254.04364400935953
753425.0,12.557083129882812,29106.0,29106.0,6.298816680908203,60.0,131.0,0.7582450945274215,0.37485355336016696,0.9939751625061035,253.52064664766309,252.88776634459023,254.03956653352256
753704.0,12.56173324584961,30164.0,30164.0,6.46763801574707,60.0,132.0,0.7605946523174731,0.3751816169200464,0.9937561750411987,253.48376984873136,252.81046970783444,254.0051795631769
753984.0,12.566399574279785,29359.0,29359.0,7.297730445861816,60.0,132.0,0.7605946523174731,0.3751816169200464,0.9939228296279907,253.5242397067124,252.86891069048804,254.03173241978723
754263.0,12.571049690246582,28679.0,28679.0,7.8600897789001465,157.0,12.0,0.46020090495093097,0.6611187842627347,0.9940635561943054,252.4854097290733,254.48700393002247,254.009034102903
754542.0,12.575699806213379,28214.0,28214.0,7.084850311279297,156.0,11.0,0.4618150535532491,0.6651539932068133,0.9941598176956177,252.5201752642745,254.5013317604905,254.04742963222665
754822.0,12.580367088317871,29925.0,29925.0,6.4132513999938965,61.0,131.0,0.758368854178287,0.36931516991967045,0.9938056468963623,253.4790241624391,252.83708447347425,254.00379544367053
755101.0,12.585016250610352,28988.0,28988.0,7.992612361907959,61.0,131.0,0.758368854178287,0.36931516991967045,0.9939996004104614,253.5266479584383,252.9048082631986,254.03498794613674
755380.0,12.589666366577148,28227.0,28227.0,7.50544548034668,61.0,131.0,0.758368854178287,0.36931516991967045,0.9941571354866028,253.5653294866577,252.9598156314351,254.0603234667323
755660.0,12.59433364868164,28072.0,28072.0,7.1577653884887695,157.0,11.0,0.46052863524445986,0.6664936338307721,0.9941892027854919,252.5306675758079,254.50582584479298,254.0380526898828
755939.0,12.598983764648438,29833.0,29833.0,7.823735237121582,157.0,10.0,0.46085112060717714,0.671871264284206,0.9938247203826904,252.36731050201956,254.48329689315256,253.98626591701264
756218.0,12.603632926940918,30198.0,30198.0,6.894506454467773,160.0,10.0,0.457052172943217,0.6761152803751634,0.9937491416931152,252.3283244234745,254.48373784001427,253.92831590411777
756498.0,12.60830020904541,31797.0,31797.0,6.6228790283203125,158.0,10.0,0.4595795098440014,0.6732432248681262,0.9934181571006775,252.1916788701984,254.45158125114713,253.9035030794912
756777.0,12.612950325012207,34774.0,34774.0,7.7501420974731445,25.0,119.0,0.7368319150725244,0.5704096479499912,0.9928019046783447,252.99904265302425,252.11749062330227,254.21148076265354
757056.0,12.617600440979004,35725.0,35725.0,7.647974967956543,29.0,120.0,0.7379049414914733,0.5478559095736288,0.9926050901412964,252.96435414382773,252.0812049939825,254.14739097807865
757336.0,12.62226676940918,34675.0,34675.0,8.144588470458984,26.0,119.0,0.7367027802195831,0.5648828698681801,0.9928224086761475,253.0047387306452,252.13581712404914,254.20361130078606
757615.0,12.626916885375977,32979.0,32979.0,7.649222373962402,160.0,8.0,0.45773738621580157,0.6868121143592355,0.9931734800338745,252.06366057266717,254.45481424460883,253.8484758197932
757894.0,12.631567001342773,31624.0,31624.0,7.2795586585998535,30.0,120.0,0.7377813740139013,0.5423261445466404,0.9934539794921875,253.1980309176816,252.42549486415587,254.23603467685976
758174.0,12.63623332977295,30256.0,30256.0,7.806325912475586,25.0,120.0,0.7383752329857821,0.5699781119117111,0.9937371611595154,253.27599616121415,252.4927074260122,254.31324476534064
758453.0,12.640883445739746,29391.0,29391.0,8.061066627502441,156.0,10.0,0.4621278533627657,0.6705423674257128,0.9939162135124207,252.4083781141223,254.48889077721222,254.01612989326924
758732.0,12.645533561706543,28526.0,28526.0,6.905764579772949,157.0,10.0,0.46085112060717714,0.671871264284206,0.9940952658653259,252.4826513926351,254.50593419868113,254.0306786713723
759011.0,12.65018367767334,29011.0,29011.0,7.387192726135254,61.0,132.0,0.7607534895332935,0.3696481488399367,0.9939948320388794,253.5417261682197,252.9026333687375,254.034730971091
759291.0,12.654850006103516,28718.0,28718.0,7.757730007171631,157.0,11.0,0.46052863524445986,0.6664936338307721,0.9940555095672607,252.4738538570554,254.4944560222476,254.0159204717188
759570.0,12.659500122070312,29044.0,29044.0,7.556689262390137,157.0,11.0,0.46052863524445986,0.6664936338307721,0.993988037109375,252.4451810395664,254.48871788621486,254.0047507566222
759849.0,12.66415023803711,27266.0,27266.0,7.783342361450195,156.0,11.0,0.4618150535532491,0.6651539932068133,0.9943560361862183,252.60349243508148,254.51808601988984,254.07943409887065
760129.0,12.668816566467285,28157.0,28157.0,7.582817077636719,155.0,10.0,0.4634095738240921,0.6692567908186671,0.9941716194152832,252.51908871301887,254.50843718877556,254.07169053753358
760408.0,12.673466682434082,28491.0,28491.0,8.470366477966309,61.0,132.0,0.7607534895332935,0.3696481488399367,0.9941024780273438,253.56786654082708,252.9402298365892,254.05203395735612
760687.0,12.678116798400879,29211.0,29211.0,8.401039123535156,156.0,9.0,0.46243566485995563,0.6759332904575635,0.9939534664154053,252.41593533379555,254.50033253806114,254.03053856718512
760967.0,12.682783126831055,27785.0,27785.0,8.355753898620605,156.0,10.0,0.4621278533627657,0.6705423674257128,0.994248628616333,252.54998306036006,254.51681753396977,254.06988807239549
761246.0,12.687433242797852,26474.0,26474.0,8.112548828125,157.0,11.0,0.46052863524445986,0.6664936338307721,0.9945200085639954,252.67124543540504,254.5339589322326,254.0928158690225
761525.0,12.692083358764648,27283.0,27283.0,7.198363304138184,61.0,131.0,0.758368854178287,0.36931516991967045,0.9943525195121765,253.61330453376448,253.02803892053052,254.0917460306795
761805.0,12.696749687194824,26805.0,26805.0,7.878705978393555,60.0,131.0,0.7582450945274215,0.37485355336016696,0.9944514632225037,253.6375986919698,253.05475149635498,254.1154947471219
762084.0,12.701399803161621,25862.0,25862.0,7.121520042419434,61.0,132.0,0.7607534895332935,0.3696481488399367,0.9946466684341431,253.70001582205938,253.1302939293279,254.13950697208506
762363.0,12.706049919128418,26262.0,26262.0,8.734512329101562,61.0,133.0,0.7631332994967839,0.3700639511635633,0.99456387758255,253.6946352949231,253.1008019836436,254.12677558345692
762643.0,12.710716247558594,27460.0,27460.0,8.572975158691406,154.0,7.0,0.4655475468839855,0.6842547308690291,0.9943159222602844,252.5587741199455,254.54234623279956,254.13231268147754
762922.0,12.71536636352539,26637.0,26637.0,8.386062622070312,156.0,10.0,0.4621278533627657,0.6705423674257128,0.9944862723350525,252.65121650498082,254.53678238589595,254.10831982067884
763201.0,12.720016479492188,26501.0,26501.0,8.818174362182617,156.0,11.0,0.4618150535532491,0.6651539932068133,0.9945144057273865,252.67073840192052,254.53160851904659,254.10526516444568
763481.0,12.72468376159668,25410.0,25410.0,8.169612884521484,156.0,12.0,0.4614971456582746,0.6597682302498801,0.9947402477264404,252.7738577207271,254.5436686197575,254.13481199221093
763760.0,12.72933292388916,25515.0,25515.0,7.285757064819336,61.0,131.0,0.758368854178287,0.36931516991967045,0.9947184920310974,253.7031662754471,253.15582750962318,254.1506034262365
764039.0,12.733983039855957,26088.0,26088.0,7.704465389251709,61.0,131.0,0.758368854178287,0.36931516991967045,0.9945998787879944,253.67404170444573,253.11441068677394,254.1315274951032
764319.0,12.73865032196045,26094.0,26094.0,7.889810562133789,62.0,132.0,0.7609171542936819,0.36411506012364103,0.9945986270904541,253.68835116509777,253.12113599652986,254.12416381960173
764598.0,12.743300437927246,25851.0,25851.0,7.654200077056885,61.0,131.0,0.758368854178287,0.36931516991967045,0.9946489334106445,253.68608669034228,253.13153935270606,254.13941668672265
764877.0,12.747949600219727,24811.0,24811.0,7.641419410705566,61.0,132.0,0.7607534895332935,0.3696481488399367,0.9948642253875732,253.7528465861884,253.2062779313538,254.17447701630854
765157.0,12.752616882324219,25205.0,25205.0,8.912466049194336,61.0,132.0,0.7607534895332935,0.3696481488399367,0.9947826862335205,253.7330459052765,253.1777995437452,254.16137043535025
765436.0,12.757266998291016,27040.0,27040.0,8.04764461517334,61.0,132.0,0.7607534895332935,0.3696481488399367,0.9944028258323669,253.64080194368904,253.04512939445453,254.1003117800526
765715.0,12.761917114257812,25175.0,25175.0,8.868264198303223,155.0,10.0,0.4634095738240921,0.6692567908186671,0.9947888851165771,252.7818343287431,254.56049708071126,254.17000491200488
765995.0,12.766583442687988,25741.0,25741.0,10.307146072387695,154.0,7.0,0.4655475468839855,0.6842547308690291,0.9946717023849487,252.7115763312648,254.57099188505904,254.18662332191732
766274.0,12.771233558654785,25360.0,25360.0,8.696610450744629,157.0,11.0,0.46052863524445986,0.6664936338307721,0.9947505593299866,252.7692193382738,254.55356592001934,254.13098235134908
766553.0,12.775883674621582,25336.0,25336.0,7.538277626037598,61.0,131.0,0.758368854178287,0.36931516991967045,0.9947555661201477,253.71226953331788,253.1687728683228,254.15656585295253
766833.0,12.780550003051758,24854.0,24854.0,8.719001770019531,155.0,10.0,0.4634095738240921,0.6692567908186671,0.9948553442955017,252.81012337485478,254.5661022158511,254.1805901309635
767112.0,12.785200119018555,24992.0,24992.0,7.540435314178467,61.0,131.0,0.758368854178287,0.36931516991967045,0.9948267340660095,253.7297442759187,253.19362296203235,254.1680114116325
767391.0,12.789850234985352,24829.0,24829.0,9.021631240844727,157.0,10.0,0.46085112060717714,0.671871264284206,0.9948605298995972,252.8089042444996,254.56996600429497,254.15630443766972
767670.0,12.794500350952148,25860.0,25860.0,7.092893600463867,61.0,131.0,0.758368854178287,0.36931516991967045,0.9946470856666565,253.68563299099503,253.13089416601844,254.13911952397638
767950.0,12.799166679382324,24972.0,24972.0,10.351625442504883,154.0,8.0,0.4652682725055494,0.6788392744064973,0.9948309063911438,252.787090272274,254.57667198720932,254.20374040049623
768229.0,12.803816795349121,25208.0,25208.0,8.316266059875488,62.0,132.0,0.7609171542936819,0.36411506012364103,0.994782030582428,253.73288817089113,253.18493278022748,254.15390281681078
768508.0,12.808466911315918,25024.0,25024.0,7.895255088806152,156.0,11.0,0.4618150535532491,0.6651539932068133,0.9948201179504395,252.80054817381264,254.55771198091148,254.15512874567804
768788.0,12.813133239746094,26094.0,26094.0,8.567378997802734,61.0,132.0,0.7607534895332935,0.3696481488399367,0.9945986270904541,253.68834963140515,253.11351499627781,254.13178481985378
769067.0,12.81778335571289,25189.0,25189.0,8.536623001098633,156.0,11.0,0.4618150535532491,0.6651539932068133,0.9947859644889832,252.7860461267676,254.55479576261382,254.14955810187882
769346.0,12.822433471679688,24943.0,24943.0,9.187946319580078,155.0,10.0,0.4634095738240921,0.6692567908186671,0.9948369264602661,252.80228363023727,254.56454886449845,254.17765664875884
769626.0,12.827099800109863,24447.0,24447.0,10.514368057250977,154.0,9.0,0.46498450734893165,0.67342594176259,0.9949395656585693,252.84059316359821,254.57858532227215,254.21344541231417
769905.0,12.83174991607666,25445.0,25445.0,10.872751235961914,152.0,6.0,0.46833169367405686,0.6873940448218864,0.9947329759597778,252.7336760251518,254.5801417143349,254.22929506794253
770184.0,12.836400032043457,25383.0,25383.0,7.977458953857422,61.0,132.0,0.7607534895332935,0.3696481488399367,0.9947458505630493,253.72410086082942,253.16493430723781,254.15544947991734
770464.0,12.841066360473633,24478.0,24478.0,8.838181495666504,40.0,242.0,0.8961478382387963,0.7992018317412166,0.9949331879615784,254.74056132306222,252.67536453734274,253.9622154412983
770743.0,12.84571647644043,24667.0,24667.0,8.036110877990723,157.0,10.0,0.46085112060717714,0.671871264284206,0.9948940277099609,252.82318527127333,254.57276886080675,254.1618034392009
771022.0,12.850366592407227,25281.0,25281.0,9.342435836791992,156.0,9.0,0.46243566485995563,0.6759332904575635,0.9947669506072998,252.76358836960208,254.56755644012082,254.1609672730234
771302.0,12.855032920837402,22823.0,22823.0,9.903963088989258,156.0,10.0,0.4621278533627657,0.6705423674257128,0.9952757358551025,252.98751873071487,254.60310655538743,254.23599188137945
771581.0,12.8596830368042,23010.0,23010.0,9.746700286865234,61.0,132.0,0.7607534895332935,0.3696481488399367,0.9952370524406433,253.84338259430538,253.33649161153792,254.23440513319017
771860.0,12.864333152770996,23493.0,23493.0,9.236220359802246,156.0,7.0,0.4630367839414746,0.6867225428268721,0.9951370358467102,252.90836982811024,254.61151845371197,254.2337953499446
772140.0,12.869000434875488,24495.0,24495.0,10.097803115844727,26.0,119.0,0.7367027802195831,0.5648828698681801,0.9949296116828918,253.59050913137182,252.97668622563933,254.43741573263551
772419.0,12.873649597167969,23677.0,23677.0,11.530763626098633,154.0,6.0,0.46582243457205585,0.6896722611201311,0.9950989484786987,252.88830144450486,254.6121622796315,254.25865808074423
772698.0,12.878299713134766,24257.0,24257.0,10.936079025268555,155.0,7.0,0.46428990563080813,0.6854673124012746,0.9949789047241211,252.84196255021365,254.5972788590881,254.22118379286198
772978.0,12.882966995239258,24946.0,24946.0,10.63010025024414,154.0,8.0,0.4652682725055494,0.6788392744064973,0.9948362708091736,252.78938680117054,254.577111311508,254.20456674833886
773257.0,12.887617111206055,24887.0,24887.0,9.506804466247559,155.0,10.0,0.4634095738240921,0.6692567908186671,0.9948484897613525,252.8072056705473,254.5655241077425,254.17949838192294
773536.0,12.892266273498535,23356.0,23356.0,8.714213371276855,156.0,10.0,0.4621278533627657,0.6705423674257128,0.9951654076576233,252.94052020902112,254.59383769636676,254.2181496024548
773816.0,12.896933555603027,23844.0,23844.0,8.979511260986328,156.0,10.0,0.4621278533627657,0.6705423674257128,0.995064377784729,252.89748266484452,254.58535000536727,254.20181104882042
774095.0,12.901583671569824,24319.0,24319.0,8.895661354064941,154.0,7.0,0.4655475468839855,0.6842547308690291,0.9949660897254944,252.83801126537543,254.5946944946267,254.23156221505388
774374.0,12.906233787536621,23603.0,23603.0,9.144351959228516,157.0,10.0,0.46085112060717714,0.671871264284206,0.995114266872406,252.9170792106486,254.59119689427845,254.19795790656354
774654.0,12.910900115966797,23797.0,23797.0,10.535028457641602,41.0,242.0,0.8970290730545322,0.7958465807456754,0.9950741529464722,254.7435647277311,252.7442532749697,253.9794789962309
774933.0,12.915550231933594,23141.0,23141.0,9.712911605834961,61.0,132.0,0.7607534895332935,0.3696481488399367,0.9952099323272705,253.8367968415167,253.32701963320318,254.23004585370478
775212.0,12.92020034790039,23467.0,23467.0,9.805480003356934,61.0,132.0,0.7607534895332935,0.3696481488399367,0.9951424598693848,253.82041206754573,253.30345418380776,254.21920034957847
775491.0,12.924850463867188,23498.0,23498.0,9.879010200500488,61.0,132.0,0.7607534895332935,0.3696481488399367,0.995136022567749,253.81884885589477,253.30120589004918,254.21816561950283
775771.0,12.929516792297363,23133.0,23133.0,9.637677192687988,61.0,132.0,0.7607534895332935,0.3696481488399367,0.9952115416526794,253.83718764442943,253.3275817066428,254.2303045362237
776050.0,12.93416690826416,24313.0,24313.0,10.979493141174316,25.0,119.0,0.7368319150725244,0.5704096479499912,0.9949673414230347,253.601000027868,252.98464942605332,254.44869469969436
776329.0,12.938817024230957,22674.0,22674.0,8.941627502441406,156.0,10.0,0.4621278533627657,0.6705423674257128,0.9953065514564514,253.00064581646077,254.60569542632945,254.24097538121956
776609.0,12.943483352661133,22768.0,22768.0,9.336492538452148,156.0,10.0,0.4621278533627657,0.6705423674257128,0.9952871203422546,252.99236838908521,254.60406298546465,254.23783298093352
776888.0,12.94813346862793,22665.0,22665.0,10.371350288391113,29.0,119.0,0.7362997571437087,0.5483048568732015,0.9953084588050842,253.69581514786006,253.14769631533125,254.4596176752617
777167.0,12.952783584594727,22729.0,22729.0,10.566995620727539,41.0,241.0,0.8963567993608413,0.7914285139269815,0.9952951669692993,254.74977002568068,252.85076512866198,254.0316788020007
777447.0,12.957449913024902,22438.0,22438.0,11.004446029663086,27.0,119.0,0.7365710935937132,0.5593564710169974,0.9953554272651672,253.70887691637444,253.1531511399615,254.4781167652738
777726.0,12.9621000289917,22727.0,22727.0,11.089897155761719,25.0,120.0,0.7383752329857821,0.5699781119117111,0.9952955842018127,253.70499128240508,253.11661339271615,254.48413455020835
778005.0,12.966750144958496,22911.0,22911.0,11.379791259765625,28.0,119.0,0.7364367789893527,0.5538304627489047,0.9952574968338013,253.68165109150956,253.12089329822274,254.4604300870159
778285.0,12.971416473388672,24162.0,24162.0,11.379916191101074,26.0,119.0,0.7367027802195831,0.5648828698681801,0.994998574256897,253.60967967852878,253.0042054050736,254.44506746594385
778564.0,12.976066589355469,23077.0,23077.0,9.49289608001709,156.0,11.0,0.4618150535532491,0.6651539932068133,0.9952231645584106,252.97168751433415,254.59212641045528,254.22086817564357
778843.0,12.980716705322266,21820.0,21820.0,11.253032684326172,41.0,243.0,0.8976939121186341,0.8002786904038457,0.9954833388328552,254.7699712617574,252.92653154299876,254.0581021782267
779123.0,12.985383033752441,23732.0,23732.0,10.036722183227539,26.0,120.0,0.7382611161723377,0.5644471084650159,0.9950875639915466,253.64772674198394,253.04026219121917,254.4543954444696
779402.0,12.990033149719238,22870.0,22870.0,11.56662368774414,154.0,6.0,0.46582243457205585,0.6896722611201311,0.9952660202980042,252.96028708227212,254.62538326971,254.28392966637014
779681.0,12.994683265686035,23906.0,23906.0,12.477751731872559,42.0,242.0,0.8979177423025153,0.7925159349266417,0.9950515627861023,254.73818592343056,252.7381110974816,253.96314402026226
779961.0,12.999349594116211,22450.0,22450.0,10.127389907836914,154.0,7.0,0.4655475468839855,0.6842547308690291,0.9953529238700867,253.00415071108867,254.62584046265553,254.29061332184807
780240.0,13.003999710083008,21941.0,21941.0,12.2215576171875,51.0,240.0,0.9049563829654517,0.7545020585799511,0.9954583048820496,254.71568091548633,252.96805457435894,253.96465894647253
780519.0,13.008649826049805,21288.0,21288.0,11.864532470703125,26.0,119.0,0.7367027802195831,0.5648828698681801,0.9955934882164001,253.7750567149798,253.24160292446297,254.5110760659011
780799.0,13.013317108154297,23274.0,23274.0,10.204578399658203,154.0,8.0,0.4652682725055494,0.6788392744064973,0.9951823949813843,252.93756394897335,254.60545749153263,254.2578845474731
781078.0,13.017966270446777,22532.0,22532.0,8.21424674987793,154.0,9.0,0.46498450734893165,0.67342594176259,0.9953359961509705,253.0097594164711,254.61159862052384,254.27506348725763
781357.0,13.022616386413574,23089.0,23089.0,11.49383544921875,41.0,242.0,0.8970290730545322,0.7958465807456754,0.9952206611633301,254.75119181685332,252.81134537644502,254.00983209304928
781637.0,13.027283668518066,23467.0,23467.0,9.817666053771973,154.0,7.0,0.4655475468839855,0.6842547308690291,0.9951424598693848,252.91375958892942,254.6088949444568,254.25848551628718
781916.0,13.031933784484863,23718.0,23718.0,7.764814853668213,62.0,132.0,0.7609171542936819,0.36411506012364103,0.9950904846191406,253.80779197491475,253.29222831342054,254.20391884234118
782195.0,13.036582946777344,23058.0,23058.0,10.168148040771484,155.0,10.0,0.4634095738240921,0.6692567908186671,0.9952270984649658,252.96836443368753,254.59745578344504,254.23980090284235
782475.0,13.041250228881836,23121.0,23121.0,11.957845687866211,51.0,241.0,0.9056102299473181,0.7590945455128085,0.99521404504776,254.7059945235042,252.85316845085342,253.90249541252413
782754.0,13.045900344848633,22158.0,22158.0,9.37094783782959,61.0,132.0,0.7607534895332935,0.3696481488399367,0.9954133629798889,253.8861972245228,253.3980698794811,254.26274524026223
783033.0,13.05055046081543,21144.0,21144.0,12.321325302124023,43.0,241.0,0.898146000267706,0.7847547779496484,0.9956232905387878,254.75977322104373,253.00810495373807,254.07859146911338
783313.0,13.055216789245605,22838.0,22838.0,11.417764663696289,154.0,7.0,0.4655475468839855,0.6842547308690291,0.9952726364135742,252.96966845633125,254.6193761145916,254.27835726008354
783592.0,13.059866905212402,24639.0,24639.0,9.33232307434082,52.0,242.0,0.9072210978364342,0.7606326915819934,0.9948998093605042,254.68869117902233,252.7102115948348,253.81157857747849
783871.0,13.0645170211792,21753.0,21753.0,9.627521514892578,41.0,242.0,0.8970290730545322,0.7958465807456754,0.9954972267150879,254.76558957662834,252.93799604806648,254.0671300463598
784150.0,13.069167137145996,21586.0,21586.0,11.39455795288086,153.0,6.0,0.4670749884229333,0.6885117594540956,0.9955317974090576,253.07612378230047,254.6450928963189,254.3351429388602
784430.0,13.073833465576172,20888.0,20888.0,10.36669635772705,26.0,120.0,0.7382611161723377,0.5644471084650159,0.9956762790679932,253.80978557656206,253.27512065897858,254.51978166569793
784709.0,13.078483581542969,21744.0,21744.0,11.891497611999512,27.0,119.0,0.7365710935937132,0.5593564710169974,0.9954990744590759,253.74880872895272,253.21027042120957,254.49425755291915
784988.0,13.083133697509766,21144.0,21144.0,9.968623161315918,154.0,7.0,0.4655475468839855,0.6842547308690291,0.9956232905387878,253.12026912800016,254.64760904678164,254.33188540511742
785268.0,13.087800025939941,22880.0,22880.0,10.394363403320312,153.0,8.0,0.4665399100409283,0.6776602213681718,0.995263934135437,252.973895126777,254.61071128229588,254.28210318743513
785547.0,13.092450141906738,23175.0,23175.0,13.82073974609375,17.0,125.0,0.7463998236166192,0.6129826990313864,0.995202898979187,253.74434466470302,253.02690155722036,254.52657692216502
785826.0,13.097100257873535,22355.0,22355.0,10.067835807800293,154.0,9.0,0.46498450734893165,0.67342594176259,0.9953725934028625,253.02537632810302,254.61464630735688,254.2807518796821
786106.0,13.101766586303711,22669.0,22669.0,10.836418151855469,155.0,7.0,0.46428990563080813,0.6854673124012746,0.9953076243400574,252.9832443229531,254.62364409047615,254.27217110746744
786385.0,13.106416702270508,21909.0,21909.0,11.261016845703125,43.0,242.0,0.8988138843433651,0.7892102058024302,0.9954649209976196,254.75623316575673,252.93087654302929,254.03908102108068
786664.0,13.111066818237305,22654.0,22654.0,11.409372329711914,51.0,240.0,0.9049563829654517,0.7545020585799511,0.9953107237815857,254.70644204711547,252.90202708149323,253.93101583127728
786944.0,13.11573314666748,22313.0,22313.0,11.037372589111328,25.0,120.0,0.7383752329857821,0.5699781119117111,0.9953812956809998,253.7285855218403,253.15092750501327,254.4935332922966
787223.0,13.120383262634277,22467.0,22467.0,12.056052207946777,25.0,120.0,0.7383752329857821,0.5699781119117111,0.9953494071960449,253.71980741467908,253.138161128046,254.49003654193692
787502.0,13.125033378601074,23026.0,23026.0,12.372177124023438,10.0,101.0,0.7146961440659562,0.6680147845691156,0.9952337145805359,253.44063583324373,252.9726901904787,254.59650424559462
787782.0,13.12969970703125,23368.0,23368.0,12.81574821472168,154.0,6.0,0.46582243457205585,0.6896722611201311,0.9951629042625427,252.91585784454918,254.6172233293476,254.26833214830634
788061.0,13.134349822998047,21983.0,21983.0,12.650108337402344,26.0,119.0,0.7367027802195831,0.5648828698681801,0.9954496026039124,253.73505870215618,253.1841860712613,254.495111256734
788340.0,13.138999938964844,21622.0,21622.0,11.192752838134766,24.0,120.0,0.7384871562747103,0.5755094027592944,0.9955243468284607,253.76796549322788,253.20188441791134,254.5155324646036
788620.0,13.14366626739502,21980.0,21980.0,10.798688888549805,27.0,120.0,0.7381447408325256,0.5589164009515154,0.9954502582550049,253.74756591796844,253.19136990827647,254.48826180177602
788899.0,13.148316383361816,22198.0,22198.0,11.419899940490723,154.0,7.0,0.4655475468839855,0.6842547308690291,0.9954051375389099,253.02657569636526,254.6300444484788,254.2985838564477
789178.0,13.152966499328613,22157.0,22157.0,13.161048889160156,10.0,102.0,0.7159874225826393,0.6668165921383045,0.995413601398468,253.51216650586807,253.0506052517657,254.610331461453
789458.0,13.157633781433105,22635.0,22635.0,11.865337371826172,27.0,119.0,0.7365710935937132,0.5593564710169974,0.9953146576881409,253.6975435720576,253.13693969250355,254.4735357284483
789737.0,13.162282943725586,21554.0,21554.0,12.244352340698242,17.0,125.0,0.7463998236166192,0.6129826990313864,0.9955384135246277,253.8321665861561,253.164902242273,254.55968865528712
790016.0,13.166933059692383,21821.0,21821.0,10.635946273803711,27.0,119.0,0.7365710935937132,0.5593564710169974,0.9954831600189209,253.74438474805712,253.20394226847378,254.49246934117588
790296.0,13.171600341796875,22474.0,22474.0,11.763296127319336,148.0,0.0,0.47462753410010466,0.7161883814821965,0.9953479766845703,252.9641441670972,254.66332394203366,254.40464965664944
790575.0,13.176250457763672,22343.0,22343.0,11.503984451293945,24.0,121.0,0.7400178717003745,0.5751351745897352,0.9953750967979431,253.7394008469097,253.14236383327875,254.49893553367224
790854.0,13.180899620056152,20754.0,20754.0,13.284259796142578,153.0,5.0,0.4673362506479485,0.6939403783831004,0.9957039952278137,253.14432013292011,254.66471743326488,254.3667461752609
791134.0,13.185566902160645,22254.0,22254.0,13.419448852539062,11.0,103.0,0.7170103766562232,0.6602342506012931,0.9953935146331787,253.51832632879962,253.04979958087299,254.60089288204816
791413.0,13.190217018127441,22242.0,22242.0,11.12063980102539,41.0,242.0,0.8970290730545322,0.7958465807456754,0.9953960180282593,254.76032074126238,252.89164845314986,254.0461619591354
791692.0,13.194867134094238,22879.0,22879.0,13.20582389831543,10.0,101.0,0.7146961440659562,0.6680147845691156,0.9952641725540161,253.45060063145812,252.98564529974732,254.5990827028009
791972.0,13.199533462524414,21450.0,21450.0,14.69731330871582,11.0,103.0,0.7170103766562232,0.6602342506012931,0.9955599308013916,253.57185400451505,253.12025348556483,254.6153112231449
792251.0,13.204183578491211,21796.0,21796.0,11.385554313659668,41.0,243.0,0.8976939121186341,0.8002786904038457,0.9954883456230164,254.77022625224282,252.92883001549552,254.05914628682203
792530.0,13.208833694458008,22002.0,22002.0,11.785314559936523,10.0,101.0,0.7146961440659562,0.6680147845691156,0.9954456686973572,253.509979908489,253.0628435536083,254.61444748204386
792810.0,13.213500022888184,21587.0,21587.0,11.291069030761719,154.0,6.0,0.46582243457205585,0.6896722611201311,0.9955315589904785,253.07469878981877,254.64639629532527,254.32409552936093
793089.0,13.21815013885498,21638.0,21638.0,11.711605072021484,27.0,120.0,0.7381447408325256,0.5589164009515154,0.9955210089683533,253.76704188159277,253.21949499236803,254.49621958149214
793368.0,13.222800254821777,21129.0,21129.0,12.162343978881836,153.0,6.0,0.4670749884229333,0.6885117594540956,0.9956263899803162,253.11685255287685,254.6526063370844,254.34921807033703
793647.0,13.227450370788574,20603.0,20603.0,13.927586555480957,51.0,245.0,0.9081480669237502,0.7775888165032608,0.9957352876663208,254.75812747206126,253.06686923776235,253.99894126667124
793927.0,13.23211669921875,21449.0,21449.0,14.992317199707031,44.0,242.0,0.8997175362901739,0.7859297077823046,0.9955601692199707,254.7576388525181,252.97804744966695,254.0488183113154
794206.0,13.236766815185547,20784.0,20784.0,13.183341979980469,27.0,119.0,0.7365710935937132,0.5593564710169974,0.9956977963447571,253.80405049788882,253.2892893770938,254.5165867587323
794485.0,13.241416931152344,20977.0,20977.0,14.401287078857422,12.0,102.0,0.7154166763672039,0.6559812639741481,0.9956578612327576,253.5913268244464,253.16642238674706,254.6190868419593
794765.0,13.24608325958252,21523.0,21523.0,11.485170364379883,51.0,239.0,0.9042945389252507,0.7499224617101892,0.9955448508262634,254.7158961517891,253.01197776960524,253.99042353600913
795044.0,13.250733375549316,21291.0,21291.0,13.09996509552002,51.0,249.0,0.9105674057369076,0.7962715886596572,0.9955928325653076,254.77104436890488,252.981300239402,253.9416690028135
795323.0,13.255383491516113,20148.0,20148.0,15.540837287902832,52.0,249.0,0.9115089336366439,0.7933305225154473,0.9958294630050659,254.7802097110989,253.0928164214847,253.98873181091872
795603.0,13.260049819946289,22245.0,22245.0,14.207616806030273,10.0,102.0,0.7159874225826393,0.6668165921383045,0.9953953623771667,253.50624974434126,253.0428529704167,254.60878184193834
795882.0,13.264699935913086,21040.0,21040.0,12.048484802246094,148.0,0.0,0.47462753410010466,0.7161883814821965,0.9956448078155518,253.0940457923516,254.6848061935798,254.4426371093694
796161.0,13.269350051879883,22436.0,22436.0,12.889081954956055,26.0,118.0,0.735146995554724,0.5653726999851553,0.9953558444976807,253.69640274004215,253.1461922693568,254.48528842446035
796441.0,13.274016380310059,22340.0,22340.0,11.832807540893555,42.0,242.0,0.8979177423025153,0.7925159349266417,0.9953756928443909,254.7553351380676,252.88626821257174,254.03105964182564
796720.0,13.278666496276855,22652.0,22652.0,14.274017333984375,11.0,102.0,0.7157043870313143,0.6613978649172009,0.9953111410140991,253.47888670172864,253.01353462144124,254.5951472957493
796999.0,13.283316612243652,21623.0,21623.0,12.114133834838867,51.0,242.0,0.9062562022674213,0.7636996899666841,0.9955241084098816,254.73029808454277,252.98699720449684,253.96753907501315
797279.0,13.287982940673828,20622.0,20622.0,11.939730644226074,51.0,241.0,0.9056102299473181,0.7590945455128085,0.9957313537597656,254.73777325855005,253.08521715893042,254.02112350038394
797558.0,13.292633056640625,21006.0,21006.0,13.550872802734375,28.0,119.0,0.7364367789893527,0.5538304627489047,0.9956518411636353,253.79127324643218,253.27714307751236,254.50529591594162
797837.0,13.297283172607422,22110.0,22110.0,13.123575210571289,10.0,100.0,0.713409573824092,0.6692567908186671,0.9954233169555664,253.48999447305007,253.0518868909069,254.61400475643197
798117.0,13.301950454711914,22634.0,22634.0,13.699241638183594,11.0,103.0,0.7170103766562232,0.6602342506012931,0.9953148365020752,253.49301954801726,253.01649042822498,254.59407618783337
798396.0,13.306599617004395,21538.0,21538.0,12.960823059082031,28.0,119.0,0.7364367789893527,0.5538304627489047,0.9955417513847351,253.7606698425413,253.23352256022883,254.49277064598607
798675.0,13.311249732971191,21428.0,21428.0,12.543397903442383,25.0,120.0,0.7383752329857821,0.5699781119117111,0.9955645203590393,253.77902272074417,253.22428048220473,254.5136249009053
798955.0,13.315917015075684,22394.0,22394.0,12.507259368896484,27.0,119.0,0.7365710935937132,0.5593564710169974,0.9953645467758179,253.71141200655057,253.15677738478763,254.47914147087948
799234.0,13.32056713104248,21396.0,21396.0,11.890968322753906,154.0,7.0,0.4655475468839855,0.6842547308690291,0.9955711364746094,253.09786974202186,254.64340986002892,254.32392396930157
799513.0,13.325216293334961,20440.0,20440.0,13.794477462768555,43.0,243.0,0.8994742582944024,0.7936793755494883,0.9957690238952637,254.7774009038491,253.06480128273537,254.09776336567845
799793.0,13.329883575439453,21475.0,21475.0,12.134002685546875,42.0,242.0,0.8979177423025153,0.7925159349266417,0.9955547451972961,254.7648085181283,252.96811153249274,254.0685768406444
800072.0,13.33453369140625,22494.0,22494.0,13.201217651367188,41.0,243.0,0.8976939121186341,0.8002786904038457,0.9953438639640808,254.76286795537834,252.86250266630287,254.029016295928
800351.0,13.339183807373047,21141.0,21141.0,10.985986709594727,25.0,120.0,0.7383752329857821,0.5699781119117111,0.9956238865852356,253.79536476697328,253.24804741951206,254.5201347389581
800631.0,13.343850135803223,22267.0,22267.0,16.851375579833984,11.0,102.0,0.7157043870313143,0.6613978649172009,0.9953908324241638,253.50473940149462,253.0472964017673,254.60202813455624
800910.0,13.34850025177002,21218.0,21218.0,15.734588623046875,11.0,103.0,0.7170103766562232,0.6602342506012931,0.9956079721450806,253.5873064782352,253.14059225604532,254.61947353794577
801189.0,13.353150367736816,21741.0,21741.0,13.057653427124023,43.0,243.0,0.8994742582944024,0.7936793755494883,0.9954997301101685,254.76323288406422,252.9416294721217,254.0403376765955
801469.0,13.357816696166992,20489.0,20489.0,12.080836296081543,50.0,243.0,0.9059404437949544,0.7713935820572154,0.9957588911056519,254.75276609832724,253.0842683655552,254.02589730319718
801748.0,13.362466812133789,21842.0,21842.0,13.855597496032715,10.0,102.0,0.7159874225826393,0.6668165921383045,0.9954788088798523,253.53331989511756,253.0783209243009,254.61587160442377
802027.0,13.367116928100586,20921.0,20921.0,10.712173461914062,154.0,6.0,0.46582243457205585,0.6896722611201311,0.995669424533844,253.13410042383794,254.6573060884225,254.34494932085317
802306.0,13.371767044067383,22418.0,22418.0,12.326751708984375,25.0,119.0,0.7368319150725244,0.5704096479499912,0.9953595995903015,253.71004163215775,253.1417309586959,254.49166483235788
802586.0,13.376433372497559,21283.0,21283.0,14.914176940917969,44.0,242.0,0.8997175362901739,0.7859297077823046,0.9955945014953613,254.7595129801756,252.99368278245868,254.05617359878025
802865.0,13.381083488464355,20695.0,20695.0,13.704326629638672,152.0,5.0,0.4685835209054995,0.6928314215597469,0.9957162141799927,253.15080955396817,254.6644596778281,254.37913833299228
803144.0,13.385733604431152,20787.0,20787.0,11.603376388549805,26.0,119.0,0.7367027802195831,0.5648828698681801,0.9956972002983093,253.80388709704823,253.28298872585938,254.52258342627837
803424.0,13.390399932861328,21750.0,21750.0,13.451884269714355,24.0,119.0,0.7369585714465249,0.5759367943449643,0.9954978227615356,253.74846776212698,253.1907375749866,254.51315203339658
803703.0,13.395050048828125,21211.0,21211.0,12.948868751525879,51.0,246.0,0.9087637269367285,0.782242362817849,0.9956094026565552,254.75619804365166,253.00459731119147,253.96345444753888
803982.0,13.399700164794922,20919.0,20919.0,11.192597389221191,41.0,243.0,0.8976939121186341,0.8002786904038457,0.9956698417663574,254.7794696573387,253.0121496435036,254.09699522340304
804262.0,13.404366493225098,21782.0,21782.0,13.241976737976074,50.0,245.0,0.9072004872508085,0.7806285975448777,0.9954912066459656,254.747779418029,252.95273597141343,253.95221091467076
804541.0,13.409016609191895,20481.0,20481.0,14.1243896484375,44.0,241.0,0.8990520034232417,0.7814555765664908,0.9957605004310608,254.76373765782017,253.07411756202083,254.09750014390147
804820.0,13.413666725158691,20790.0,20790.0,13.231184005737305,45.0,243.0,0.9012842283556267,0.7871810333327107,0.9956965446472168,254.76645648507406,253.0387812850065,254.0620740281596
805100.0,13.418333053588867,20864.0,20864.0,13.01156997680664,11.0,105.0,0.7196357696599682,0.6580410853230118,0.9956812262535095,253.63465600987783,253.17402040097664,254.6234049883132
805379.0,13.422983169555664,19357.0,19357.0,14.680658340454102,26.0,119.0,0.7367027802195831,0.5648828698681801,0.9959931969642639,253.88616967023881,253.40110475444243,254.55542569733217
805658.0,13.427633285522461,20971.0,20971.0,10.674003601074219,29.0,119.0,0.7362997571437087,0.5483048568732015,0.9956591129302979,253.79329224108895,253.2861407840447,254.5000068104072
805938.0,13.432299613952637,20886.0,20886.0,12.681734085083008,51.0,242.0,0.9062562022674213,0.7636996899666841,0.9956766963005066,254.7394925088376,253.05562260442076,254.00273676278655
806217.0,13.436949729919434,20405.0,20405.0,12.137704849243164,10.0,101.0,0.7146961440659562,0.6680147845691156,0.9957762360572815,253.61813014507786,253.203448320739,254.64243206847456
806496.0,13.44159984588623,20229.0,20229.0,16.693586349487305,11.0,103.0,0.7170103766562232,0.6602342506012931,0.9958126544952393,253.6531424518766,253.2272465213432,254.63720727122882
806776.0,13.446267127990723,21775.0,21775.0,15.187774658203125,43.0,243.0,0.8994742582944024,0.7936793755494883,0.995492696762085,254.76286284724824,252.9384125014151,254.03883784673454
807055.0,13.450916290283203,20765.0,20765.0,13.03501033782959,11.0,103.0,0.7170103766562232,0.6602342506012931,0.9957017302513123,253.6174637253342,253.18028566295087,254.62759676521839
807334.0,13.45556640625,20905.0,20905.0,14.367193222045898,11.0,103.0,0.7170103766562232,0.6602342506012931,0.9956727623939514,253.60814622877342,253.1680218385668,254.62508698234842
807614.0,13.460233688354492,19966.0,19966.0,14.476346969604492,48.0,248.0,0.9071809061801529,0.8006245159452011,0.995867133140564,254.78988195568832,253.1023559459993,254.04216375609985
807893.0,13.464883804321289,20453.0,20453.0,13.190350532531738,41.0,243.0,0.8976939121186341,0.8002786904038457,0.9957663416862488,254.78438429538474,253.05644996460214,254.1171191735918
808172.0,13.46953296661377,20811.0,20811.0,15.238704681396484,49.0,244.0,0.9056309230696131,0.7790904504785774,0.9956921935081482,254.7573329241572,253.04568576499838,254.0148451396404
808452.0,13.474200248718262,21076.0,21076.0,11.937764167785645,154.0,6.0,0.46582243457205585,0.6896722611201311,0.9956373572349548,253.1202837013553,254.65476848847166,254.34009876321252
808731.0,13.478850364685059,19988.0,19988.0,17.830265045166016,9.0,107.0,0.7227367036887437,0.6669549549684294,0.9958625435829163,253.71473567657068,253.241276863767,254.64862036352028
809010.0,13.483499526977539,19508.0,19508.0,13.845376968383789,10.0,102.0,0.7159874225826393,0.6668165921383045,0.9959619045257568,253.6900367322904,253.2836550430377,254.6569162650983
809290.0,13.488166809082031,20728.0,20728.0,11.832186698913574,10.0,102.0,0.7159874225826393,0.6668165921383045,0.9957094192504883,253.6081301903701,253.1763391482852,254.63546466946383
809569.0,13.492816925048828,20358.0,20358.0,15.545938491821289,49.0,246.0,0.9068822971100216,0.7883133314214165,0.9957859516143799,254.7725252446849,253.07831007864883,254.0248786254247
809848.0,13.497467041015625,20998.0,20998.0,11.624452590942383,25.0,120.0,0.7383752329857821,0.5699781119117111,0.995653510093689,253.80351938241088,253.25990702577886,254.5233831220025
810127.0,13.502116203308105,19951.0,19951.0,15.772346496582031,10.0,103.0,0.7172832643519763,0.6656624501209011,0.9958702325820923,253.6716949778625,253.24590637848587,254.6479122383812
810407.0,13.506783485412598,20438.0,20438.0,14.618210792541504,50.0,244.0,0.9065742143680213,0.7760050099522378,0.9957694411277771,254.7583558819176,253.08405909324873,254.02259405042366
810686.0,13.511433601379395,20894.0,20894.0,15.579727172851562,50.0,245.0,0.9072004872508085,0.7806285975448777,0.9956750273704529,254.75806229561243,253.03620166331854,253.99492862951186
810965.0,13.516083717346191,20998.0,20998.0,14.252965927124023,11.0,102.0,0.7157043870313143,0.6613978649172009,0.995653510093689,253.58995469533795,253.15858149219147,254.6247086555899
811245.0,13.520750045776367,22030.0,22030.0,13.053592681884766,50.0,244.0,0.9065742143680213,0.7760050099522378,0.995439887046814,254.73953217383078,252.93481022004434,253.946455618323
811524.0,13.525400161743164,20398.0,20398.0,14.266151428222656,149.0,0.0,0.4734122342951205,0.7170896796162054,0.9957777261734009,253.15124418289741,254.69539616553703,254.44906285877414
811803.0,13.530050277709961,20094.0,20094.0,15.32784652709961,50.0,245.0,0.9072004872508085,0.7806285975448777,0.9958406090736389,254.7673248876769,253.11138573987895,254.0334078162267
812083.0,13.534716606140137,21578.0,21578.0,13.824382781982422,27.0,119.0,0.7365710935937132,0.5593564710169974,0.9955334663391113,253.75836916706794,253.2239458673839,254.4981219655629
812362.0,13.539366722106934,21036.0,21036.0,10.163180351257324,155.0,8.0,0.4640011252051108,0.6800615120198459,0.9956456422805786,253.13452485243855,254.64475271065655,254.3185536891781
812641.0,13.54401683807373,21445.0,21445.0,14.419206619262695,51.0,245.0,0.9081480669237502,0.7775888165032608,0.9955610036849976,254.74824298189083,252.98786889745793,253.9580314730129
812921.0,13.548683166503906,21137.0,21137.0,15.215011596679688,10.0,101.0,0.7146961440659562,0.6680147845691156,0.9956247210502625,253.56855966159267,253.13900235643206,254.6296053792018
813200.0,13.553333282470703,20294.0,20294.0,13.97348403930664,148.0,0.0,0.47462753410010466,0.7161883814821965,0.9957992434501648,253.1616311560131,254.69598300357094,254.46240126398735
813479.0,13.5579833984375,20660.0,20660.0,14.81649398803711,12.0,106.0,0.7207090031249812,0.6515589208177518,0.9957234859466553,253.6597425502923,253.19895669162497,254.62002114116922
813759.0,13.562649726867676,20585.0,20585.0,15.237581253051758,11.0,102.0,0.7157043870313143,0.6613978649172009,0.9957389831542969,253.61768302104056,253.19479270609398,254.63208870259743
814038.0,13.567299842834473,21365.0,21365.0,16.97478675842285,50.0,245.0,0.9072004872508085,0.7806285975448777,0.9955775141716003,254.75260743577894,252.99192479173723,253.9722677405754
814317.0,13.57194995880127,21016.0,21016.0,14.315607070922852,11.0,102.0,0.7157043870313143,0.6613978649172009,0.9956497550010681,253.58873650529662,253.15699062296147,254.62438442758327
814597.0,13.576616287231445,19937.0,19937.0,13.498249053955078,10.0,99.0,0.7121278533627656,0.6705423674257128,0.9958731532096863,253.6269636989988,253.24201153619111,254.6532966007489
814876.0,13.581266403198242,21541.0,21541.0,14.834213256835938,45.0,243.0,0.9012842283556267,0.7871810333327107,0.9955410957336426,254.75802045339918,252.96793837075853,254.02819437532636
815155.0,13.585916519165039,20914.0,20914.0,13.541736602783203,51.0,242.0,0.9062562022674213,0.7636996899666841,0.9956709146499634,254.73914412635455,253.05302234512678,254.00140310039825
815435.0,13.590583801269531,19744.0,19744.0,16.066757202148438,49.0,244.0,0.9056309230696131,0.7790904504785774,0.9959130883216858,254.7697763564635,253.14589868759626,254.06536170754947
815714.0,13.595232963562012,19616.0,19616.0,16.58991241455078,11.0,104.0,0.7183208892245916,0.6591152482070716,0.9959395527839661,253.70515031988327,253.28212877788118,254.6470431419415
815993.0,13.599883079528809,20022.0,20022.0,15.822467803955078,11.0,101.0,0.7144030719219189,0.662605856123391,0.9958555102348328,253.64402489087735,253.2428834966763,254.6434267230884
816273.0,13.6045503616333,19616.0,19616.0,15.720617294311523,11.0,103.0,0.7170103766562232,0.6602342506012931,0.9959395527839661,253.69395922178998,253.28097014709138,254.6482017727313
816552.0,13.609199523925781,20370.0,20370.0,14.970218658447266,43.0,242.0,0.8988138843433651,0.7892102058024302,0.9957835078239441,254.77335765290323,253.07623133730826,254.10658505523054
816831.0,13.613849639892578,20749.0,20749.0,14.132710456848145,11.0,103.0,0.7170103766562232,0.6602342506012931,0.9957050681114197,253.61853734633706,253.18169877851773,254.6278859583063
817111.0,13.61851692199707,19687.0,19687.0,11.66098403930664,25.0,120.0,0.7383752329857821,0.5699781119117111,0.9959248900413513,253.8782235355044,253.36855247312846,254.5531414479607
817390.0,13.623167037963867,20640.0,20640.0,15.629192352294922,45.0,242.0,0.9006287339438227,0.7826747581267987,0.9957275986671448,254.76323233347426,253.05784298676957,254.07464317777413
817669.0,13.627816200256348,21407.0,21407.0,15.931828498840332,10.0,102.0,0.7159874225826393,0.6668165921383045,0.9955688714981079,253.562536322134,253.11660098024308,254.62352348379196
817949.0,13.63248348236084,21199.0,21199.0,16.275388717651367,49.0,245.0,0.9062602917618213,0.7836958350411356,0.9956119060516357,254.7579634356982,253.00410865063603,253.9905436656992
818228.0,13.637133598327637,21105.0,21105.0,16.068235397338867,9.0,105.0,0.7201362027966999,0.6689350106272706,0.9956313371658325,253.61893708710295,253.14079133984012,254.63119061473446
818507.0,13.641783714294434,21878.0,21878.0,17.60895347595215,8.0,105.0,0.7203803552075878,0.6743843932660475,0.9954713582992554,253.5683895724926,253.0664148184627,254.62397791415754
818786.0,13.646432876586914,20474.0,20474.0,16.095022201538086,11.0,102.0,0.7157043870313143,0.6613978649172009,0.9957619905471802,253.62514685208743,253.20453993661445,254.63407524244744
819066.0,13.651100158691406,20875.0,20875.0,15.275778770446777,50.0,242.0,0.9052990605430502,0.7667945332415655,0.9956789612770081,254.74303908766947,253.05323116360464,254.01338955106905
819345.0,13.655750274658203,20355.0,20355.0,16.116371154785156,11.0,104.0,0.7183208892245916,0.6591152482070716,0.9957866072654724,253.65637700867885,253.21742144620237,254.63374825918856
819624.0,13.660400390625,19676.0,19676.0,15.658269882202148,12.0,100.0,0.7127986173506914,0.6584616186165145,0.9959271550178528,253.65613714816556,253.2775624442262,254.64528661487873
819904.0,13.665066719055176,19288.0,19288.0,15.489734649658203,10.0,101.0,0.7146961440659562,0.6680147845691156,0.9960074424743652,253.69377290882258,253.30179052984462,254.66200513208165
820183.0,13.669716835021973,20318.0,20318.0,20.599964141845703,11.0,103.0,0.7170103766562232,0.6602342506012931,0.9957942366600037,253.6472183645571,253.2194491515188,254.63561154508307
820462.0,13.67436695098877,21326.0,21326.0,14.107799530029297,17.0,124.0,0.7449605780304723,0.6131332104182587,0.9955856204032898,253.83259568019847,253.18414950563425,254.56451690004354
820742.0,13.679033279418945,19659.0,19659.0,16.305692672729492,50.0,245.0,0.9072004872508085,0.7806285975448777,0.9959306716918945,254.77236296421015,253.15227959865607,254.054337280275
821021.0,13.683683395385742,21175.0,21175.0,13.56045150756836,25.0,119.0,0.7368319150725244,0.5704096479499912,0.9956168532371521,253.78155410201256,253.24474932898693,254.51984582196064
821300.0,13.688333511352539,20820.0,20820.0,14.18163013458252,11.0,106.0,0.7209548594660253,0.6570119818763613,0.9956903457641602,253.64938023610432,253.17900707983463,254.62306925988705
821580.0,13.692999839782715,19167.0,19167.0,15.286796569824219,10.0,102.0,0.7159874225826393,0.6668165921383045,0.9960325360298157,253.71294968134038,253.31367613257538,254.6629172426306
821859.0,13.697649955749512,19819.0,19819.0,15.049203872680664,11.0,103.0,0.7170103766562232,0.6602342506012931,0.9958975315093994,253.68044310023575,253.26318003147256,254.64456103832114
822138.0,13.702300071716309,20952.0,20952.0,14.887813568115234,51.0,245.0,0.9081480669237502,0.7775888165032608,0.995663046836853,254.75403034412466,253.0341235426704,253.98198412921775
822418.0,13.706966400146484,19521.0,19521.0,16.146881103515625,25.0,118.0,0.7352910751760635,0.5708947360875085,0.9959592223167419,253.86577157209578,253.38135271995586,254.55785066158253
822697.0,13.711616516113281,19607.0,19607.0,13.736204147338867,50.0,242.0,0.9052990605430502,0.7667945332415655,0.9959414601325989,254.75864921054557,253.17149545707986,254.0733251661748
822976.0,13.716266632080078,20203.0,20203.0,17.568098068237305,50.0,245.0,0.9072004872508085,0.7806285975448777,0.9958180785179138,254.76606453497698,253.10115550915907,254.02817198736486
823256.0,13.720932960510254,25311.0,25311.0,12.086508750915527,204.0,83.0,0.3338514885588759,0.4908231283563241,0.9947607517242432,253.00824791130168,254.31973546806233,253.0123252360863
823535.0,13.72558307647705,42621.0,42621.0,3.4169583320617676,208.0,89.0,0.32099990325506617,0.4948795868283906,0.9911776185035706,251.80173326400566,253.8636269284083,251.63695850841268
823814.0,13.730233192443848,97536.0,97536.0,1.4661585092544556,212.0,89.0,0.31804172367788025,0.5149812522016552,0.9798104763031006,247.68688917049914,252.50296413696063,247.20037877762067
824094.0,13.73490047454834,249878.0,249878.0,0.9930183291435242,212.0,88.0,0.31959445038444184,0.5173052941901474,0.9482763409614563,236.11233896702916,248.63348222233014,234.98745166801257
824373.0,13.73954963684082,556379.0,556379.0,0.9856399893760681,212.0,88.0,0.31959445038444184,0.5173052941901474,0.8848319053649902,212.9446625835538,240.8242874625755,210.4399842735695
824652.0,13.744199752807617,1043164.0,1043164.0,0.9447697401046753,212.0,88.0,0.31959445038444184,0.5173052941901474,0.7840695381164551,176.14979012389574,228.42173485256282,171.45372958682927
824932.0,13.74886703491211,1644513.0,1644513.0,1.0483883619308472,212.0,88.0,0.31959445038444184,0.5173052941901474,0.659592866897583,130.6952879444844,213.1002561530461,123.29210596472122
825211.0,13.75351619720459,2125816.0,2125816.0,1.024006962776184,213.0,89.0,0.31733798813459335,0.5200331223000315,0.559965193271637,95.63918061567708,201.14345627249605,84.43879229603881
825490.0,13.758166313171387,2415509.0,2415509.0,1.0628647804260254,213.0,89.0,0.31733798813459335,0.5200331223000315,0.5,73.9224841448763,193.80422309325402,61.19577690674597
825770.0,13.762833595275879,2184368.0,2184368.0,1.0978295803070068,213.0,89.0,0.31733798813459335,0.5200331223000315,0.547845184803009,91.24985856439267,199.660069603788,79.7409746457466
826049.0,13.767483711242676,1657128.0,1657128.0,1.1587262153625488,213.0,89.0,0.31733798813459335,0.5200331223000315,0.6569815874099731,130.7741559112601,213.01744349646916,122.04316608261716
826328.0,13.772132873535156,1034261.0,1034261.0,1.2286204099655151,213.0,89.0,0.31733798813459335,0.5200331223000315,0.7859123945236206,177.46709644993086,228.79748531353613,172.01783589351038
826608.0,13.776800155639648,588668.0,588668.0,1.3256113529205322,213.0,89.0,0.31733798813459335,0.5200331223000315,0.8781482577323914,210.87077841512527,240.08637592898626,207.76923551453334
826887.0,13.781450271606445,326498.0,326498.0,1.4324921369552612,212.0,89.0,0.31804172367788025,0.5149812522016552,0.9324163198471069,230.51963331856373,246.64126526056322,228.89105786146132
827166.0,13.786100387573242,210915.0,210915.0,1.7374714612960815,211.0,89.0,0.3187593886789217,0.5099396501069999,0.9563415050506592,239.18282397731986,249.5441991857777,238.18996839005848
827445.0,13.790749549865723,151330.0,151330.0,2.510654926300049,210.0,89.0,0.3194913707725001,0.5049086235996701,0.9686753153800964,243.64901234377817,251.04531178793752,242.97909905591166
827725.0,13.795416831970215,124017.0,124017.0,3.487593173980713,209.0,89.0,0.32023807079083877,0.4998884919873395,0.9743289947509766,245.69579361676838,251.72621688744104,245.181570435557
828004.0,13.800066947937012,112620.0,112620.0,4.352494239807129,209.0,90.0,0.3186339787000166,0.4975449145005962,0.9766881465911865,246.6195199355626,252.01314437909286,246.09781038241226
828283.0,13.804717063903809,95946.0,95946.0,4.586304187774658,209.0,91.0,0.31701486992652766,0.49525235413012836,0.9801396131515503,247.9185968977198,252.4437567055059,247.42744600178474
828563.0,13.809383392333984,81241.0,81241.0,5.189830780029297,209.0,92.0,0.3153808724313339,0.49301152258285175,0.9831834435462952,249.05308409112064,252.82592091027485,248.5976352983357
828842.0,13.814033508300781,68545.0,68545.0,5.498959541320801,208.0,91.0,0.31775085295129984,0.49019607843137253,0.9858114719390869,249.9399980270917,253.1554913520813,249.60835933685303
829121.0,13.818683624267578,59809.0,59809.0,5.2669901847839355,208.0,90.0,0.3193831021204312,0.4925121754672344,0.9876198172569275,250.5485023952701,253.39788803806198,250.28821876297104
829401.0,13.823349952697754,51832.0,51832.0,4.754145622253418,208.0,92.0,0.31610328154497314,0.48793202645196804,0.9892709851264954,251.2051800678359,253.59903384936723,250.9291685651454
829680.0,13.82800006866455,49229.0,49229.0,5.559142589569092,206.0,89.0,0.3225706951161019,0.4848968467020186,0.9898098111152649,251.3042298182136,253.6615054010566,251.1414982677285
829959.0,13.832650184631348,45047.0,45047.0,6.415414810180664,205.0,91.0,0.32005256359156936,0.47509281960021094,0.9906754493713379,251.6726152497652,253.75189648735855,251.49258269202377
830239.0,13.837316513061523,40872.0,40872.0,5.875996112823486,207.0,90.0,0.32014767609603856,0.487490573061192,0.9915396571159363,251.95731575120138,253.8943186017796,251.79090652734791
830518.0,13.84196662902832,39745.0,39745.0,6.14869499206543,205.0,92.0,0.31836343116588417,0.47275644296371705,0.9917729496955872,252.0884722958744,253.89389688706416,251.9103074576853
830797.0,13.846616744995117,38071.0,38071.0,7.054111480712891,208.0,92.0,0.31610328154497314,0.48793202645196804,0.9921194911003113,252.21268796802715,253.97098416318835,252.0099562979704
831077.0,13.851283073425293,38981.0,38981.0,8.954602241516113,204.0,83.0,0.3338514885588759,0.4908231283563241,0.9919310808181763,251.9325205090393,253.9523307082306,251.9387999602952
831356.0,13.85593318939209,36076.0,36076.0,8.415258407592773,206.0,92.0,0.31759410158068535,0.4778041533093306,0.9925324320793152,252.35776513900788,254.00561909696918,252.18592126348156
831635.0,13.860583305358887,35152.0,35152.0,8.354719161987305,206.0,91.0,0.31926924259419937,0.48011596702423737,0.9927237033843994,252.40405570742956,254.0353782404402,252.2537104856035
831915.0,13.865249633789062,33198.0,33198.0,9.050545692443848,205.0,91.0,0.32005256359156936,0.47509281960021094,0.9931281805038452,252.54785101090147,254.08019781403453,252.41517424292653
832194.0,13.86989974975586,31936.0,31936.0,8.61958122253418,206.0,91.0,0.31926924259419937,0.48011596702423737,0.993389368057251,252.64154305841936,254.12362569129675,252.50495201790125
832473.0,13.874549865722656,31205.0,31205.0,9.761797904968262,203.0,81.0,0.3378574111947447,0.4917622040778216,0.9935407042503357,252.54288801760103,254.16287115007017,252.5868615965538
832753.0,13.879216194152832,30814.0,30814.0,11.428947448730469,205.0,90.0,0.3217249777060814,0.47748218281905574,0.9936216473579407,252.70508759492063,254.1501352605665,252.59690489198326
833032.0,13.883866310119629,29876.0,29876.0,10.97005844116211,205.0,84.0,0.3314029884905,0.49288673323134113,0.9938157796859741,252.66375798654732,254.200294457705,252.6457531821418
833311.0,13.888516426086426,27561.0,27561.0,10.224026679992676,153.0,8.0,0.4665399100409283,0.6776602213681718,0.9942950010299683,252.55938229208303,254.53106823320078,254.13523149943578
833591.0,13.893183708190918,27964.0,27964.0,13.119685173034668,148.0,0.0,0.47462753410010466,0.7161883814821965,0.9942115545272827,252.46681396888425,254.58107884002993,254.259214159951
833870.0,13.897832870483398,28441.0,28441.0,11.572500228881836,152.0,6.0,0.46833169367405686,0.6873940448218864,0.9941128492355347,252.46684449906348,254.5307086110592,254.13855412557638
834149.0,13.902482986450195,28535.0,28535.0,14.156648635864258,148.0,0.0,0.47462753410010466,0.7161883814821965,0.9940933585166931,252.41508808075585,254.57252476275764,254.244087830886
834429.0,13.907150268554688,28624.0,28624.0,13.889398574829102,152.0,6.0,0.46833169367405686,0.6873940448218864,0.9940749406814575,252.4505329986221,254.52768674892124,254.13300710141792
834708.0,13.911800384521484,26855.0,26855.0,12.062418937683105,154.0,7.0,0.4655475468839855,0.6842547308690291,0.9944411516189575,252.61255824559163,254.5524290800767,254.15142922621936
834987.0,13.916449546813965,26355.0,26355.0,14.884944915771484,148.0,0.0,0.47462753410010466,0.7161883814821965,0.9945446252822876,252.6125750696717,254.60518382429498,254.3018394382239
835267.0,13.921116828918457,27254.0,27254.0,16.257095336914062,43.0,242.0,0.8988138843433651,0.7892102058024302,0.9943585395812988,254.69676361843892,252.42609156802348,253.80465447629322
835546.0,13.925766944885254,25381.0,25381.0,13.927978515625,152.0,5.0,0.4685835209054995,0.6928314215597469,0.9947462677955627,252.73211084618643,254.58848572955057,254.238561153262
835825.0,13.93041706085205,26679.0,26679.0,15.664923667907715,11.0,101.0,0.7144030719219189,0.662605856123391,0.9944775700569153,253.19319675786573,252.65868578733202,254.52487494169478
836105.0,13.935083389282227,26786.0,26786.0,15.942995071411133,149.0,0.0,0.4734122342951205,0.7170896796162054,0.9944553971290588,252.5722520063478,254.6000005294722,254.2765207136247
836384.0,13.939733505249023,24905.0,24905.0,18.285730361938477,11.0,103.0,0.7170103766562232,0.6602342506012931,0.9948447942733765,253.34183070464624,252.81749347535978,254.55335160406221
836663.0,13.94438362121582,24996.0,24996.0,14.560832977294922,11.0,101.0,0.7144030719219189,0.662605856123391,0.9948259592056274,253.30718111799433,252.806390416241,254.554848778629
836942.0,13.949033737182617,25247.0,25247.0,15.80848503112793,148.0,0.0,0.47462753410010466,0.7161883814821965,0.9947739839553833,252.71294885561124,254.62178296163424,254.33119199205248
837222.0,13.953700065612793,25015.0,25015.0,16.213735580444336,15.0,124.0,0.7450501094713149,0.6242196204571188,0.9948220252990723,253.63065950052234,252.85540713361328,254.50382576891357
837501.0,13.95835018157959,24096.0,24096.0,14.084073066711426,148.0,0.0,0.47462753410010466,0.7161883814821965,0.9950122237205505,252.81720925644296,254.6390248410378,254.36168111826163
837780.0,13.963000297546387,25166.0,25166.0,17.282989501953125,13.0,101.0,0.7138023403814658,0.651794907395869,0.9947907328605652,253.2955488498717,252.80581656229336,254.5374571965949
838060.0,13.967666625976562,25713.0,25713.0,18.356182098388672,12.0,101.0,0.7141051766636447,0.6571992114550208,0.9946775436401367,253.25856917922522,252.75080552694482,254.5347417295249
838339.0,13.97231674194336,24594.0,24594.0,17.18621063232422,47.0,246.0,0.9050298786624172,0.7944927702720836,0.9949091672897339,254.73321825353975,252.67045706422454,253.8458611468629
838618.0,13.976966857910156,24606.0,24606.0,18.99394416809082,14.0,101.0,0.7134944413647996,0.646393002653399,0.9949066638946533,253.3334266613891,252.8616636043788,254.5407349818944
838898.0,13.981633186340332,24391.0,24391.0,15.34501838684082,148.0,0.0,0.47462753410010466,0.7161883814821965,0.9949511885643005,252.79049856080835,254.63460760698493,254.3538700436461
839177.0,13.986283302307129,25033.0,25033.0,17.55758285522461,147.0,0.0,0.47584582534048675,0.7153289465204828,0.9948182702064514,252.73346536748002,254.6238524378102,254.34988800098515
839456.0,13.990933418273926,25396.0,25396.0,19.71759796142578,14.0,103.0,0.7161641220027624,0.6439616906131267,0.9947431087493896,253.30899282854057,252.7962574039307,254.52272805825802
839736.0,13.995599746704102,25619.0,25619.0,15.919172286987305,11.0,104.0,0.7183208892245916,0.6591152482070716,0.9946969747543335,253.3089004295174,252.75642583808832,254.53903128662176
840015.0,14.000249862670898,25103.0,25103.0,18.014707565307617,147.0,0.0,0.47584582534048675,0.7153289465204828,0.994803786277771,252.7271299684382,254.62280103322502,254.34807081324993
840294.0,14.004899978637695,24172.0,24172.0,15.763992309570312,148.0,0.0,0.47462753410010466,0.7161883814821965,0.9949964880943298,252.81032290522464,254.63788602288358,254.3596673255873
840574.0,14.009566307067871,24412.0,24412.0,17.0889949798584,148.0,0.0,0.47462753410010466,0.7161883814821965,0.9949468374252319,252.7885943803578,254.63429270651048,254.35331319945968
840853.0,14.014216423034668,24424.0,24424.0,16.262481689453125,149.0,0.0,0.4734122342951205,0.7170896796162054,0.9949443340301514,252.78633687559446,254.63527347978274,254.34031892037075
841132.0,14.018866539001465,23289.0,23289.0,17.81606674194336,148.0,0.0,0.47462753410010466,0.7161883814821965,0.995179295539856,252.89032456881003,254.6511161565165,254.38306240942106
841412.0,14.02353286743164,23139.0,23139.0,18.99968719482422,13.0,101.0,0.7138023403814658,0.651794907395869,0.9952103495597839,253.43284573760133,252.98256234763446,254.57471592785535
841691.0,14.028182983398438,22752.0,22752.0,18.47079849243164,12.0,101.0,0.7141051766636447,0.6571992114550208,0.9952904582023621,253.4591059684434,253.00981451689316,254.5883191663115
841970.0,14.032833099365234,23421.0,23421.0,17.611629486083984,14.0,103.0,0.7161641220027624,0.6439616906131267,0.995151937007904,253.44050240027897,252.9676423926653,254.55984548136576
842250.0,14.037500381469727,23189.0,23189.0,21.06073760986328,45.0,242.0,0.9006287339438227,0.7826747581267987,0.995199978351593,254.73399270423718,252.81799625507526,253.96036621254942
842529.0,14.042149543762207,24153.0,24153.0,20.281124114990234,17.0,104.0,0.7166494414608552,0.6265311885753121,0.995000422000885,253.40543856688475,252.92634776595472,254.52386745449664
842808.0,14.046799659729004,26312.0,26312.0,18.920785903930664,147.0,0.0,0.47584582534048675,0.7153289465204828,0.9945535063743591,252.61765531585922,254.60463293506393,254.31667010831103
843088.0,14.051466941833496,25536.0,25536.0,22.239503860473633,0.0,11.0,0.6321701630484295,0.9578346077048124,0.9947141408920288,252.36104633727544,252.89549083916842,254.94316551765925
843367.0,14.056117057800293,27903.0,27903.0,19.479978561401367,0.0,10.0,0.6314925162753439,0.9615843008030768,0.9942241907119751,252.1109171099253,252.70870243808966,254.943420153182
843646.0,14.060766220092773,28820.0,28820.0,15.567798614501953,0.0,9.0,0.630820146012844,0.9653512905605146,0.9940344095230103,252.01025735955864,252.64195208880926,254.9472914971766
843926.0,14.065433502197266,28131.0,28131.0,12.100176811218262,6.0,16.0,0.6318264948560475,0.9145666413575583,0.994176983833313,252.15711911126968,252.72487947034318,254.87314264371994
844205.0,14.070083618164062,28110.0,28110.0,18.047727584838867,0.0,11.0,0.6321701630484295,0.9578346077048124,0.9941813349723816,252.0950441407632,252.68335977098462,254.9374366951514
844484.0,14.07473373413086,27161.0,27161.0,18.145061492919922,0.0,10.0,0.6314925162753439,0.9615843008030768,0.9943777918815613,252.18774902885085,252.7696369267178,254.9449248307454
844763.0,14.07938289642334,26113.0,26113.0,22.267597198486328,0.0,11.0,0.6321701630484295,0.9578346077048124,0.9945946931838989,252.30141232879456,252.8479339915747,254.9418811949939
845043.0,14.084050178527832,25738.0,25738.0,22.08287811279297,16.0,103.0,0.7155757958973722,0.6331238650749862,0.9946723580360413,253.28613997453263,252.7813216948414,254.50158090353963
845322.0,14.088700294494629,26429.0,26429.0,18.591064453125,51.0,247.0,0.9093720961890389,0.7869074758983801,0.9945293068885803,254.70273023005706,252.5072162831189,253.70106524391133
845601.0,14.093350410461426,25739.0,25739.0,16.047380447387695,148.0,0.0,0.47462753410010466,0.7161883814821965,0.9946721196174622,252.66837016533822,254.61441083956748,254.31815573568736
845881.0,14.098016738891602,27374.0,27374.0,21.296985626220703,147.0,0.0,0.47584582534048675,0.7153289465204828,0.9943336844444275,252.52150325138885,254.58867581526917,254.28909073231327
846160.0,14.102666854858398,25742.0,25742.0,16.024667739868164,148.0,0.0,0.47462753410010466,0.7161883814821965,0.9946715235710144,252.66810931870117,254.61436770251618,254.3180794556618
846439.0,14.107316970825195,24818.0,24818.0,17.369327545166016,148.0,0.0,0.47462753410010466,0.7161883814821965,0.9948627948760986,252.75181500453274,254.62821038227756,254.34255771585825
846719.0,14.111983299255371,26009.0,26009.0,21.400192260742188,1.0,151.0,0.7792330878945758,0.7135638687939121,0.9946162700653076,253.9707956130907,252.64753190066457,254.6067658326423
846998.0,14.116633415222168,23977.0,23977.0,19.600955963134766,1.0,151.0,0.7792330878945758,0.7135638687939121,0.9950368404388428,254.05119579636457,252.8313038207402,254.6374848030696
847277.0,14.121283531188965,23652.0,23652.0,19.798595428466797,13.0,101.0,0.7138023403814658,0.651794907395869,0.9951041340827942,253.39809246289474,252.93782357071996,254.56528481150508
847557.0,14.12594985961914,24049.0,24049.0,18.277236938476562,3.0,166.0,0.7977320583786938,0.7227292456210491,0.9950219392776489,254.2560880883824,252.81315804781778,254.64803098378317
847836.0,14.130599975585938,22549.0,22549.0,19.568218231201172,1.0,152.0,0.780447511200059,0.7145976141130874,0.9953324794769287,254.12053934050766,252.95925551406611,254.66030901916753
848115.0,14.135250091552734,23162.0,23162.0,10.956977844238281,152.0,6.0,0.46833169367405686,0.6873940448218864,0.9952055811882019,252.9370311933904,254.61781521259257,254.29844971346552
848395.0,14.13991641998291,22360.0,22360.0,18.363311767578125,6.0,168.0,0.8012081911747834,0.7102804163822861,0.9953715801239014,254.33489077153237,252.9814465524141,254.6580593107756
848674.0,14.144566535949707,22972.0,22972.0,21.161970138549805,0.0,151.0,0.7790088723986025,0.7190172283763705,0.9952449202537537,254.09094815177568,252.91561367844426,254.6592956509701
848953.0,14.149216651916504,23614.0,23614.0,19.78949546813965,1.0,151.0,0.7792330878945758,0.7135638687939121,0.9951120018959045,254.065564366533,252.86414627981267,254.64297468709864
849233.0,14.15388298034668,20694.0,20694.0,24.374271392822266,2.0,151.0,0.7794607564246179,0.7081119472203757,0.9957164525985718,254.18114093667077,253.1342214843196,254.681169340952
849512.0,14.158533096313477,24140.0,24140.0,17.912363052368164,13.0,102.0,0.7151241757200318,0.6505668424191395,0.9950031042098999,253.3788645545438,252.89683382092844,254.55474932612051
849791.0,14.163183212280273,22841.0,22841.0,19.082189559936523,13.0,101.0,0.7138023403814658,0.651794907395869,0.9952720403671265,253.4530307203854,253.0085469907918,254.58019359644268
850071.0,14.16784954071045,22599.0,22599.0,18.16965675354004,149.0,0.0,0.4734122342951205,0.7170896796162054,0.9953221082687378,252.95174829840136,254.66252691865492,254.3896122318856
850350.0,14.172499656677246,22039.0,22039.0,19.562829971313477,13.0,105.0,0.7191184934893133,0.6471538848769007,0.9954380393028259,253.55771620833133,253.08386592232347,254.58953412211775
850629.0,14.177149772644043,21204.0,21204.0,17.462841033935547,148.0,0.0,0.47462753410010466,0.7161883814821965,0.9956108331680298,253.07917753403936,254.68234738165583,254.4382891479135
850909.0,14.181817054748535,22103.0,22103.0,13.550025939941406,10.0,100.0,0.713409573824092,0.6692567908186671,0.995424747467041,253.4904664481054,253.05249580311022,254.6141254050807
851188.0,14.186466217041016,22162.0,22162.0,18.882343292236328,149.0,0.0,0.4734122342951205,0.7170896796162054,0.9954125881195068,252.9913656129834,254.66905432796509,254.4014183610872
851467.0,14.191116333007812,21374.0,21374.0,10.647039413452148,26.0,119.0,0.7367027802195831,0.5648828698681801,0.9955756664276123,253.77010252863587,253.23449122640693,254.50909865167534
851747.0,14.195783615112305,21642.0,21642.0,17.67040252685547,13.0,101.0,0.7138023403814658,0.651794907395869,0.9955201745033264,253.53421920669481,253.113062999936,254.60222599676047
852026.0,14.200433731079102,21207.0,21207.0,23.25898551940918,3.0,152.0,0.7809245024757615,0.703711258112523,0.995610237121582,254.17293125915913,253.09288344871666,254.66833748329017
852305.0,14.205082893371582,23115.0,23115.0,17.37311363220215,14.0,101.0,0.7134944413647996,0.646393002653399,0.9952152967453003,253.43441337612168,252.99123700063083,254.56856433947232
852585.0,14.209750175476074,21610.0,21610.0,19.210878372192383,11.0,105.0,0.7196357696599682,0.6580410853230118,0.9955268502235413,253.5858513266255,253.10875014190617,254.60994347209987
852864.0,14.214400291442871,23134.0,23134.0,17.93136215209961,149.0,0.0,0.4734122342951205,0.7170896796162054,0.9952113628387451,252.90325754050056,254.65453750725945,254.37516177862045
853143.0,14.219050407409668,19866.0,19866.0,17.75318717956543,11.0,101.0,0.7144030719219189,0.662605856123391,0.995887815952301,253.65459452700904,253.25657997381384,254.64620616185968
853422.0,14.223699569702148,22217.0,22217.0,17.82018280029297,50.0,245.0,0.9072004872508085,0.7806285975448777,0.9954012036323547,254.74274467576214,252.91186917673878,253.9312953020216
853702.0,14.22836685180664,21788.0,21788.0,18.004121780395508,16.0,106.0,0.7196830194283034,0.6297628975968198,0.9954899549484253,253.5864477927602,253.1256724566556,254.5742045670413
853981.0,14.233016967773438,21690.0,21690.0,20.79077911376953,0.0,151.0,0.7790088723986025,0.7190172283763705,0.9955102801322937,254.14167829741032,253.03193402019144,254.67830884727834
854260.0,14.237667083740234,20417.0,20417.0,15.670185089111328,49.0,246.0,0.9068822971100216,0.7883133314214165,0.9957737922668457,254.77186888188317,253.07276517420814,254.0220649795914
854540.0,14.24233341217041,20309.0,20309.0,15.50572395324707,50.0,245.0,0.9072004872508085,0.7806285975448777,0.9957961440086365,254.76483752494107,253.09119591946353,254.0230746724941
854819.0,14.246983528137207,21365.0,21365.0,14.909055709838867,12.0,101.0,0.7141051766636447,0.6571992114550208,0.9955775141716003,253.55302653412218,253.13112029298875,254.61341193452742
855098.0,14.251633644104004,22197.0,22197.0,19.611255645751953,0.0,150.0,0.7777999438928925,0.718032683278453,0.9954053163528442,254.109005751979,252.98707674783967,254.6696345921109
855378.0,14.25629997253418,21936.0,21936.0,17.41607666015625,11.0,102.0,0.7157043870313143,0.6613978649172009,0.9954593181610107,253.52695686748646,253.0763108262959,254.60794143581958
855657.0,14.260950088500977,21751.0,21751.0,17.608360290527344,49.0,245.0,0.9062602917618213,0.7836958350411356,0.9954976439476013,254.7516610166033,252.95213739667338,253.96425831127303
855936.0,14.265600204467773,21376.0,21376.0,16.641298294067383,16.0,124.0,0.7450057448419429,0.6186763909668086,0.9955752491950989,253.8298530881179,253.1736288857298,254.56974820377062
856216.0,14.27026653289795,20771.0,20771.0,16.624467849731445,13.0,101.0,0.7138023403814658,0.651794907395869,0.995700478553772,253.59321396314112,253.18900845457475,254.61823560784896
856495.0,14.274916648864746,21309.0,21309.0,17.020198822021484,147.0,0.0,0.47584582534048675,0.7153289465204828,0.9955891370773315,253.07064938315128,254.6798105262878,254.4466027704481
856774.0,14.279566764831543,21620.0,21620.0,15.271795272827148,12.0,104.0,0.718053889106521,0.6536797330399335,0.9955247640609741,253.5728448995393,253.11284522190056,254.60478444919625
857054.0,14.284233093261719,21264.0,21264.0,18.238847732543945,50.0,245.0,0.9072004872508085,0.7806285975448777,0.9955984354019165,254.75377776328602,253.0014242916914,253.9771295816614
857333.0,14.288883209228516,21342.0,21342.0,16.620532989501953,45.0,243.0,0.9012842283556267,0.7871810333327107,0.9955822825431824,254.76025561363207,252.98670848339094,254.03717092444745
857612.0,14.293533325195312,20424.0,20424.0,20.367345809936523,13.0,101.0,0.7138023403814658,0.651794907395869,0.9957723021507263,253.61671435372554,253.21926110675315,254.62461299011727
857892.0,14.298199653625488,20444.0,20444.0,17.577800750732422,49.0,245.0,0.9062602917618213,0.7836958350411356,0.9957681894302368,254.76658364585302,253.07519296356776,254.02649577801293
858171.0,14.302849769592285,19534.0,19534.0,19.930622100830078,45.0,243.0,0.9012842283556267,0.7871810333327107,0.995956540107727,254.7805661362113,253.1572693187295,254.11873930640292
858450.0,14.307499885559082,20925.0,20925.0,16.49700164794922,11.0,100.0,0.7131065793175224,0.6638579819682754,0.9956685900688171,253.5708708065776,253.16225299827036,254.62872793682638
858730.0,14.312166213989258,21268.0,21268.0,19.015199661254883,16.0,106.0,0.7196830194283034,0.6297628975968198,0.9955976009368896,253.6201865299245,253.17040900336457,254.58436747444915
859009.0,14.316816329956055,20254.0,20254.0,13.493881225585938,43.0,241.0,0.898146000267706,0.7847547779496484,0.9958075284957886,254.76988558773473,253.09195394511744,254.11737823958512
859288.0,14.321466445922852,20691.0,20691.0,17.003131866455078,50.0,245.0,0.9072004872508085,0.7806285975448777,0.9957170486450195,254.76041295342577,253.0552818555342,254.00469386588117
859568.0,14.326133728027344,20253.0,20253.0,16.448776245117188,49.0,245.0,0.9062602917618213,0.7836958350411356,0.9958077073097229,254.76876335574343,253.09316737221525,254.03558664394123
859847.0,14.330782890319824,20973.0,20973.0,17.30248260498047,11.0,106.0,0.7209548594660253,0.6570119818763613,0.9956586956977844,253.6394612953178,253.16563372233563,254.62030108353443
860126.0,14.335433006286621,20265.0,20265.0,15.849590301513672,50.0,245.0,0.9072004872508085,0.7806285975448777,0.9958052039146423,254.76534433343417,253.09530966303342,254.0251800851581
860406.0,14.340100288391113,19689.0,19689.0,17.39859962463379,43.0,243.0,0.8994742582944024,0.7936793755494883,0.9959244728088379,254.7855793446634,253.13590178784392,254.13091214769005
860685.0,14.34475040435791,19697.0,19697.0,16.806217193603516,11.0,101.0,0.7144030719219189,0.662605856123391,0.9959228038787842,253.66604171595608,253.27141361233726,254.64921636584268
860964.0,14.34939956665039,19417.0,19417.0,19.76980972290039,12.0,104.0,0.718053889106521,0.6536797330399335,0.9959807395935059,253.71825573727034,253.30512478361257,254.64505240907542
861244.0,14.354066848754883,20580.0,20580.0,15.207189559936523,50.0,245.0,0.9072004872508085,0.7806285975448777,0.9957400560379028,254.7616999802569,253.06572859907354,254.01004050593588
861523.0,14.35871696472168,21144.0,21144.0,16.249149322509766,50.0,246.0,0.9078193756561757,0.7852641300484773,0.9956232905387878,254.760341689012,253.0075364857698,253.9769845536976
861802.0,14.363367080688477,20000.0,20000.0,20.214096069335938,15.0,104.0,0.717225576528524,0.6373846021856989,0.9958600997924805,253.67969005397597,253.2714547421336,254.61719615203143
862081.0,14.368016242980957,19884.0,19884.0,17.625946044921875,50.0,245.0,0.9072004872508085,0.7806285975448777,0.995884120464325,254.76975890215027,253.13114253465545,254.04351933757366
862361.0,14.37268352508545,19761.0,19761.0,16.662715911865234,148.0,0.0,0.47462753410010466,0.7161883814821965,0.995909571647644,253.20991386853234,254.70396767176612,254.47652069671517
862640.0,14.377333641052246,20427.0,20427.0,20.856346130371094,0.0,151.0,0.7790088723986025,0.7190172283763705,0.9957717061042786,254.1916563788913,253.14652993638714,254.69704017679493
862919.0,14.381983757019043,19449.0,19449.0,16.884958267211914,11.0,104.0,0.7183208892245916,0.6591152482070716,0.9959741234779358,253.71617468484763,253.2967547530853,254.65004822066194
863199.0,14.386650085449219,21205.0,21205.0,18.606643676757812,1.0,151.0,0.7792330878945758,0.7135638687939121,0.9956106543540955,254.16089145458142,253.08203685285017,254.67939686773852
863478.0,14.391300201416016,20929.0,20929.0,17.798097610473633,0.0,149.0,0.7765877657048795,0.7170896796162054,0.9956678152084351,254.14803854293734,253.10311880207448,254.6874669542274
863757.0,14.395950317382812,21311.0,21311.0,18.021991729736328,47.0,246.0,0.9050298786624172,0.7944927702720836,0.9955887198448181,254.7688297591175,252.98141736173974,253.99992199529535
864037.0,14.400616645812988,21663.0,21663.0,15.060402870178223,11.0,101.0,0.7144030719219189,0.662605856123391,0.9955158233642578,253.53288770210526,253.09886832470846,254.61420159106302
864316.0,14.405266761779785,19554.0,19554.0,16.24758529663086,50.0,245.0,0.9072004872508085,0.7806285975448777,0.9959524273872375,254.77357997144685,253.1621579960443,254.0593930409485
864595.0,14.409916877746582,19545.0,19545.0,17.755128860473633,1.0,151.0,0.7792330878945758,0.7135638687939121,0.9959542751312256,254.22658123017297,253.23218497065574,254.7044953462693
864875.0,14.414583206176758,19377.0,19377.0,13.077345848083496,148.0,0.0,0.47462753410010466,0.7161883814821965,0.9959890246391296,253.24468472525206,254.70971784070406,254.48668882411994
865154.0,14.419233322143555,19092.0,19092.0,18.087377548217773,1.0,151.0,0.7792330878945758,0.7135638687939121,0.9960480332374573,254.24450491048617,253.27315339898325,254.71134355211996
865433.0,14.423883438110352,20001.0,20001.0,18.093807220458984,1.0,151.0,0.7792330878945758,0.7135638687939121,0.9958598613739014,254.20853220943803,253.19093004982244,254.69759925086726
865713.0,14.428549766540527,20490.0,20490.0,12.566631317138672,51.0,249.0,0.9105674057369076,0.7962715886596572,0.9957586526870728,254.77965884774866,253.05725402265844,253.98148881393297
865992.0,14.433199882507324,20890.0,20890.0,20.189373016357422,0.0,150.0,0.7777999438928925,0.718032683278453,0.9956758618354797,254.1614695312874,253.10560227311737,254.6890872629773
866271.0,14.437849998474121,20355.0,20355.0,16.04786491394043,0.0,150.0,0.7777999438928925,0.718032683278453,0.9957866072654724,254.18294512105496,253.1541196615214,254.69705004386952
866551.0,14.442516326904297,20221.0,20221.0,15.819488525390625,43.0,242.0,0.8988138843433651,0.7892102058024302,0.995814323425293,254.7750140345412,253.09029091235823,254.11311444450192
866830.0,14.447166442871094,20123.0,20123.0,17.435832977294922,4.0,167.0,0.7992673734442737,0.719102777289892,0.9958346486091614,254.38940369516448,253.17402987818338,254.70164091248893
867109.0,14.45181655883789,20810.0,20810.0,15.294401168823242,11.0,101.0,0.7144030719219189,0.662605856123391,0.9956924319267273,253.59066967970338,253.1737440844103,254.62939619822063
867389.0,14.456482887268066,20168.0,20168.0,16.94036102294922,11.0,102.0,0.7157043870313143,0.6613978649172009,0.9958252906799316,253.64568205564126,253.23135744649204,254.6395408002731
867668.0,14.461133003234863,21047.0,21047.0,15.359601974487305,11.0,105.0,0.7196357696599682,0.6580410853230118,0.9956433773040771,253.62269038290287,253.1580178471119,254.62010457796745
867947.0,14.46578311920166,19323.0,19323.0,10.445425033569336,26.0,119.0,0.7367027802195831,0.5648828698681801,0.9960002303123474,253.88812483408026,253.40391137775552,254.55620608154166
868227.0,14.470450401306152,19952.0,19952.0,15.497377395629883,50.0,245.0,0.9072004872508085,0.7806285975448777,0.9958699941635132,254.76896868101304,253.1247283423787,254.0402365559857
868506.0,14.475099563598633,20037.0,20037.0,14.782413482666016,10.0,101.0,0.7146961440659562,0.6680147845691156,0.9958524107933044,253.64305189090558,253.23584877014267,254.6488807344426
868785.0,14.47974967956543,19966.0,19966.0,15.368850708007812,5.0,168.0,0.8008181063110685,0.7155439020354376,0.995867133140564,254.40598103530908,253.19202079264937,254.70021710903825
869065.0,14.484416961669922,21198.0,21198.0,17.55961036682129,13.0,106.0,0.7204589973923881,0.6461074408078596,0.9956120848655701,253.62480464782575,253.15814016313325,254.60402311830748
869344.0,14.489067077636719,19641.0,19641.0,15.72850227355957,12.0,101.0,0.7141051766636447,0.6571992114550208,0.9959344267845154,253.66980318430583,253.28194649466246,254.64461116544038
869623.0,14.4937162399292,18742.0,18742.0,18.362220764160156,16.0,103.0,0.7155757958973722,0.6331238650749862,0.9961205124855042,253.75199973733712,253.38440067073319,254.63706069687393
869903.0,14.498383522033691,18840.0,18840.0,18.8194580078125,52.0,248.0,0.9109181985192855,0.7886254034157953,0.9961001873016357,254.78979805935296,253.22129746448127,254.05964661616974
870182.0,14.503033638000488,19555.0,19555.0,18.391645431518555,44.0,243.0,0.9003755232205838,0.7904174263037794,0.9959521889686584,254.783670583285,253.15194579073082,254.12730416296807
870461.0,14.507683753967285,20010.0,20010.0,14.150334358215332,43.0,242.0,0.8988138843433651,0.7892102058024302,0.9958580136299133,254.77736244409746,253.11022450715834,254.12237177977445
870740.0,14.512332916259766,19131.0,19131.0,18.979188919067383,47.0,246.0,0.9050298786624172,0.7944927702720836,0.9960399866104126,254.79247809774822,253.1879150735622,254.10222834416666
871020.0,14.517000198364258,20753.0,20753.0,14.79830551147461,45.0,244.0,0.9019322497871735,0.7917005092019741,0.9957042336463928,254.77182448426885,253.0373346753915,254.05791975533356
871299.0,14.521650314331055,20493.0,20493.0,12.483558654785156,43.0,242.0,0.8988138843433651,0.7892102058024302,0.995758056640625,254.77198961623128,253.06461927048747,254.10119231012632
871578.0,14.526300430297852,19231.0,19231.0,18.9083309173584,15.0,123.0,0.7436371943260041,0.6244166828101458,0.9960192441940308,253.93651119670062,253.3510664339405,254.6187481050152
871858.0,14.530966758728027,19732.0,19732.0,13.652393341064453,50.0,248.0,0.9090354430987427,0.7945701930091565,0.9959155321121216,254.78603678028384,253.13088459689817,254.0342457066931
872137.0,14.535616874694824,19932.0,19932.0,16.28067970275879,12.0,100.0,0.7127986173506914,0.6584616186165145,0.9958741664886475,253.63865322322252,253.25515318653814,254.64067172267207
872416.0,14.540266990661621,19995.0,19995.0,16.255142211914062,43.0,243.0,0.8994742582944024,0.7936793755494883,0.9958611130714417,254.7822458774143,253.10692178902093,254.11740096851892
872696.0,14.544933319091797,20080.0,20080.0,15.34168815612793,11.0,103.0,0.7170103766562232,0.6602342506012931,0.9958435297012329,253.6630734461533,253.2403178403369,254.63988230729188
872975.0,14.549583435058594,20147.0,20147.0,19.46440887451172,0.0,150.0,0.7777999438928925,0.718032683278453,0.9958296418190002,254.19129031793992,253.17297302773653,254.7001442999536
873254.0,14.55423355102539,19327.0,19327.0,15.067693710327148,14.0,106.0,0.7202047375940965,0.6406575822070394,0.9959993958473206,253.74616666803092,253.32627650819185,254.63341537394163
873534.0,14.558899879455566,20048.0,20048.0,17.204811096191406,51.0,246.0,0.9087637269367285,0.782242362817849,0.995850145816803,254.7695660773962,253.1140082891733,254.0202898238033
873813.0,14.563549995422363,21003.0,21003.0,15.219341278076172,26.0,118.0,0.735146995554724,0.5653726999851553,0.9956524968147278,253.77967194742973,253.2646069861725,254.51816638933866
874092.0,14.56820011138916,18930.0,18930.0,16.943225860595703,12.0,101.0,0.7141051766636447,0.6571992114550208,0.9960815906524658,253.7179530756391,253.34413585537263,254.65747537738494
874372.0,14.572866439819336,19222.0,19222.0,16.75758171081543,50.0,246.0,0.9078193756561757,0.7852641300484773,0.9960211515426636,254.78212762135269,253.18865966540574,254.06998089171213
874651.0,14.577516555786133,19848.0,19848.0,15.58603286743164,13.0,102.0,0.7151241757200318,0.6505668424191395,0.9958915710449219,253.66710852417387,253.27078466503988,254.63391656787027
874930.0,14.58216667175293,19877.0,19877.0,13.211393356323242,10.0,102.0,0.7159874225826393,0.6668165921383045,0.9958855509757996,253.6652675443301,253.25120186523364,254.65042913242414
875210.0,14.586833000183105,19897.0,19897.0,15.041351318359375,11.0,103.0,0.7170103766562232,0.6602342506012931,0.9958813786506653,253.67524754145393,253.2563415614971,254.6431615503422
875489.0,14.591483116149902,19856.0,19856.0,16.51616668701172,11.0,102.0,0.7157043870313143,0.6613978649172009,0.9958899021148682,253.66664265889204,253.2587304980055,254.64511958057727
875768.0,14.5961332321167,20187.0,20187.0,15.543699264526367,50.0,246.0,0.9078193756561757,0.7852641300484773,0.9958213567733765,254.77118732993605,253.09770462448594,254.02328070818785
876048.0,14.600799560546875,20475.0,20475.0,17.899362564086914,12.0,104.0,0.718053889106521,0.6536797330399335,0.9957617521286011,253.64842051925416,253.2127803248243,254.62571326076224
876327.0,14.605449676513672,21180.0,21180.0,19.645931243896484,11.0,105.0,0.7196357696599682,0.6580410853230118,0.9956158399581909,253.61398468264701,253.14637504414256,254.6177033345348
876606.0,14.610099792480469,21225.0,21225.0,20.674476623535156,14.0,104.0,0.717506346536984,0.6428143617945501,0.995606541633606,253.59885844763582,253.15950269192405,254.599833541215
876886.0,14.614767074584961,20629.0,20629.0,16.361656188964844,11.0,101.0,0.7144030719219189,0.662605856123391,0.9957298636436462,253.6029164167711,253.18961380330762,254.63261665495196
877165.0,14.619416236877441,20373.0,20373.0,20.714948654174805,7.0,167.0,0.8004144075167929,0.7032740481308247,0.9957828521728516,254.3821572354446,253.16834559496615,254.68090901318814
877444.0,14.624066352844238,18817.0,18817.0,17.45977020263672,13.0,104.0,0.717782412185908,0.648246088424178,0.9961049556732178,253.75783970491804,253.36290214815628,254.65062524518478
877724.0,14.62873363494873,19472.0,19472.0,16.655954360961914,12.0,102.0,0.7154166763672039,0.6559812639741481,0.9959693551063538,253.69238141703437,253.29795853146916,254.64641257277125
878003.0,14.633383750915527,19209.0,19209.0,15.92988395690918,11.0,102.0,0.7157043870313143,0.6613978649172009,0.9960238337516785,253.71009143703273,253.31547150054308,254.65668371281294
878282.0,14.638032913208008,19739.0,19739.0,16.24838638305664,13.0,102.0,0.7151241757200318,0.6505668424191395,0.995914101600647,253.6744180787506,253.2802676530363,254.63592416329365
878562.0,14.6427001953125,20249.0,20249.0,15.090812683105469,11.0,103.0,0.7170103766562232,0.6602342506012931,0.9958085417747498,253.65181959742662,253.22550536109117,254.6368509440312
878841.0,14.647350311279297,18331.0,18331.0,14.679352760314941,25.0,119.0,0.7368319150725244,0.5704096479499912,0.9962055683135986,253.94520763879572,253.48050290715298,254.58433693278232
879120.0,14.652000427246094,19386.0,19386.0,15.540061950683594,49.0,245.0,0.9062602917618213,0.7836958350411356,0.9959871768951416,254.77866246053986,253.17479775598235,254.07687261273477
879399.0,14.656649589538574,19578.0,19578.0,14.763848304748535,14.0,106.0,0.7202047375940965,0.6406575822070394,0.9959474205970764,253.72987705308617,253.3045317431498,254.62865276135918
879679.0,14.661316871643066,19047.0,19047.0,19.284343719482422,45.0,243.0,0.9012842283556267,0.7871810333327107,0.9960573315620422,254.78603597116614,253.2032031254754,254.1407065199539
879958.0,14.665966987609863,18956.0,18956.0,15.629638671875,15.0,106.0,0.719946115550059,0.6352093867485401,0.9960761666297913,253.77020407708142,253.3638462644544,254.63499871673915
880237.0,14.67061710357666,19309.0,19309.0,19.862051010131836,45.0,243.0,0.9012842283556267,0.7871810333327107,0.9960030913352966,254.78309241716914,253.17848416383214,254.1288850153227
880517.0,14.675283432006836,19587.0,19587.0,20.596675872802734,148.0,0.0,0.47462753410010466,0.7161883814821965,0.9959455728530884,253.2256690054106,254.70657314966448,254.48112801025792
880796.0,14.679933547973633,18908.0,18908.0,16.019649505615234,13.0,102.0,0.7151241757200318,0.6505668424191395,0.9960861206054688,253.73022594782026,253.35266951377062,254.65125199501844
881075.0,14.68458366394043,19545.0,19545.0,14.688425064086914,48.0,242.0,0.9034079380731704,0.7730664137854066,0.9959542751312256,254.76588173240634,253.1707985845187,254.09523280571392
881355.0,14.689249992370605,18724.0,18724.0,16.594257354736328,48.0,245.0,0.9053274593345317,0.7867902078818483,0.9961242079734802,254.7892790128718,253.23406705360313,254.11748225834683
881634.0,14.693900108337402,18313.0,18313.0,16.569751739501953,12.0,108.0,0.7233807091012984,0.6496205972836951,0.9962092638015747,253.83277597393067,253.40541448949324,254.66131004930986
881913.0,14.6985502243042,20064.0,20064.0,16.919963836669922,46.0,244.0,0.9028457966554072,0.7885083908917698,0.9958468675613403,254.7760200711156,253.10588238516797,254.0794477632921
882193.0,14.703216552734375,18765.0,18765.0,17.067033767700195,15.0,106.0,0.719946115550059,0.6352093867485401,0.9961157441139221,253.78260833180667,253.38034922021083,254.63868027788945
882472.0,14.707866668701172,19677.0,19677.0,14.817684173583984,50.0,245.0,0.9072004872508085,0.7806285975448777,0.9959269165992737,254.77215290542682,253.15057456020276,254.05346464213133
882751.0,14.712516784667969,20462.0,20462.0,20.46950912475586,51.0,247.0,0.9093720961890389,0.7869074758983801,0.995764434337616,254.76984531861115,253.070016193573,253.99432789620715
883031.0,14.717183113098145,18803.0,18803.0,15.583106994628906,11.0,101.0,0.7144030719219189,0.662605856123391,0.9961078763008118,253.72659286021602,253.3498777479681,254.6651391654459
883310.0,14.721833229064941,19856.0,19856.0,15.294428825378418,13.0,101.0,0.7138023403814658,0.651794907395869,0.9958899021148682,253.6551925866077,253.26879511733242,254.63505496125035
883589.0,14.726483345031738,19926.0,19926.0,13.10550308227539,43.0,241.0,0.898146000267706,0.7847547779496484,0.9958754181861877,254.7736118852634,253.12285138969236,254.1316707441362
883869.0,14.731149673461914,19139.0,19139.0,13.634601593017578,10.0,101.0,0.7146961440659562,0.6680147845691156,0.9960383176803589,253.7038742111221,253.31492310636352,254.6646189106195
884148.0,14.735799789428711,20105.0,20105.0,17.418277740478516,49.0,243.0,0.9049940795405619,0.7744973937948416,0.9958383440971375,254.76069161568273,253.11686387385737,254.05390407999062
884427.0,14.740449905395508,19722.0,19722.0,18.453392028808594,0.0,151.0,0.7790088723986025,0.7190172283763705,0.9959176182746887,254.21955112204353,253.21049044775216,254.70749487233908
884707.0,14.745116233825684,19233.0,19233.0,16.711095809936523,49.0,245.0,0.9062602917618213,0.7836958350411356,0.9960188269615173,254.78040820104033,253.1891935493335,254.08415353250538
884986.0,14.74976634979248,19419.0,19419.0,16.466537475585938,17.0,123.0,0.7435221564399359,0.6133338348124924,0.9959803223609924,253.9261124617272,253.3463041052872,254.60366029881894
885265.0,14.754416465759277,19043.0,19043.0,15.848357200622559,48.0,244.0,0.9046951063236085,0.7822030423009437,0.9960581660270691,254.7810775409999,253.20858713280535,254.1077833197661
885545.0,14.75908374786377,18736.0,18736.0,17.63046646118164,45.0,243.0,0.9012842283556267,0.7871810333327107,0.9961217045783997,254.78952941986586,253.23253991511797,254.15473643753825
885824.0,14.76373291015625,20186.0,20186.0,16.961891174316406,14.0,107.0,0.7215605620374639,0.6396485963381656,0.9958215951919556,253.70191497398025,253.2529655274971,254.61604802040023
886103.0,14.768383026123047,19913.0,19913.0,13.782544136047363,49.0,243.0,0.9049940795405619,0.7744973937948416,0.9958781003952026,254.76297772863356,253.1348534729198,254.06294213413832
886383.0,14.773050308227539,17927.0,17927.0,15.00296401977539,16.0,124.0,0.7450057448419429,0.6186763909668086,0.9962891936302185,254.01865917299057,253.46831836113532,254.63917039027612
886662.0,14.777700424194336,18408.0,18408.0,19.358911514282227,49.0,246.0,0.9068822971100216,0.7883133314214165,0.9961895942687988,254.7943139157315,253.2623791613559,254.11828063318458
886941.0,14.782349586486816,20171.0,20171.0,15.83962631225586,51.0,246.0,0.9087637269367285,0.782242362817849,0.9958246946334839,254.76815281906272,253.10244144401406,254.01428123116528
887221.0,14.787016868591309,20310.0,20310.0,19.273258209228516,0.0,149.0,0.7765877657048795,0.7170896796162054,0.9957959055900574,254.17322861986463,253.1592041835216,254.69670766740765
887500.0,14.791666984558105,20562.0,20562.0,14.924510955810547,10.0,105.0,0.7198880404046373,0.6634872280662207,0.9957437515258789,253.65444903356092,253.19454518107491,254.63476809712333
887779.0,14.796317100524902,19043.0,19043.0,16.31403350830078,24.0,119.0,0.7369585714465249,0.5759367943449643,0.9960581660270691,253.90423410004428,253.4159192952391,254.57374537856614
888058.0,14.800966262817383,19327.0,19327.0,14.48887825012207,26.0,118.0,0.735146995554724,0.5653726999851553,0.9959993958473206,253.8770452218914,253.40307868636685,254.55661319576663
888338.0,14.805633544921875,19126.0,19126.0,14.53842544555664,11.0,102.0,0.7157043870313143,0.6613978649172009,0.9960409998893738,253.71566030579305,253.32274404559462,254.658165897986
888617.0,14.810283660888672,18880.0,18880.0,15.287338256835938,12.0,100.0,0.7127986173506914,0.6584616186165145,0.996091902256012,253.71049661784213,253.3472353218975,254.6596348286686
888896.0,14.814933776855469,19208.0,19208.0,16.84621810913086,42.0,242.0,0.8979177423025153,0.7925159349266417,0.9960240125656128,254.78963672093036,253.18260968753216,254.16690337403324
889176.0,14.819600105285645,20490.0,20490.0,20.151512145996094,0.0,150.0,0.7777999438928925,0.718032683278453,0.9957586526870728,254.1775242106131,253.14187280729024,254.69504006311686
889455.0,14.824250221252441,19511.0,19511.0,18.738494873046875,47.0,246.0,0.9050298786624172,0.7944927702720836,0.9959613084793091,254.7883550219336,253.15191230251403,254.0843912842657
889734.0,14.828900337219238,19466.0,19466.0,15.613008499145508,45.0,241.0,0.8999656591616901,0.7781819129104263,0.995970606803894,254.7720829658226,253.17292650416337,254.1327498793998
890014.0,14.833566665649414,18763.0,18763.0,15.082775115966797,16.0,123.0,0.7435801904089961,0.6188752183984364,0.9961161613464355,253.96240311526842,253.3967002121291,254.62254207455302
890293.0,14.838216781616211,19013.0,19013.0,18.16238784790039,11.0,104.0,0.7183208892245916,0.6591152482070716,0.9960643649101257,253.74495207890982,253.33493359180773,254.6578925123564
890572.0,14.842866897583008,18684.0,18684.0,16.002017974853516,49.0,246.0,0.9068822971100216,0.7883133314214165,0.996132493019104,254.791231584535,253.23633985520803,254.10506753167337
890852.0,14.847533226013184,19831.0,19831.0,14.431588172912598,50.0,245.0,0.9072004872508085,0.7806285975448777,0.9958950877189636,254.77037240716822,253.13612232950322,254.04606799500908
891131.0,14.85218334197998,18714.0,18714.0,14.58991813659668,49.0,244.0,0.9056309230696131,0.7790904504785774,0.9961262941360474,254.781786652567,253.24262335681715,254.11411987360742
891410.0,14.856833457946777,19385.0,19385.0,17.207244873046875,16.0,124.0,0.7450057448419429,0.6186763909668086,0.9959874153137207,253.9388524266464,253.34375559489905,254.6098262150985
891690.0,14.861499786376953,17765.0,17765.0,17.890872955322266,46.0,246.0,0.9041144948448081,0.797622379937115,0.996322751045227,254.8102308125794,253.3143722204864,254.17495916094782
891969.0,14.86614990234375,18798.0,18798.0,17.472450256347656,49.0,245.0,0.9062602917618213,0.7836958350411356,0.996108889579773,254.78537583549647,253.23015785018774,254.1048719313254
892248.0,14.870800018310547,18352.0,18352.0,17.66611671447754,11.0,109.0,0.7249357507975259,0.6541971080715279,0.99620121717453,253.84070760761182,253.39759643115852,254.6650243278518
892528.0,14.875466346740723,19085.0,19085.0,16.84304428100586,11.0,102.0,0.7157043870313143,0.6613978649172009,0.9960494637489319,253.71840606747352,253.3263298143353,254.65889669761995
892807.0,14.88011646270752,19634.0,19634.0,14.680315017700195,50.0,242.0,0.9052990605430502,0.7667945332415655,0.99593585729599,254.7583160244533,253.1689711965016,254.07204588647002
893086.0,14.884766578674316,20032.0,20032.0,17.363582611083984,48.0,242.0,0.9034079380731704,0.7730664137854066,0.9958534836769104,254.76004912602852,253.12522754919578,254.07269227112823
893366.0,14.889432907104492,20021.0,20021.0,16.97519302368164,11.0,103.0,0.7170103766562232,0.6602342506012931,0.9958557486534119,253.66700366589606,253.24549085267995,254.6409409605601
893645.0,14.894083023071289,19742.0,19742.0,15.042362213134766,45.0,245.0,0.9025729041851436,0.7962329609508608,0.9959135055541992,254.78766331730557,253.12822451533603,254.09827033428627
893924.0,14.898733139038086,20327.0,20327.0,16.1575984954834,12.0,100.0,0.7127986173506914,0.6584616186165145,0.9957923889160156,253.61167015795613,253.22056882034238,254.6335495268256
894204.0,14.903400421142578,18997.0,18997.0,23.21609115600586,0.0,150.0,0.7777999438928925,0.718032683278453,0.9960677027702332,254.23745474502905,253.27726713391831,254.7172612789006
894483.0,14.908049583435059,19844.0,19844.0,17.13785171508789,12.0,103.0,0.7167329654327685,0.6548080242598897,0.9958924055099487,253.6787611180496,253.26669351775163,254.63843329232222
894762.0,14.912699699401855,18989.0,18989.0,16.767040252685547,47.0,247.0,0.9056505805645839,0.7990863679556286,0.9960693717002869,254.7986222139825,253.1967573531638,254.10356747095724
895042.0,14.917366981506348,19168.0,19168.0,15.930527687072754,10.0,103.0,0.7172832643519763,0.6656624501209011,0.9960322976112366,253.72382183401223,253.3147425150343,254.66172926669634
895321.0,14.922017097473145,19312.0,19312.0,14.552398681640625,11.0,103.0,0.7170103766562232,0.6602342506012931,0.9960024952888489,253.71420464641588,253.3076174692098,254.65365512810314
895600.0,14.926666259765625,18393.0,18393.0,19.43254852294922,11.0,107.0,0.7222779968173761,0.6560281499197426,0.9961927533149719,253.81727718685218,253.39224854055578,254.6660556500799
895880.0,14.931333541870117,20378.0,20378.0,10.548669815063477,154.0,8.0,0.4652682725055494,0.6788392744064973,0.9957818388938904,253.19418829466875,254.65454954121535,254.35022432806426
896159.0,14.935983657836914,18960.0,18960.0,14.36594295501709,11.0,103.0,0.7170103766562232,0.6602342506012931,0.9960753321647644,253.73763259044318,253.33845366961572,254.65996573441413
896438.0,14.940633773803711,19082.0,19082.0,15.688899993896484,11.0,102.0,0.7157043870313143,0.6613978649172009,0.9960501194000244,253.718618767322,253.32660758515325,254.6589533088592
896717.0,14.945282936096191,19288.0,19288.0,15.522686004638672,11.0,103.0,0.7170103766562232,0.6602342506012931,0.9960074424743652,253.7157959061166,253.30971190835356,254.6540837535727
896997.0,14.949950218200684,19224.0,19224.0,14.221747398376465,50.0,245.0,0.9072004872508085,0.7806285975448777,0.9960207343101501,254.7774010407434,253.19317345743318,254.0752667443233
897276.0,14.95460033416748,18026.0,18026.0,17.891225814819336,14.0,101.0,0.7134944413647996,0.646393002653399,0.9962686896324158,253.7790905119789,253.4334831636207,254.66354854891134
897555.0,14.959250450134277,19439.0,19439.0,16.969106674194336,49.0,246.0,0.9068822971100216,0.7883133314214165,0.9959762096405029,254.7827953920536,253.1650715246029,254.06890390728668
897835.0,14.963916778564453,19078.0,19078.0,16.178834915161133,10.0,103.0,0.7172832643519763,0.6656624501209011,0.9960509538650513,253.72982246143954,253.32266664550127,254.66331982567488
898114.0,14.96856689453125,18743.0,18743.0,17.04566192626953,10.0,105.0,0.7198880404046373,0.6634872280662207,0.996120274066925,253.77348115118076,253.3542619927928,254.66707778133897
898393.0,14.973217010498047,18381.0,18381.0,16.214588165283203,10.0,102.0,0.7159874225826393,0.6668165921383045,0.9961951971054077,253.7657171395322,253.38281330839683,254.6767372153611
898673.0,14.977883338928223,18025.0,18025.0,16.49104881286621,50.0,245.0,0.9072004872508085,0.7806285975448777,0.9962689280509949,254.79128492604087,253.3058683799665,254.13294397019823
898952.0,14.98253345489502,18276.0,18276.0,17.33505630493164,16.0,106.0,0.7196830194283034,0.6297628975968198,0.9962169528007507,253.81430569818275,253.4278051588755,254.6428407695074
899231.0,14.987183570861816,18363.0,18363.0,15.557125091552734,11.0,104.0,0.7183208892245916,0.6591152482070716,0.9961989521980286,253.78787107216763,253.39187402630918,254.6695915946854
899511.0,14.991849899291992,18625.0,18625.0,12.916078567504883,43.0,242.0,0.8988138843433651,0.7892102058024302,0.996144711971283,254.79277288061286,253.24103022474145,254.18311909581948
899790.0,14.996500015258789,18630.0,18630.0,20.321945190429688,51.0,247.0,0.9093720961890389,0.7869074758983801,0.9961436986923218,254.79045401026588,253.24283232281823,254.0843785793728
